table,page,top,kind,code,func,name,source,staff,wages,goods,util,subs,capital,reserve,total,y2027,y2028,raw
3.1,35,91,org,101,,Kuvendi i Kosovës,,528.0,8098353.0,1558000.0,200000.0,70000.0,200000.0,,10126353.0,10871762.0,11341670.0,"101 Kuvendi i Kosovës 528 8,098,353 1,558,000 200,000 70,000 200,000 10,126,353 10,871,762 11,341,670"
3.1,35,100,source,101,,Kuvendi i Kosovës,Grantet Qeveritare,,8098353.0,1558000.0,200000.0,70000.0,200000.0,,10126353.0,10871762.0,11341670.0,"Grantet Qeveritare 8,098,353 1,558,000 200,000 70,000 200,000 10,126,353 10,871,762 11,341,670"
3.1,35,109,source,101,,Kuvendi i Kosovës,Të Hyrat vetanake,,0.0,0.0,,,0.0,,0.0,0.0,0.0,Të Hyrat vetanake 0 0 0 0 0 0
3.1,35,118,source,101,,Kuvendi i Kosovës,Financimi nga Huamarrja,,0.0,0.0,,,0.0,,0.0,0.0,0.0,Financimi nga Huamarrja 0 0 0 0 0 0
3.1,35,127,source,101,,Kuvendi i Kosovës,Të Hyrat nga AKP,,,,,,0.0,,0.0,0.0,0.0,Të Hyrat nga AKP 0 0 0 0
3.1,35,136,prog,,,Anëtarët e Kuvendit,,120.0,3334807.0,595000.0,,70000.0,,,3999807.0,4416112.0,4666612.0,"Anëtarët e Kuvendit 120 3,334,807 595,000 70,000 3,999,807 4,416,112 4,666,612"
3.1,35,145,source,,,Anëtarët e Kuvendit,Grantet Qeveritare,,3334807.0,595000.0,,70000.0,,,3999807.0,4416112.0,4666612.0,"Grantet Qeveritare 3,334,807 595,000 70,000 3,999,807 4,416,112 4,666,612"
3.1,35,154,source,,,Anëtarët e Kuvendit,Të Hyrat vetanake,,0.0,0.0,,,,,,,,Të Hyrat vetanake 0 0
3.1,35,163,source,,,Anëtarët e Kuvendit,Financimi nga Huamarrja,,0.0,0.0,,,,,,,,Financimi nga Huamarrja 0 0
3.1,35,172,source,,,Anëtarët e Kuvendit,Të Hyrat nga AKP,,,,,,,,,,,Të Hyrat nga AKP
3.1,35,181,sub,10100,0111,Anëtarët e Kuvendit,,120.0,3334807.0,595000.0,,70000.0,,,3999807.0,4416112.0,4666612.0,"10100 0111 Anëtarët e Kuvendit 120 3,334,807 595,000 70,000 3,999,807 4,416,112 4,666,612"
3.1,35,190,source,10100,,Anëtarët e Kuvendit,Grantet Qeveritare,,3334807.0,595000.0,,70000.0,,,3999807.0,4416112.0,4666612.0,"Grantet Qeveritare 3,334,807 595,000 70,000 3,999,807 4,416,112 4,666,612"
3.1,35,199,source,10100,,Anëtarët e Kuvendit,Të Hyrat vetanake,,0.0,0.0,,,,,,,,Të Hyrat vetanake 0 0
3.1,35,208,source,10100,,Anëtarët e Kuvendit,Financimi nga Huamarrja,,0.0,0.0,,,,,,,,Financimi nga Huamarrja 0 0
3.1,35,217,source,10100,,Anëtarët e Kuvendit,Të Hyrat nga AKP,,,,,,,,,,,Të Hyrat nga AKP
3.1,35,226,prog,,,Administrata e Kuvendit,,213.0,2334285.0,831000.0,195000.0,,200000.0,,3560285.0,3735056.0,3882264.0,"Administrata e Kuvendit 213 2,334,285 831,000 195,000 200,000 3,560,285 3,735,056 3,882,264"
3.1,35,235,source,,,Administrata e Kuvendit,Grantet Qeveritare,,2334285.0,831000.0,195000.0,,200000.0,,3560285.0,3735056.0,3882264.0,"Grantet Qeveritare 2,334,285 831,000 195,000 200,000 3,560,285 3,735,056 3,882,264"
3.1,35,244,source,,,Administrata e Kuvendit,Të Hyrat vetanake,,0.0,0.0,,,0.0,,0.0,0.0,0.0,Të Hyrat vetanake 0 0 0 0 0 0
3.1,35,253,source,,,Administrata e Kuvendit,Financimi nga Huamarrja,,0.0,0.0,,,0.0,,0.0,0.0,0.0,Financimi nga Huamarrja 0 0 0 0 0 0
3.1,35,262,source,,,Administrata e Kuvendit,Të Hyrat nga AKP,,,,,,0.0,,0.0,0.0,0.0,Të Hyrat nga AKP 0 0 0 0
3.1,35,271,sub,10200,0111,Personeli/Administrata e Kuvendit,,213.0,2334285.0,831000.0,195000.0,,200000.0,,3560285.0,3735056.0,3882264.0,"10200 0111 Personeli/Administrata e Kuvendit 213 2,334,285 831,000 195,000 200,000 3,560,285 3,735,056 3,882,264"
3.1,35,280,source,10200,,Personeli/Administrata e Kuvendit,Grantet Qeveritare,,2334285.0,831000.0,195000.0,,200000.0,,3560285.0,3735056.0,3882264.0,"Grantet Qeveritare 2,334,285 831,000 195,000 200,000 3,560,285 3,735,056 3,882,264"
3.1,35,289,source,10200,,Personeli/Administrata e Kuvendit,Të Hyrat vetanake,,0.0,0.0,,,0.0,,0.0,0.0,0.0,Të Hyrat vetanake 0 0 0 0 0 0
3.1,35,298,source,10200,,Personeli/Administrata e Kuvendit,Financimi nga Huamarrja,,0.0,0.0,,,0.0,,0.0,0.0,0.0,Financimi nga Huamarrja 0 0 0 0 0 0
3.1,35,307,source,10200,,Personeli/Administrata e Kuvendit,Të Hyrat nga AKP,,,,,,0.0,,0.0,0.0,0.0,Të Hyrat nga AKP 0 0 0 0
3.1,35,316,prog,,,Stafi Mbështetës Politik,,182.0,2404793.0,87000.0,,,,,2491793.0,2597896.0,2669896.0,"Stafi Mbështetës Politik 182 2,404,793 87,000 2,491,793 2,597,896 2,669,896"
3.1,35,325,source,,,Stafi Mbështetës Politik,Grantet Qeveritare,,2404793.0,87000.0,,,,,2491793.0,2597896.0,2669896.0,"Grantet Qeveritare 2,404,793 87,000 2,491,793 2,597,896 2,669,896"
3.1,35,334,source,,,Stafi Mbështetës Politik,Të Hyrat vetanake,,0.0,0.0,,,,,,,,Të Hyrat vetanake 0 0
3.1,35,343,source,,,Stafi Mbështetës Politik,Financimi nga Huamarrja,,0.0,0.0,,,,,,,,Financimi nga Huamarrja 0 0
3.1,35,352,source,,,Stafi Mbështetës Politik,Të Hyrat nga AKP,,,,,,,,,,,Të Hyrat nga AKP
3.1,35,361,sub,15800,0111,Stafi Mbështetës Politik,,182.0,2404793.0,87000.0,,,,,2491793.0,2597896.0,2669896.0,"15800 0111 Stafi Mbështetës Politik 182 2,404,793 87,000 2,491,793 2,597,896 2,669,896"
3.1,35,370,source,15800,,Stafi Mbështetës Politik,Grantet Qeveritare,,2404793.0,87000.0,,,,,2491793.0,2597896.0,2669896.0,"Grantet Qeveritare 2,404,793 87,000 2,491,793 2,597,896 2,669,896"
3.1,35,379,source,15800,,Stafi Mbështetës Politik,Të Hyrat vetanake,,0.0,0.0,,,,,,,,Të Hyrat vetanake 0 0
3.1,35,388,source,15800,,Stafi Mbështetës Politik,Financimi nga Huamarrja,,0.0,0.0,,,,,,,,Financimi nga Huamarrja 0 0
3.1,35,397,source,15800,,Stafi Mbështetës Politik,Të Hyrat nga AKP,,,,,,,,,,,Të Hyrat nga AKP
3.1,35,406,prog,,,Komisioni i Ndihmës Sht,,5.0,,20000.0,5000.0,,,,25000.0,53030.0,53030.0,"Komisioni i Ndihmës Sht 5 20,000 5,000 25,000 53,030 53,030"
3.1,35,415,source,,,Komisioni i Ndihmës Sht,Grantet Qeveritare,,0.0,20000.0,5000.0,,,,25000.0,53030.0,53030.0,"Grantet Qeveritare 0 20,000 5,000 25,000 53,030 53,030"
3.1,35,424,source,,,Komisioni i Ndihmës Sht,Të Hyrat vetanake,,0.0,0.0,,,,,,,,Të Hyrat vetanake 0 0
3.1,35,433,source,,,Komisioni i Ndihmës Sht,Financimi nga Huamarrja,,0.0,0.0,,,,,,,,Financimi nga Huamarrja 0 0
3.1,35,442,source,,,Komisioni i Ndihmës Sht,Të Hyrat nga AKP,,,,,,,,,,,Të Hyrat nga AKP
3.1,35,451,sub,29200,0411,Komisioni i Ndihmës Shtetërore,,5.0,,20000.0,5000.0,,,,25000.0,53030.0,53030.0,"29200 0411 Komisioni i Ndihmës Shtetërore 5 20,000 5,000 25,000 53,030 53,030"
3.1,35,460,source,29200,,Komisioni i Ndihmës Shtetërore,Grantet Qeveritare,,0.0,20000.0,5000.0,,,,25000.0,53030.0,53030.0,"Grantet Qeveritare 0 20,000 5,000 25,000 53,030 53,030"
3.1,35,469,source,29200,,Komisioni i Ndihmës Shtetërore,Të Hyrat vetanake,,0.0,0.0,,,,,,,,Të Hyrat vetanake 0 0
3.1,35,478,source,29200,,Komisioni i Ndihmës Shtetërore,Financimi nga Huamarrja,,0.0,0.0,,,,,,,,Financimi nga Huamarrja 0 0
3.1,35,487,source,29200,,Komisioni i Ndihmës Shtetërore,Të Hyrat nga AKP,,,,,,,,,,,Të Hyrat nga AKP
3.1,35,496,prog,,,Komisioneri Parlamentar,,8.0,24468.0,25000.0,,,,,49468.0,69668.0,69868.0,"Komisioneri Parlamentar 8 24,468 25,000 49,468 69,668 69,868"
3.1,35,505,source,,,Komisioneri Parlamentar,Grantet Qeveritare,,24468.0,25000.0,,,,,49468.0,69668.0,69868.0,"Grantet Qeveritare 24,468 25,000 49,468 69,668 69,868"
3.1,35,514,source,,,Komisioneri Parlamentar,Të Hyrat vetanake,,0.0,0.0,,,,,,,,Të Hyrat vetanake 0 0
3.1,35,523,source,,,Komisioneri Parlamentar,Financimi nga Huamarrja,,0.0,0.0,,,,,,,,Financimi nga Huamarrja 0 0
3.1,35,532,source,,,Komisioneri Parlamentar,Të Hyrat nga AKP,,,,,,,,,,,Të Hyrat nga AKP
3.1,36,91,sub,29250,0220,Komisioneri Parlamentar për Forcën,,8.0,24468.0,25000.0,,,,,49468.0,69668.0,69868.0,"29250 0220 Komisioneri Parlamentar për Forcën e Sigur 8 24,468 25,000 49,468 69,668 69,868"
3.1,36,100,source,29250,,Komisioneri Parlamentar për Forcën,Grantet Qeveritare,,24468.0,25000.0,,,,,49468.0,69668.0,69868.0,"Grantet Qeveritare 24,468 25,000 49,468 69,668 69,868"
3.1,36,109,source,29250,,Komisioneri Parlamentar për Forcën,Të Hyrat vetanake,,0.0,0.0,,,,,,,,Të Hyrat vetanake 0 0
3.1,36,118,source,29250,,Komisioneri Parlamentar për Forcën,Financimi nga Huamarrja,,0.0,0.0,,,,,,,,Financimi nga Huamarrja 0 0
3.1,36,127,source,29250,,Komisioneri Parlamentar për Forcën,Të Hyrat nga AKP,,,,,,,,,,,Të Hyrat nga AKP
3.1,36,136,org,102,,Zyra e Presidentit,,113.0,1621527.0,2746421.0,6700.0,419305.0,1015000.0,,5808953.0,7398137.0,7492226.0,"102 Zyra e Presidentit 113 1,621,527 2,746,421 6,700 419,305 1,015,000 5,808,953 7,398,137 7,492,226"
3.1,36,145,source,102,,Zyra e Presidentit,Grantet Qeveritare,,1621527.0,2746421.0,6700.0,419305.0,1015000.0,,5808953.0,7398137.0,7492226.0,"Grantet Qeveritare 1,621,527 2,746,421 6,700 419,305 1,015,000 5,808,953 7,398,137 7,492,226"
3.1,36,154,source,102,,Zyra e Presidentit,Të Hyrat vetanake,,0.0,0.0,,,0.0,,0.0,0.0,0.0,Të Hyrat vetanake 0 0 0 0 0 0
3.1,36,163,source,102,,Zyra e Presidentit,Financimi nga Huamarrja,,0.0,0.0,,,0.0,,0.0,0.0,0.0,Financimi nga Huamarrja 0 0 0 0 0 0
3.1,36,172,source,102,,Zyra e Presidentit,Të Hyrat nga AKP,,,,,,0.0,,0.0,0.0,0.0,Të Hyrat nga AKP 0 0 0 0
3.1,36,181,prog,,,Zyra e Presidentit,,109.0,1559853.0,2529031.0,6700.0,419305.0,1015000.0,,5529889.0,7119073.0,7213162.0,"Zyra e Presidentit 109 1,559,853 2,529,031 6,700 419,305 1,015,000 5,529,889 7,119,073 7,213,162"
3.1,36,190,source,,,Zyra e Presidentit,Grantet Qeveritare,,1559853.0,2529031.0,6700.0,419305.0,1015000.0,,5529889.0,7119073.0,7213162.0,"Grantet Qeveritare 1,559,853 2,529,031 6,700 419,305 1,015,000 5,529,889 7,119,073 7,213,162"
3.1,36,199,source,,,Zyra e Presidentit,Të Hyrat vetanake,,0.0,0.0,,,0.0,,0.0,0.0,0.0,Të Hyrat vetanake 0 0 0 0 0 0
3.1,36,208,source,,,Zyra e Presidentit,Financimi nga Huamarrja,,0.0,0.0,,,0.0,,0.0,0.0,0.0,Financimi nga Huamarrja 0 0 0 0 0 0
3.1,36,217,source,,,Zyra e Presidentit,Të Hyrat nga AKP,,,,,,0.0,,0.0,0.0,0.0,Të Hyrat nga AKP 0 0 0 0
3.1,36,226,sub,10500,0111,Zyra e Presidentit,,109.0,1559853.0,2529031.0,6700.0,419305.0,1015000.0,,5529889.0,7119073.0,7213162.0,"10500 0111 Zyra e Presidentit 109 1,559,853 2,529,031 6,700 419,305 1,015,000 5,529,889 7,119,073 7,213,162"
3.1,36,235,source,10500,,Zyra e Presidentit,Grantet Qeveritare,,1559853.0,2529031.0,6700.0,419305.0,1015000.0,,5529889.0,7119073.0,7213162.0,"Grantet Qeveritare 1,559,853 2,529,031 6,700 419,305 1,015,000 5,529,889 7,119,073 7,213,162"
3.1,36,244,source,10500,,Zyra e Presidentit,Të Hyrat vetanake,,0.0,0.0,,,0.0,,0.0,0.0,0.0,Të Hyrat vetanake 0 0 0 0 0 0
3.1,36,253,source,10500,,Zyra e Presidentit,Financimi nga Huamarrja,,0.0,0.0,,,0.0,,0.0,0.0,0.0,Financimi nga Huamarrja 0 0 0 0 0 0
3.1,36,262,source,10500,,Zyra e Presidentit,Të Hyrat nga AKP,,,,,,0.0,,0.0,0.0,0.0,Të Hyrat nga AKP 0 0 0 0
3.1,36,271,prog,,,Këshilli Konsultativ për K,,4.0,61674.0,217390.0,,,,,279064.0,279064.0,279064.0,"Këshilli Konsultativ për K 4 61,674 217,390 279,064 279,064 279,064"
3.1,36,280,source,,,Këshilli Konsultativ për K,Grantet Qeveritare,,61674.0,217390.0,,,,,279064.0,279064.0,279064.0,"Grantet Qeveritare 61,674 217,390 279,064 279,064 279,064"
3.1,36,289,source,,,Këshilli Konsultativ për K,Të Hyrat vetanake,,0.0,0.0,,,,,,,,Të Hyrat vetanake 0 0
3.1,36,298,source,,,Këshilli Konsultativ për K,Financimi nga Huamarrja,,0.0,0.0,,,,,,,,Financimi nga Huamarrja 0 0
3.1,36,307,source,,,Këshilli Konsultativ për K,Të Hyrat nga AKP,,,,,,,,,,,Të Hyrat nga AKP
3.1,36,316,sub,24900,0111,Këshilli Konsultativ për Komunitete,,4.0,61674.0,217390.0,,,,,279064.0,279064.0,279064.0,"24900 0111 Këshilli Konsultativ për Komunitete 4 61,674 217,390 279,064 279,064 279,064"
3.1,36,325,source,24900,,Këshilli Konsultativ për Komunitete,Grantet Qeveritare,,61674.0,217390.0,,,,,279064.0,279064.0,279064.0,"Grantet Qeveritare 61,674 217,390 279,064 279,064 279,064"
3.1,36,334,source,24900,,Këshilli Konsultativ për Komunitete,Të Hyrat vetanake,,0.0,0.0,,,,,,,,Të Hyrat vetanake 0 0
3.1,36,343,source,24900,,Këshilli Konsultativ për Komunitete,Financimi nga Huamarrja,,0.0,0.0,,,,,,,,Financimi nga Huamarrja 0 0
3.1,36,352,source,24900,,Këshilli Konsultativ për Komunitete,Të Hyrat nga AKP,,,,,,,,,,,Të Hyrat nga AKP
3.1,36,361,org,104,,Zyra e Kryeministrit,,609.0,5551518.0,7047500.0,88226.0,7505687.0,1000000.0,,21192931.0,19021912.0,19494038.0,"104 Zyra e Kryeministrit 609 5,551,518 7,047,500 88,226 7,505,687 1,000,000 21,192,931 19,021,912 19,494,038"
3.1,36,370,source,104,,Zyra e Kryeministrit,Grantet Qeveritare,,5551518.0,6476562.0,88226.0,7505687.0,1000000.0,,20621993.0,18542224.0,19494038.0,"Grantet Qeveritare 5,551,518 6,476,562 88,226 7,505,687 1,000,000 20,621,993 18,542,224 19,494,038"
3.1,36,379,source,104,,Zyra e Kryeministrit,Të Hyrat vetanake,,0.0,0.0,,,0.0,,0.0,0.0,0.0,Të Hyrat vetanake 0 0 0 0 0 0
3.1,36,388,source,104,,Zyra e Kryeministrit,Financimi nga Huamarrja,,0.0,570938.0,,,0.0,,570938.0,479688.0,0.0,"Financimi nga Huamarrja 0 570,938 0 570,938 479,688 0"
3.1,36,397,source,104,,Zyra e Kryeministrit,Të Hyrat nga AKP,,,,,,0.0,,0.0,0.0,0.0,Të Hyrat nga AKP 0 0 0 0
3.1,36,406,prog,,,Zyra për Komunitete,,5.0,56584.0,68067.0,1700.0,520000.0,,,646351.0,656351.0,676351.0,"Zyra për Komunitete 5 56,584 68,067 1,700 520,000 646,351 656,351 676,351"
3.1,36,415,source,,,Zyra për Komunitete,Grantet Qeveritare,,56584.0,68067.0,1700.0,520000.0,,,646351.0,656351.0,676351.0,"Grantet Qeveritare 56,584 68,067 1,700 520,000 646,351 656,351 676,351"
3.1,36,424,source,,,Zyra për Komunitete,Të Hyrat vetanake,,0.0,0.0,,,,,,,,Të Hyrat vetanake 0 0
3.1,36,433,source,,,Zyra për Komunitete,Financimi nga Huamarrja,,0.0,0.0,,,,,,,,Financimi nga Huamarrja 0 0
3.1,36,442,source,,,Zyra për Komunitete,Të Hyrat nga AKP,,,,,,,,,,,Të Hyrat nga AKP
3.1,36,451,sub,15600,0133,Zyra për Komunitete,,5.0,56584.0,68067.0,1700.0,520000.0,,,646351.0,656351.0,676351.0,"15600 0133 Zyra për Komunitete 5 56,584 68,067 1,700 520,000 646,351 656,351 676,351"
3.1,36,460,source,15600,,Zyra për Komunitete,Grantet Qeveritare,,56584.0,68067.0,1700.0,520000.0,,,646351.0,656351.0,676351.0,"Grantet Qeveritare 56,584 68,067 1,700 520,000 646,351 656,351 676,351"
3.1,36,469,source,15600,,Zyra për Komunitete,Të Hyrat vetanake,,0.0,0.0,,,,,,,,Të Hyrat vetanake 0 0
3.1,36,478,source,15600,,Zyra për Komunitete,Financimi nga Huamarrja,,0.0,0.0,,,,,,,,Financimi nga Huamarrja 0 0
3.1,36,487,source,15600,,Zyra për Komunitete,Të Hyrat nga AKP,,,,,,,,,,,Të Hyrat nga AKP
3.1,36,496,prog,,,Zyra e Kryeministrit,,128.0,1191102.0,839973.0,15000.0,307700.0,,,2353775.0,2324847.0,2511165.0,"Zyra e Kryeministrit 128 1,191,102 839,973 15,000 307,700 2,353,775 2,324,847 2,511,165"
3.1,36,505,source,,,Zyra e Kryeministrit,Grantet Qeveritare,,1191102.0,839973.0,15000.0,307700.0,,,2353775.0,2324847.0,2511165.0,"Grantet Qeveritare 1,191,102 839,973 15,000 307,700 2,353,775 2,324,847 2,511,165"
3.1,36,514,source,,,Zyra e Kryeministrit,Të Hyrat vetanake,,0.0,0.0,,,,,,,,Të Hyrat vetanake 0 0
3.1,36,523,source,,,Zyra e Kryeministrit,Financimi nga Huamarrja,,0.0,0.0,,,,,,,,Financimi nga Huamarrja 0 0
3.1,36,532,source,,,Zyra e Kryeministrit,Të Hyrat nga AKP,,,,,,,,,,,Të Hyrat nga AKP
3.1,37,91,sub,10600,0111,Zyra e Kryeministrit,,128.0,1191102.0,839973.0,15000.0,307700.0,,,2353775.0,2324847.0,2511165.0,"10600 0111 Zyra e Kryeministrit 128 1,191,102 839,973 15,000 307,700 2,353,775 2,324,847 2,511,165"
3.1,37,100,source,10600,,Zyra e Kryeministrit,Grantet Qeveritare,,1191102.0,839973.0,15000.0,307700.0,,,2353775.0,2324847.0,2511165.0,"Grantet Qeveritare 1,191,102 839,973 15,000 307,700 2,353,775 2,324,847 2,511,165"
3.1,37,109,source,10600,,Zyra e Kryeministrit,Të Hyrat vetanake,,0.0,0.0,,,,,,,,Të Hyrat vetanake 0 0
3.1,37,118,source,10600,,Zyra e Kryeministrit,Financimi nga Huamarrja,,0.0,0.0,,,,,,,,Financimi nga Huamarrja 0 0
3.1,37,127,source,10600,,Zyra e Kryeministrit,Të Hyrat nga AKP,,,,,,,,,,,Të Hyrat nga AKP
3.1,37,136,prog,,,Kabineti i Kryeministrit,,109.0,1042820.0,1579522.0,10501.0,52987.0,,,2685830.0,2495830.0,2235142.0,"Kabineti i Kryeministrit 109 1,042,820 1,579,522 10,501 52,987 2,685,830 2,495,830 2,235,142"
3.1,37,145,source,,,Kabineti i Kryeministrit,Grantet Qeveritare,,1042820.0,1008584.0,10501.0,52987.0,,,2114892.0,2016142.0,2235142.0,"Grantet Qeveritare 1,042,820 1,008,584 10,501 52,987 2,114,892 2,016,142 2,235,142"
3.1,37,154,source,,,Kabineti i Kryeministrit,Të Hyrat vetanake,,0.0,0.0,,,,,,,,Të Hyrat vetanake 0 0
3.1,37,163,source,,,Kabineti i Kryeministrit,Financimi nga Huamarrja,,0.0,570938.0,,,,,570938.0,479688.0,,"Financimi nga Huamarrja 0 570,938 570,938 479,688"
3.1,37,172,source,,,Kabineti i Kryeministrit,Të Hyrat nga AKP,,,,,,,,,,,Të Hyrat nga AKP
3.1,37,181,sub,10700,0111,Kabineti i Kryeministrit,,109.0,1042820.0,1579522.0,10501.0,52987.0,,,2685830.0,2495830.0,2235142.0,"10700 0111 Kabineti i Kryeministrit 109 1,042,820 1,579,522 10,501 52,987 2,685,830 2,495,830 2,235,142"
3.1,37,190,source,10700,,Kabineti i Kryeministrit,Grantet Qeveritare,,1042820.0,1008584.0,10501.0,52987.0,,,2114892.0,2016142.0,2235142.0,"Grantet Qeveritare 1,042,820 1,008,584 10,501 52,987 2,114,892 2,016,142 2,235,142"
3.1,37,199,source,10700,,Kabineti i Kryeministrit,Të Hyrat vetanake,,0.0,0.0,,,,,,,,Të Hyrat vetanake 0 0
3.1,37,208,source,10700,,Kabineti i Kryeministrit,Financimi nga Huamarrja,,0.0,570938.0,,,,,570938.0,479688.0,,"Financimi nga Huamarrja 0 570,938 570,938 479,688"
3.1,37,217,source,10700,,Kabineti i Kryeministrit,Të Hyrat nga AKP,,,,,,,,,,,Të Hyrat nga AKP
3.1,37,226,prog,,,Agjensioni për Barazi Gji,,20.0,205172.0,164000.0,2550.0,40000.0,,,411722.0,411722.0,411722.0,"Agjensioni për Barazi Gji 20 205,172 164,000 2,550 40,000 411,722 411,722 411,722"
3.1,37,235,source,,,Agjensioni për Barazi Gji,Grantet Qeveritare,,205172.0,164000.0,2550.0,40000.0,,,411722.0,411722.0,411722.0,"Grantet Qeveritare 205,172 164,000 2,550 40,000 411,722 411,722 411,722"
3.1,37,244,source,,,Agjensioni për Barazi Gji,Të Hyrat vetanake,,0.0,0.0,,,,,,,,Të Hyrat vetanake 0 0
3.1,37,253,source,,,Agjensioni për Barazi Gji,Financimi nga Huamarrja,,0.0,0.0,,,,,,,,Financimi nga Huamarrja 0 0
3.1,37,262,source,,,Agjensioni për Barazi Gji,Të Hyrat nga AKP,,,,,,,,,,,Të Hyrat nga AKP
3.1,37,271,sub,15300,0412,Agjencioni për Barazi Gjinore,,20.0,205172.0,164000.0,2550.0,40000.0,,,411722.0,411722.0,411722.0,"15300 0412 Agjencioni për Barazi Gjinore 20 205,172 164,000 2,550 40,000 411,722 411,722 411,722"
3.1,37,280,source,15300,,Agjencioni për Barazi Gjinore,Grantet Qeveritare,,205172.0,164000.0,2550.0,40000.0,,,411722.0,411722.0,411722.0,"Grantet Qeveritare 205,172 164,000 2,550 40,000 411,722 411,722 411,722"
3.1,37,289,source,15300,,Agjencioni për Barazi Gjinore,Të Hyrat vetanake,,0.0,0.0,,,,,,,,Të Hyrat vetanake 0 0
3.1,37,298,source,15300,,Agjencioni për Barazi Gjinore,Financimi nga Huamarrja,,0.0,0.0,,,,,,,,Financimi nga Huamarrja 0 0
3.1,37,307,source,15300,,Agjencioni për Barazi Gjinore,Të Hyrat nga AKP,,,,,,,,,,,Të Hyrat nga AKP
3.1,37,316,prog,,,Zyra e Komisionerit për G,,7.0,77940.0,43156.0,1700.0,70000.0,,,192796.0,202796.0,212796.0,"Zyra e Komisionerit për G 7 77,940 43,156 1,700 70,000 192,796 202,796 212,796"
3.1,37,325,source,,,Zyra e Komisionerit për G,Grantet Qeveritare,,77940.0,43156.0,1700.0,70000.0,,,192796.0,202796.0,212796.0,"Grantet Qeveritare 77,940 43,156 1,700 70,000 192,796 202,796 212,796"
3.1,37,334,source,,,Zyra e Komisionerit për G,Të Hyrat vetanake,,0.0,0.0,,,,,,,,Të Hyrat vetanake 0 0
3.1,37,343,source,,,Zyra e Komisionerit për G,Financimi nga Huamarrja,,0.0,0.0,,,,,,,,Financimi nga Huamarrja 0 0
3.1,37,352,source,,,Zyra e Komisionerit për G,Të Hyrat nga AKP,,,,,,,,,,,Të Hyrat nga AKP
3.1,37,361,sub,25300,0111,Zyra e Komisionerit për Gjuhën,,7.0,77940.0,43156.0,1700.0,70000.0,,,192796.0,202796.0,212796.0,"25300 0111 Zyra e Komisionerit për Gjuhën 7 77,940 43,156 1,700 70,000 192,796 202,796 212,796"
3.1,37,370,source,25300,,Zyra e Komisionerit për Gjuhën,Grantet Qeveritare,,77940.0,43156.0,1700.0,70000.0,,,192796.0,202796.0,212796.0,"Grantet Qeveritare 77,940 43,156 1,700 70,000 192,796 202,796 212,796"
3.1,37,379,source,25300,,Zyra e Komisionerit për Gjuhën,Të Hyrat vetanake,,0.0,0.0,,,,,,,,Të Hyrat vetanake 0 0
3.1,37,388,source,25300,,Zyra e Komisionerit për Gjuhën,Financimi nga Huamarrja,,0.0,0.0,,,,,,,,Financimi nga Huamarrja 0 0
3.1,37,397,source,25300,,Zyra e Komisionerit për Gjuhën,Të Hyrat nga AKP,,,,,,,,,,,Të Hyrat nga AKP
3.1,37,406,prog,,,Këshilli i Sigurisë së Kos,,21.0,232000.0,105000.0,5400.0,,1000000.0,,1342400.0,1842400.0,1842400.0,"Këshilli i Sigurisë së Kos 21 232,000 105,000 5,400 1,000,000 1,342,400 1,842,400 1,842,400"
3.1,37,415,source,,,Këshilli i Sigurisë së Kos,Grantet Qeveritare,,232000.0,105000.0,5400.0,,1000000.0,,1342400.0,1842400.0,1842400.0,"Grantet Qeveritare 232,000 105,000 5,400 1,000,000 1,342,400 1,842,400 1,842,400"
3.1,37,424,source,,,Këshilli i Sigurisë së Kos,Të Hyrat vetanake,,0.0,0.0,,,0.0,,0.0,0.0,0.0,Të Hyrat vetanake 0 0 0 0 0 0
3.1,37,433,source,,,Këshilli i Sigurisë së Kos,Financimi nga Huamarrja,,0.0,0.0,,,0.0,,0.0,0.0,0.0,Financimi nga Huamarrja 0 0 0 0 0 0
3.1,37,442,source,,,Këshilli i Sigurisë së Kos,Të Hyrat nga AKP,,,,,,0.0,,0.0,0.0,0.0,Të Hyrat nga AKP 0 0 0 0
3.1,37,451,sub,31100,0220,Këshilli i Sigurisë së Kosovës,,21.0,232000.0,105000.0,5400.0,,1000000.0,,1342400.0,1842400.0,1842400.0,"31100 0220 Këshilli i Sigurisë së Kosovës 21 232,000 105,000 5,400 1,000,000 1,342,400 1,842,400 1,842,400"
3.1,37,460,source,31100,,Këshilli i Sigurisë së Kosovës,Grantet Qeveritare,,232000.0,105000.0,5400.0,,1000000.0,,1342400.0,1842400.0,1842400.0,"Grantet Qeveritare 232,000 105,000 5,400 1,000,000 1,342,400 1,842,400 1,842,400"
3.1,37,469,source,31100,,Këshilli i Sigurisë së Kosovës,Të Hyrat vetanake,,0.0,0.0,,,0.0,,0.0,0.0,0.0,Të Hyrat vetanake 0 0 0 0 0 0
3.1,37,478,source,31100,,Këshilli i Sigurisë së Kosovës,Financimi nga Huamarrja,,0.0,0.0,,,0.0,,0.0,0.0,0.0,Financimi nga Huamarrja 0 0 0 0 0 0
3.1,37,487,source,31100,,Këshilli i Sigurisë së Kosovës,Të Hyrat nga AKP,,,,,,0.0,,0.0,0.0,0.0,Të Hyrat nga AKP 0 0 0 0
3.1,37,496,prog,,,Departamenti për Integrim,,75.0,573819.0,231983.0,14500.0,515000.0,,,1335302.0,1322964.0,1382302.0,"Departamenti për Integrim 75 573,819 231,983 14,500 515,000 1,335,302 1,322,964 1,382,302"
3.1,37,505,source,,,Departamenti për Integrim,Grantet Qeveritare,,573819.0,231983.0,14500.0,515000.0,,,1335302.0,1322964.0,1382302.0,"Grantet Qeveritare 573,819 231,983 14,500 515,000 1,335,302 1,322,964 1,382,302"
3.1,37,514,source,,,Departamenti për Integrim,Të Hyrat vetanake,,0.0,0.0,,,,,,,,Të Hyrat vetanake 0 0
3.1,37,523,source,,,Departamenti për Integrim,Financimi nga Huamarrja,,0.0,0.0,,,,,,,,Financimi nga Huamarrja 0 0
3.1,37,532,source,,,Departamenti për Integrim,Të Hyrat nga AKP,,,,,,,,,,,Të Hyrat nga AKP
3.1,38,91,sub,39000,0113,Departamenti për Integrime Evropiane,,75.0,573819.0,231983.0,14500.0,515000.0,,,1335302.0,1322964.0,1382302.0,"39000 0113 Departamenti për Integrime Evropiane 75 573,819 231,983 14,500 515,000 1,335,302 1,322,964 1,382,302"
3.1,38,100,source,39000,,Departamenti për Integrime Evropiane,Grantet Qeveritare,,573819.0,231983.0,14500.0,515000.0,,,1335302.0,1322964.0,1382302.0,"Grantet Qeveritare 573,819 231,983 14,500 515,000 1,335,302 1,322,964 1,382,302"
3.1,38,109,source,39000,,Departamenti për Integrime Evropiane,Të Hyrat vetanake,,0.0,0.0,,,,,,,,Të Hyrat vetanake 0 0
3.1,38,118,source,39000,,Departamenti për Integrime Evropiane,Financimi nga Huamarrja,,0.0,0.0,,,,,,,,Financimi nga Huamarrja 0 0
3.1,38,127,source,39000,,Departamenti për Integrime Evropiane,Të Hyrat nga AKP,,,,,,,,,,,Të Hyrat nga AKP
3.1,38,136,prog,,,Përkrahje për Luginën e P,,,,,,4000000.0,,,4000000.0,4000000.0,4000000.0,"Përkrahje për Luginën e P 4,000,000 4,000,000 4,000,000 4,000,000"
3.1,38,145,source,,,Përkrahje për Luginën e P,Grantet Qeveritare,,,,,4000000.0,,,4000000.0,4000000.0,4000000.0,"Grantet Qeveritare 4,000,000 4,000,000 4,000,000 4,000,000"
3.1,38,154,source,,,Përkrahje për Luginën e P,Të Hyrat vetanake,,,,,,,,,,,Të Hyrat vetanake
3.1,38,163,source,,,Përkrahje për Luginën e P,Financimi nga Huamarrja,,,,,,,,,,,Financimi nga Huamarrja
3.1,38,172,source,,,Përkrahje për Luginën e P,Të Hyrat nga AKP,,,,,,,,,,,Të Hyrat nga AKP
3.1,38,181,sub,39100,0121,Përkrahje për Luginën e Preshevës,,,,,,4000000.0,,,4000000.0,4000000.0,4000000.0,"39100 0121 Përkrahje për Luginën e Preshevës dhe San 4,000,000 4,000,000 4,000,000 4,000,000"
3.1,38,190,source,39100,,Përkrahje për Luginën e Preshevës,Grantet Qeveritare,,,,,4000000.0,,,4000000.0,4000000.0,4000000.0,"Grantet Qeveritare 4,000,000 4,000,000 4,000,000 4,000,000"
3.1,38,199,source,39100,,Përkrahje për Luginën e Preshevës,Të Hyrat vetanake,,,,,,,,,,,Të Hyrat vetanake
3.1,38,208,source,39100,,Përkrahje për Luginën e Preshevës,Financimi nga Huamarrja,,,,,,,,,,,Financimi nga Huamarrja
3.1,38,217,source,39100,,Përkrahje për Luginën e Preshevës,Të Hyrat nga AKP,,,,,,,,,,,Të Hyrat nga AKP
3.1,38,226,prog,,,Zyra Statistikore e Kosov,,166.0,1499200.0,3002999.0,31875.0,,,,4534074.0,2712382.0,3001122.0,"Zyra Statistikore e Kosov 166 1,499,200 3,002,999 31,875 4,534,074 2,712,382 3,001,122"
3.1,38,235,source,,,Zyra Statistikore e Kosov,Grantet Qeveritare,,1499200.0,3002999.0,31875.0,,,,4534074.0,2712382.0,3001122.0,"Grantet Qeveritare 1,499,200 3,002,999 31,875 4,534,074 2,712,382 3,001,122"
3.1,38,244,source,,,Zyra Statistikore e Kosov,Të Hyrat vetanake,,0.0,0.0,,,,,,,,Të Hyrat vetanake 0 0
3.1,38,253,source,,,Zyra Statistikore e Kosov,Financimi nga Huamarrja,,0.0,0.0,,,,,,,,Financimi nga Huamarrja 0 0
3.1,38,262,source,,,Zyra Statistikore e Kosov,Të Hyrat nga AKP,,,,,,,,,,,Të Hyrat nga AKP
3.1,38,271,sub,12400,0132,Shërbimet e Statistikës,,166.0,1499200.0,3002999.0,31875.0,,,,4534074.0,2712382.0,3001122.0,"12400 0132 Shërbimet e Statistikës 166 1,499,200 3,002,999 31,875 4,534,074 2,712,382 3,001,122"
3.1,38,280,source,12400,,Shërbimet e Statistikës,Grantet Qeveritare,,1499200.0,3002999.0,31875.0,,,,4534074.0,2712382.0,3001122.0,"Grantet Qeveritare 1,499,200 3,002,999 31,875 4,534,074 2,712,382 3,001,122"
3.1,38,289,source,12400,,Shërbimet e Statistikës,Të Hyrat vetanake,,0.0,0.0,,,,,,,,Të Hyrat vetanake 0 0
3.1,38,298,source,12400,,Shërbimet e Statistikës,Financimi nga Huamarrja,,0.0,0.0,,,,,,,,Financimi nga Huamarrja 0 0
3.1,38,307,source,12400,,Shërbimet e Statistikës,Të Hyrat nga AKP,,,,,,,,,,,Të Hyrat nga AKP
3.1,38,316,prog,,,Zyra e Inspektorit të Përg,,12.0,70148.0,100000.0,,,,,170148.0,145148.0,179648.0,"Zyra e Inspektorit të Përg 12 70,148 100,000 170,148 145,148 179,648"
3.1,38,325,source,,,Zyra e Inspektorit të Përg,Grantet Qeveritare,,70148.0,100000.0,,,,,170148.0,145148.0,179648.0,"Grantet Qeveritare 70,148 100,000 170,148 145,148 179,648"
3.1,38,334,source,,,Zyra e Inspektorit të Përg,Të Hyrat vetanake,,0.0,0.0,,,,,,,,Të Hyrat vetanake 0 0
3.1,38,343,source,,,Zyra e Inspektorit të Përg,Financimi nga Huamarrja,,0.0,0.0,,,,,,,,Financimi nga Huamarrja 0 0
3.1,38,352,source,,,Zyra e Inspektorit të Përg,Të Hyrat nga AKP,,,,,,,,,,,Të Hyrat nga AKP
3.1,38,361,sub,25350,0133,Zyra e Inspektorit të Përgjithshëm,,12.0,70148.0,100000.0,,,,,170148.0,145148.0,179648.0,"25350 0133 Zyra e Inspektorit të Përgjithshëm 12 70,148 100,000 170,148 145,148 179,648"
3.1,38,370,source,25350,,Zyra e Inspektorit të Përgjithshëm,Grantet Qeveritare,,70148.0,100000.0,,,,,170148.0,145148.0,179648.0,"Grantet Qeveritare 70,148 100,000 170,148 145,148 179,648"
3.1,38,379,source,25350,,Zyra e Inspektorit të Përgjithshëm,Të Hyrat vetanake,,0.0,0.0,,,,,,,,Të Hyrat vetanake 0 0
3.1,38,388,source,25350,,Zyra e Inspektorit të Përgjithshëm,Financimi nga Huamarrja,,0.0,0.0,,,,,,,,Financimi nga Huamarrja 0 0
3.1,38,397,source,25350,,Zyra e Inspektorit të Përgjithshëm,Të Hyrat nga AKP,,,,,,,,,,,Të Hyrat nga AKP
3.1,38,406,prog,,,Programi për Promovim,,,,,,2000000.0,,,2000000.0,2000000.0,2000000.0,"Programi për Promovim 2,000,000 2,000,000 2,000,000 2,000,000"
3.1,38,415,source,,,Programi për Promovim,Grantet Qeveritare,,,,,2000000.0,,,2000000.0,2000000.0,2000000.0,"Grantet Qeveritare 2,000,000 2,000,000 2,000,000 2,000,000"
3.1,38,424,source,,,Programi për Promovim,Të Hyrat vetanake,,,,,,,,,,,Të Hyrat vetanake
3.1,38,433,source,,,Programi për Promovim,Financimi nga Huamarrja,,,,,,,,,,,Financimi nga Huamarrja
3.1,38,442,source,,,Programi për Promovim,Të Hyrat nga AKP,,,,,,,,,,,Të Hyrat nga AKP
3.1,38,451,sub,39200,0122,Programi për Promovim të Vendit,,,,,,2000000.0,,,2000000.0,2000000.0,2000000.0,"39200 0122 Programi për Promovim të Vendit 2,000,000 2,000,000 2,000,000 2,000,000"
3.1,38,460,source,39200,,Programi për Promovim të Vendit,Grantet Qeveritare,,,,,2000000.0,,,2000000.0,2000000.0,2000000.0,"Grantet Qeveritare 2,000,000 2,000,000 2,000,000 2,000,000"
3.1,38,469,source,39200,,Programi për Promovim të Vendit,Të Hyrat vetanake,,,,,,,,,,,Të Hyrat vetanake
3.1,38,478,source,39200,,Programi për Promovim të Vendit,Financimi nga Huamarrja,,,,,,,,,,,Financimi nga Huamarrja
3.1,38,487,source,39200,,Programi për Promovim të Vendit,Të Hyrat nga AKP,,,,,,,,,,,Të Hyrat nga AKP
3.1,38,496,prog,,,Instituti i Krimeve të Krye,,46.0,408513.0,312800.0,5000.0,,,,726313.0,549752.0,573670.0,"Instituti i Krimeve të Krye 46 408,513 312,800 5,000 726,313 549,752 573,670"
3.1,38,505,source,,,Instituti i Krimeve të Krye,Grantet Qeveritare,,408513.0,312800.0,5000.0,,,,726313.0,549752.0,573670.0,"Grantet Qeveritare 408,513 312,800 5,000 726,313 549,752 573,670"
3.1,38,514,source,,,Instituti i Krimeve të Krye,Të Hyrat vetanake,,0.0,0.0,,,,,,,,Të Hyrat vetanake 0 0
3.1,38,523,source,,,Instituti i Krimeve të Krye,Financimi nga Huamarrja,,0.0,0.0,,,,,,,,Financimi nga Huamarrja 0 0
3.1,38,532,source,,,Instituti i Krimeve të Krye,Të Hyrat nga AKP,,,,,,,,,,,Të Hyrat nga AKP
3.1,39,91,sub,39300,0330,Instituti i Krimeve të Kryera Gjatë Luftës,,46.0,408513.0,312800.0,5000.0,,,,726313.0,549752.0,573670.0,"39300 0330 Instituti i Krimeve të Kryera Gjatë Luftës në K 46 408,513 312,800 5,000 726,313 549,752 573,670"
3.1,39,100,source,39300,,Instituti i Krimeve të Kryera Gjatë Luftës,Grantet Qeveritare,,408513.0,312800.0,5000.0,,,,726313.0,549752.0,573670.0,"Grantet Qeveritare 408,513 312,800 5,000 726,313 549,752 573,670"
3.1,39,109,source,39300,,Instituti i Krimeve të Kryera Gjatë Luftës,Të Hyrat vetanake,,0.0,0.0,,,,,,,,Të Hyrat vetanake 0 0
3.1,39,118,source,39300,,Instituti i Krimeve të Kryera Gjatë Luftës,Financimi nga Huamarrja,,0.0,0.0,,,,,,,,Financimi nga Huamarrja 0 0
3.1,39,127,source,39300,,Instituti i Krimeve të Kryera Gjatë Luftës,Të Hyrat nga AKP,,,,,,,,,,,Të Hyrat nga AKP
3.1,39,136,prog,,0411,Agjencia e Investimeve d,,20.0,194220.0,600000.0,,,,,794220.0,357720.0,467720.0,"0411 Agjencia e Investimeve d 20 194,220 600,000 794,220 357,720 467,720"
3.1,39,145,source,,,Agjencia e Investimeve d,Grantet Qeveritare,,194220.0,600000.0,,,,,794220.0,357720.0,467720.0,"Grantet Qeveritare 194,220 600,000 794,220 357,720 467,720"
3.1,39,154,source,,,Agjencia e Investimeve d,Të Hyrat vetanake,,0.0,0.0,,,,,,,,Të Hyrat vetanake 0 0
3.1,39,163,source,,,Agjencia e Investimeve d,Financimi nga Huamarrja,,0.0,0.0,,,,,,,,Financimi nga Huamarrja 0 0
3.1,39,172,source,,,Agjencia e Investimeve d,Të Hyrat nga AKP,,,,,,,,,,,Të Hyrat nga AKP
3.1,39,181,sub,39500,0411,Agjencia e Investimeve dhe eksporteve,,20.0,194220.0,600000.0,,,,,794220.0,357720.0,467720.0,"39500 0411 Agjencia e Investimeve dhe eksporteve 20 194,220 600,000 794,220 357,720 467,720"
3.1,39,190,source,39500,,Agjencia e Investimeve dhe eksporteve,Grantet Qeveritare,,194220.0,600000.0,,,,,794220.0,357720.0,467720.0,"Grantet Qeveritare 194,220 600,000 794,220 357,720 467,720"
3.1,39,199,source,39500,,Agjencia e Investimeve dhe eksporteve,Të Hyrat vetanake,,0.0,0.0,,,,,,,,Të Hyrat vetanake 0 0
3.1,39,208,source,39500,,Agjencia e Investimeve dhe eksporteve,Financimi nga Huamarrja,,0.0,0.0,,,,,,,,Financimi nga Huamarrja 0 0
3.1,39,217,source,39500,,Agjencia e Investimeve dhe eksporteve,Të Hyrat nga AKP,,,,,,,,,,,Të Hyrat nga AKP
3.1,39,226,org,201,,"Ministria e Financave,Punës dhe Tran",,2693.0,50251955.0,15910661.0,897576.0,1102860660.0,14500000.0,,1184420851.0,1232945121.0,1371013362.0,"201 Ministria e Financave,Punës dhe Tran 2,693 50,251,955 15,910,661 897,576 1,102,860,660 14,500,000 1,184,420,851 1,232,945,121 1,371,013,362"
3.1,39,235,source,201,,"Ministria e Financave,Punës dhe Tran",Grantet Qeveritare,,50251955.0,12400300.0,897576.0,1088860660.0,14500000.0,,1166910490.0,1205145121.0,1335013362.0,"Grantet Qeveritare 50,251,955 12,400,300 897,576 1,088,860,660 14,500,000 1,166,910,490 1,205,145,121 1,335,013,362"
3.1,39,244,source,201,,"Ministria e Financave,Punës dhe Tran",Të Hyrat vetanake,,0.0,0.0,,,0.0,,0.0,0.0,0.0,Të Hyrat vetanake 0 0 0 0 0 0
3.1,39,253,source,201,,"Ministria e Financave,Punës dhe Tran",Financimi nga Huamarrja,,0.0,3510361.0,,14000000.0,0.0,,17510361.0,27800000.0,36000000.0,"Financimi nga Huamarrja 0 3,510,361 14,000,000 0 17,510,361 27,800,000 36,000,000"
3.1,39,262,source,201,,"Ministria e Financave,Punës dhe Tran",Të Hyrat nga AKP,,,,,,0.0,,0.0,0.0,0.0,Të Hyrat nga AKP 0 0 0 0
3.1,39,271,prog,,,Departamenti i Buxhetit,,33.0,337632.0,37496.0,,,,,375128.0,393697.0,413288.0,"Departamenti i Buxhetit 33 337,632 37,496 375,128 393,697 413,288"
3.1,39,280,source,,,Departamenti i Buxhetit,Grantet Qeveritare,,337632.0,37496.0,,,,,375128.0,393697.0,413288.0,"Grantet Qeveritare 337,632 37,496 375,128 393,697 413,288"
3.1,39,289,source,,,Departamenti i Buxhetit,Të Hyrat vetanake,,0.0,0.0,,,,,,,,Të Hyrat vetanake 0 0
3.1,39,298,source,,,Departamenti i Buxhetit,Financimi nga Huamarrja,,0.0,0.0,,,,,,,,Financimi nga Huamarrja 0 0
3.1,39,307,source,,,Departamenti i Buxhetit,Të Hyrat nga AKP,,,,,,,,,,,Të Hyrat nga AKP
3.1,39,316,sub,10800,0112,Departamenti i Buxhetit,,33.0,337632.0,37496.0,,,,,375128.0,393697.0,413288.0,"10800 0112 Departamenti i Buxhetit 33 337,632 37,496 375,128 393,697 413,288"
3.1,39,325,source,10800,,Departamenti i Buxhetit,Grantet Qeveritare,,337632.0,37496.0,,,,,375128.0,393697.0,413288.0,"Grantet Qeveritare 337,632 37,496 375,128 393,697 413,288"
3.1,39,334,source,10800,,Departamenti i Buxhetit,Të Hyrat vetanake,,0.0,0.0,,,,,,,,Të Hyrat vetanake 0 0
3.1,39,343,source,10800,,Departamenti i Buxhetit,Financimi nga Huamarrja,,0.0,0.0,,,,,,,,Financimi nga Huamarrja 0 0
3.1,39,352,source,10800,,Departamenti i Buxhetit,Të Hyrat nga AKP,,,,,,,,,,,Të Hyrat nga AKP
3.1,39,361,prog,,,Dep.për Integrime Evropi,,12.0,107886.0,29236.0,,,,,137122.0,143055.0,149315.0,"Dep.për Integrime Evropi 12 107,886 29,236 137,122 143,055 149,315"
3.1,39,370,source,,,Dep.për Integrime Evropi,Grantet Qeveritare,,107886.0,29236.0,,,,,137122.0,143055.0,149315.0,"Grantet Qeveritare 107,886 29,236 137,122 143,055 149,315"
3.1,39,379,source,,,Dep.për Integrime Evropi,Të Hyrat vetanake,,0.0,0.0,,,,,,,,Të Hyrat vetanake 0 0
3.1,39,388,source,,,Dep.për Integrime Evropi,Financimi nga Huamarrja,,0.0,0.0,,,,,,,,Financimi nga Huamarrja 0 0
3.1,39,397,source,,,Dep.për Integrime Evropi,Të Hyrat nga AKP,,,,,,,,,,,Të Hyrat nga AKP
3.1,39,406,sub,10900,0112,Dep.për Integrime Evropiane dhe Kordinim,,12.0,107886.0,29236.0,,,,,137122.0,143055.0,149315.0,"10900 0112 Dep.për Integrime Evropiane dhe Kordinim t 12 107,886 29,236 137,122 143,055 149,315"
3.1,39,415,source,10900,,Dep.për Integrime Evropiane dhe Kordinim,Grantet Qeveritare,,107886.0,29236.0,,,,,137122.0,143055.0,149315.0,"Grantet Qeveritare 107,886 29,236 137,122 143,055 149,315"
3.1,39,424,source,10900,,Dep.për Integrime Evropiane dhe Kordinim,Të Hyrat vetanake,,0.0,0.0,,,,,,,,Të Hyrat vetanake 0 0
3.1,39,433,source,10900,,Dep.për Integrime Evropiane dhe Kordinim,Financimi nga Huamarrja,,0.0,0.0,,,,,,,,Financimi nga Huamarrja 0 0
3.1,39,442,source,10900,,Dep.për Integrime Evropiane dhe Kordinim,Të Hyrat nga AKP,,,,,,,,,,,Të Hyrat nga AKP
3.1,39,451,prog,,,Departamenti i Politikave,,21.0,176111.0,33050.0,,,,,209161.0,218848.0,229066.0,"Departamenti i Politikave 21 176,111 33,050 209,161 218,848 229,066"
3.1,39,460,source,,,Departamenti i Politikave,Grantet Qeveritare,,176111.0,33050.0,,,,,209161.0,218848.0,229066.0,"Grantet Qeveritare 176,111 33,050 209,161 218,848 229,066"
3.1,39,469,source,,,Departamenti i Politikave,Të Hyrat vetanake,,0.0,0.0,,,,,,,,Të Hyrat vetanake 0 0
3.1,39,478,source,,,Departamenti i Politikave,Financimi nga Huamarrja,,0.0,0.0,,,,,,,,Financimi nga Huamarrja 0 0
3.1,39,487,source,,,Departamenti i Politikave,Të Hyrat nga AKP,,,,,,,,,,,Të Hyrat nga AKP
3.1,39,496,sub,11000,0112,Departamenti i Politikave Ekonomike,,21.0,176111.0,33050.0,,,,,209161.0,218848.0,229066.0,"11000 0112 Departamenti i Politikave Ekonomike 21 176,111 33,050 209,161 218,848 229,066"
3.1,39,505,source,11000,,Departamenti i Politikave Ekonomike,Grantet Qeveritare,,176111.0,33050.0,,,,,209161.0,218848.0,229066.0,"Grantet Qeveritare 176,111 33,050 209,161 218,848 229,066"
3.1,39,514,source,11000,,Departamenti i Politikave Ekonomike,Të Hyrat vetanake,,0.0,0.0,,,,,,,,Të Hyrat vetanake 0 0
3.1,39,523,source,11000,,Departamenti i Politikave Ekonomike,Financimi nga Huamarrja,,0.0,0.0,,,,,,,,Financimi nga Huamarrja 0 0
3.1,39,532,source,11000,,Departamenti i Politikave Ekonomike,Të Hyrat nga AKP,,,,,,,,,,,Të Hyrat nga AKP
3.1,40,91,prog,,,Dep. i Auditimit të Brends,,12.0,118198.0,12370.0,,,,,130568.0,137069.0,143927.0,"Dep. i Auditimit të Brends 12 118,198 12,370 130,568 137,069 143,927"
3.1,40,100,source,,,Dep. i Auditimit të Brends,Grantet Qeveritare,,118198.0,12370.0,,,,,130568.0,137069.0,143927.0,"Grantet Qeveritare 118,198 12,370 130,568 137,069 143,927"
3.1,40,109,source,,,Dep. i Auditimit të Brends,Të Hyrat vetanake,,0.0,0.0,,,,,,,,Të Hyrat vetanake 0 0
3.1,40,118,source,,,Dep. i Auditimit të Brends,Financimi nga Huamarrja,,0.0,0.0,,,,,,,,Financimi nga Huamarrja 0 0
3.1,40,127,source,,,Dep. i Auditimit të Brends,Të Hyrat nga AKP,,,,,,,,,,,Të Hyrat nga AKP
3.1,40,136,sub,11100,0112,Departamenti i Auditimit të Brendshëm,,12.0,118198.0,12370.0,,,,,130568.0,137069.0,143927.0,"11100 0112 Departamenti i Auditimit të Brendshëm 12 118,198 12,370 130,568 137,069 143,927"
3.1,40,145,source,11100,,Departamenti i Auditimit të Brendshëm,Grantet Qeveritare,,118198.0,12370.0,,,,,130568.0,137069.0,143927.0,"Grantet Qeveritare 118,198 12,370 130,568 137,069 143,927"
3.1,40,154,source,11100,,Departamenti i Auditimit të Brendshëm,Të Hyrat vetanake,,0.0,0.0,,,,,,,,Të Hyrat vetanake 0 0
3.1,40,163,source,11100,,Departamenti i Auditimit të Brendshëm,Financimi nga Huamarrja,,0.0,0.0,,,,,,,,Financimi nga Huamarrja 0 0
3.1,40,172,source,11100,,Departamenti i Auditimit të Brendshëm,Të Hyrat nga AKP,,,,,,,,,,,Të Hyrat nga AKP
3.1,40,181,prog,,,Thesari,,86.0,850278.0,987062.0,,,80000.0,,1917340.0,2614105.0,2663443.0,"Thesari 86 850,278 987,062 80,000 1,917,340 2,614,105 2,663,443"
3.1,40,190,source,,,Thesari,Grantet Qeveritare,,850278.0,987062.0,,,80000.0,,1917340.0,2614105.0,2663443.0,"Grantet Qeveritare 850,278 987,062 80,000 1,917,340 2,614,105 2,663,443"
3.1,40,199,source,,,Thesari,Të Hyrat vetanake,,0.0,0.0,,,0.0,,0.0,0.0,0.0,Të Hyrat vetanake 0 0 0 0 0 0
3.1,40,208,source,,,Thesari,Financimi nga Huamarrja,,0.0,0.0,,,0.0,,0.0,0.0,0.0,Financimi nga Huamarrja 0 0 0 0 0 0
3.1,40,217,source,,,Thesari,Të Hyrat nga AKP,,,,,,0.0,,0.0,0.0,0.0,Të Hyrat nga AKP 0 0 0 0
3.1,40,226,sub,11200,0112,Thesari,,86.0,850278.0,987062.0,,,80000.0,,1917340.0,2614105.0,2663443.0,"11200 0112 Thesari 86 850,278 987,062 80,000 1,917,340 2,614,105 2,663,443"
3.1,40,235,source,11200,,Thesari,Grantet Qeveritare,,850278.0,987062.0,,,80000.0,,1917340.0,2614105.0,2663443.0,"Grantet Qeveritare 850,278 987,062 80,000 1,917,340 2,614,105 2,663,443"
3.1,40,244,source,11200,,Thesari,Të Hyrat vetanake,,0.0,0.0,,,0.0,,0.0,0.0,0.0,Të Hyrat vetanake 0 0 0 0 0 0
3.1,40,253,source,11200,,Thesari,Financimi nga Huamarrja,,0.0,0.0,,,0.0,,0.0,0.0,0.0,Financimi nga Huamarrja 0 0 0 0 0 0
3.1,40,262,source,11200,,Thesari,Të Hyrat nga AKP,,,,,,0.0,,0.0,0.0,0.0,Të Hyrat nga AKP 0 0 0 0
3.1,40,271,prog,,,Departamenti Ligjor,,20.0,209255.0,13652.0,,,,,222907.0,234416.0,246558.0,"Departamenti Ligjor 20 209,255 13,652 222,907 234,416 246,558"
3.1,40,280,source,,,Departamenti Ligjor,Grantet Qeveritare,,209255.0,13652.0,,,,,222907.0,234416.0,246558.0,"Grantet Qeveritare 209,255 13,652 222,907 234,416 246,558"
3.1,40,289,source,,,Departamenti Ligjor,Të Hyrat vetanake,,0.0,0.0,,,,,,,,Të Hyrat vetanake 0 0
3.1,40,298,source,,,Departamenti Ligjor,Financimi nga Huamarrja,,0.0,0.0,,,,,,,,Financimi nga Huamarrja 0 0
3.1,40,307,source,,,Departamenti Ligjor,Të Hyrat nga AKP,,,,,,,,,,,Të Hyrat nga AKP
3.1,40,316,sub,21000,0112,Departamenti Ligjor,,20.0,209255.0,13652.0,,,,,222907.0,234416.0,246558.0,"21000 0112 Departamenti Ligjor 20 209,255 13,652 222,907 234,416 246,558"
3.1,40,325,source,21000,,Departamenti Ligjor,Grantet Qeveritare,,209255.0,13652.0,,,,,222907.0,234416.0,246558.0,"Grantet Qeveritare 209,255 13,652 222,907 234,416 246,558"
3.1,40,334,source,21000,,Departamenti Ligjor,Të Hyrat vetanake,,0.0,0.0,,,,,,,,Të Hyrat vetanake 0 0
3.1,40,343,source,21000,,Departamenti Ligjor,Financimi nga Huamarrja,,0.0,0.0,,,,,,,,Financimi nga Huamarrja 0 0
3.1,40,352,source,21000,,Departamenti Ligjor,Të Hyrat nga AKP,,,,,,,,,,,Të Hyrat nga AKP
3.1,40,361,prog,,,Administrata Tatimore,,864.0,9387944.0,3616616.0,261696.0,40000.0,3200000.0,,16506256.0,18630288.0,19175023.0,"Administrata Tatimore 864 9,387,944 3,616,616 261,696 40,000 3,200,000 16,506,256 18,630,288 19,175,023"
3.1,40,370,source,,,Administrata Tatimore,Grantet Qeveritare,,9387944.0,3616616.0,261696.0,40000.0,3200000.0,,16506256.0,18630288.0,19175023.0,"Grantet Qeveritare 9,387,944 3,616,616 261,696 40,000 3,200,000 16,506,256 18,630,288 19,175,023"
3.1,40,379,source,,,Administrata Tatimore,Të Hyrat vetanake,,0.0,0.0,,,0.0,,0.0,0.0,0.0,Të Hyrat vetanake 0 0 0 0 0 0
3.1,40,388,source,,,Administrata Tatimore,Financimi nga Huamarrja,,0.0,0.0,,,0.0,,0.0,0.0,0.0,Financimi nga Huamarrja 0 0 0 0 0 0
3.1,40,397,source,,,Administrata Tatimore,Të Hyrat nga AKP,,,,,,0.0,,0.0,0.0,0.0,Të Hyrat nga AKP 0 0 0 0
3.1,40,406,sub,11600,0112,Administrata Tatimore,,864.0,9387944.0,3616616.0,261696.0,40000.0,3200000.0,,16506256.0,18630288.0,19175023.0,"11600 0112 Administrata Tatimore 864 9,387,944 3,616,616 261,696 40,000 3,200,000 16,506,256 18,630,288 19,175,023"
3.1,40,415,source,11600,,Administrata Tatimore,Grantet Qeveritare,,9387944.0,3616616.0,261696.0,40000.0,3200000.0,,16506256.0,18630288.0,19175023.0,"Grantet Qeveritare 9,387,944 3,616,616 261,696 40,000 3,200,000 16,506,256 18,630,288 19,175,023"
3.1,40,424,source,11600,,Administrata Tatimore,Të Hyrat vetanake,,0.0,0.0,,,0.0,,0.0,0.0,0.0,Të Hyrat vetanake 0 0 0 0 0 0
3.1,40,433,source,11600,,Administrata Tatimore,Financimi nga Huamarrja,,0.0,0.0,,,0.0,,0.0,0.0,0.0,Financimi nga Huamarrja 0 0 0 0 0 0
3.1,40,442,source,11600,,Administrata Tatimore,Të Hyrat nga AKP,,,,,,0.0,,0.0,0.0,0.0,Të Hyrat nga AKP 0 0 0 0
3.1,40,451,prog,,,Departamenti për Raport,,10.0,144615.0,79597.0,,,,,224212.0,228041.0,232080.0,"Departamenti për Raport 10 144,615 79,597 224,212 228,041 232,080"
3.1,40,460,source,,,Departamenti për Raport,Grantet Qeveritare,,144615.0,79597.0,,,,,224212.0,228041.0,232080.0,"Grantet Qeveritare 144,615 79,597 224,212 228,041 232,080"
3.1,40,469,source,,,Departamenti për Raport,Të Hyrat vetanake,,0.0,0.0,,,,,,,,Të Hyrat vetanake 0 0
3.1,40,478,source,,,Departamenti për Raport,Financimi nga Huamarrja,,0.0,0.0,,,,,,,,Financimi nga Huamarrja 0 0
3.1,40,487,source,,,Departamenti për Raport,Të Hyrat nga AKP,,,,,,,,,,,Të Hyrat nga AKP
3.1,40,496,sub,11700,0112,Departamenti për Raportim Financiar,,10.0,144615.0,79597.0,,,,,224212.0,228041.0,232080.0,"11700 0112 Departamenti për Raportim Financiar 10 144,615 79,597 224,212 228,041 232,080"
3.1,40,505,source,11700,,Departamenti për Raportim Financiar,Grantet Qeveritare,,144615.0,79597.0,,,,,224212.0,228041.0,232080.0,"Grantet Qeveritare 144,615 79,597 224,212 228,041 232,080"
3.1,40,514,source,11700,,Departamenti për Raportim Financiar,Të Hyrat vetanake,,0.0,0.0,,,,,,,,Të Hyrat vetanake 0 0
3.1,40,523,source,11700,,Departamenti për Raportim Financiar,Financimi nga Huamarrja,,0.0,0.0,,,,,,,,Financimi nga Huamarrja 0 0
3.1,40,532,source,11700,,Departamenti për Raportim Financiar,Të Hyrat nga AKP,,,,,,,,,,,Të Hyrat nga AKP
3.1,41,91,prog,,,Departamenti Qendror Ha,,12.0,146097.0,19487.0,,,,,165584.0,173619.0,182097.0,"Departamenti Qendror Ha 12 146,097 19,487 165,584 173,619 182,097"
3.1,41,100,source,,,Departamenti Qendror Ha,Grantet Qeveritare,,146097.0,19487.0,,,,,165584.0,173619.0,182097.0,"Grantet Qeveritare 146,097 19,487 165,584 173,619 182,097"
3.1,41,109,source,,,Departamenti Qendror Ha,Të Hyrat vetanake,,0.0,0.0,,,,,,,,Të Hyrat vetanake 0 0
3.1,41,118,source,,,Departamenti Qendror Ha,Financimi nga Huamarrja,,0.0,0.0,,,,,,,,Financimi nga Huamarrja 0 0
3.1,41,127,source,,,Departamenti Qendror Ha,Të Hyrat nga AKP,,,,,,,,,,,Të Hyrat nga AKP
3.1,41,136,sub,12000,0112,Departamenti Qendror Harmonizues,,12.0,146097.0,19487.0,,,,,165584.0,173619.0,182097.0,"12000 0112 Departamenti Qendror Harmonizues 12 146,097 19,487 165,584 173,619 182,097"
3.1,41,145,source,12000,,Departamenti Qendror Harmonizues,Grantet Qeveritare,,146097.0,19487.0,,,,,165584.0,173619.0,182097.0,"Grantet Qeveritare 146,097 19,487 165,584 173,619 182,097"
3.1,41,154,source,12000,,Departamenti Qendror Harmonizues,Të Hyrat vetanake,,0.0,0.0,,,,,,,,Të Hyrat vetanake 0 0
3.1,41,163,source,12000,,Departamenti Qendror Harmonizues,Financimi nga Huamarrja,,0.0,0.0,,,,,,,,Financimi nga Huamarrja 0 0
3.1,41,172,source,12000,,Departamenti Qendror Harmonizues,Të Hyrat nga AKP,,,,,,,,,,,Të Hyrat nga AKP
3.1,41,181,prog,,,Departamenti i Partnerite,,10.0,88240.0,15680.0,,,,,103920.0,108774.0,113894.0,"Departamenti i Partnerite 10 88,240 15,680 103,920 108,774 113,894"
3.1,41,190,source,,,Departamenti i Partnerite,Grantet Qeveritare,,88240.0,15680.0,,,,,103920.0,108774.0,113894.0,"Grantet Qeveritare 88,240 15,680 103,920 108,774 113,894"
3.1,41,199,source,,,Departamenti i Partnerite,Të Hyrat vetanake,,0.0,0.0,,,,,,,,Të Hyrat vetanake 0 0
3.1,41,208,source,,,Departamenti i Partnerite,Financimi nga Huamarrja,,0.0,0.0,,,,,,,,Financimi nga Huamarrja 0 0
3.1,41,217,source,,,Departamenti i Partnerite,Të Hyrat nga AKP,,,,,,,,,,,Të Hyrat nga AKP
3.1,41,226,sub,21810,0133,Departamenti i Partneritetit Publiko,,10.0,88240.0,15680.0,,,,,103920.0,108774.0,113894.0,"21810 0133 Departamenti i Partneritetit Publiko Privat 10 88,240 15,680 103,920 108,774 113,894"
3.1,41,235,source,21810,,Departamenti i Partneritetit Publiko,Grantet Qeveritare,,88240.0,15680.0,,,,,103920.0,108774.0,113894.0,"Grantet Qeveritare 88,240 15,680 103,920 108,774 113,894"
3.1,41,244,source,21810,,Departamenti i Partneritetit Publiko,Të Hyrat vetanake,,0.0,0.0,,,,,,,,Të Hyrat vetanake 0 0
3.1,41,253,source,21810,,Departamenti i Partneritetit Publiko,Financimi nga Huamarrja,,0.0,0.0,,,,,,,,Financimi nga Huamarrja 0 0
3.1,41,262,source,21810,,Departamenti i Partneritetit Publiko,Të Hyrat nga AKP,,,,,,,,,,,Të Hyrat nga AKP
3.1,41,271,prog,,,Dep.i Tatimit në Pronë,,12.0,139960.0,46236.0,,,,,186196.0,179507.0,187628.0,"Dep.i Tatimit në Pronë 12 139,960 46,236 186,196 179,507 187,628"
3.1,41,280,source,,,Dep.i Tatimit në Pronë,Grantet Qeveritare,,139960.0,46236.0,,,,,186196.0,179507.0,187628.0,"Grantet Qeveritare 139,960 46,236 186,196 179,507 187,628"
3.1,41,289,source,,,Dep.i Tatimit në Pronë,Të Hyrat vetanake,,0.0,0.0,,,,,,,,Të Hyrat vetanake 0 0
3.1,41,298,source,,,Dep.i Tatimit në Pronë,Financimi nga Huamarrja,,0.0,0.0,,,,,,,,Financimi nga Huamarrja 0 0
3.1,41,307,source,,,Dep.i Tatimit në Pronë,Të Hyrat nga AKP,,,,,,,,,,,Të Hyrat nga AKP
3.1,41,316,sub,23600,0112,Tatimi në Pronë,,12.0,139960.0,46236.0,,,,,186196.0,179507.0,187628.0,"23600 0112 Tatimi në Pronë 12 139,960 46,236 186,196 179,507 187,628"
3.1,41,325,source,23600,,Tatimi në Pronë,Grantet Qeveritare,,139960.0,46236.0,,,,,186196.0,179507.0,187628.0,"Grantet Qeveritare 139,960 46,236 186,196 179,507 187,628"
3.1,41,334,source,23600,,Tatimi në Pronë,Të Hyrat vetanake,,0.0,0.0,,,,,,,,Të Hyrat vetanake 0 0
3.1,41,343,source,23600,,Tatimi në Pronë,Financimi nga Huamarrja,,0.0,0.0,,,,,,,,Financimi nga Huamarrja 0 0
3.1,41,352,source,23600,,Tatimi në Pronë,Të Hyrat nga AKP,,,,,,,,,,,Të Hyrat nga AKP
3.1,41,361,prog,,,Dogana e Kosovës,,621.0,7864374.0,3559982.0,319375.0,,5052000.0,,16795731.0,17520733.0,17977064.0,"Dogana e Kosovës 621 7,864,374 3,559,982 319,375 5,052,000 16,795,731 17,520,733 17,977,064"
3.1,41,370,source,,,Dogana e Kosovës,Grantet Qeveritare,,7864374.0,3559982.0,319375.0,,5052000.0,,16795731.0,17520733.0,17977064.0,"Grantet Qeveritare 7,864,374 3,559,982 319,375 5,052,000 16,795,731 17,520,733 17,977,064"
3.1,41,379,source,,,Dogana e Kosovës,Të Hyrat vetanake,,0.0,0.0,,,0.0,,0.0,0.0,0.0,Të Hyrat vetanake 0 0 0 0 0 0
3.1,41,388,source,,,Dogana e Kosovës,Financimi nga Huamarrja,,0.0,0.0,,,0.0,,0.0,0.0,0.0,Financimi nga Huamarrja 0 0 0 0 0 0
3.1,41,397,source,,,Dogana e Kosovës,Të Hyrat nga AKP,,,,,,0.0,,0.0,0.0,0.0,Të Hyrat nga AKP 0 0 0 0
3.1,41,406,sub,13300,0112,Dogana e Kosovës,,621.0,7864374.0,3559982.0,319375.0,,5052000.0,,16795731.0,17520733.0,17977064.0,"13300 0112 Dogana e Kosovës 621 7,864,374 3,559,982 319,375 5,052,000 16,795,731 17,520,733 17,977,064"
3.1,41,415,source,13300,,Dogana e Kosovës,Grantet Qeveritare,,7864374.0,3559982.0,319375.0,,5052000.0,,16795731.0,17520733.0,17977064.0,"Grantet Qeveritare 7,864,374 3,559,982 319,375 5,052,000 16,795,731 17,520,733 17,977,064"
3.1,41,424,source,13300,,Dogana e Kosovës,Të Hyrat vetanake,,0.0,0.0,,,0.0,,0.0,0.0,0.0,Të Hyrat vetanake 0 0 0 0 0 0
3.1,41,433,source,13300,,Dogana e Kosovës,Financimi nga Huamarrja,,0.0,0.0,,,0.0,,0.0,0.0,0.0,Financimi nga Huamarrja 0 0 0 0 0 0
3.1,41,442,source,13300,,Dogana e Kosovës,Të Hyrat nga AKP,,,,,,0.0,,0.0,0.0,0.0,Të Hyrat nga AKP 0 0 0 0
3.1,41,451,prog,,,Njësia e Inteligjencës Fin,,24.0,317603.0,235658.0,11475.0,,30000.0,,594736.0,612205.0,630633.0,"Njësia e Inteligjencës Fin 24 317,603 235,658 11,475 30,000 594,736 612,205 630,633"
3.1,41,460,source,,,Njësia e Inteligjencës Fin,Grantet Qeveritare,,317603.0,235658.0,11475.0,,30000.0,,594736.0,612205.0,630633.0,"Grantet Qeveritare 317,603 235,658 11,475 30,000 594,736 612,205 630,633"
3.1,41,469,source,,,Njësia e Inteligjencës Fin,Të Hyrat vetanake,,0.0,0.0,,,0.0,,0.0,0.0,0.0,Të Hyrat vetanake 0 0 0 0 0 0
3.1,41,478,source,,,Njësia e Inteligjencës Fin,Financimi nga Huamarrja,,0.0,0.0,,,0.0,,0.0,0.0,0.0,Financimi nga Huamarrja 0 0 0 0 0 0
3.1,41,487,source,,,Njësia e Inteligjencës Fin,Të Hyrat nga AKP,,,,,,0.0,,0.0,0.0,0.0,Të Hyrat nga AKP 0 0 0 0
3.1,41,496,sub,30900,0112,Njësia e Inteligjencës Financiare,,24.0,317603.0,235658.0,11475.0,,30000.0,,594736.0,612205.0,630633.0,"30900 0112 Njësia e Inteligjencës Financiare 24 317,603 235,658 11,475 30,000 594,736 612,205 630,633"
3.1,41,505,source,30900,,Njësia e Inteligjencës Financiare,Grantet Qeveritare,,317603.0,235658.0,11475.0,,30000.0,,594736.0,612205.0,630633.0,"Grantet Qeveritare 317,603 235,658 11,475 30,000 594,736 612,205 630,633"
3.1,41,514,source,30900,,Njësia e Inteligjencës Financiare,Të Hyrat vetanake,,0.0,0.0,,,0.0,,0.0,0.0,0.0,Të Hyrat vetanake 0 0 0 0 0 0
3.1,41,523,source,30900,,Njësia e Inteligjencës Financiare,Financimi nga Huamarrja,,0.0,0.0,,,0.0,,0.0,0.0,0.0,Financimi nga Huamarrja 0 0 0 0 0 0
3.1,41,532,source,30900,,Njësia e Inteligjencës Financiare,Të Hyrat nga AKP,,,,,,0.0,,0.0,0.0,0.0,Të Hyrat nga AKP 0 0 0 0
3.1,42,91,prog,,,Agjensioni Qendror i Pro,,21.0,193591.0,67344.0,3060.0,,,,263995.0,274642.0,285875.0,"Agjensioni Qendror i Pro 21 193,591 67,344 3,060 263,995 274,642 285,875"
3.1,42,100,source,,,Agjensioni Qendror i Pro,Grantet Qeveritare,,193591.0,67344.0,3060.0,,,,263995.0,274642.0,285875.0,"Grantet Qeveritare 193,591 67,344 3,060 263,995 274,642 285,875"
3.1,42,109,source,,,Agjensioni Qendror i Pro,Të Hyrat vetanake,,0.0,0.0,,,,,,,,Të Hyrat vetanake 0 0
3.1,42,118,source,,,Agjensioni Qendror i Pro,Financimi nga Huamarrja,,0.0,0.0,,,,,,,,Financimi nga Huamarrja 0 0
3.1,42,127,source,,,Agjensioni Qendror i Pro,Të Hyrat nga AKP,,,,,,,,,,,Të Hyrat nga AKP
3.1,42,136,sub,26300,0133,Agjensioni Qendror i Prokurimit,,21.0,193591.0,67344.0,3060.0,,,,263995.0,274642.0,285875.0,"26300 0133 Agjensioni Qendror i Prokurimit 21 193,591 67,344 3,060 263,995 274,642 285,875"
3.1,42,145,source,26300,,Agjensioni Qendror i Prokurimit,Grantet Qeveritare,,193591.0,67344.0,3060.0,,,,263995.0,274642.0,285875.0,"Grantet Qeveritare 193,591 67,344 3,060 263,995 274,642 285,875"
3.1,42,154,source,26300,,Agjensioni Qendror i Prokurimit,Të Hyrat vetanake,,0.0,0.0,,,,,,,,Të Hyrat vetanake 0 0
3.1,42,163,source,26300,,Agjensioni Qendror i Prokurimit,Financimi nga Huamarrja,,0.0,0.0,,,,,,,,Financimi nga Huamarrja 0 0
3.1,42,172,source,26300,,Agjensioni Qendror i Prokurimit,Të Hyrat nga AKP,,,,,,,,,,,Të Hyrat nga AKP
3.1,42,181,prog,,,Departamenti për Buxhet,,13.0,139640.0,11827.0,,,,,151467.0,151781.0,152112.0,"Departamenti për Buxhet 13 139,640 11,827 151,467 151,781 152,112"
3.1,42,190,source,,,Departamenti për Buxhet,Grantet Qeveritare,,139640.0,11827.0,,,,,151467.0,151781.0,152112.0,"Grantet Qeveritare 139,640 11,827 151,467 151,781 152,112"
3.1,42,199,source,,,Departamenti për Buxhet,Të Hyrat vetanake,,0.0,0.0,,,,,,,,Të Hyrat vetanake 0 0
3.1,42,208,source,,,Departamenti për Buxhet,Financimi nga Huamarrja,,0.0,0.0,,,,,,,,Financimi nga Huamarrja 0 0
3.1,42,217,source,,,Departamenti për Buxhet,Të Hyrat nga AKP,,,,,,,,,,,Të Hyrat nga AKP
3.1,42,226,sub,26600,0133,Departamenti për Buxhet dhe Financa,,13.0,139640.0,11827.0,,,,,151467.0,151781.0,152112.0,"26600 0133 Departamenti për Buxhet dhe Financa 13 139,640 11,827 151,467 151,781 152,112"
3.1,42,235,source,26600,,Departamenti për Buxhet dhe Financa,Grantet Qeveritare,,139640.0,11827.0,,,,,151467.0,151781.0,152112.0,"Grantet Qeveritare 139,640 11,827 151,467 151,781 152,112"
3.1,42,244,source,26600,,Departamenti për Buxhet dhe Financa,Të Hyrat vetanake,,0.0,0.0,,,,,,,,Të Hyrat vetanake 0 0
3.1,42,253,source,26600,,Departamenti për Buxhet dhe Financa,Financimi nga Huamarrja,,0.0,0.0,,,,,,,,Financimi nga Huamarrja 0 0
3.1,42,262,source,26600,,Departamenti për Buxhet dhe Financa,Të Hyrat nga AKP,,,,,,,,,,,Të Hyrat nga AKP
3.1,42,271,prog,,,Departamenti për Menaxh,,33.0,813893.0,109950.0,,,1100000.0,,2023843.0,2397072.0,2453231.0,"Departamenti për Menaxh 33 813,893 109,950 1,100,000 2,023,843 2,397,072 2,453,231"
3.1,42,280,source,,,Departamenti për Menaxh,Grantet Qeveritare,,813893.0,109950.0,,,1100000.0,,2023843.0,2397072.0,2453231.0,"Grantet Qeveritare 813,893 109,950 1,100,000 2,023,843 2,397,072 2,453,231"
3.1,42,289,source,,,Departamenti për Menaxh,Të Hyrat vetanake,,0.0,0.0,,,0.0,,0.0,0.0,0.0,Të Hyrat vetanake 0 0 0 0 0 0
3.1,42,298,source,,,Departamenti për Menaxh,Financimi nga Huamarrja,,0.0,0.0,,,0.0,,0.0,0.0,0.0,Financimi nga Huamarrja 0 0 0 0 0 0
3.1,42,307,source,,,Departamenti për Menaxh,Të Hyrat nga AKP,,,,,,0.0,,0.0,0.0,0.0,Të Hyrat nga AKP 0 0 0 0
3.1,42,316,sub,26500,0133,Departamenti për Menaxhimin Sistemeve,,33.0,813893.0,109950.0,,,1100000.0,,2023843.0,2397072.0,2453231.0,"26500 0133 Departamenti për Menaxhimin Sistemeve të 33 813,893 109,950 1,100,000 2,023,843 2,397,072 2,453,231"
3.1,42,325,source,26500,,Departamenti për Menaxhimin Sistemeve,Grantet Qeveritare,,813893.0,109950.0,,,1100000.0,,2023843.0,2397072.0,2453231.0,"Grantet Qeveritare 813,893 109,950 1,100,000 2,023,843 2,397,072 2,453,231"
3.1,42,334,source,26500,,Departamenti për Menaxhimin Sistemeve,Të Hyrat vetanake,,0.0,0.0,,,0.0,,0.0,0.0,0.0,Të Hyrat vetanake 0 0 0 0 0 0
3.1,42,343,source,26500,,Departamenti për Menaxhimin Sistemeve,Financimi nga Huamarrja,,0.0,0.0,,,0.0,,0.0,0.0,0.0,Financimi nga Huamarrja 0 0 0 0 0 0
3.1,42,352,source,26500,,Departamenti për Menaxhimin Sistemeve,Të Hyrat nga AKP,,,,,,0.0,,0.0,0.0,0.0,Të Hyrat nga AKP 0 0 0 0
3.1,42,361,prog,,,Kontigjencat në Ministrin,,100.0,21840000.0,,,25295000.0,0.0,,47135000.0,202651490.0,294532555.0,"Kontigjencat në Ministrin 100 21,840,000 25,295,000 0 47,135,000 202,651,490 294,532,555"
3.1,42,370,source,,,Kontigjencat në Ministrin,Grantet Qeveritare,,21840000.0,,,25295000.0,0.0,,47135000.0,202651490.0,294532555.0,"Grantet Qeveritare 21,840,000 25,295,000 0 47,135,000 202,651,490 294,532,555"
3.1,42,379,source,,,Kontigjencat në Ministrin,Të Hyrat vetanake,,0.0,,,,0.0,,0.0,0.0,0.0,Të Hyrat vetanake 0 0 0 0 0
3.1,42,388,source,,,Kontigjencat në Ministrin,Financimi nga Huamarrja,,0.0,,,,0.0,,0.0,0.0,0.0,Financimi nga Huamarrja 0 0 0 0 0
3.1,42,397,source,,,Kontigjencat në Ministrin,Të Hyrat nga AKP,,,,,,0.0,,0.0,0.0,0.0,Të Hyrat nga AKP 0 0 0 0
3.1,42,406,sub,28900,0112,Kontigjencat në Ministrinë e Financave,,100.0,21840000.0,,,25295000.0,0.0,,47135000.0,202651490.0,294532555.0,"28900 0112 Kontigjencat në Ministrinë e Financave 100 21,840,000 25,295,000 0 47,135,000 202,651,490 294,532,555"
3.1,42,415,source,28900,,Kontigjencat në Ministrinë e Financave,Grantet Qeveritare,,21840000.0,,,25295000.0,0.0,,47135000.0,202651490.0,294532555.0,"Grantet Qeveritare 21,840,000 25,295,000 0 47,135,000 202,651,490 294,532,555"
3.1,42,424,source,28900,,Kontigjencat në Ministrinë e Financave,Të Hyrat vetanake,,0.0,,,,0.0,,0.0,0.0,0.0,Të Hyrat vetanake 0 0 0 0 0
3.1,42,433,source,28900,,Kontigjencat në Ministrinë e Financave,Financimi nga Huamarrja,,0.0,,,,0.0,,0.0,0.0,0.0,Financimi nga Huamarrja 0 0 0 0 0
3.1,42,442,source,28900,,Kontigjencat në Ministrinë e Financave,Të Hyrat nga AKP,,,,,,0.0,,0.0,0.0,0.0,Të Hyrat nga AKP 0 0 0 0
3.1,42,451,prog,,,Departamenti i Kontrollit,,12.0,84903.0,19962.0,,,,,104865.0,109535.0,114462.0,"Departamenti i Kontrollit 12 84,903 19,962 104,865 109,535 114,462"
3.1,42,460,source,,,Departamenti i Kontrollit,Grantet Qeveritare,,84903.0,19962.0,,,,,104865.0,109535.0,114462.0,"Grantet Qeveritare 84,903 19,962 104,865 109,535 114,462"
3.1,42,469,source,,,Departamenti i Kontrollit,Të Hyrat vetanake,,0.0,0.0,,,,,,,,Të Hyrat vetanake 0 0
3.1,42,478,source,,,Departamenti i Kontrollit,Financimi nga Huamarrja,,0.0,0.0,,,,,,,,Financimi nga Huamarrja 0 0
3.1,42,487,source,,,Departamenti i Kontrollit,Të Hyrat nga AKP,,,,,,,,,,,Të Hyrat nga AKP
3.1,42,496,sub,29800,0411,Departamenti i Kontrollit të Ndihmës,,12.0,84903.0,19962.0,,,,,104865.0,109535.0,114462.0,"29800 0411 Departamenti i Kontrollit të Ndihmës Shtetër 12 84,903 19,962 104,865 109,535 114,462"
3.1,42,505,source,29800,,Departamenti i Kontrollit të Ndihmës,Grantet Qeveritare,,84903.0,19962.0,,,,,104865.0,109535.0,114462.0,"Grantet Qeveritare 84,903 19,962 104,865 109,535 114,462"
3.1,42,514,source,29800,,Departamenti i Kontrollit të Ndihmës,Të Hyrat vetanake,,0.0,0.0,,,,,,,,Të Hyrat vetanake 0 0
3.1,42,523,source,29800,,Departamenti i Kontrollit të Ndihmës,Financimi nga Huamarrja,,0.0,0.0,,,,,,,,Financimi nga Huamarrja 0 0
3.1,42,532,source,29800,,Departamenti i Kontrollit të Ndihmës,Të Hyrat nga AKP,,,,,,,,,,,Të Hyrat nga AKP
3.1,43,91,prog,,,TVSH për projektet e hua,,,,1000000.0,,,,,1000000.0,1000000.0,1000000.0,"TVSH për projektet e hua 1,000,000 1,000,000 1,000,000 1,000,000"
3.1,43,100,source,,,TVSH për projektet e hua,Grantet Qeveritare,,,1000000.0,,,,,1000000.0,1000000.0,1000000.0,"Grantet Qeveritare 1,000,000 1,000,000 1,000,000 1,000,000"
3.1,43,109,source,,,TVSH për projektet e hua,Të Hyrat vetanake,,,0.0,,,,,,,,Të Hyrat vetanake 0
3.1,43,118,source,,,TVSH për projektet e hua,Financimi nga Huamarrja,,,0.0,,,,,,,,Financimi nga Huamarrja 0
3.1,43,127,source,,,TVSH për projektet e hua,Të Hyrat nga AKP,,,,,,,,,,,Të Hyrat nga AKP
3.1,43,136,sub,10000,0112,TVSH për projektet e huamarrjes brenda,,,,1000000.0,,,,,1000000.0,1000000.0,1000000.0,"10000 0112 TVSH për projektet e huamarrjes brenda MF 1,000,000 1,000,000 1,000,000 1,000,000"
3.1,43,145,source,10000,,TVSH për projektet e huamarrjes brenda,Grantet Qeveritare,,,1000000.0,,,,,1000000.0,1000000.0,1000000.0,"Grantet Qeveritare 1,000,000 1,000,000 1,000,000 1,000,000"
3.1,43,154,source,10000,,TVSH për projektet e huamarrjes brenda,Të Hyrat vetanake,,,0.0,,,,,,,,Të Hyrat vetanake 0
3.1,43,163,source,10000,,TVSH për projektet e huamarrjes brenda,Financimi nga Huamarrja,,,0.0,,,,,,,,Financimi nga Huamarrja 0
3.1,43,172,source,10000,,TVSH për projektet e huamarrjes brenda,Të Hyrat nga AKP,,,,,,,,,,,Të Hyrat nga AKP
3.1,43,181,prog,,,Huamarrja për projekte p,,,,,,2000000.0,0.0,,2000000.0,10000000.0,10000000.0,"Huamarrja për projekte p 2,000,000 0 2,000,000 10,000,000 10,000,000"
3.1,43,190,source,,,Huamarrja për projekte p,Grantet Qeveritare,,,,,,0.0,,0.0,0.0,0.0,Grantet Qeveritare 0 0 0 0
3.1,43,199,source,,,Huamarrja për projekte p,Të Hyrat vetanake,,,,,,0.0,,0.0,0.0,0.0,Të Hyrat vetanake 0 0 0 0
3.1,43,208,source,,,Huamarrja për projekte p,Financimi nga Huamarrja,,,,,2000000.0,0.0,,2000000.0,10000000.0,10000000.0,"Financimi nga Huamarrja 2,000,000 0 2,000,000 10,000,000 10,000,000"
3.1,43,217,source,,,Huamarrja për projekte p,Të Hyrat nga AKP,,,,,,0.0,,0.0,0.0,0.0,Të Hyrat nga AKP 0 0 0 0
3.1,43,226,sub,48900,0112,Huamarrja për projekte potenciale brenda,,,,,,2000000.0,0.0,,2000000.0,10000000.0,10000000.0,"48900 0112 Huamarrja për projekte potenciale brenda M 2,000,000 0 2,000,000 10,000,000 10,000,000"
3.1,43,235,source,48900,,Huamarrja për projekte potenciale brenda,Grantet Qeveritare,,,,,,0.0,,0.0,0.0,0.0,Grantet Qeveritare 0 0 0 0
3.1,43,244,source,48900,,Huamarrja për projekte potenciale brenda,Të Hyrat vetanake,,,,,,0.0,,0.0,0.0,0.0,Të Hyrat vetanake 0 0 0 0
3.1,43,253,source,48900,,Huamarrja për projekte potenciale brenda,Financimi nga Huamarrja,,,,,2000000.0,0.0,,2000000.0,10000000.0,10000000.0,"Financimi nga Huamarrja 2,000,000 0 2,000,000 10,000,000 10,000,000"
3.1,43,262,source,48900,,Huamarrja për projekte potenciale brenda,Të Hyrat nga AKP,,,,,,0.0,,0.0,0.0,0.0,Të Hyrat nga AKP 0 0 0 0
3.1,43,271,prog,,,Departamenti i Financimi,,15.0,105396.0,2209500.0,,,0.0,,2314896.0,17920693.0,26126808.0,"Departamenti i Financimi 15 105,396 2,209,500 0 2,314,896 17,920,693 26,126,808"
3.1,43,280,source,,,Departamenti i Financimi,Grantet Qeveritare,,105396.0,9500.0,,,0.0,,114896.0,120693.0,126808.0,"Grantet Qeveritare 105,396 9,500 0 114,896 120,693 126,808"
3.1,43,289,source,,,Departamenti i Financimi,Të Hyrat vetanake,,0.0,0.0,,,0.0,,0.0,0.0,0.0,Të Hyrat vetanake 0 0 0 0 0 0
3.1,43,298,source,,,Departamenti i Financimi,Financimi nga Huamarrja,,0.0,2200000.0,,,0.0,,2200000.0,17800000.0,26000000.0,"Financimi nga Huamarrja 0 2,200,000 0 2,200,000 17,800,000 26,000,000"
3.1,43,307,source,,,Departamenti i Financimi,Të Hyrat nga AKP,,,,,,0.0,,0.0,0.0,0.0,Të Hyrat nga AKP 0 0 0 0
3.1,43,316,sub,29550,0112,Departamenti i Financimit,,15.0,105396.0,2209500.0,,,0.0,,2314896.0,17920693.0,26126808.0,"29550 0112 Departamenti i Financimit 15 105,396 2,209,500 0 2,314,896 17,920,693 26,126,808"
3.1,43,325,source,29550,,Departamenti i Financimit,Grantet Qeveritare,,105396.0,9500.0,,,0.0,,114896.0,120693.0,126808.0,"Grantet Qeveritare 105,396 9,500 0 114,896 120,693 126,808"
3.1,43,334,source,29550,,Departamenti i Financimit,Të Hyrat vetanake,,0.0,0.0,,,0.0,,0.0,0.0,0.0,Të Hyrat vetanake 0 0 0 0 0 0
3.1,43,343,source,29550,,Departamenti i Financimit,Financimi nga Huamarrja,,0.0,2200000.0,,,0.0,,2200000.0,17800000.0,26000000.0,"Financimi nga Huamarrja 0 2,200,000 0 2,200,000 17,800,000 26,000,000"
3.1,43,352,source,29550,,Departamenti i Financimit,Të Hyrat nga AKP,,,,,,0.0,,0.0,0.0,0.0,Të Hyrat nga AKP 0 0 0 0
3.1,43,361,prog,,,Departamenti për Vlerësi,,10.0,96499.0,41236.0,,,,,137735.0,138045.0,143646.0,"Departamenti për Vlerësi 10 96,499 41,236 137,735 138,045 143,646"
3.1,43,370,source,,,Departamenti për Vlerësi,Grantet Qeveritare,,96499.0,41236.0,,,,,137735.0,138045.0,143646.0,"Grantet Qeveritare 96,499 41,236 137,735 138,045 143,646"
3.1,43,379,source,,,Departamenti për Vlerësi,Të Hyrat vetanake,,0.0,0.0,,,,,,,,Të Hyrat vetanake 0 0
3.1,43,388,source,,,Departamenti për Vlerësi,Financimi nga Huamarrja,,0.0,0.0,,,,,,,,Financimi nga Huamarrja 0 0
3.1,43,397,source,,,Departamenti për Vlerësi,Të Hyrat nga AKP,,,,,,,,,,,Të Hyrat nga AKP
3.1,43,406,sub,20000,0112,Departamenti për Vlerësimin Pronave,,10.0,96499.0,41236.0,,,,,137735.0,138045.0,143646.0,"20000 0112 Departamenti për Vlerësimin Pronave të Palu 10 96,499 41,236 137,735 138,045 143,646"
3.1,43,415,source,20000,,Departamenti për Vlerësimin Pronave,Grantet Qeveritare,,96499.0,41236.0,,,,,137735.0,138045.0,143646.0,"Grantet Qeveritare 96,499 41,236 137,735 138,045 143,646"
3.1,43,424,source,20000,,Departamenti për Vlerësimin Pronave,Të Hyrat vetanake,,0.0,0.0,,,,,,,,Të Hyrat vetanake 0 0
3.1,43,433,source,20000,,Departamenti për Vlerësimin Pronave,Financimi nga Huamarrja,,0.0,0.0,,,,,,,,Financimi nga Huamarrja 0 0
3.1,43,442,source,20000,,Departamenti për Vlerësimin Pronave,Të Hyrat nga AKP,,,,,,,,,,,Të Hyrat nga AKP
3.1,43,451,prog,,,Departamenti për Politika,,20.0,191521.0,15000.0,,,,,206521.0,217055.0,228168.0,"Departamenti për Politika 20 191,521 15,000 206,521 217,055 228,168"
3.1,43,460,source,,,Departamenti për Politika,Grantet Qeveritare,,191521.0,15000.0,,,,,206521.0,217055.0,228168.0,"Grantet Qeveritare 191,521 15,000 206,521 217,055 228,168"
3.1,43,469,source,,,Departamenti për Politika,Të Hyrat vetanake,,0.0,0.0,,,,,,,,Të Hyrat vetanake 0 0
3.1,43,478,source,,,Departamenti për Politika,Financimi nga Huamarrja,,0.0,0.0,,,,,,,,Financimi nga Huamarrja 0 0
3.1,43,487,source,,,Departamenti për Politika,Të Hyrat nga AKP,,,,,,,,,,,Të Hyrat nga AKP
3.1,43,496,sub,45100,0412,Departamenti për Politikat e Punës,,20.0,191521.0,15000.0,,,,,206521.0,217055.0,228168.0,"45100 0412 Departamenti për Politikat e Punës dhe Punë 20 191,521 15,000 206,521 217,055 228,168"
3.1,43,505,source,45100,,Departamenti për Politikat e Punës,Grantet Qeveritare,,191521.0,15000.0,,,,,206521.0,217055.0,228168.0,"Grantet Qeveritare 191,521 15,000 206,521 217,055 228,168"
3.1,43,514,source,45100,,Departamenti për Politikat e Punës,Të Hyrat vetanake,,0.0,0.0,,,,,,,,Të Hyrat vetanake 0 0
3.1,43,523,source,45100,,Departamenti për Politikat e Punës,Financimi nga Huamarrja,,0.0,0.0,,,,,,,,Financimi nga Huamarrja 0 0
3.1,43,532,source,45100,,Departamenti për Politikat e Punës,Të Hyrat nga AKP,,,,,,,,,,,Të Hyrat nga AKP
3.1,44,91,prog,,,Shërbimet e Administratë,,96.0,1189336.0,1024976.0,62985.0,3019999.0,3435000.0,,8732295.0,21873937.0,11387788.0,"Shërbimet e Administratë 96 1,189,336 1,024,976 62,985 3,019,999 3,435,000 8,732,295 21,873,937 11,387,788"
3.1,44,100,source,,,Shërbimet e Administratë,Grantet Qeveritare,,1189336.0,1024976.0,62985.0,3019999.0,3435000.0,,8732295.0,21873937.0,11387788.0,"Grantet Qeveritare 1,189,336 1,024,976 62,985 3,019,999 3,435,000 8,732,295 21,873,937 11,387,788"
3.1,44,109,source,,,Shërbimet e Administratë,Të Hyrat vetanake,,0.0,0.0,,,0.0,,0.0,0.0,0.0,Të Hyrat vetanake 0 0 0 0 0 0
3.1,44,118,source,,,Shërbimet e Administratë,Financimi nga Huamarrja,,0.0,0.0,,,0.0,,0.0,0.0,0.0,Financimi nga Huamarrja 0 0 0 0 0 0
3.1,44,127,source,,,Shërbimet e Administratë,Të Hyrat nga AKP,,,,,,0.0,,0.0,0.0,0.0,Të Hyrat nga AKP 0 0 0 0
3.1,44,136,sub,11301,0133,Departamenti i Shërbimeve të Përgjithshme,,79.0,965470.0,985083.0,62985.0,3019999.0,3435000.0,,8468536.0,21614966.0,11120987.0,"11301 0133 Departamenti i Shërbimeve të Përgjithshme 79 965,470 985,083 62,985 3,019,999 3,435,000 8,468,536 21,614,966 11,120,987"
3.1,44,145,source,11301,,Departamenti i Shërbimeve të Përgjithshme,Grantet Qeveritare,,965470.0,985083.0,62985.0,3019999.0,3435000.0,,8468536.0,21614966.0,11120987.0,"Grantet Qeveritare 965,470 985,083 62,985 3,019,999 3,435,000 8,468,536 21,614,966 11,120,987"
3.1,44,154,source,11301,,Departamenti i Shërbimeve të Përgjithshme,Të Hyrat vetanake,,0.0,0.0,,,0.0,,0.0,0.0,0.0,Të Hyrat vetanake 0 0 0 0 0 0
3.1,44,163,source,11301,,Departamenti i Shërbimeve të Përgjithshme,Financimi nga Huamarrja,,0.0,0.0,,,0.0,,0.0,0.0,0.0,Financimi nga Huamarrja 0 0 0 0 0 0
3.1,44,172,source,11301,,Departamenti i Shërbimeve të Përgjithshme,Të Hyrat nga AKP,,,,,,0.0,,0.0,0.0,0.0,Të Hyrat nga AKP 0 0 0 0
3.1,44,181,sub,11401,0112,Zyra e Ministrit,,17.0,223866.0,39893.0,,,,,263759.0,258971.0,266801.0,"11401 0112 Zyra e Ministrit 17 223,866 39,893 263,759 258,971 266,801"
3.1,44,190,source,11401,,Zyra e Ministrit,Grantet Qeveritare,,223866.0,39893.0,,,,,263759.0,258971.0,266801.0,"Grantet Qeveritare 223,866 39,893 263,759 258,971 266,801"
3.1,44,199,source,11401,,Zyra e Ministrit,Të Hyrat vetanake,,0.0,0.0,,,,,,,,Të Hyrat vetanake 0 0
3.1,44,208,source,11401,,Zyra e Ministrit,Financimi nga Huamarrja,,0.0,0.0,,,,,,,,Financimi nga Huamarrja 0 0
3.1,44,217,source,11401,,Zyra e Ministrit,Të Hyrat nga AKP,,,,,,,,,,,Të Hyrat nga AKP
3.1,44,226,prog,,,Zbatim I Ligjit Nr.04/L-054,,,,77951.0,,6306338.0,,,6384289.0,6699606.0,7030689.0,"Zbatim I Ligjit Nr.04/L-054 77,951 6,306,338 6,384,289 6,699,606 7,030,689"
3.1,44,235,source,,,Zbatim I Ligjit Nr.04/L-054,Grantet Qeveritare,,,77951.0,,6306338.0,,,6384289.0,6699606.0,7030689.0,"Grantet Qeveritare 77,951 6,306,338 6,384,289 6,699,606 7,030,689"
3.1,44,244,source,,,Zbatim I Ligjit Nr.04/L-054,Të Hyrat vetanake,,,0.0,,,,,,,,Të Hyrat vetanake 0
3.1,44,253,source,,,Zbatim I Ligjit Nr.04/L-054,Financimi nga Huamarrja,,,0.0,,,,,,,,Financimi nga Huamarrja 0
3.1,44,262,source,,,Zbatim I Ligjit Nr.04/L-054,Të Hyrat nga AKP,,,,,,,,,,,Të Hyrat nga AKP
3.1,44,271,sub,02200,1020,Zbatim I Ligjit Nr.04/L-054 Per V.Dh.S,,,,77951.0,,6306338.0,,,6384289.0,6699606.0,7030689.0,"02200 1020 Zbatim I Ligjit Nr.04/L-054 Per V.Dh.S 77,951 6,306,338 6,384,289 6,699,606 7,030,689"
3.1,44,280,source,02200,,Zbatim I Ligjit Nr.04/L-054 Per V.Dh.S,Grantet Qeveritare,,,77951.0,,6306338.0,,,6384289.0,6699606.0,7030689.0,"Grantet Qeveritare 77,951 6,306,338 6,384,289 6,699,606 7,030,689"
3.1,44,289,source,02200,,Zbatim I Ligjit Nr.04/L-054 Per V.Dh.S,Të Hyrat vetanake,,,0.0,,,,,,,,Të Hyrat vetanake 0
3.1,44,298,source,02200,,Zbatim I Ligjit Nr.04/L-054 Per V.Dh.S,Financimi nga Huamarrja,,,0.0,,,,,,,,Financimi nga Huamarrja 0
3.1,44,307,source,02200,,Zbatim I Ligjit Nr.04/L-054 Per V.Dh.S,Të Hyrat nga AKP,,,,,,,,,,,Të Hyrat nga AKP
3.1,44,316,prog,,,Pensionet dhe Kompenzi,,151.0,1635791.0,248626.0,60100.0,574547317.0,655000.0,,577146834.0,551557295.0,590797196.0,"Pensionet dhe Kompenzi 151 1,635,791 248,626 60,100 574,547,317 655,000 577,146,834 551,557,295 590,797,196"
3.1,44,325,source,,,Pensionet dhe Kompenzi,Grantet Qeveritare,,1635791.0,248626.0,60100.0,574547317.0,655000.0,,577146834.0,551557295.0,590797196.0,"Grantet Qeveritare 1,635,791 248,626 60,100 574,547,317 655,000 577,146,834 551,557,295 590,797,196"
3.1,44,334,source,,,Pensionet dhe Kompenzi,Të Hyrat vetanake,,0.0,0.0,,,0.0,,0.0,0.0,0.0,Të Hyrat vetanake 0 0 0 0 0 0
3.1,44,343,source,,,Pensionet dhe Kompenzi,Financimi nga Huamarrja,,0.0,0.0,,,0.0,,0.0,0.0,0.0,Financimi nga Huamarrja 0 0 0 0 0 0
3.1,44,352,source,,,Pensionet dhe Kompenzi,Të Hyrat nga AKP,,,,,,0.0,,0.0,0.0,0.0,Të Hyrat nga AKP 0 0 0 0
3.1,44,361,sub,00100,1020,Departamenti i Pensioneve,,151.0,1635791.0,248626.0,60100.0,294353751.0,655000.0,,296953268.0,267429252.0,292825454.0,"00100 1020 Departamenti i Pensioneve 151 1,635,791 248,626 60,100 294,353,751 655,000 296,953,268 267,429,252 292,825,454"
3.1,44,370,source,00100,,Departamenti i Pensioneve,Grantet Qeveritare,,1635791.0,248626.0,60100.0,294353751.0,655000.0,,296953268.0,267429252.0,292825454.0,"Grantet Qeveritare 1,635,791 248,626 60,100 294,353,751 655,000 296,953,268 267,429,252 292,825,454"
3.1,44,379,source,00100,,Departamenti i Pensioneve,Të Hyrat vetanake,,0.0,0.0,,,0.0,,0.0,0.0,0.0,Të Hyrat vetanake 0 0 0 0 0 0
3.1,44,388,source,00100,,Departamenti i Pensioneve,Financimi nga Huamarrja,,0.0,0.0,,,0.0,,0.0,0.0,0.0,Financimi nga Huamarrja 0 0 0 0 0 0
3.1,44,397,source,00100,,Departamenti i Pensioneve,Të Hyrat nga AKP,,,,,,0.0,,0.0,0.0,0.0,Të Hyrat nga AKP 0 0 0 0
3.1,44,406,sub,00200,1020,Pensionet e Aftesisë së Kufizuar,,,,,,41264400.0,,,41264400.0,34665120.0,36398376.0,"00200 1020 Pensionet e Aftesisë së Kufizuar 41,264,400 41,264,400 34,665,120 36,398,376"
3.1,44,415,source,00200,,Pensionet e Aftesisë së Kufizuar,Grantet Qeveritare,,,,,41264400.0,,,41264400.0,34665120.0,36398376.0,"Grantet Qeveritare 41,264,400 41,264,400 34,665,120 36,398,376"
3.1,44,424,source,00200,,Pensionet e Aftesisë së Kufizuar,Të Hyrat vetanake,,,,,,,,,,,Të Hyrat vetanake
3.1,44,433,source,00200,,Pensionet e Aftesisë së Kufizuar,Financimi nga Huamarrja,,,,,,,,,,,Financimi nga Huamarrja
3.1,44,442,source,00200,,Pensionet e Aftesisë së Kufizuar,Të Hyrat nga AKP,,,,,,,,,,,Të Hyrat nga AKP
3.1,44,451,sub,00400,1020,Pensionet e Parakohshme(Trepça),,,,,,1661440.0,,,1661440.0,1744512.0,1831738.0,"00400 1020 Pensionet e Parakohshme(Trepça) 1,661,440 1,661,440 1,744,512 1,831,738"
3.1,44,460,source,00400,,Pensionet e Parakohshme(Trepça),Grantet Qeveritare,,,,,1661440.0,,,1661440.0,1744512.0,1831738.0,"Grantet Qeveritare 1,661,440 1,661,440 1,744,512 1,831,738"
3.1,44,469,source,00400,,Pensionet e Parakohshme(Trepça),Të Hyrat vetanake,,,,,,,,,,,Të Hyrat vetanake
3.1,44,478,source,00400,,Pensionet e Parakohshme(Trepça),Financimi nga Huamarrja,,,,,,,,,,,Financimi nga Huamarrja
3.1,44,487,source,00400,,Pensionet e Parakohshme(Trepça),Të Hyrat nga AKP,,,,,,,,,,,Të Hyrat nga AKP
3.1,44,496,sub,01100,1050,Pensionet e Parakohshme (TMK),,,,,,3791843.0,,,3791843.0,3791843.0,3791843.0,"01100 1050 Pensionet e Parakohshme (TMK) 3,791,843 3,791,843 3,791,843 3,791,843"
3.1,44,505,source,01100,,Pensionet e Parakohshme (TMK),Grantet Qeveritare,,,,,3791843.0,,,3791843.0,3791843.0,3791843.0,"Grantet Qeveritare 3,791,843 3,791,843 3,791,843 3,791,843"
3.1,44,514,source,01100,,Pensionet e Parakohshme (TMK),Të Hyrat vetanake,,,,,,,,,,,Të Hyrat vetanake
3.1,44,523,source,01100,,Pensionet e Parakohshme (TMK),Financimi nga Huamarrja,,,,,,,,,,,Financimi nga Huamarrja
3.1,44,532,source,01100,,Pensionet e Parakohshme (TMK),Të Hyrat nga AKP,,,,,,,,,,,Të Hyrat nga AKP
3.1,45,91,sub,01200,1020,Pensionet Kontributdhënës,,,,,,180836372.0,,,180836372.0,189878191.0,199372100.0,"01200 1020 Pensionet Kontributdhënës 180,836,372 180,836,372 189,878,191 199,372,100"
3.1,45,100,source,01200,,Pensionet Kontributdhënës,Grantet Qeveritare,,,,,180836372.0,,,180836372.0,189878191.0,199372100.0,"Grantet Qeveritare 180,836,372 180,836,372 189,878,191 199,372,100"
3.1,45,109,source,01200,,Pensionet Kontributdhënës,Të Hyrat vetanake,,,,,,,,,,,Të Hyrat vetanake
3.1,45,118,source,01200,,Pensionet Kontributdhënës,Financimi nga Huamarrja,,,,,,,,,,,Financimi nga Huamarrja
3.1,45,127,source,01200,,Pensionet Kontributdhënës,Të Hyrat nga AKP,,,,,,,,,,,Të Hyrat nga AKP
3.1,45,136,sub,01400,1020,Pensionet e Pjestarëve të FSK,,,,,,5663161.0,,,5663161.0,5946319.0,6243634.0,"01400 1020 Pensionet e Pjestarëve të FSK 5,663,161 5,663,161 5,946,319 6,243,634"
3.1,45,145,source,01400,,Pensionet e Pjestarëve të FSK,Grantet Qeveritare,,,,,5663161.0,,,5663161.0,5946319.0,6243634.0,"Grantet Qeveritare 5,663,161 5,663,161 5,946,319 6,243,634"
3.1,45,154,source,01400,,Pensionet e Pjestarëve të FSK,Të Hyrat vetanake,,,,,,,,,,,Të Hyrat vetanake
3.1,45,163,source,01400,,Pensionet e Pjestarëve të FSK,Financimi nga Huamarrja,,,,,,,,,,,Financimi nga Huamarrja
3.1,45,172,source,01400,,Pensionet e Pjestarëve të FSK,Të Hyrat nga AKP,,,,,,,,,,,Të Hyrat nga AKP
3.1,45,181,sub,01600,0112,Provizionet Bankare për Pagesën e,,,,,,100000.0,,,100000.0,100000.0,100000.0,"01600 0112 Provizionet Bankare për Pagesën e Skemave 100,000 100,000 100,000 100,000"
3.1,45,190,source,01600,,Provizionet Bankare për Pagesën e,Grantet Qeveritare,,,,,100000.0,,,100000.0,100000.0,100000.0,"Grantet Qeveritare 100,000 100,000 100,000 100,000"
3.1,45,199,source,01600,,Provizionet Bankare për Pagesën e,Të Hyrat vetanake,,,,,,,,,,,Të Hyrat vetanake
3.1,45,208,source,01600,,Provizionet Bankare për Pagesën e,Financimi nga Huamarrja,,,,,,,,,,,Financimi nga Huamarrja
3.1,45,217,source,01600,,Provizionet Bankare për Pagesën e,Të Hyrat nga AKP,,,,,,,,,,,Të Hyrat nga AKP
3.1,45,226,sub,02100,1020,Financimi i Deputetëve të Viteve 90-ta,,,,,,280000.0,,,280000.0,280000.0,280000.0,"02100 1020 Financimi i Deputetëve të Viteve 90-ta 280,000 280,000 280,000 280,000"
3.1,45,235,source,02100,,Financimi i Deputetëve të Viteve 90-ta,Grantet Qeveritare,,,,,280000.0,,,280000.0,280000.0,280000.0,"Grantet Qeveritare 280,000 280,000 280,000 280,000"
3.1,45,244,source,02100,,Financimi i Deputetëve të Viteve 90-ta,Të Hyrat vetanake,,,,,,,,,,,Të Hyrat vetanake
3.1,45,253,source,02100,,Financimi i Deputetëve të Viteve 90-ta,Financimi nga Huamarrja,,,,,,,,,,,Financimi nga Huamarrja
3.1,45,262,source,02100,,Financimi i Deputetëve të Viteve 90-ta,Të Hyrat nga AKP,,,,,,,,,,,Të Hyrat nga AKP
3.1,45,271,sub,02400,1020,PENSIONET E ARSIMIT TË VITEVE,,,,,,16399515.0,,,16399515.0,17219491.0,18080465.0,"02400 1020 PENSIONET E ARSIMIT TË VITEVE 90-ta 16,399,515 16,399,515 17,219,491 18,080,465"
3.1,45,280,source,02400,,PENSIONET E ARSIMIT TË VITEVE,Grantet Qeveritare,,,,,16399515.0,,,16399515.0,17219491.0,18080465.0,"Grantet Qeveritare 16,399,515 16,399,515 17,219,491 18,080,465"
3.1,45,289,source,02400,,PENSIONET E ARSIMIT TË VITEVE,Të Hyrat vetanake,,,,,,,,,,,Të Hyrat vetanake
3.1,45,298,source,02400,,PENSIONET E ARSIMIT TË VITEVE,Financimi nga Huamarrja,,,,,,,,,,,Financimi nga Huamarrja
3.1,45,307,source,02400,,PENSIONET E ARSIMIT TË VITEVE,Të Hyrat nga AKP,,,,,,,,,,,Të Hyrat nga AKP
3.1,45,316,sub,02600,1090,Kompenzimi për të Burgosurit Politik,,,,,,3000000.0,,,3000000.0,3000000.0,3000000.0,"02600 1090 Kompenzimi për të Burgosurit Politik 3,000,000 3,000,000 3,000,000 3,000,000"
3.1,45,325,source,02600,,Kompenzimi për të Burgosurit Politik,Grantet Qeveritare,,,,,3000000.0,,,3000000.0,3000000.0,3000000.0,"Grantet Qeveritare 3,000,000 3,000,000 3,000,000 3,000,000"
3.1,45,334,source,02600,,Kompenzimi për të Burgosurit Politik,Të Hyrat vetanake,,,,,,,,,,,Të Hyrat vetanake
3.1,45,343,source,02600,,Kompenzimi për të Burgosurit Politik,Financimi nga Huamarrja,,,,,,,,,,,Financimi nga Huamarrja
3.1,45,352,source,02600,,Kompenzimi për të Burgosurit Politik,Të Hyrat nga AKP,,,,,,,,,,,Të Hyrat nga AKP
3.1,45,361,sub,02700,1012,Kompenzimi për të Verbërit,,,,,,6302200.0,,,6302200.0,6617310.0,6948176.0,"02700 1012 Kompenzimi për të Verbërit 6,302,200 6,302,200 6,617,310 6,948,176"
3.1,45,370,source,02700,,Kompenzimi për të Verbërit,Grantet Qeveritare,,,,,6302200.0,,,6302200.0,6617310.0,6948176.0,"Grantet Qeveritare 6,302,200 6,302,200 6,617,310 6,948,176"
3.1,45,379,source,02700,,Kompenzimi për të Verbërit,Të Hyrat vetanake,,,,,,,,,,,Të Hyrat vetanake
3.1,45,388,source,02700,,Kompenzimi për të Verbërit,Financimi nga Huamarrja,,,,,,,,,,,Financimi nga Huamarrja
3.1,45,397,source,02700,,Kompenzimi për të Verbërit,Të Hyrat nga AKP,,,,,,,,,,,Të Hyrat nga AKP
3.1,45,406,sub,02900,1020,Pensioni Famlijar,,,,,,5105952.0,,,5105952.0,4311250.0,4526812.0,"02900 1020 Pensioni Famlijar 5,105,952 5,105,952 4,311,250 4,526,812"
3.1,45,415,source,02900,,Pensioni Famlijar,Grantet Qeveritare,,,,,5105952.0,,,5105952.0,4311250.0,4526812.0,"Grantet Qeveritare 5,105,952 5,105,952 4,311,250 4,526,812"
3.1,45,424,source,02900,,Pensioni Famlijar,Të Hyrat vetanake,,,,,,,,,,,Të Hyrat vetanake
3.1,45,433,source,02900,,Pensioni Famlijar,Financimi nga Huamarrja,,,,,,,,,,,Financimi nga Huamarrja
3.1,45,442,source,02900,,Pensioni Famlijar,Të Hyrat nga AKP,,,,,,,,,,,Të Hyrat nga AKP
3.1,45,451,sub,03000,1020,Pensioni Invalidor i Punës,,,,,,82200.0,,,82200.0,82200.0,82200.0,"03000 1020 Pensioni Invalidor i Punës 82,200 82,200 82,200 82,200"
3.1,45,460,source,03000,,Pensioni Invalidor i Punës,Grantet Qeveritare,,,,,82200.0,,,82200.0,82200.0,82200.0,"Grantet Qeveritare 82,200 82,200 82,200 82,200"
3.1,45,469,source,03000,,Pensioni Invalidor i Punës,Të Hyrat vetanake,,,,,,,,,,,Të Hyrat vetanake
3.1,45,478,source,03000,,Pensioni Invalidor i Punës,Financimi nga Huamarrja,,,,,,,,,,,Financimi nga Huamarrja
3.1,45,487,source,03000,,Pensioni Invalidor i Punës,Të Hyrat nga AKP,,,,,,,,,,,Të Hyrat nga AKP
3.1,45,496,sub,03100,1020,Paraplegjikët dhe Tetraplegjik,,,,,,15706483.0,,,15706483.0,16491807.0,17316398.0,"03100 1020 Paraplegjikët dhe Tetraplegjik 15,706,483 15,706,483 16,491,807 17,316,398"
3.1,45,505,source,03100,,Paraplegjikët dhe Tetraplegjik,Grantet Qeveritare,,,,,15706483.0,,,15706483.0,16491807.0,17316398.0,"Grantet Qeveritare 15,706,483 15,706,483 16,491,807 17,316,398"
3.1,45,514,source,03100,,Paraplegjikët dhe Tetraplegjik,Të Hyrat vetanake,,,,,,,,,,,Të Hyrat vetanake
3.1,45,523,source,03100,,Paraplegjikët dhe Tetraplegjik,Financimi nga Huamarrja,,,,,,,,,,,Financimi nga Huamarrja
3.1,45,532,source,03100,,Paraplegjikët dhe Tetraplegjik,Të Hyrat nga AKP,,,,,,,,,,,Të Hyrat nga AKP
3.1,46,91,prog,,,Politikat Sociale dhe Ndih,,21.0,173420.0,1365860.0,,290233040.0,500000.0,,292272320.0,202836249.0,203149922.0,"Politikat Sociale dhe Ndih 21 173,420 1,365,860 290,233,040 500,000 292,272,320 202,836,249 203,149,922"
3.1,46,100,source,,,Politikat Sociale dhe Ndih,Grantet Qeveritare,,173420.0,55499.0,,278233040.0,500000.0,,278961959.0,202836249.0,203149922.0,"Grantet Qeveritare 173,420 55,499 278,233,040 500,000 278,961,959 202,836,249 203,149,922"
3.1,46,109,source,,,Politikat Sociale dhe Ndih,Të Hyrat vetanake,,0.0,0.0,,,0.0,,0.0,0.0,0.0,Të Hyrat vetanake 0 0 0 0 0 0
3.1,46,118,source,,,Politikat Sociale dhe Ndih,Financimi nga Huamarrja,,0.0,1310361.0,,12000000.0,0.0,,13310361.0,0.0,0.0,"Financimi nga Huamarrja 0 1,310,361 12,000,000 0 13,310,361 0 0"
3.1,46,127,source,,,Politikat Sociale dhe Ndih,Të Hyrat nga AKP,,,,,,0.0,,0.0,0.0,0.0,Të Hyrat nga AKP 0 0 0 0
3.1,46,136,sub,00600,1040,Skema e fëmijëve me aftësi të kufizuar,,,,,,7233040.0,,,7233040.0,6072192.0,6375802.0,"00600 1040 Skema e fëmijëve me aftësi të kufizuar 1-18 7,233,040 7,233,040 6,072,192 6,375,802"
3.1,46,145,source,00600,,Skema e fëmijëve me aftësi të kufizuar,Grantet Qeveritare,,,,,7233040.0,,,7233040.0,6072192.0,6375802.0,"Grantet Qeveritare 7,233,040 7,233,040 6,072,192 6,375,802"
3.1,46,154,source,00600,,Skema e fëmijëve me aftësi të kufizuar,Të Hyrat vetanake,,,,,,,,,,,Të Hyrat vetanake
3.1,46,163,source,00600,,Skema e fëmijëve me aftësi të kufizuar,Financimi nga Huamarrja,,,,,,,,,,,Financimi nga Huamarrja
3.1,46,172,source,00600,,Skema e fëmijëve me aftësi të kufizuar,Të Hyrat nga AKP,,,,,,,,,,,Të Hyrat nga AKP
3.1,46,181,sub,01700,1040,Departmenti i Skemave Sociale,,21.0,173420.0,1365860.0,,48000000.0,500000.0,,50039280.0,36764057.0,36774120.0,"01700 1040 Departmenti i Skemave Sociale 21 173,420 1,365,860 48,000,000 500,000 50,039,280 36,764,057 36,774,120"
3.1,46,190,source,01700,,Departmenti i Skemave Sociale,Grantet Qeveritare,,173420.0,55499.0,,36000000.0,500000.0,,36728919.0,36764057.0,36774120.0,"Grantet Qeveritare 173,420 55,499 36,000,000 500,000 36,728,919 36,764,057 36,774,120"
3.1,46,199,source,01700,,Departmenti i Skemave Sociale,Të Hyrat vetanake,,0.0,0.0,,,0.0,,0.0,0.0,0.0,Të Hyrat vetanake 0 0 0 0 0 0
3.1,46,208,source,01700,,Departmenti i Skemave Sociale,Financimi nga Huamarrja,,0.0,1310361.0,,12000000.0,0.0,,13310361.0,0.0,0.0,"Financimi nga Huamarrja 0 1,310,361 12,000,000 0 13,310,361 0 0"
3.1,46,217,source,01700,,Departmenti i Skemave Sociale,Të Hyrat nga AKP,,,,,,0.0,,0.0,0.0,0.0,Të Hyrat nga AKP 0 0 0 0
3.1,46,226,sub,01800,0435,Pagesa per komunali per familje te,,,,,,15000000.0,,,15000000.0,15000000.0,15000000.0,"01800 0435 Pagesa per komunali per familje te cenueshm 15,000,000 15,000,000 15,000,000 15,000,000"
3.1,46,235,source,01800,,Pagesa per komunali per familje te,Grantet Qeveritare,,,,,15000000.0,,,15000000.0,15000000.0,15000000.0,"Grantet Qeveritare 15,000,000 15,000,000 15,000,000 15,000,000"
3.1,46,244,source,01800,,Pagesa per komunali per familje te,Të Hyrat vetanake,,,,,,,,,,,Të Hyrat vetanake
3.1,46,253,source,01800,,Pagesa per komunali per familje te,Financimi nga Huamarrja,,,,,,,,,,,Financimi nga Huamarrja
3.1,46,262,source,01800,,Pagesa per komunali per familje te,Të Hyrat nga AKP,,,,,,,,,,,Të Hyrat nga AKP
3.1,46,271,sub,09900,1040,Pagesa për Lehona dhe Shtesat për,,,,,,220000000.0,,,220000000.0,145000000.0,145000000.0,"09900 1040 Pagesa për Lehona dhe Shtesat për Fëmije 220,000,000 220,000,000 145,000,000 145,000,000"
3.1,46,280,source,09900,,Pagesa për Lehona dhe Shtesat për,Grantet Qeveritare,,,,,220000000.0,,,220000000.0,145000000.0,145000000.0,"Grantet Qeveritare 220,000,000 220,000,000 145,000,000 145,000,000"
3.1,46,289,source,09900,,Pagesa për Lehona dhe Shtesat për,Të Hyrat vetanake,,,,,,,,,,,Të Hyrat vetanake
3.1,46,298,source,09900,,Pagesa për Lehona dhe Shtesat për,Financimi nga Huamarrja,,,,,,,,,,,Financimi nga Huamarrja
3.1,46,307,source,09900,,Pagesa për Lehona dhe Shtesat për,Të Hyrat nga AKP,,,,,,,,,,,Të Hyrat nga AKP
3.1,46,316,prog,,,Pensionet dhe Kompenzi,,18.0,309716.0,63605.0,6000.0,135618966.0,,,135998287.0,142746269.0,149881487.0,"Pensionet dhe Kompenzi 18 309,716 63,605 6,000 135,618,966 135,998,287 142,746,269 149,881,487"
3.1,46,325,source,,,Pensionet dhe Kompenzi,Grantet Qeveritare,,309716.0,63605.0,6000.0,135618966.0,,,135998287.0,142746269.0,149881487.0,"Grantet Qeveritare 309,716 63,605 6,000 135,618,966 135,998,287 142,746,269 149,881,487"
3.1,46,334,source,,,Pensionet dhe Kompenzi,Të Hyrat vetanake,,0.0,0.0,,,,,,,,Të Hyrat vetanake 0 0
3.1,46,343,source,,,Pensionet dhe Kompenzi,Financimi nga Huamarrja,,0.0,0.0,,,,,,,,Financimi nga Huamarrja 0 0
3.1,46,352,source,,,Pensionet dhe Kompenzi,Të Hyrat nga AKP,,,,,,,,,,,Të Hyrat nga AKP
3.1,46,361,sub,00300,1012,Pensionet për Invalidët e Luftës,,18.0,309716.0,63605.0,6000.0,45311902.0,,,45691223.0,47923852.0,50317949.0,"00300 1012 Pensionet për Invalidët e Luftës 18 309,716 63,605 6,000 45,311,902 45,691,223 47,923,852 50,317,949"
3.1,46,370,source,00300,,Pensionet për Invalidët e Luftës,Grantet Qeveritare,,309716.0,63605.0,6000.0,45311902.0,,,45691223.0,47923852.0,50317949.0,"Grantet Qeveritare 309,716 63,605 6,000 45,311,902 45,691,223 47,923,852 50,317,949"
3.1,46,379,source,00300,,Pensionet për Invalidët e Luftës,Të Hyrat vetanake,,0.0,0.0,,,,,,,,Të Hyrat vetanake 0 0
3.1,46,388,source,00300,,Pensionet për Invalidët e Luftës,Financimi nga Huamarrja,,0.0,0.0,,,,,,,,Financimi nga Huamarrja 0 0
3.1,46,397,source,00300,,Pensionet për Invalidët e Luftës,Të Hyrat nga AKP,,,,,,,,,,,Të Hyrat nga AKP
3.1,46,406,sub,02500,1020,Pensionet e veteranëve,,,,,,90307064.0,,,90307064.0,94822417.0,99563538.0,"02500 1020 Pensionet e veteranëve 90,307,064 90,307,064 94,822,417 99,563,538"
3.1,46,415,source,02500,,Pensionet e veteranëve,Grantet Qeveritare,,,,,90307064.0,,,90307064.0,94822417.0,99563538.0,"Grantet Qeveritare 90,307,064 90,307,064 94,822,417 99,563,538"
3.1,46,424,source,02500,,Pensionet e veteranëve,Të Hyrat vetanake,,,,,,,,,,,Të Hyrat vetanake
3.1,46,433,source,02500,,Pensionet e veteranëve,Financimi nga Huamarrja,,,,,,,,,,,Financimi nga Huamarrja
3.1,46,442,source,02500,,Pensionet e veteranëve,Të Hyrat nga AKP,,,,,,,,,,,Të Hyrat nga AKP
3.1,46,451,prog,,,Programi i Ringjalljes Ek,,,,,,30000000.0,,,30000000.0,,,"Programi i Ringjalljes Ek 30,000,000 30,000,000"
3.1,46,460,source,,,Programi i Ringjalljes Ek,Grantet Qeveritare,,,,,30000000.0,,,30000000.0,,,"Grantet Qeveritare 30,000,000 30,000,000"
3.1,46,469,source,,,Programi i Ringjalljes Ek,Të Hyrat vetanake,,,,,,,,,,,Të Hyrat vetanake
3.1,46,478,source,,,Programi i Ringjalljes Ek,Financimi nga Huamarrja,,,,,,,,,,,Financimi nga Huamarrja
3.1,46,487,source,,,Programi i Ringjalljes Ek,Të Hyrat nga AKP,,,,,,,,,,,Të Hyrat nga AKP
3.1,46,496,sub,29300,0112,Programi i Ringjalljes Ekonomike,,,,,,30000000.0,,,30000000.0,,,"29300 0112 Programi i Ringjalljes Ekonomike 30,000,000 30,000,000"
3.1,46,505,source,29300,,Programi i Ringjalljes Ekonomike,Grantet Qeveritare,,,,,30000000.0,,,30000000.0,,,"Grantet Qeveritare 30,000,000 30,000,000"
3.1,46,514,source,29300,,Programi i Ringjalljes Ekonomike,Të Hyrat vetanake,,,,,,,,,,,Të Hyrat vetanake
3.1,46,523,source,29300,,Programi i Ringjalljes Ekonomike,Financimi nga Huamarrja,,,,,,,,,,,Financimi nga Huamarrja
3.1,46,532,source,29300,,Programi i Ringjalljes Ekonomike,Të Hyrat nga AKP,,,,,,,,,,,Të Hyrat nga AKP
3.1,47,91,prog,,,Agjencia e Punësimit,,260.0,2166826.0,681983.0,149585.0,33800000.0,323000.0,,37121394.0,29240569.0,29366299.0,"Agjencia e Punësimit 260 2,166,826 681,983 149,585 33,800,000 323,000 37,121,394 29,240,569 29,366,299"
3.1,47,100,source,,,Agjencia e Punësimit,Grantet Qeveritare,,2166826.0,681983.0,149585.0,33800000.0,323000.0,,37121394.0,29240569.0,29366299.0,"Grantet Qeveritare 2,166,826 681,983 149,585 33,800,000 323,000 37,121,394 29,240,569 29,366,299"
3.1,47,109,source,,,Agjencia e Punësimit,Të Hyrat vetanake,,0.0,0.0,,,0.0,,0.0,0.0,0.0,Të Hyrat vetanake 0 0 0 0 0 0
3.1,47,118,source,,,Agjencia e Punësimit,Financimi nga Huamarrja,,0.0,0.0,,,0.0,,0.0,0.0,0.0,Financimi nga Huamarrja 0 0 0 0 0 0
3.1,47,127,source,,,Agjencia e Punësimit,Të Hyrat nga AKP,,,,,,0.0,,0.0,0.0,0.0,Të Hyrat nga AKP 0 0 0 0
3.1,47,136,sub,43100,0412,Shërbimet e Punësimit,,179.0,1548250.0,334183.0,97100.0,33800000.0,170000.0,,35949533.0,28034687.0,28124524.0,"43100 0412 Shërbimet e Punësimit 179 1,548,250 334,183 97,100 33,800,000 170,000 35,949,533 28,034,687 28,124,524"
3.1,47,145,source,43100,,Shërbimet e Punësimit,Grantet Qeveritare,,1548250.0,334183.0,97100.0,33800000.0,170000.0,,35949533.0,28034687.0,28124524.0,"Grantet Qeveritare 1,548,250 334,183 97,100 33,800,000 170,000 35,949,533 28,034,687 28,124,524"
3.1,47,154,source,43100,,Shërbimet e Punësimit,Të Hyrat vetanake,,0.0,0.0,,,0.0,,0.0,0.0,0.0,Të Hyrat vetanake 0 0 0 0 0 0
3.1,47,163,source,43100,,Shërbimet e Punësimit,Financimi nga Huamarrja,,0.0,0.0,,,0.0,,0.0,0.0,0.0,Financimi nga Huamarrja 0 0 0 0 0 0
3.1,47,172,source,43100,,Shërbimet e Punësimit,Të Hyrat nga AKP,,,,,,0.0,,0.0,0.0,0.0,Të Hyrat nga AKP 0 0 0 0
3.1,47,181,sub,91200,0950,Shërbimet e Aftësimit Profesional,,81.0,618576.0,347800.0,52485.0,,153000.0,,1171861.0,1205882.0,1241775.0,"91200 0950 Shërbimet e Aftësimit Profesional 81 618,576 347,800 52,485 153,000 1,171,861 1,205,882 1,241,775"
3.1,47,190,source,91200,,Shërbimet e Aftësimit Profesional,Grantet Qeveritare,,618576.0,347800.0,52485.0,,153000.0,,1171861.0,1205882.0,1241775.0,"Grantet Qeveritare 618,576 347,800 52,485 153,000 1,171,861 1,205,882 1,241,775"
3.1,47,199,source,91200,,Shërbimet e Aftësimit Profesional,Të Hyrat vetanake,,0.0,0.0,,,0.0,,0.0,0.0,0.0,Të Hyrat vetanake 0 0 0 0 0 0
3.1,47,208,source,91200,,Shërbimet e Aftësimit Profesional,Financimi nga Huamarrja,,0.0,0.0,,,0.0,,0.0,0.0,0.0,Financimi nga Huamarrja 0 0 0 0 0 0
3.1,47,217,source,91200,,Shërbimet e Aftësimit Profesional,Të Hyrat nga AKP,,,,,,0.0,,0.0,0.0,0.0,Të Hyrat nga AKP 0 0 0 0
3.1,47,226,prog,,,Agjencia e Inspektoratit t,,171.0,1348261.0,221719.0,23300.0,,125000.0,,1718280.0,1792434.0,1870667.0,"Agjencia e Inspektoratit t 171 1,348,261 221,719 23,300 125,000 1,718,280 1,792,434 1,870,667"
3.1,47,235,source,,,Agjencia e Inspektoratit t,Grantet Qeveritare,,1348261.0,221719.0,23300.0,,125000.0,,1718280.0,1792434.0,1870667.0,"Grantet Qeveritare 1,348,261 221,719 23,300 125,000 1,718,280 1,792,434 1,870,667"
3.1,47,244,source,,,Agjencia e Inspektoratit t,Të Hyrat vetanake,,0.0,0.0,,,0.0,,0.0,0.0,0.0,Të Hyrat vetanake 0 0 0 0 0 0
3.1,47,253,source,,,Agjencia e Inspektoratit t,Financimi nga Huamarrja,,0.0,0.0,,,0.0,,0.0,0.0,0.0,Financimi nga Huamarrja 0 0 0 0 0 0
3.1,47,262,source,,,Agjencia e Inspektoratit t,Të Hyrat nga AKP,,,,,,0.0,,0.0,0.0,0.0,Të Hyrat nga AKP 0 0 0 0
3.1,47,271,sub,43200,0412,Inspektoriati i Punës,,171.0,1348261.0,221719.0,23300.0,,125000.0,,1718280.0,1792434.0,1870667.0,"43200 0412 Inspektoriati i Punës 171 1,348,261 221,719 23,300 125,000 1,718,280 1,792,434 1,870,667"
3.1,47,280,source,43200,,Inspektoriati i Punës,Grantet Qeveritare,,1348261.0,221719.0,23300.0,,125000.0,,1718280.0,1792434.0,1870667.0,"Grantet Qeveritare 1,348,261 221,719 23,300 125,000 1,718,280 1,792,434 1,870,667"
3.1,47,289,source,43200,,Inspektoriati i Punës,Të Hyrat vetanake,,0.0,0.0,,,0.0,,0.0,0.0,0.0,Të Hyrat vetanake 0 0 0 0 0 0
3.1,47,298,source,43200,,Inspektoriati i Punës,Financimi nga Huamarrja,,0.0,0.0,,,0.0,,0.0,0.0,0.0,Financimi nga Huamarrja 0 0 0 0 0 0
3.1,47,307,source,43200,,Inspektoriati i Punës,Të Hyrat nga AKP,,,,,,0.0,,0.0,0.0,0.0,Të Hyrat nga AKP 0 0 0 0
3.1,47,316,prog,,,Marreveshjet me trupat e,,,,,,2000000.0,,,2000000.0,,,"Marreveshjet me trupat e 2,000,000 2,000,000"
3.1,47,325,source,,,Marreveshjet me trupat e,Grantet Qeveritare,,,,,2000000.0,,,2000000.0,,,"Grantet Qeveritare 2,000,000 2,000,000"
3.1,47,334,source,,,Marreveshjet me trupat e,Të Hyrat vetanake,,,,,,,,,,,Të Hyrat vetanake
3.1,47,343,source,,,Marreveshjet me trupat e,Financimi nga Huamarrja,,,,,,,,,,,Financimi nga Huamarrja
3.1,47,352,source,,,Marreveshjet me trupat e,Të Hyrat nga AKP,,,,,,,,,,,Të Hyrat nga AKP
3.1,47,361,sub,34100,0121,Marreveshjet me trupat e Organizates,,,,,,2000000.0,,,2000000.0,,,"34100 0121 Marreveshjet me trupat e Organizates se Ko 2,000,000 2,000,000"
3.1,47,370,source,34100,,Marreveshjet me trupat e Organizates,Grantet Qeveritare,,,,,2000000.0,,,2000000.0,,,"Grantet Qeveritare 2,000,000 2,000,000"
3.1,47,379,source,34100,,Marreveshjet me trupat e Organizates,Të Hyrat vetanake,,,,,,,,,,,Të Hyrat vetanake
3.1,47,388,source,34100,,Marreveshjet me trupat e Organizates,Financimi nga Huamarrja,,,,,,,,,,,Financimi nga Huamarrja
3.1,47,397,source,34100,,Marreveshjet me trupat e Organizates,Të Hyrat nga AKP,,,,,,,,,,,Të Hyrat nga AKP
3.1,47,406,prog,,,Bordi i Pavarur për Shqy,,15.0,74970.0,65000.0,,,,,139970.0,144093.0,148443.0,"Bordi i Pavarur për Shqy 15 74,970 65,000 139,970 144,093 148,443"
3.1,47,415,source,,,Bordi i Pavarur për Shqy,Grantet Qeveritare,,74970.0,65000.0,,,,,139970.0,144093.0,148443.0,"Grantet Qeveritare 74,970 65,000 139,970 144,093 148,443"
3.1,47,424,source,,,Bordi i Pavarur për Shqy,Të Hyrat vetanake,,0.0,0.0,,,,,,,,Të Hyrat vetanake 0 0
3.1,47,433,source,,,Bordi i Pavarur për Shqy,Financimi nga Huamarrja,,0.0,0.0,,,,,,,,Financimi nga Huamarrja 0 0
3.1,47,442,source,,,Bordi i Pavarur për Shqy,Të Hyrat nga AKP,,,,,,,,,,,Të Hyrat nga AKP
3.1,47,451,sub,34300,0112,Bordi i Pavarur për Shqyrtim të Ankesave,,15.0,74970.0,65000.0,,,,,139970.0,144093.0,148443.0,"34300 0112 Bordi i Pavarur për Shqyrtim të Ankesave 15 74,970 65,000 139,970 144,093 148,443"
3.1,47,460,source,34300,,Bordi i Pavarur për Shqyrtim të Ankesave,Grantet Qeveritare,,74970.0,65000.0,,,,,139970.0,144093.0,148443.0,"Grantet Qeveritare 74,970 65,000 139,970 144,093 148,443"
3.1,47,469,source,34300,,Bordi i Pavarur për Shqyrtim të Ankesave,Të Hyrat vetanake,,0.0,0.0,,,,,,,,Të Hyrat vetanake 0 0
3.1,47,478,source,34300,,Bordi i Pavarur për Shqyrtim të Ankesave,Financimi nga Huamarrja,,0.0,0.0,,,,,,,,Financimi nga Huamarrja 0 0
3.1,47,487,source,34300,,Bordi i Pavarur për Shqyrtim të Ankesave,Të Hyrat nga AKP,,,,,,,,,,,Të Hyrat nga AKP
3.1,47,496,org,203,,"Ministria e Bujqësisë,Pylltarisë & Zhv",,937.0,8245496.0,6000000.0,264783.0,77630000.0,3544000.0,,95684279.0,98687780.0,99166226.0,"203 Ministria e Bujqësisë,Pylltarisë & Zhv 937 8,245,496 6,000,000 264,783 77,630,000 3,544,000 95,684,279 98,687,780 99,166,226"
3.1,47,505,source,203,,"Ministria e Bujqësisë,Pylltarisë & Zhv",Grantet Qeveritare,,8245496.0,5656159.0,264783.0,77630000.0,3544000.0,,95340438.0,98343939.0,98822385.0,"Grantet Qeveritare 8,245,496 5,656,159 264,783 77,630,000 3,544,000 95,340,438 98,343,939 98,822,385"
3.1,47,514,source,203,,"Ministria e Bujqësisë,Pylltarisë & Zhv",Të Hyrat vetanake,,0.0,343841.0,,,0.0,,343841.0,343841.0,343841.0,"Të Hyrat vetanake 0 343,841 0 343,841 343,841 343,841"
3.1,47,523,source,203,,"Ministria e Bujqësisë,Pylltarisë & Zhv",Financimi nga Huamarrja,,0.0,0.0,,,0.0,,,,,Financimi nga Huamarrja 0 0 0
3.1,47,532,source,203,,"Ministria e Bujqësisë,Pylltarisë & Zhv",Të Hyrat nga AKP,,,,,,0.0,,0.0,0.0,0.0,Të Hyrat nga AKP 0 0 0 0
3.1,48,91,prog,,,Departmenti i Politikave B,,22.0,247665.0,499243.0,,2630000.0,,,3376908.0,3433424.0,3446786.0,"Departmenti i Politikave B 22 247,665 499,243 2,630,000 3,376,908 3,433,424 3,446,786"
3.1,48,100,source,,,Departmenti i Politikave B,Grantet Qeveritare,,247665.0,499243.0,,2630000.0,,,3376908.0,3433424.0,3446786.0,"Grantet Qeveritare 247,665 499,243 2,630,000 3,376,908 3,433,424 3,446,786"
3.1,48,109,source,,,Departmenti i Politikave B,Të Hyrat vetanake,,0.0,0.0,,,,,,,,Të Hyrat vetanake 0 0
3.1,48,118,source,,,Departmenti i Politikave B,Financimi nga Huamarrja,,0.0,0.0,,,,,,,,Financimi nga Huamarrja 0 0
3.1,48,127,source,,,Departmenti i Politikave B,Të Hyrat nga AKP,,,,,,,,,,,Të Hyrat nga AKP
3.1,48,136,sub,40100,0421,Departmenti i Politikave Bujqësore,,22.0,247665.0,499243.0,,2630000.0,,,3376908.0,3433424.0,3446786.0,"40100 0421 Departmenti i Politikave Bujqësore dhe Treg 22 247,665 499,243 2,630,000 3,376,908 3,433,424 3,446,786"
3.1,48,145,source,40100,,Departmenti i Politikave Bujqësore,Grantet Qeveritare,,247665.0,499243.0,,2630000.0,,,3376908.0,3433424.0,3446786.0,"Grantet Qeveritare 247,665 499,243 2,630,000 3,376,908 3,433,424 3,446,786"
3.1,48,154,source,40100,,Departmenti i Politikave Bujqësore,Të Hyrat vetanake,,0.0,0.0,,,,,,,,Të Hyrat vetanake 0 0
3.1,48,163,source,40100,,Departmenti i Politikave Bujqësore,Financimi nga Huamarrja,,0.0,0.0,,,,,,,,Financimi nga Huamarrja 0 0
3.1,48,172,source,40100,,Departmenti i Politikave Bujqësore,Të Hyrat nga AKP,,,,,,,,,,,Të Hyrat nga AKP
3.1,48,181,prog,,,Agjensia Pyjore e Kosovë,,401.0,2902419.0,816896.0,100000.0,,1070000.0,,4889315.0,5090459.0,5242476.0,"Agjensia Pyjore e Kosovë 401 2,902,419 816,896 100,000 1,070,000 4,889,315 5,090,459 5,242,476"
3.1,48,190,source,,,Agjensia Pyjore e Kosovë,Grantet Qeveritare,,2902419.0,633741.0,100000.0,,1070000.0,,4706160.0,4907304.0,5059321.0,"Grantet Qeveritare 2,902,419 633,741 100,000 1,070,000 4,706,160 4,907,304 5,059,321"
3.1,48,199,source,,,Agjensia Pyjore e Kosovë,Të Hyrat vetanake,,0.0,183155.0,,,0.0,,183155.0,183155.0,183155.0,"Të Hyrat vetanake 0 183,155 0 183,155 183,155 183,155"
3.1,48,208,source,,,Agjensia Pyjore e Kosovë,Financimi nga Huamarrja,,0.0,0.0,,,0.0,,,,,Financimi nga Huamarrja 0 0 0
3.1,48,217,source,,,Agjensia Pyjore e Kosovë,Të Hyrat nga AKP,,,,,,0.0,,0.0,0.0,0.0,Të Hyrat nga AKP 0 0 0 0
3.1,48,226,sub,40300,0422,Agjensioni i Pyjeve të Kosovës,,401.0,2902419.0,816896.0,100000.0,,1070000.0,,4889315.0,5090459.0,5242476.0,"40300 0422 Agjensioni i Pyjeve të Kosovës 401 2,902,419 816,896 100,000 1,070,000 4,889,315 5,090,459 5,242,476"
3.1,48,235,source,40300,,Agjensioni i Pyjeve të Kosovës,Grantet Qeveritare,,2902419.0,633741.0,100000.0,,1070000.0,,4706160.0,4907304.0,5059321.0,"Grantet Qeveritare 2,902,419 633,741 100,000 1,070,000 4,706,160 4,907,304 5,059,321"
3.1,48,244,source,40300,,Agjensioni i Pyjeve të Kosovës,Të Hyrat vetanake,,0.0,183155.0,,,0.0,,183155.0,183155.0,183155.0,"Të Hyrat vetanake 0 183,155 0 183,155 183,155 183,155"
3.1,48,253,source,40300,,Agjensioni i Pyjeve të Kosovës,Financimi nga Huamarrja,,0.0,0.0,,,0.0,,,,,Financimi nga Huamarrja 0 0 0
3.1,48,262,source,40300,,Agjensioni i Pyjeve të Kosovës,Të Hyrat nga AKP,,,,,,0.0,,0.0,0.0,0.0,Të Hyrat nga AKP 0 0 0 0
3.1,48,271,prog,,,Departamenti i Shërbime,,18.0,167124.0,439636.0,,,,,606760.0,639830.0,639830.0,"Departamenti i Shërbime 18 167,124 439,636 606,760 639,830 639,830"
3.1,48,280,source,,,Departamenti i Shërbime,Grantet Qeveritare,,167124.0,439636.0,,,,,606760.0,639830.0,639830.0,"Grantet Qeveritare 167,124 439,636 606,760 639,830 639,830"
3.1,48,289,source,,,Departamenti i Shërbime,Të Hyrat vetanake,,0.0,0.0,,,,,,,,Të Hyrat vetanake 0 0
3.1,48,298,source,,,Departamenti i Shërbime,Financimi nga Huamarrja,,0.0,0.0,,,,,,,,Financimi nga Huamarrja 0 0
3.1,48,307,source,,,Departamenti i Shërbime,Të Hyrat nga AKP,,,,,,,,,,,Të Hyrat nga AKP
3.1,48,316,sub,40400,0421,Departamenti i Shërbimeve Këshillimore,,18.0,167124.0,439636.0,,,,,606760.0,639830.0,639830.0,"40400 0421 Departamenti i Shërbimeve Këshillimore Tek 18 167,124 439,636 606,760 639,830 639,830"
3.1,48,325,source,40400,,Departamenti i Shërbimeve Këshillimore,Grantet Qeveritare,,167124.0,439636.0,,,,,606760.0,639830.0,639830.0,"Grantet Qeveritare 167,124 439,636 606,760 639,830 639,830"
3.1,48,334,source,40400,,Departamenti i Shërbimeve Këshillimore,Të Hyrat vetanake,,0.0,0.0,,,,,,,,Të Hyrat vetanake 0 0
3.1,48,343,source,40400,,Departamenti i Shërbimeve Këshillimore,Financimi nga Huamarrja,,0.0,0.0,,,,,,,,Financimi nga Huamarrja 0 0
3.1,48,352,source,40400,,Departamenti i Shërbimeve Këshillimore,Të Hyrat nga AKP,,,,,,,,,,,Të Hyrat nga AKP
3.1,48,361,prog,,,Departamenti i Pylltarisë,,30.0,282352.0,59329.0,5000.0,,,,346682.0,371044.0,385867.0,"Departamenti i Pylltarisë 30 282,352 59,329 5,000 346,682 371,044 385,867"
3.1,48,370,source,,,Departamenti i Pylltarisë,Grantet Qeveritare,,282352.0,59329.0,5000.0,,,,346682.0,371044.0,385867.0,"Grantet Qeveritare 282,352 59,329 5,000 346,682 371,044 385,867"
3.1,48,379,source,,,Departamenti i Pylltarisë,Të Hyrat vetanake,,0.0,0.0,,,,,,,,Të Hyrat vetanake 0 0
3.1,48,388,source,,,Departamenti i Pylltarisë,Financimi nga Huamarrja,,0.0,0.0,,,,,,,,Financimi nga Huamarrja 0 0
3.1,48,397,source,,,Departamenti i Pylltarisë,Të Hyrat nga AKP,,,,,,,,,,,Të Hyrat nga AKP
3.1,48,406,sub,40600,0422,Departamenti i Pylltarisë,,30.0,282352.0,59329.0,5000.0,,,,346682.0,371044.0,385867.0,"40600 0422 Departamenti i Pylltarisë 30 282,352 59,329 5,000 346,682 371,044 385,867"
3.1,48,415,source,40600,,Departamenti i Pylltarisë,Grantet Qeveritare,,282352.0,59329.0,5000.0,,,,346682.0,371044.0,385867.0,"Grantet Qeveritare 282,352 59,329 5,000 346,682 371,044 385,867"
3.1,48,424,source,40600,,Departamenti i Pylltarisë,Të Hyrat vetanake,,0.0,0.0,,,,,,,,Të Hyrat vetanake 0 0
3.1,48,433,source,40600,,Departamenti i Pylltarisë,Financimi nga Huamarrja,,0.0,0.0,,,,,,,,Financimi nga Huamarrja 0 0
3.1,48,442,source,40600,,Departamenti i Pylltarisë,Të Hyrat nga AKP,,,,,,,,,,,Të Hyrat nga AKP
3.1,48,451,prog,,,Departamenti i Vreshtaris,,11.0,95110.0,22231.0,6000.0,,355000.0,,478341.0,484062.0,489055.0,"Departamenti i Vreshtaris 11 95,110 22,231 6,000 355,000 478,341 484,062 489,055"
3.1,48,460,source,,,Departamenti i Vreshtaris,Grantet Qeveritare,,95110.0,22231.0,6000.0,,355000.0,,478341.0,484062.0,489055.0,"Grantet Qeveritare 95,110 22,231 6,000 355,000 478,341 484,062 489,055"
3.1,48,469,source,,,Departamenti i Vreshtaris,Të Hyrat vetanake,,0.0,0.0,,,0.0,,,,,Të Hyrat vetanake 0 0 0
3.1,48,478,source,,,Departamenti i Vreshtaris,Financimi nga Huamarrja,,0.0,0.0,,,0.0,,,,,Financimi nga Huamarrja 0 0 0
3.1,48,487,source,,,Departamenti i Vreshtaris,Të Hyrat nga AKP,,,,,,0.0,,0.0,0.0,0.0,Të Hyrat nga AKP 0 0 0 0
3.1,48,496,sub,45800,0421,Departamenti i Vreshtarisë dhe Verëtarisë,,11.0,95110.0,22231.0,6000.0,,355000.0,,478341.0,484062.0,489055.0,"45800 0421 Departamenti i Vreshtarisë dhe Verëtarisë 11 95,110 22,231 6,000 355,000 478,341 484,062 489,055"
3.1,48,505,source,45800,,Departamenti i Vreshtarisë dhe Verëtarisë,Grantet Qeveritare,,95110.0,22231.0,6000.0,,355000.0,,478341.0,484062.0,489055.0,"Grantet Qeveritare 95,110 22,231 6,000 355,000 478,341 484,062 489,055"
3.1,48,514,source,45800,,Departamenti i Vreshtarisë dhe Verëtarisë,Të Hyrat vetanake,,0.0,0.0,,,0.0,,,,,Të Hyrat vetanake 0 0 0
3.1,48,523,source,45800,,Departamenti i Vreshtarisë dhe Verëtarisë,Financimi nga Huamarrja,,0.0,0.0,,,0.0,,,,,Financimi nga Huamarrja 0 0 0
3.1,48,532,source,45800,,Departamenti i Vreshtarisë dhe Verëtarisë,Të Hyrat nga AKP,,,,,,0.0,,0.0,0.0,0.0,Të Hyrat nga AKP 0 0 0 0
3.1,49,91,prog,,,Instituti Bujqësor i Kosov,,36.0,279602.0,148227.0,20000.0,,690000.0,,1137830.0,1179913.0,1194593.0,"Instituti Bujqësor i Kosov 36 279,602 148,227 20,000 690,000 1,137,830 1,179,913 1,194,593"
3.1,49,100,source,,,Instituti Bujqësor i Kosov,Grantet Qeveritare,,279602.0,148227.0,20000.0,,690000.0,,1137830.0,1179913.0,1194593.0,"Grantet Qeveritare 279,602 148,227 20,000 690,000 1,137,830 1,179,913 1,194,593"
3.1,49,109,source,,,Instituti Bujqësor i Kosov,Të Hyrat vetanake,,0.0,0.0,,,0.0,,,,,Të Hyrat vetanake 0 0 0
3.1,49,118,source,,,Instituti Bujqësor i Kosov,Financimi nga Huamarrja,,0.0,0.0,,,0.0,,,,,Financimi nga Huamarrja 0 0 0
3.1,49,127,source,,,Instituti Bujqësor i Kosov,Të Hyrat nga AKP,,,,,,0.0,,0.0,0.0,0.0,Të Hyrat nga AKP 0 0 0 0
3.1,49,136,sub,40500,0482,Instituti Bujqësor i Kosovës,,36.0,279602.0,148227.0,20000.0,,690000.0,,1137830.0,1179913.0,1194593.0,"40500 0482 Instituti Bujqësor i Kosovës 36 279,602 148,227 20,000 690,000 1,137,830 1,179,913 1,194,593"
3.1,49,145,source,40500,,Instituti Bujqësor i Kosovës,Grantet Qeveritare,,279602.0,148227.0,20000.0,,690000.0,,1137830.0,1179913.0,1194593.0,"Grantet Qeveritare 279,602 148,227 20,000 690,000 1,137,830 1,179,913 1,194,593"
3.1,49,154,source,40500,,Instituti Bujqësor i Kosovës,Të Hyrat vetanake,,0.0,0.0,,,0.0,,,,,Të Hyrat vetanake 0 0 0
3.1,49,163,source,40500,,Instituti Bujqësor i Kosovës,Financimi nga Huamarrja,,0.0,0.0,,,0.0,,,,,Financimi nga Huamarrja 0 0 0
3.1,49,172,source,40500,,Instituti Bujqësor i Kosovës,Të Hyrat nga AKP,,,,,,0.0,,0.0,0.0,0.0,Të Hyrat nga AKP 0 0 0 0
3.1,49,181,prog,,,Departamenti i Politikave,,13.0,124088.0,21815.0,,,,,145903.0,154876.0,161433.0,"Departamenti i Politikave 13 124,088 21,815 145,903 154,876 161,433"
3.1,49,190,source,,,Departamenti i Politikave,Grantet Qeveritare,,124088.0,21815.0,,,,,145903.0,154876.0,161433.0,"Grantet Qeveritare 124,088 21,815 145,903 154,876 161,433"
3.1,49,199,source,,,Departamenti i Politikave,Të Hyrat vetanake,,0.0,0.0,,,,,,,,Të Hyrat vetanake 0 0
3.1,49,208,source,,,Departamenti i Politikave,Financimi nga Huamarrja,,0.0,0.0,,,,,,,,Financimi nga Huamarrja 0 0
3.1,49,217,source,,,Departamenti i Politikave,Të Hyrat nga AKP,,,,,,,,,,,Të Hyrat nga AKP
3.1,49,226,sub,40700,0421,Departamenti i Politikave të Zhvillimit,,13.0,124088.0,21815.0,,,,,145903.0,154876.0,161433.0,"40700 0421 Departamenti i Politikave të Zhvillimit Rural 13 124,088 21,815 145,903 154,876 161,433"
3.1,49,235,source,40700,,Departamenti i Politikave të Zhvillimit,Grantet Qeveritare,,124088.0,21815.0,,,,,145903.0,154876.0,161433.0,"Grantet Qeveritare 124,088 21,815 145,903 154,876 161,433"
3.1,49,244,source,40700,,Departamenti i Politikave të Zhvillimit,Të Hyrat vetanake,,0.0,0.0,,,,,,,,Të Hyrat vetanake 0 0
3.1,49,253,source,40700,,Departamenti i Politikave të Zhvillimit,Financimi nga Huamarrja,,0.0,0.0,,,,,,,,Financimi nga Huamarrja 0 0
3.1,49,262,source,40700,,Departamenti i Politikave të Zhvillimit,Të Hyrat nga AKP,,,,,,,,,,,Të Hyrat nga AKP
3.1,49,271,prog,,,Departamenti i Analizave,,9.0,86618.0,138214.0,,,,,224832.0,241382.0,245929.0,"Departamenti i Analizave 9 86,618 138,214 224,832 241,382 245,929"
3.1,49,280,source,,,Departamenti i Analizave,Grantet Qeveritare,,86618.0,138214.0,,,,,224832.0,241382.0,245929.0,"Grantet Qeveritare 86,618 138,214 224,832 241,382 245,929"
3.1,49,289,source,,,Departamenti i Analizave,Të Hyrat vetanake,,0.0,0.0,,,,,,,,Të Hyrat vetanake 0 0
3.1,49,298,source,,,Departamenti i Analizave,Financimi nga Huamarrja,,0.0,0.0,,,,,,,,Financimi nga Huamarrja 0 0
3.1,49,307,source,,,Departamenti i Analizave,Të Hyrat nga AKP,,,,,,,,,,,Të Hyrat nga AKP
3.1,49,316,sub,47300,0482,Departamenti i Analizave Ekonomike,,9.0,86618.0,138214.0,,,,,224832.0,241382.0,245929.0,"47300 0482 Departamenti i Analizave Ekonomike dhe Sta 9 86,618 138,214 224,832 241,382 245,929"
3.1,49,325,source,47300,,Departamenti i Analizave Ekonomike,Grantet Qeveritare,,86618.0,138214.0,,,,,224832.0,241382.0,245929.0,"Grantet Qeveritare 86,618 138,214 224,832 241,382 245,929"
3.1,49,334,source,47300,,Departamenti i Analizave Ekonomike,Të Hyrat vetanake,,0.0,0.0,,,,,,,,Të Hyrat vetanake 0 0
3.1,49,343,source,47300,,Departamenti i Analizave Ekonomike,Financimi nga Huamarrja,,0.0,0.0,,,,,,,,Financimi nga Huamarrja 0 0
3.1,49,352,source,47300,,Departamenti i Analizave Ekonomike,Të Hyrat nga AKP,,,,,,,,,,,Të Hyrat nga AKP
3.1,49,361,prog,,,Agjencioni për Zhvillimin,,128.0,1144105.0,399260.0,20000.0,71530000.0,,,73093366.0,73215865.0,73275930.0,"Agjencioni për Zhvillimin 128 1,144,105 399,260 20,000 71,530,000 73,093,366 73,215,865 73,275,930"
3.1,49,370,source,,,Agjencioni për Zhvillimin,Grantet Qeveritare,,1144105.0,399260.0,20000.0,71530000.0,,,73093366.0,73215865.0,73275930.0,"Grantet Qeveritare 1,144,105 399,260 20,000 71,530,000 73,093,366 73,215,865 73,275,930"
3.1,49,379,source,,,Agjencioni për Zhvillimin,Të Hyrat vetanake,,0.0,0.0,,,,,,,,Të Hyrat vetanake 0 0
3.1,49,388,source,,,Agjencioni për Zhvillimin,Financimi nga Huamarrja,,0.0,0.0,,,,,,,,Financimi nga Huamarrja 0 0
3.1,49,397,source,,,Agjencioni për Zhvillimin,Të Hyrat nga AKP,,,,,,,,,,,Të Hyrat nga AKP
3.1,49,406,sub,47400,0421,Agjencioni për Zhvillimin e Bujqësisë,,128.0,1144105.0,399260.0,20000.0,71530000.0,,,73093366.0,73215865.0,73275930.0,"47400 0421 Agjencioni për Zhvillimin e Bujqësisë 128 1,144,105 399,260 20,000 71,530,000 73,093,366 73,215,865 73,275,930"
3.1,49,415,source,47400,,Agjencioni për Zhvillimin e Bujqësisë,Grantet Qeveritare,,1144105.0,399260.0,20000.0,71530000.0,,,73093366.0,73215865.0,73275930.0,"Grantet Qeveritare 1,144,105 399,260 20,000 71,530,000 73,093,366 73,215,865 73,275,930"
3.1,49,424,source,47400,,Agjencioni për Zhvillimin e Bujqësisë,Të Hyrat vetanake,,0.0,0.0,,,,,,,,Të Hyrat vetanake 0 0
3.1,49,433,source,47400,,Agjencioni për Zhvillimin e Bujqësisë,Financimi nga Huamarrja,,0.0,0.0,,,,,,,,Financimi nga Huamarrja 0 0
3.1,49,442,source,47400,,Agjencioni për Zhvillimin e Bujqësisë,Të Hyrat nga AKP,,,,,,,,,,,Të Hyrat nga AKP
3.1,49,451,prog,,,Dëmet natyrore në bujqës,,,,,,3000000.0,,,3000000.0,3000000.0,3000000.0,"Dëmet natyrore në bujqës 3,000,000 3,000,000 3,000,000 3,000,000"
3.1,49,460,source,,,Dëmet natyrore në bujqës,Grantet Qeveritare,,,,,3000000.0,,,3000000.0,3000000.0,3000000.0,"Grantet Qeveritare 3,000,000 3,000,000 3,000,000 3,000,000"
3.1,49,469,source,,,Dëmet natyrore në bujqës,Të Hyrat vetanake,,,,,,,,,,,Të Hyrat vetanake
3.1,49,478,source,,,Dëmet natyrore në bujqës,Financimi nga Huamarrja,,,,,,,,,,,Financimi nga Huamarrja
3.1,49,487,source,,,Dëmet natyrore në bujqës,Të Hyrat nga AKP,,,,,,,,,,,Të Hyrat nga AKP
3.1,49,496,sub,47600,0421,Dëmet natyrore në bujqësi,,,,,,3000000.0,,,3000000.0,3000000.0,3000000.0,"47600 0421 Dëmet natyrore në bujqësi 3,000,000 3,000,000 3,000,000 3,000,000"
3.1,49,505,source,47600,,Dëmet natyrore në bujqësi,Grantet Qeveritare,,,,,3000000.0,,,3000000.0,3000000.0,3000000.0,"Grantet Qeveritare 3,000,000 3,000,000 3,000,000 3,000,000"
3.1,49,514,source,47600,,Dëmet natyrore në bujqësi,Të Hyrat vetanake,,,,,,,,,,,Të Hyrat vetanake
3.1,49,523,source,47600,,Dëmet natyrore në bujqësi,Financimi nga Huamarrja,,,,,,,,,,,Financimi nga Huamarrja
3.1,49,532,source,47600,,Dëmet natyrore në bujqësi,Të Hyrat nga AKP,,,,,,,,,,,Të Hyrat nga AKP
3.1,50,91,prog,,,Agjensioni Veterinar dhe,,196.0,2074499.0,2375145.0,70023.0,470000.0,424000.0,,5413667.0,5744375.0,5888343.0,"Agjensioni Veterinar dhe 196 2,074,499 2,375,145 70,023 470,000 424,000 5,413,667 5,744,375 5,888,343"
3.1,50,100,source,,,Agjensioni Veterinar dhe,Grantet Qeveritare,,2074499.0,2214459.0,70023.0,470000.0,424000.0,,5252981.0,5583689.0,5727657.0,"Grantet Qeveritare 2,074,499 2,214,459 70,023 470,000 424,000 5,252,981 5,583,689 5,727,657"
3.1,50,109,source,,,Agjensioni Veterinar dhe,Të Hyrat vetanake,,0.0,160686.0,,,0.0,,160686.0,160686.0,160686.0,"Të Hyrat vetanake 0 160,686 0 160,686 160,686 160,686"
3.1,50,118,source,,,Agjensioni Veterinar dhe,Financimi nga Huamarrja,,0.0,0.0,,,0.0,,,,,Financimi nga Huamarrja 0 0 0
3.1,50,127,source,,,Agjensioni Veterinar dhe,Të Hyrat nga AKP,,,,,,0.0,,0.0,0.0,0.0,Të Hyrat nga AKP 0 0 0 0
3.1,50,136,sub,40800,0421,Agjensioni Veterinar dhe Ushqimit të,,196.0,2074499.0,2375145.0,70023.0,470000.0,424000.0,,5413667.0,5744375.0,5888343.0,"40800 0421 Agjensioni Veterinar dhe Ushqimit të Kosovë 196 2,074,499 2,375,145 70,023 470,000 424,000 5,413,667 5,744,375 5,888,343"
3.1,50,145,source,40800,,Agjensioni Veterinar dhe Ushqimit të,Grantet Qeveritare,,2074499.0,2214459.0,70023.0,470000.0,424000.0,,5252981.0,5583689.0,5727657.0,"Grantet Qeveritare 2,074,499 2,214,459 70,023 470,000 424,000 5,252,981 5,583,689 5,727,657"
3.1,50,154,source,40800,,Agjensioni Veterinar dhe Ushqimit të,Të Hyrat vetanake,,0.0,160686.0,,,0.0,,160686.0,160686.0,160686.0,"Të Hyrat vetanake 0 160,686 0 160,686 160,686 160,686"
3.1,50,163,source,40800,,Agjensioni Veterinar dhe Ushqimit të,Financimi nga Huamarrja,,0.0,0.0,,,0.0,,,,,Financimi nga Huamarrja 0 0 0
3.1,50,172,source,40800,,Agjensioni Veterinar dhe Ushqimit të,Të Hyrat nga AKP,,,,,,0.0,,0.0,0.0,0.0,Të Hyrat nga AKP 0 0 0 0
3.1,50,181,prog,,,Shërbimet e Administratë,,73.0,841914.0,1080002.0,43760.0,,1005000.0,,2970676.0,5132550.0,5195983.0,"Shërbimet e Administratë 73 841,914 1,080,002 43,760 1,005,000 2,970,676 5,132,550 5,195,983"
3.1,50,190,source,,,Shërbimet e Administratë,Grantet Qeveritare,,841914.0,1080002.0,43760.0,,1005000.0,,2970676.0,5132550.0,5195983.0,"Grantet Qeveritare 841,914 1,080,002 43,760 1,005,000 2,970,676 5,132,550 5,195,983"
3.1,50,199,source,,,Shërbimet e Administratë,Të Hyrat vetanake,,0.0,0.0,,,0.0,,,,,Të Hyrat vetanake 0 0 0
3.1,50,208,source,,,Shërbimet e Administratë,Financimi nga Huamarrja,,0.0,0.0,,,0.0,,,,,Financimi nga Huamarrja 0 0 0
3.1,50,217,source,,,Shërbimet e Administratë,Të Hyrat nga AKP,,,,,,0.0,,0.0,0.0,0.0,Të Hyrat nga AKP 0 0 0 0
3.1,50,226,sub,11303,0421,Departamenti për Financa dhe Shërbime,,56.0,607664.0,1033422.0,43760.0,,1005000.0,,2689846.0,4835891.0,4887026.0,"11303 0421 Departamenti për Financa dhe Shërbime të P 56 607,664 1,033,422 43,760 1,005,000 2,689,846 4,835,891 4,887,026"
3.1,50,235,source,11303,,Departamenti për Financa dhe Shërbime,Grantet Qeveritare,,607664.0,1033422.0,43760.0,,1005000.0,,2689846.0,4835891.0,4887026.0,"Grantet Qeveritare 607,664 1,033,422 43,760 1,005,000 2,689,846 4,835,891 4,887,026"
3.1,50,244,source,11303,,Departamenti për Financa dhe Shërbime,Të Hyrat vetanake,,0.0,0.0,,,0.0,,,,,Të Hyrat vetanake 0 0 0
3.1,50,253,source,11303,,Departamenti për Financa dhe Shërbime,Financimi nga Huamarrja,,0.0,0.0,,,0.0,,,,,Financimi nga Huamarrja 0 0 0
3.1,50,262,source,11303,,Departamenti për Financa dhe Shërbime,Të Hyrat nga AKP,,,,,,0.0,,0.0,0.0,0.0,Të Hyrat nga AKP 0 0 0 0
3.1,50,271,sub,11403,0421,Zyra e Ministrit,,17.0,234250.0,46580.0,,,,,280830.0,296659.0,308957.0,"11403 0421 Zyra e Ministrit 17 234,250 46,580 280,830 296,659 308,957"
3.1,50,280,source,11403,,Zyra e Ministrit,Grantet Qeveritare,,234250.0,46580.0,,,,,280830.0,296659.0,308957.0,"Grantet Qeveritare 234,250 46,580 280,830 296,659 308,957"
3.1,50,289,source,11403,,Zyra e Ministrit,Të Hyrat vetanake,,0.0,0.0,,,,,,,,Të Hyrat vetanake 0 0
3.1,50,298,source,11403,,Zyra e Ministrit,Financimi nga Huamarrja,,0.0,0.0,,,,,,,,Financimi nga Huamarrja 0 0
3.1,50,307,source,11403,,Zyra e Ministrit,Të Hyrat nga AKP,,,,,,,,,,,Të Hyrat nga AKP
3.1,50,316,org,204,,"Ministria e Industrisë, Ndërmarrësisë",,331.0,3014452.0,5500000.0,158280.0,8246000.0,10320000.0,,27238732.0,35404526.0,35579440.0,"204 Ministria e Industrisë, Ndërmarrësisë 331 3,014,452 5,500,000 158,280 8,246,000 10,320,000 27,238,732 35,404,526 35,579,440"
3.1,50,325,source,204,,"Ministria e Industrisë, Ndërmarrësisë",Grantet Qeveritare,,3014452.0,5500000.0,158280.0,8246000.0,10320000.0,,27238732.0,35404526.0,35579440.0,"Grantet Qeveritare 3,014,452 5,500,000 158,280 8,246,000 10,320,000 27,238,732 35,404,526 35,579,440"
3.1,50,334,source,204,,"Ministria e Industrisë, Ndërmarrësisë",Të Hyrat vetanake,,0.0,0.0,,,0.0,,0.0,0.0,0.0,Të Hyrat vetanake 0 0 0 0 0 0
3.1,50,343,source,204,,"Ministria e Industrisë, Ndërmarrësisë",Financimi nga Huamarrja,,0.0,0.0,,,0.0,,0.0,0.0,0.0,Financimi nga Huamarrja 0 0 0 0 0 0
3.1,50,352,source,204,,"Ministria e Industrisë, Ndërmarrësisë",Të Hyrat nga AKP,,,,,,0.0,,0.0,0.0,0.0,Të Hyrat nga AKP 0 0 0 0
3.1,50,361,prog,,,Zhvillimi Ekonomik,,209.0,1894022.0,4359953.0,,8246000.0,9970000.0,,24469975.0,32662471.0,32819309.0,"Zhvillimi Ekonomik 209 1,894,022 4,359,953 8,246,000 9,970,000 24,469,975 32,662,471 32,819,309"
3.1,50,370,source,,,Zhvillimi Ekonomik,Grantet Qeveritare,,1894022.0,4359953.0,,8246000.0,9970000.0,,24469975.0,32662471.0,32819309.0,"Grantet Qeveritare 1,894,022 4,359,953 8,246,000 9,970,000 24,469,975 32,662,471 32,819,309"
3.1,50,379,source,,,Zhvillimi Ekonomik,Të Hyrat vetanake,,0.0,0.0,,,0.0,,0.0,0.0,0.0,Të Hyrat vetanake 0 0 0 0 0 0
3.1,50,388,source,,,Zhvillimi Ekonomik,Financimi nga Huamarrja,,0.0,0.0,,,0.0,,0.0,0.0,0.0,Financimi nga Huamarrja 0 0 0 0 0 0
3.1,50,397,source,,,Zhvillimi Ekonomik,Të Hyrat nga AKP,,,,,,0.0,,0.0,0.0,0.0,Të Hyrat nga AKP 0 0 0 0
3.1,50,406,sub,24000,1090,Departamenti i Rezervave,,6.0,64463.0,2709261.0,,,,,2773724.0,6786365.0,6787804.0,"24000 1090 Departamenti i Rezervave 6 64,463 2,709,261 2,773,724 6,786,365 6,787,804"
3.1,50,415,source,24000,,Departamenti i Rezervave,Grantet Qeveritare,,64463.0,2709261.0,,,,,2773724.0,6786365.0,6787804.0,"Grantet Qeveritare 64,463 2,709,261 2,773,724 6,786,365 6,787,804"
3.1,50,424,source,24000,,Departamenti i Rezervave,Të Hyrat vetanake,,0.0,0.0,,,,,,,,Të Hyrat vetanake 0 0
3.1,50,433,source,24000,,Departamenti i Rezervave,Financimi nga Huamarrja,,0.0,0.0,,,,,,,,Financimi nga Huamarrja 0 0
3.1,50,442,source,24000,,Departamenti i Rezervave,Të Hyrat nga AKP,,,,,,,,,,,Të Hyrat nga AKP
3.1,50,451,sub,26900,0411,Departamenti për Mbrojtjen e Konsumatorit,,4.0,37348.0,35568.0,,,,,72916.0,82924.0,74433.0,"26900 0411 Departamenti për Mbrojtjen e Konsumatorit 4 37,348 35,568 72,916 82,924 74,433"
3.1,50,460,source,26900,,Departamenti për Mbrojtjen e Konsumatorit,Grantet Qeveritare,,37348.0,35568.0,,,,,72916.0,82924.0,74433.0,"Grantet Qeveritare 37,348 35,568 72,916 82,924 74,433"
3.1,50,469,source,26900,,Departamenti për Mbrojtjen e Konsumatorit,Të Hyrat vetanake,,0.0,0.0,,,,,,,,Të Hyrat vetanake 0 0
3.1,50,478,source,26900,,Departamenti për Mbrojtjen e Konsumatorit,Financimi nga Huamarrja,,0.0,0.0,,,,,,,,Financimi nga Huamarrja 0 0
3.1,50,487,source,26900,,Departamenti për Mbrojtjen e Konsumatorit,Të Hyrat nga AKP,,,,,,,,,,,Të Hyrat nga AKP
3.1,50,496,sub,41000,0411,Departamenti i Industrisë,,13.0,122587.0,195810.0,,,,,318397.0,324452.0,326524.0,"41000 0411 Departamenti i Industrisë 13 122,587 195,810 318,397 324,452 326,524"
3.1,50,505,source,41000,,Departamenti i Industrisë,Grantet Qeveritare,,122587.0,195810.0,,,,,318397.0,324452.0,326524.0,"Grantet Qeveritare 122,587 195,810 318,397 324,452 326,524"
3.1,50,514,source,41000,,Departamenti i Industrisë,Të Hyrat vetanake,,0.0,0.0,,,,,,,,Të Hyrat vetanake 0 0
3.1,50,523,source,41000,,Departamenti i Industrisë,Financimi nga Huamarrja,,0.0,0.0,,,,,,,,Financimi nga Huamarrja 0 0
3.1,50,532,source,41000,,Departamenti i Industrisë,Të Hyrat nga AKP,,,,,,,,,,,Të Hyrat nga AKP
3.1,51,91,sub,41100,0411,Departamenti i Tregtisë,,14.0,116425.0,136202.0,,,,,252627.0,255658.0,255690.0,"41100 0411 Departamenti i Tregtisë 14 116,425 136,202 252,627 255,658 255,690"
3.1,51,100,source,41100,,Departamenti i Tregtisë,Grantet Qeveritare,,116425.0,136202.0,,,,,252627.0,255658.0,255690.0,"Grantet Qeveritare 116,425 136,202 252,627 255,658 255,690"
3.1,51,109,source,41100,,Departamenti i Tregtisë,Të Hyrat vetanake,,0.0,0.0,,,,,,,,Të Hyrat vetanake 0 0
3.1,51,118,source,41100,,Departamenti i Tregtisë,Financimi nga Huamarrja,,0.0,0.0,,,,,,,,Financimi nga Huamarrja 0 0
3.1,51,127,source,41100,,Departamenti i Tregtisë,Të Hyrat nga AKP,,,,,,,,,,,Të Hyrat nga AKP
3.1,51,136,sub,41200,0411,Agjencia Kosovare për Standartizim,,9.0,88804.0,47733.0,,,,,136537.0,140584.0,142610.0,"41200 0411 Agjencia Kosovare për Standartizim 9 88,804 47,733 136,537 140,584 142,610"
3.1,51,145,source,41200,,Agjencia Kosovare për Standartizim,Grantet Qeveritare,,88804.0,47733.0,,,,,136537.0,140584.0,142610.0,"Grantet Qeveritare 88,804 47,733 136,537 140,584 142,610"
3.1,51,154,source,41200,,Agjencia Kosovare për Standartizim,Të Hyrat vetanake,,0.0,0.0,,,,,,,,Të Hyrat vetanake 0 0
3.1,51,163,source,41200,,Agjencia Kosovare për Standartizim,Financimi nga Huamarrja,,0.0,0.0,,,,,,,,Financimi nga Huamarrja 0 0
3.1,51,172,source,41200,,Agjencia Kosovare për Standartizim,Të Hyrat nga AKP,,,,,,,,,,,Të Hyrat nga AKP
3.1,51,181,sub,42900,0411,Agjencia për Pronësi Industriale,,13.0,120971.0,95810.0,,,,,216781.0,218764.0,244071.0,"42900 0411 Agjencia për Pronësi Industriale 13 120,971 95,810 216,781 218,764 244,071"
3.1,51,190,source,42900,,Agjencia për Pronësi Industriale,Grantet Qeveritare,,120971.0,95810.0,,,,,216781.0,218764.0,244071.0,"Grantet Qeveritare 120,971 95,810 216,781 218,764 244,071"
3.1,51,199,source,42900,,Agjencia për Pronësi Industriale,Të Hyrat vetanake,,0.0,0.0,,,,,,,,Të Hyrat vetanake 0 0
3.1,51,208,source,42900,,Agjencia për Pronësi Industriale,Financimi nga Huamarrja,,0.0,0.0,,,,,,,,Financimi nga Huamarrja 0 0
3.1,51,217,source,42900,,Agjencia për Pronësi Industriale,Të Hyrat nga AKP,,,,,,,,,,,Të Hyrat nga AKP
3.1,51,226,sub,45600,0411,Drejtoria e Përgjithshme e Akreditimit,,9.0,96177.0,59592.0,,,,,155769.0,164800.0,165831.0,"45600 0411 Drejtoria e Përgjithshme e Akreditimit të Kos 9 96,177 59,592 155,769 164,800 165,831"
3.1,51,235,source,45600,,Drejtoria e Përgjithshme e Akreditimit,Grantet Qeveritare,,96177.0,59592.0,,,,,155769.0,164800.0,165831.0,"Grantet Qeveritare 96,177 59,592 155,769 164,800 165,831"
3.1,51,244,source,45600,,Drejtoria e Përgjithshme e Akreditimit,Të Hyrat vetanake,,0.0,0.0,,,,,,,,Të Hyrat vetanake 0 0
3.1,51,253,source,45600,,Drejtoria e Përgjithshme e Akreditimit,Financimi nga Huamarrja,,0.0,0.0,,,,,,,,Financimi nga Huamarrja 0 0
3.1,51,262,source,45600,,Drejtoria e Përgjithshme e Akreditimit,Të Hyrat nga AKP,,,,,,,,,,,Të Hyrat nga AKP
3.1,51,271,sub,46500,0411,Agjencia e Metrologjisë së Kosovës,,25.0,263157.0,100635.0,,,600000.0,,963792.0,1063870.0,1078667.0,"46500 0411 Agjencia e Metrologjisë së Kosovës 25 263,157 100,635 600,000 963,792 1,063,870 1,078,667"
3.1,51,280,source,46500,,Agjencia e Metrologjisë së Kosovës,Grantet Qeveritare,,263157.0,100635.0,,,600000.0,,963792.0,1063870.0,1078667.0,"Grantet Qeveritare 263,157 100,635 600,000 963,792 1,063,870 1,078,667"
3.1,51,289,source,46500,,Agjencia e Metrologjisë së Kosovës,Të Hyrat vetanake,,0.0,0.0,,,0.0,,0.0,0.0,0.0,Të Hyrat vetanake 0 0 0 0 0 0
3.1,51,298,source,46500,,Agjencia e Metrologjisë së Kosovës,Financimi nga Huamarrja,,0.0,0.0,,,0.0,,0.0,0.0,0.0,Financimi nga Huamarrja 0 0 0 0 0 0
3.1,51,307,source,46500,,Agjencia e Metrologjisë së Kosovës,Të Hyrat nga AKP,,,,,,0.0,,0.0,0.0,0.0,Të Hyrat nga AKP 0 0 0 0
3.1,51,316,sub,46600,0411,Inspektoriati i Tregut,,58.0,459859.0,182113.0,,,400000.0,,1041972.0,657202.0,773083.0,"46600 0411 Inspektoriati i Tregut 58 459,859 182,113 400,000 1,041,972 657,202 773,083"
3.1,51,325,source,46600,,Inspektoriati i Tregut,Grantet Qeveritare,,459859.0,182113.0,,,400000.0,,1041972.0,657202.0,773083.0,"Grantet Qeveritare 459,859 182,113 400,000 1,041,972 657,202 773,083"
3.1,51,334,source,46600,,Inspektoriati i Tregut,Të Hyrat vetanake,,0.0,0.0,,,0.0,,0.0,0.0,0.0,Të Hyrat vetanake 0 0 0 0 0 0
3.1,51,343,source,46600,,Inspektoriati i Tregut,Financimi nga Huamarrja,,0.0,0.0,,,0.0,,0.0,0.0,0.0,Financimi nga Huamarrja 0 0 0 0 0 0
3.1,51,352,source,46600,,Inspektoriati i Tregut,Të Hyrat nga AKP,,,,,,0.0,,0.0,0.0,0.0,Të Hyrat nga AKP 0 0 0 0
3.1,51,361,sub,46800,0473,Departamenti i Turizmit,,6.0,46434.0,114000.0,,,,,160434.0,176533.0,181281.0,"46800 0473 Departamenti i Turizmit 6 46,434 114,000 160,434 176,533 181,281"
3.1,51,370,source,46800,,Departamenti i Turizmit,Grantet Qeveritare,,46434.0,114000.0,,,,,160434.0,176533.0,181281.0,"Grantet Qeveritare 46,434 114,000 160,434 176,533 181,281"
3.1,51,379,source,46800,,Departamenti i Turizmit,Të Hyrat vetanake,,0.0,0.0,,,,,,,,Të Hyrat vetanake 0 0
3.1,51,388,source,46800,,Departamenti i Turizmit,Financimi nga Huamarrja,,0.0,0.0,,,,,,,,Financimi nga Huamarrja 0 0
3.1,51,397,source,46800,,Departamenti i Turizmit,Të Hyrat nga AKP,,,,,,,,,,,Të Hyrat nga AKP
3.1,51,406,sub,49000,0411,Agjencioni per Inv. dhe Perkrahjen.,,28.0,267246.0,511888.0,,8246000.0,8970000.0,,17995134.0,22397363.0,22395253.0,"49000 0411 Agjencioni per Inv. dhe Perkrahjen. e Nderm 28 267,246 511,888 8,246,000 8,970,000 17,995,134 22,397,363 22,395,253"
3.1,51,415,source,49000,,Agjencioni per Inv. dhe Perkrahjen.,Grantet Qeveritare,,267246.0,511888.0,,8246000.0,8970000.0,,17995134.0,22397363.0,22395253.0,"Grantet Qeveritare 267,246 511,888 8,246,000 8,970,000 17,995,134 22,397,363 22,395,253"
3.1,51,424,source,49000,,Agjencioni per Inv. dhe Perkrahjen.,Të Hyrat vetanake,,0.0,0.0,,,0.0,,0.0,0.0,0.0,Të Hyrat vetanake 0 0 0 0 0 0
3.1,51,433,source,49000,,Agjencioni per Inv. dhe Perkrahjen.,Financimi nga Huamarrja,,0.0,0.0,,,0.0,,0.0,0.0,0.0,Financimi nga Huamarrja 0 0 0 0 0 0
3.1,51,442,source,49000,,Agjencioni per Inv. dhe Perkrahjen.,Të Hyrat nga AKP,,,,,,0.0,,0.0,0.0,0.0,Të Hyrat nga AKP 0 0 0 0
3.1,51,451,sub,49100,0432,Departamenti për Rreg.Tregut të naftës,,10.0,88891.0,19938.0,,,,,108829.0,113850.0,113915.0,"49100 0432 Departamenti për Rreg.Tregut të naftës 10 88,891 19,938 108,829 113,850 113,915"
3.1,51,460,source,49100,,Departamenti për Rreg.Tregut të naftës,Grantet Qeveritare,,88891.0,19938.0,,,,,108829.0,113850.0,113915.0,"Grantet Qeveritare 88,891 19,938 108,829 113,850 113,915"
3.1,51,469,source,49100,,Departamenti për Rreg.Tregut të naftës,Të Hyrat vetanake,,0.0,0.0,,,,,,,,Të Hyrat vetanake 0 0
3.1,51,478,source,49100,,Departamenti për Rreg.Tregut të naftës,Financimi nga Huamarrja,,0.0,0.0,,,,,,,,Financimi nga Huamarrja 0 0
3.1,51,487,source,49100,,Departamenti për Rreg.Tregut të naftës,Të Hyrat nga AKP,,,,,,,,,,,Të Hyrat nga AKP
3.1,51,496,sub,49200,0411,Departamenti për Kontrollin e Tregut,,4.0,43042.0,17805.0,,,,,60847.0,63868.0,63890.0,"49200 0411 Departamenti për Kontrollin e Tregut Mallra 4 43,042 17,805 60,847 63,868 63,890"
3.1,51,505,source,49200,,Departamenti për Kontrollin e Tregut,Grantet Qeveritare,,43042.0,17805.0,,,,,60847.0,63868.0,63890.0,"Grantet Qeveritare 43,042 17,805 60,847 63,868 63,890"
3.1,51,514,source,49200,,Departamenti për Kontrollin e Tregut,Të Hyrat vetanake,,0.0,0.0,,,,,,,,Të Hyrat vetanake 0 0
3.1,51,523,source,49200,,Departamenti për Kontrollin e Tregut,Financimi nga Huamarrja,,0.0,0.0,,,,,,,,Financimi nga Huamarrja 0 0
3.1,51,532,source,49200,,Departamenti për Kontrollin e Tregut,Të Hyrat nga AKP,,,,,,,,,,,Të Hyrat nga AKP
3.1,52,91,sub,49300,0411,Divizioni për Investime Strategjike,,10.0,78619.0,133598.0,,,,,212217.0,216237.0,216258.0,"49300 0411 Divizioni për Investime Strategjike 10 78,619 133,598 212,217 216,237 216,258"
3.1,52,100,source,49300,,Divizioni për Investime Strategjike,Grantet Qeveritare,,78619.0,133598.0,,,,,212217.0,216237.0,216258.0,"Grantet Qeveritare 78,619 133,598 212,217 216,237 216,258"
3.1,52,109,source,49300,,Divizioni për Investime Strategjike,Të Hyrat vetanake,,0.0,0.0,,,,,,,,Të Hyrat vetanake 0 0
3.1,52,118,source,49300,,Divizioni për Investime Strategjike,Financimi nga Huamarrja,,0.0,0.0,,,,,,,,Financimi nga Huamarrja 0 0
3.1,52,127,source,49300,,Divizioni për Investime Strategjike,Të Hyrat nga AKP,,,,,,,,,,,Të Hyrat nga AKP
3.1,52,136,prog,,,Rexhistrimi i Bizneseve,,22.0,196774.0,78006.0,,,50000.0,,324780.0,339904.0,348464.0,"Rexhistrimi i Bizneseve 22 196,774 78,006 50,000 324,780 339,904 348,464"
3.1,52,145,source,,,Rexhistrimi i Bizneseve,Grantet Qeveritare,,196774.0,78006.0,,,50000.0,,324780.0,339904.0,348464.0,"Grantet Qeveritare 196,774 78,006 50,000 324,780 339,904 348,464"
3.1,52,154,source,,,Rexhistrimi i Bizneseve,Të Hyrat vetanake,,0.0,0.0,,,0.0,,0.0,0.0,0.0,Të Hyrat vetanake 0 0 0 0 0 0
3.1,52,163,source,,,Rexhistrimi i Bizneseve,Financimi nga Huamarrja,,0.0,0.0,,,0.0,,0.0,0.0,0.0,Financimi nga Huamarrja 0 0 0 0 0 0
3.1,52,172,source,,,Rexhistrimi i Bizneseve,Të Hyrat nga AKP,,,,,,0.0,,0.0,0.0,0.0,Të Hyrat nga AKP 0 0 0 0
3.1,52,181,sub,41400,0411,Regjistri Kosovar i Bizneseve,,22.0,196774.0,78006.0,,,50000.0,,324780.0,339904.0,348464.0,"41400 0411 Regjistri Kosovar i Bizneseve 22 196,774 78,006 50,000 324,780 339,904 348,464"
3.1,52,190,source,41400,,Regjistri Kosovar i Bizneseve,Grantet Qeveritare,,196774.0,78006.0,,,50000.0,,324780.0,339904.0,348464.0,"Grantet Qeveritare 196,774 78,006 50,000 324,780 339,904 348,464"
3.1,52,199,source,41400,,Regjistri Kosovar i Bizneseve,Të Hyrat vetanake,,0.0,0.0,,,0.0,,0.0,0.0,0.0,Të Hyrat vetanake 0 0 0 0 0 0
3.1,52,208,source,41400,,Regjistri Kosovar i Bizneseve,Financimi nga Huamarrja,,0.0,0.0,,,0.0,,0.0,0.0,0.0,Financimi nga Huamarrja 0 0 0 0 0 0
3.1,52,217,source,41400,,Regjistri Kosovar i Bizneseve,Të Hyrat nga AKP,,,,,,0.0,,0.0,0.0,0.0,Të Hyrat nga AKP 0 0 0 0
3.1,52,226,prog,,,Departamenti për Integrim,,5.0,49846.0,21055.0,,,,,70901.0,70909.0,70917.0,"Departamenti për Integrim 5 49,846 21,055 70,901 70,909 70,917"
3.1,52,235,source,,,Departamenti për Integrim,Grantet Qeveritare,,49846.0,21055.0,,,,,70901.0,70909.0,70917.0,"Grantet Qeveritare 49,846 21,055 70,901 70,909 70,917"
3.1,52,244,source,,,Departamenti për Integrim,Të Hyrat vetanake,,0.0,0.0,,,,,,,,Të Hyrat vetanake 0 0
3.1,52,253,source,,,Departamenti për Integrim,Financimi nga Huamarrja,,0.0,0.0,,,,,,,,Financimi nga Huamarrja 0 0
3.1,52,262,source,,,Departamenti për Integrim,Të Hyrat nga AKP,,,,,,,,,,,Të Hyrat nga AKP
3.1,52,271,sub,26800,0411,Departamenti për Integrime,,5.0,49846.0,21055.0,,,,,70901.0,70909.0,70917.0,"26800 0411 Departamenti për Integrime 5 49,846 21,055 70,901 70,909 70,917"
3.1,52,280,source,26800,,Departamenti për Integrime,Grantet Qeveritare,,49846.0,21055.0,,,,,70901.0,70909.0,70917.0,"Grantet Qeveritare 49,846 21,055 70,901 70,909 70,917"
3.1,52,289,source,26800,,Departamenti për Integrime,Të Hyrat vetanake,,0.0,0.0,,,,,,,,Të Hyrat vetanake 0 0
3.1,52,298,source,26800,,Departamenti për Integrime,Financimi nga Huamarrja,,0.0,0.0,,,,,,,,Financimi nga Huamarrja 0 0
3.1,52,307,source,26800,,Departamenti për Integrime,Të Hyrat nga AKP,,,,,,,,,,,Të Hyrat nga AKP
3.1,52,316,prog,,,Departamenti i Inovacion,,25.0,141910.0,142590.0,,,150000.0,,434500.0,479191.0,477633.0,"Departamenti i Inovacion 25 141,910 142,590 150,000 434,500 479,191 477,633"
3.1,52,325,source,,,Departamenti i Inovacion,Grantet Qeveritare,,141910.0,142590.0,,,150000.0,,434500.0,479191.0,477633.0,"Grantet Qeveritare 141,910 142,590 150,000 434,500 479,191 477,633"
3.1,52,334,source,,,Departamenti i Inovacion,Të Hyrat vetanake,,0.0,0.0,,,0.0,,0.0,0.0,0.0,Të Hyrat vetanake 0 0 0 0 0 0
3.1,52,343,source,,,Departamenti i Inovacion,Financimi nga Huamarrja,,0.0,0.0,,,0.0,,0.0,0.0,0.0,Financimi nga Huamarrja 0 0 0 0 0 0
3.1,52,352,source,,,Departamenti i Inovacion,Të Hyrat nga AKP,,,,,,0.0,,0.0,0.0,0.0,Të Hyrat nga AKP 0 0 0 0
3.1,52,361,sub,29600,0411,Departamenti i Inovacionit,,25.0,141910.0,142590.0,,,150000.0,,434500.0,479191.0,477633.0,"29600 0411 Departamenti i Inovacionit 25 141,910 142,590 150,000 434,500 479,191 477,633"
3.1,52,370,source,29600,,Departamenti i Inovacionit,Grantet Qeveritare,,141910.0,142590.0,,,150000.0,,434500.0,479191.0,477633.0,"Grantet Qeveritare 141,910 142,590 150,000 434,500 479,191 477,633"
3.1,52,379,source,29600,,Departamenti i Inovacionit,Të Hyrat vetanake,,0.0,0.0,,,0.0,,0.0,0.0,0.0,Të Hyrat vetanake 0 0 0 0 0 0
3.1,52,388,source,29600,,Departamenti i Inovacionit,Financimi nga Huamarrja,,0.0,0.0,,,0.0,,0.0,0.0,0.0,Financimi nga Huamarrja 0 0 0 0 0 0
3.1,52,397,source,29600,,Departamenti i Inovacionit,Të Hyrat nga AKP,,,,,,0.0,,0.0,0.0,0.0,Të Hyrat nga AKP 0 0 0 0
3.1,52,406,prog,,,Ndërmarrësia,,4.0,47295.0,35000.0,,,,,82295.0,84307.0,85320.0,"Ndërmarrësia 4 47,295 35,000 82,295 84,307 85,320"
3.1,52,415,source,,,Ndërmarrësia,Grantet Qeveritare,,47295.0,35000.0,,,,,82295.0,84307.0,85320.0,"Grantet Qeveritare 47,295 35,000 82,295 84,307 85,320"
3.1,52,424,source,,,Ndërmarrësia,Të Hyrat vetanake,,0.0,0.0,,,,,,,,Të Hyrat vetanake 0 0
3.1,52,433,source,,,Ndërmarrësia,Financimi nga Huamarrja,,0.0,0.0,,,,,,,,Financimi nga Huamarrja 0 0
3.1,52,442,source,,,Ndërmarrësia,Të Hyrat nga AKP,,,,,,,,,,,Të Hyrat nga AKP
3.1,52,451,sub,49400,0411,Ndërmarrësia,,4.0,47295.0,35000.0,,,,,82295.0,84307.0,85320.0,"49400 0411 Ndërmarrësia 4 47,295 35,000 82,295 84,307 85,320"
3.1,52,460,source,49400,,Ndërmarrësia,Grantet Qeveritare,,47295.0,35000.0,,,,,82295.0,84307.0,85320.0,"Grantet Qeveritare 47,295 35,000 82,295 84,307 85,320"
3.1,52,469,source,49400,,Ndërmarrësia,Të Hyrat vetanake,,0.0,0.0,,,,,,,,Të Hyrat vetanake 0 0
3.1,52,478,source,49400,,Ndërmarrësia,Financimi nga Huamarrja,,0.0,0.0,,,,,,,,Financimi nga Huamarrja 0 0
3.1,52,487,source,49400,,Ndërmarrësia,Të Hyrat nga AKP,,,,,,,,,,,Të Hyrat nga AKP
3.1,52,496,prog,,,Shërbimet e Administratë,,66.0,684603.0,863396.0,158280.0,,150000.0,,1856279.0,1767742.0,1777796.0,"Shërbimet e Administratë 66 684,603 863,396 158,280 150,000 1,856,279 1,767,742 1,777,796"
3.1,52,505,source,,,Shërbimet e Administratë,Grantet Qeveritare,,684603.0,863396.0,158280.0,,150000.0,,1856279.0,1767742.0,1777796.0,"Grantet Qeveritare 684,603 863,396 158,280 150,000 1,856,279 1,767,742 1,777,796"
3.1,52,514,source,,,Shërbimet e Administratë,Të Hyrat vetanake,,0.0,0.0,,,0.0,,0.0,0.0,0.0,Të Hyrat vetanake 0 0 0 0 0 0
3.1,52,523,source,,,Shërbimet e Administratë,Financimi nga Huamarrja,,0.0,0.0,,,0.0,,0.0,0.0,0.0,Financimi nga Huamarrja 0 0 0 0 0 0
3.1,52,532,source,,,Shërbimet e Administratë,Të Hyrat nga AKP,,,,,,0.0,,0.0,0.0,0.0,Të Hyrat nga AKP 0 0 0 0
3.1,53,91,sub,11304,0411,Departamenti i Financave dhe shërbimeve,,48.0,434095.0,755078.0,158280.0,,150000.0,,1497453.0,1408889.0,1418916.0,"11304 0411 Departamenti i Financave dhe shërbimeve p 48 434,095 755,078 158,280 150,000 1,497,453 1,408,889 1,418,916"
3.1,53,100,source,11304,,Departamenti i Financave dhe shërbimeve,Grantet Qeveritare,,434095.0,755078.0,158280.0,,150000.0,,1497453.0,1408889.0,1418916.0,"Grantet Qeveritare 434,095 755,078 158,280 150,000 1,497,453 1,408,889 1,418,916"
3.1,53,109,source,11304,,Departamenti i Financave dhe shërbimeve,Të Hyrat vetanake,,0.0,0.0,,,0.0,,0.0,0.0,0.0,Të Hyrat vetanake 0 0 0 0 0 0
3.1,53,118,source,11304,,Departamenti i Financave dhe shërbimeve,Financimi nga Huamarrja,,0.0,0.0,,,0.0,,0.0,0.0,0.0,Financimi nga Huamarrja 0 0 0 0 0 0
3.1,53,127,source,11304,,Departamenti i Financave dhe shërbimeve,Të Hyrat nga AKP,,,,,,0.0,,0.0,0.0,0.0,Të Hyrat nga AKP 0 0 0 0
3.1,53,136,sub,11404,0411,Zyra e Ministrit,,18.0,250508.0,108318.0,,,,,358826.0,358853.0,358881.0,"11404 0411 Zyra e Ministrit 18 250,508 108,318 358,826 358,853 358,881"
3.1,53,145,source,11404,,Zyra e Ministrit,Grantet Qeveritare,,250508.0,108318.0,,,,,358826.0,358853.0,358881.0,"Grantet Qeveritare 250,508 108,318 358,826 358,853 358,881"
3.1,53,154,source,11404,,Zyra e Ministrit,Të Hyrat vetanake,,0.0,0.0,,,,,,,,Të Hyrat vetanake 0 0
3.1,53,163,source,11404,,Zyra e Ministrit,Financimi nga Huamarrja,,0.0,0.0,,,,,,,,Financimi nga Huamarrja 0 0
3.1,53,172,source,11404,,Zyra e Ministrit,Të Hyrat nga AKP,,,,,,,,,,,Të Hyrat nga AKP
3.1,53,181,org,205,,"Ministria e Mjedisit,Planifikimit Hapës",,636.0,6132762.0,37605515.0,481490.0,1643814.0,243688265.0,,289551846.0,323126046.0,310472259.0,"205 Ministria e Mjedisit,Planifikimit Hapës 636 6,132,762 37,605,515 481,490 1,643,814 243,688,265 289,551,846 323,126,046 310,472,259"
3.1,53,190,source,205,,"Ministria e Mjedisit,Planifikimit Hapës",Grantet Qeveritare,,6132762.0,31754941.0,481490.0,1643814.0,241038265.0,,281051272.0,306396722.0,302672259.0,"Grantet Qeveritare 6,132,762 31,754,941 481,490 1,643,814 241,038,265 281,051,272 306,396,722 302,672,259"
3.1,53,199,source,205,,"Ministria e Mjedisit,Planifikimit Hapës",Të Hyrat vetanake,,0.0,0.0,,,0.0,,0.0,0.0,0.0,Të Hyrat vetanake 0 0 0 0 0 0
3.1,53,208,source,205,,"Ministria e Mjedisit,Planifikimit Hapës",Financimi nga Huamarrja,,0.0,5850574.0,,,2650000.0,,8500574.0,16729324.0,7800000.0,"Financimi nga Huamarrja 0 5,850,574 2,650,000 8,500,574 16,729,324 7,800,000"
3.1,53,217,source,205,,"Ministria e Mjedisit,Planifikimit Hapës",Të Hyrat nga AKP,,,,,,0.0,,0.0,0.0,0.0,Të Hyrat nga AKP 0 0 0 0
3.1,53,226,prog,,,Departamenti per mbrojtj,,7.0,71016.0,46000.0,5000.0,,,,122016.0,122016.0,120486.0,"Departamenti per mbrojtj 7 71,016 46,000 5,000 122,016 122,016 120,486"
3.1,53,235,source,,,Departamenti per mbrojtj,Grantet Qeveritare,,71016.0,46000.0,5000.0,,,,122016.0,122016.0,120486.0,"Grantet Qeveritare 71,016 46,000 5,000 122,016 122,016 120,486"
3.1,53,244,source,,,Departamenti per mbrojtj,Të Hyrat vetanake,,0.0,0.0,,,,,,,,Të Hyrat vetanake 0 0
3.1,53,253,source,,,Departamenti per mbrojtj,Financimi nga Huamarrja,,0.0,0.0,,,,,,,,Financimi nga Huamarrja 0 0
3.1,53,262,source,,,Departamenti per mbrojtj,Të Hyrat nga AKP,,,,,,,,,,,Të Hyrat nga AKP
3.1,53,271,sub,26400,0560,Departamenti per mbrojtjen nga rrezatimi,,7.0,71016.0,46000.0,5000.0,,,,122016.0,122016.0,120486.0,"26400 0560 Departamenti per mbrojtjen nga rrezatimi dh 7 71,016 46,000 5,000 122,016 122,016 120,486"
3.1,53,280,source,26400,,Departamenti per mbrojtjen nga rrezatimi,Grantet Qeveritare,,71016.0,46000.0,5000.0,,,,122016.0,122016.0,120486.0,"Grantet Qeveritare 71,016 46,000 5,000 122,016 122,016 120,486"
3.1,53,289,source,26400,,Departamenti per mbrojtjen nga rrezatimi,Të Hyrat vetanake,,0.0,0.0,,,,,,,,Të Hyrat vetanake 0 0
3.1,53,298,source,26400,,Departamenti per mbrojtjen nga rrezatimi,Financimi nga Huamarrja,,0.0,0.0,,,,,,,,Financimi nga Huamarrja 0 0
3.1,53,307,source,26400,,Departamenti per mbrojtjen nga rrezatimi,Të Hyrat nga AKP,,,,,,,,,,,Të Hyrat nga AKP
3.1,53,316,prog,,,Infrastruktura Rrugore,,24.0,248292.0,8054941.0,,,179074347.0,,187377580.0,207565639.0,197820616.0,"Infrastruktura Rrugore 24 248,292 8,054,941 179,074,347 187,377,580 207,565,639 197,820,616"
3.1,53,325,source,,,Infrastruktura Rrugore,Grantet Qeveritare,,248292.0,7904941.0,,,176424347.0,,184577580.0,202822639.0,197820616.0,"Grantet Qeveritare 248,292 7,904,941 176,424,347 184,577,580 202,822,639 197,820,616"
3.1,53,334,source,,,Infrastruktura Rrugore,Të Hyrat vetanake,,0.0,0.0,,,0.0,,0.0,0.0,0.0,Të Hyrat vetanake 0 0 0 0 0 0
3.1,53,343,source,,,Infrastruktura Rrugore,Financimi nga Huamarrja,,0.0,150000.0,,,2650000.0,,2800000.0,4743000.0,0.0,"Financimi nga Huamarrja 0 150,000 2,650,000 2,800,000 4,743,000 0"
3.1,53,352,source,,,Infrastruktura Rrugore,Të Hyrat nga AKP,,,,,,0.0,,0.0,0.0,0.0,Të Hyrat nga AKP 0 0 0 0
3.1,53,361,sub,41500,0451,Departamenti I Infrastrukturës Rrugore,,24.0,248292.0,8054941.0,,,,,8303233.0,9398292.0,9055909.0,"41500 0451 Departamenti I Infrastrukturës Rrugore 24 248,292 8,054,941 8,303,233 9,398,292 9,055,909"
3.1,53,370,source,41500,,Departamenti I Infrastrukturës Rrugore,Grantet Qeveritare,,248292.0,7904941.0,,,,,8153233.0,9248292.0,9055909.0,"Grantet Qeveritare 248,292 7,904,941 8,153,233 9,248,292 9,055,909"
3.1,53,379,source,41500,,Departamenti I Infrastrukturës Rrugore,Të Hyrat vetanake,,0.0,0.0,,,,,,,,Të Hyrat vetanake 0 0
3.1,53,388,source,41500,,Departamenti I Infrastrukturës Rrugore,Financimi nga Huamarrja,,0.0,150000.0,,,,,150000.0,150000.0,,"Financimi nga Huamarrja 0 150,000 150,000 150,000"
3.1,53,397,source,41500,,Departamenti I Infrastrukturës Rrugore,Të Hyrat nga AKP,,,,,,,,,,,Të Hyrat nga AKP
3.1,53,406,sub,41700,0451,Ndërtimi i Urave,,,,,,,2428908.0,,2428908.0,2000000.0,2000000.0,"41700 0451 Ndërtimi i Urave 2,428,908 2,428,908 2,000,000 2,000,000"
3.1,53,415,source,41700,,Ndërtimi i Urave,Grantet Qeveritare,,,,,,2428908.0,,2428908.0,2000000.0,2000000.0,"Grantet Qeveritare 2,428,908 2,428,908 2,000,000 2,000,000"
3.1,53,424,source,41700,,Ndërtimi i Urave,Të Hyrat vetanake,,,,,,0.0,,0.0,0.0,0.0,Të Hyrat vetanake 0 0 0 0
3.1,53,433,source,41700,,Ndërtimi i Urave,Financimi nga Huamarrja,,,,,,0.0,,0.0,0.0,0.0,Financimi nga Huamarrja 0 0 0 0
3.1,53,442,source,41700,,Ndërtimi i Urave,Të Hyrat nga AKP,,,,,,0.0,,0.0,0.0,0.0,Të Hyrat nga AKP 0 0 0 0
3.1,53,451,sub,41800,0451,Rehabilitimi i Rrugëve,,,,,,,69223754.0,,69223754.0,69436000.0,68216000.0,"41800 0451 Rehabilitimi i Rrugëve 69,223,754 69,223,754 69,436,000 68,216,000"
3.1,53,460,source,41800,,Rehabilitimi i Rrugëve,Grantet Qeveritare,,,,,,66573754.0,,66573754.0,64843000.0,68216000.0,"Grantet Qeveritare 66,573,754 66,573,754 64,843,000 68,216,000"
3.1,53,469,source,41800,,Rehabilitimi i Rrugëve,Të Hyrat vetanake,,,,,,0.0,,0.0,0.0,0.0,Të Hyrat vetanake 0 0 0 0
3.1,53,478,source,41800,,Rehabilitimi i Rrugëve,Financimi nga Huamarrja,,,,,,2650000.0,,2650000.0,4593000.0,0.0,"Financimi nga Huamarrja 2,650,000 2,650,000 4,593,000 0"
3.1,53,487,source,41800,,Rehabilitimi i Rrugëve,Të Hyrat nga AKP,,,,,,0.0,,0.0,0.0,0.0,Të Hyrat nga AKP 0 0 0 0
3.1,53,496,sub,42000,0451,Projektet e Bashkfinancimit me K.K.,,,,,,,61576452.0,,61576452.0,57705398.0,36867135.0,"42000 0451 Projektet e Bashkfinancimit me K.K. 61,576,452 61,576,452 57,705,398 36,867,135"
3.1,53,505,source,42000,,Projektet e Bashkfinancimit me K.K.,Grantet Qeveritare,,,,,,61576452.0,,61576452.0,57705398.0,36867135.0,"Grantet Qeveritare 61,576,452 61,576,452 57,705,398 36,867,135"
3.1,53,514,source,42000,,Projektet e Bashkfinancimit me K.K.,Të Hyrat vetanake,,,,,,0.0,,0.0,0.0,0.0,Të Hyrat vetanake 0 0 0 0
3.1,53,523,source,42000,,Projektet e Bashkfinancimit me K.K.,Financimi nga Huamarrja,,,,,,0.0,,0.0,0.0,0.0,Financimi nga Huamarrja 0 0 0 0
3.1,53,532,source,42000,,Projektet e Bashkfinancimit me K.K.,Të Hyrat nga AKP,,,,,,0.0,,0.0,0.0,0.0,Të Hyrat nga AKP 0 0 0 0
3.1,54,91,sub,42100,0451,Ndërtimet e reja të Rrugëve,,,,,,,24639365.0,,24639365.0,17894500.0,12487000.0,"42100 0451 Ndërtimet e reja të Rrugëve 24,639,365 24,639,365 17,894,500 12,487,000"
3.1,54,100,source,42100,,Ndërtimet e reja të Rrugëve,Grantet Qeveritare,,,,,,24639365.0,,24639365.0,17894500.0,12487000.0,"Grantet Qeveritare 24,639,365 24,639,365 17,894,500 12,487,000"
3.1,54,109,source,42100,,Ndërtimet e reja të Rrugëve,Të Hyrat vetanake,,,,,,0.0,,0.0,0.0,0.0,Të Hyrat vetanake 0 0 0 0
3.1,54,118,source,42100,,Ndërtimet e reja të Rrugëve,Financimi nga Huamarrja,,,,,,0.0,,0.0,0.0,0.0,Financimi nga Huamarrja 0 0 0 0
3.1,54,127,source,42100,,Ndërtimet e reja të Rrugëve,Të Hyrat nga AKP,,,,,,0.0,,0.0,0.0,0.0,Të Hyrat nga AKP 0 0 0 0
3.1,54,136,sub,42200,0451,Ndërtimi i Autostradave,,,,,,,21205868.0,,21205868.0,51131449.0,69194572.0,"42200 0451 Ndërtimi i Autostradave 21,205,868 21,205,868 51,131,449 69,194,572"
3.1,54,145,source,42200,,Ndërtimi i Autostradave,Grantet Qeveritare,,,,,,21205868.0,,21205868.0,51131449.0,69194572.0,"Grantet Qeveritare 21,205,868 21,205,868 51,131,449 69,194,572"
3.1,54,154,source,42200,,Ndërtimi i Autostradave,Të Hyrat vetanake,,,,,,0.0,,0.0,0.0,0.0,Të Hyrat vetanake 0 0 0 0
3.1,54,163,source,42200,,Ndërtimi i Autostradave,Financimi nga Huamarrja,,,,,,0.0,,0.0,0.0,0.0,Financimi nga Huamarrja 0 0 0 0
3.1,54,172,source,42200,,Ndërtimi i Autostradave,Të Hyrat nga AKP,,,,,,0.0,,0.0,0.0,0.0,Të Hyrat nga AKP 0 0 0 0
3.1,54,181,prog,,,Departamenti i Automjete,,70.0,645216.0,1000000.0,47890.0,,2810000.0,,4503106.0,5155216.0,5265216.0,"Departamenti i Automjete 70 645,216 1,000,000 47,890 2,810,000 4,503,106 5,155,216 5,265,216"
3.1,54,190,source,,,Departamenti i Automjete,Grantet Qeveritare,,645216.0,1000000.0,47890.0,,2810000.0,,4503106.0,5155216.0,5265216.0,"Grantet Qeveritare 645,216 1,000,000 47,890 2,810,000 4,503,106 5,155,216 5,265,216"
3.1,54,199,source,,,Departamenti i Automjete,Të Hyrat vetanake,,0.0,0.0,,,0.0,,0.0,0.0,0.0,Të Hyrat vetanake 0 0 0 0 0 0
3.1,54,208,source,,,Departamenti i Automjete,Financimi nga Huamarrja,,0.0,0.0,,,0.0,,0.0,0.0,0.0,Financimi nga Huamarrja 0 0 0 0 0 0
3.1,54,217,source,,,Departamenti i Automjete,Të Hyrat nga AKP,,,,,,0.0,,0.0,0.0,0.0,Të Hyrat nga AKP 0 0 0 0
3.1,54,226,sub,42400,0451,Departamenti i Automjeteve dhe Patente,,70.0,645216.0,1000000.0,47890.0,,2810000.0,,4503106.0,5155216.0,5265216.0,"42400 0451 Departamenti i Automjeteve dhe Patente Sho 70 645,216 1,000,000 47,890 2,810,000 4,503,106 5,155,216 5,265,216"
3.1,54,235,source,42400,,Departamenti i Automjeteve dhe Patente,Grantet Qeveritare,,645216.0,1000000.0,47890.0,,2810000.0,,4503106.0,5155216.0,5265216.0,"Grantet Qeveritare 645,216 1,000,000 47,890 2,810,000 4,503,106 5,155,216 5,265,216"
3.1,54,244,source,42400,,Departamenti i Automjeteve dhe Patente,Të Hyrat vetanake,,0.0,0.0,,,0.0,,0.0,0.0,0.0,Të Hyrat vetanake 0 0 0 0 0 0
3.1,54,253,source,42400,,Departamenti i Automjeteve dhe Patente,Financimi nga Huamarrja,,0.0,0.0,,,0.0,,0.0,0.0,0.0,Financimi nga Huamarrja 0 0 0 0 0 0
3.1,54,262,source,42400,,Departamenti i Automjeteve dhe Patente,Të Hyrat nga AKP,,,,,,0.0,,0.0,0.0,0.0,Të Hyrat nga AKP 0 0 0 0
3.1,54,271,prog,,,Departamenti I Inspektim,,50.0,525888.0,150000.0,6000.0,,,,681888.0,731888.0,786588.0,"Departamenti I Inspektim 50 525,888 150,000 6,000 681,888 731,888 786,588"
3.1,54,280,source,,,Departamenti I Inspektim,Grantet Qeveritare,,525888.0,150000.0,6000.0,,,,681888.0,731888.0,786588.0,"Grantet Qeveritare 525,888 150,000 6,000 681,888 731,888 786,588"
3.1,54,289,source,,,Departamenti I Inspektim,Të Hyrat vetanake,,0.0,0.0,,,,,,,,Të Hyrat vetanake 0 0
3.1,54,298,source,,,Departamenti I Inspektim,Financimi nga Huamarrja,,0.0,0.0,,,,,,,,Financimi nga Huamarrja 0 0
3.1,54,307,source,,,Departamenti I Inspektim,Të Hyrat nga AKP,,,,,,,,,,,Të Hyrat nga AKP
3.1,54,316,sub,42800,0451,Departamenti I Inspektimit,,50.0,525888.0,150000.0,6000.0,,,,681888.0,731888.0,786588.0,"42800 0451 Departamenti I Inspektimit 50 525,888 150,000 6,000 681,888 731,888 786,588"
3.1,54,325,source,42800,,Departamenti I Inspektimit,Grantet Qeveritare,,525888.0,150000.0,6000.0,,,,681888.0,731888.0,786588.0,"Grantet Qeveritare 525,888 150,000 6,000 681,888 731,888 786,588"
3.1,54,334,source,42800,,Departamenti I Inspektimit,Të Hyrat vetanake,,0.0,0.0,,,,,,,,Të Hyrat vetanake 0 0
3.1,54,343,source,42800,,Departamenti I Inspektimit,Financimi nga Huamarrja,,0.0,0.0,,,,,,,,Financimi nga Huamarrja 0 0
3.1,54,352,source,42800,,Departamenti I Inspektimit,Të Hyrat nga AKP,,,,,,,,,,,Të Hyrat nga AKP
3.1,54,361,prog,,,Departamenti i Transpori,,28.0,272184.0,5193324.0,4500.0,1443814.0,3550000.0,,10463822.0,14393862.0,9270498.0,"Departamenti i Transpori 28 272,184 5,193,324 4,500 1,443,814 3,550,000 10,463,822 14,393,862 9,270,498"
3.1,54,370,source,,,Departamenti i Transpori,Grantet Qeveritare,,272184.0,2500000.0,4500.0,1443814.0,3550000.0,,7770498.0,8700538.0,9270498.0,"Grantet Qeveritare 272,184 2,500,000 4,500 1,443,814 3,550,000 7,770,498 8,700,538 9,270,498"
3.1,54,379,source,,,Departamenti i Transpori,Të Hyrat vetanake,,0.0,0.0,,,0.0,,0.0,0.0,0.0,Të Hyrat vetanake 0 0 0 0 0 0
3.1,54,388,source,,,Departamenti i Transpori,Financimi nga Huamarrja,,0.0,2693324.0,,,0.0,,2693324.0,5693324.0,0.0,"Financimi nga Huamarrja 0 2,693,324 0 2,693,324 5,693,324 0"
3.1,54,397,source,,,Departamenti i Transpori,Të Hyrat nga AKP,,,,,,0.0,,0.0,0.0,0.0,Të Hyrat nga AKP 0 0 0 0
3.1,54,406,sub,45900,0451,Departamenti i Transportit të Pergjithshëm,,28.0,272184.0,5193324.0,4500.0,1443814.0,3550000.0,,10463822.0,14393862.0,9270498.0,"45900 0451 Departamenti i Transportit të Pergjithshëm 28 272,184 5,193,324 4,500 1,443,814 3,550,000 10,463,822 14,393,862 9,270,498"
3.1,54,415,source,45900,,Departamenti i Transportit të Pergjithshëm,Grantet Qeveritare,,272184.0,2500000.0,4500.0,1443814.0,3550000.0,,7770498.0,8700538.0,9270498.0,"Grantet Qeveritare 272,184 2,500,000 4,500 1,443,814 3,550,000 7,770,498 8,700,538 9,270,498"
3.1,54,424,source,45900,,Departamenti i Transportit të Pergjithshëm,Të Hyrat vetanake,,0.0,0.0,,,0.0,,0.0,0.0,0.0,Të Hyrat vetanake 0 0 0 0 0 0
3.1,54,433,source,45900,,Departamenti i Transportit të Pergjithshëm,Financimi nga Huamarrja,,0.0,2693324.0,,,0.0,,2693324.0,5693324.0,0.0,"Financimi nga Huamarrja 0 2,693,324 0 2,693,324 5,693,324 0"
3.1,54,442,source,45900,,Departamenti i Transportit të Pergjithshëm,Të Hyrat nga AKP,,,,,,0.0,,0.0,0.0,0.0,Të Hyrat nga AKP 0 0 0 0
3.1,54,451,prog,,,Departamenti për Integrim,,6.0,60588.0,50000.0,2000.0,,,,112588.0,114888.0,117888.0,"Departamenti për Integrim 6 60,588 50,000 2,000 112,588 114,888 117,888"
3.1,54,460,source,,,Departamenti për Integrim,Grantet Qeveritare,,60588.0,50000.0,2000.0,,,,112588.0,114888.0,117888.0,"Grantet Qeveritare 60,588 50,000 2,000 112,588 114,888 117,888"
3.1,54,469,source,,,Departamenti për Integrim,Të Hyrat vetanake,,0.0,0.0,,,,,,,,Të Hyrat vetanake 0 0
3.1,54,478,source,,,Departamenti për Integrim,Financimi nga Huamarrja,,0.0,0.0,,,,,,,,Financimi nga Huamarrja 0 0
3.1,54,487,source,,,Departamenti për Integrim,Të Hyrat nga AKP,,,,,,,,,,,Të Hyrat nga AKP
3.1,54,496,sub,49700,0112,Departamenti për Integrime Evropiane,,6.0,60588.0,50000.0,2000.0,,,,112588.0,114888.0,117888.0,"49700 0112 Departamenti për Integrime Evropiane dhe K 6 60,588 50,000 2,000 112,588 114,888 117,888"
3.1,54,505,source,49700,,Departamenti për Integrime Evropiane,Grantet Qeveritare,,60588.0,50000.0,2000.0,,,,112588.0,114888.0,117888.0,"Grantet Qeveritare 60,588 50,000 2,000 112,588 114,888 117,888"
3.1,54,514,source,49700,,Departamenti për Integrime Evropiane,Të Hyrat vetanake,,0.0,0.0,,,,,,,,Të Hyrat vetanake 0 0
3.1,54,523,source,49700,,Departamenti për Integrime Evropiane,Financimi nga Huamarrja,,0.0,0.0,,,,,,,,Financimi nga Huamarrja 0 0
3.1,54,532,source,49700,,Departamenti për Integrime Evropiane,Të Hyrat nga AKP,,,,,,,,,,,Të Hyrat nga AKP
3.1,55,91,prog,,,Departamenti Ligjor,,12.0,116226.0,100000.0,3000.0,,,,219226.0,239226.0,239226.0,"Departamenti Ligjor 12 116,226 100,000 3,000 219,226 239,226 239,226"
3.1,55,100,source,,,Departamenti Ligjor,Grantet Qeveritare,,116226.0,100000.0,3000.0,,,,219226.0,239226.0,239226.0,"Grantet Qeveritare 116,226 100,000 3,000 219,226 239,226 239,226"
3.1,55,109,source,,,Departamenti Ligjor,Të Hyrat vetanake,,0.0,0.0,,,,,,,,Të Hyrat vetanake 0 0
3.1,55,118,source,,,Departamenti Ligjor,Financimi nga Huamarrja,,0.0,0.0,,,,,,,,Financimi nga Huamarrja 0 0
3.1,55,127,source,,,Departamenti Ligjor,Të Hyrat nga AKP,,,,,,,,,,,Të Hyrat nga AKP
3.1,55,136,sub,49800,0112,Departamenti Ligjor,,12.0,116226.0,100000.0,3000.0,,,,219226.0,239226.0,239226.0,"49800 0112 Departamenti Ligjor 12 116,226 100,000 3,000 219,226 239,226 239,226"
3.1,55,145,source,49800,,Departamenti Ligjor,Grantet Qeveritare,,116226.0,100000.0,3000.0,,,,219226.0,239226.0,239226.0,"Grantet Qeveritare 116,226 100,000 3,000 219,226 239,226 239,226"
3.1,55,154,source,49800,,Departamenti Ligjor,Të Hyrat vetanake,,0.0,0.0,,,,,,,,Të Hyrat vetanake 0 0
3.1,55,163,source,49800,,Departamenti Ligjor,Financimi nga Huamarrja,,0.0,0.0,,,,,,,,Financimi nga Huamarrja 0 0
3.1,55,172,source,49800,,Departamenti Ligjor,Të Hyrat nga AKP,,,,,,,,,,,Të Hyrat nga AKP
3.1,55,181,prog,,,Departamenti I Menaxhim,,56.0,537438.0,10500000.0,176000.0,,6800000.0,,18013438.0,18488938.0,20355438.0,"Departamenti I Menaxhim 56 537,438 10,500,000 176,000 6,800,000 18,013,438 18,488,938 20,355,438"
3.1,55,190,source,,,Departamenti I Menaxhim,Grantet Qeveritare,,537438.0,10500000.0,176000.0,,6800000.0,,18013438.0,18488938.0,20355438.0,"Grantet Qeveritare 537,438 10,500,000 176,000 6,800,000 18,013,438 18,488,938 20,355,438"
3.1,55,199,source,,,Departamenti I Menaxhim,Të Hyrat vetanake,,0.0,0.0,,,0.0,,0.0,0.0,0.0,Të Hyrat vetanake 0 0 0 0 0 0
3.1,55,208,source,,,Departamenti I Menaxhim,Financimi nga Huamarrja,,0.0,0.0,,,0.0,,0.0,0.0,0.0,Financimi nga Huamarrja 0 0 0 0 0 0
3.1,55,217,source,,,Departamenti I Menaxhim,Të Hyrat nga AKP,,,,,,0.0,,0.0,0.0,0.0,Të Hyrat nga AKP 0 0 0 0
3.1,55,226,sub,49600,0451,Departamenti I Menaxhimit të Rrugëve,,56.0,537438.0,10500000.0,176000.0,,6800000.0,,18013438.0,18488938.0,20355438.0,"49600 0451 Departamenti I Menaxhimit të Rrugëve 56 537,438 10,500,000 176,000 6,800,000 18,013,438 18,488,938 20,355,438"
3.1,55,235,source,49600,,Departamenti I Menaxhimit të Rrugëve,Grantet Qeveritare,,537438.0,10500000.0,176000.0,,6800000.0,,18013438.0,18488938.0,20355438.0,"Grantet Qeveritare 537,438 10,500,000 176,000 6,800,000 18,013,438 18,488,938 20,355,438"
3.1,55,244,source,49600,,Departamenti I Menaxhimit të Rrugëve,Të Hyrat vetanake,,0.0,0.0,,,0.0,,0.0,0.0,0.0,Të Hyrat vetanake 0 0 0 0 0 0
3.1,55,253,source,49600,,Departamenti I Menaxhimit të Rrugëve,Financimi nga Huamarrja,,0.0,0.0,,,0.0,,0.0,0.0,0.0,Financimi nga Huamarrja 0 0 0 0 0 0
3.1,55,262,source,49600,,Departamenti I Menaxhimit të Rrugëve,Të Hyrat nga AKP,,,,,,0.0,,0.0,0.0,0.0,Të Hyrat nga AKP 0 0 0 0
3.1,55,271,prog,,,Shërbimet e Administratë,,140.0,1340344.0,1600000.0,151600.0,,840000.0,,3931944.0,3551696.0,3654996.0,"Shërbimet e Administratë 140 1,340,344 1,600,000 151,600 840,000 3,931,944 3,551,696 3,654,996"
3.1,55,280,source,,,Shërbimet e Administratë,Grantet Qeveritare,,1340344.0,1600000.0,151600.0,,840000.0,,3931944.0,3551696.0,3654996.0,"Grantet Qeveritare 1,340,344 1,600,000 151,600 840,000 3,931,944 3,551,696 3,654,996"
3.1,55,289,source,,,Shërbimet e Administratë,Të Hyrat vetanake,,0.0,0.0,,,0.0,,0.0,0.0,0.0,Të Hyrat vetanake 0 0 0 0 0 0
3.1,55,298,source,,,Shërbimet e Administratë,Financimi nga Huamarrja,,0.0,0.0,,,0.0,,0.0,0.0,0.0,Financimi nga Huamarrja 0 0 0 0 0 0
3.1,55,307,source,,,Shërbimet e Administratë,Të Hyrat nga AKP,,,,,,0.0,,0.0,0.0,0.0,Të Hyrat nga AKP 0 0 0 0
3.1,55,316,sub,11305,0451,Departamenti i Shërbimeve të Përgjithshme,,119.0,1075552.0,1400000.0,141600.0,,840000.0,,3457152.0,3013904.0,3117204.0,"11305 0451 Departamenti i Shërbimeve të Përgjithshme 119 1,075,552 1,400,000 141,600 840,000 3,457,152 3,013,904 3,117,204"
3.1,55,325,source,11305,,Departamenti i Shërbimeve të Përgjithshme,Grantet Qeveritare,,1075552.0,1400000.0,141600.0,,840000.0,,3457152.0,3013904.0,3117204.0,"Grantet Qeveritare 1,075,552 1,400,000 141,600 840,000 3,457,152 3,013,904 3,117,204"
3.1,55,334,source,11305,,Departamenti i Shërbimeve të Përgjithshme,Të Hyrat vetanake,,0.0,0.0,,,0.0,,0.0,0.0,0.0,Të Hyrat vetanake 0 0 0 0 0 0
3.1,55,343,source,11305,,Departamenti i Shërbimeve të Përgjithshme,Financimi nga Huamarrja,,0.0,0.0,,,0.0,,0.0,0.0,0.0,Financimi nga Huamarrja 0 0 0 0 0 0
3.1,55,352,source,11305,,Departamenti i Shërbimeve të Përgjithshme,Të Hyrat nga AKP,,,,,,0.0,,0.0,0.0,0.0,Të Hyrat nga AKP 0 0 0 0
3.1,55,361,sub,11405,0451,Kabineti I Ministrit,,21.0,264792.0,200000.0,10000.0,,,,474792.0,537792.0,537792.0,"11405 0451 Kabineti I Ministrit 21 264,792 200,000 10,000 474,792 537,792 537,792"
3.1,55,370,source,11405,,Kabineti I Ministrit,Grantet Qeveritare,,264792.0,200000.0,10000.0,,,,474792.0,537792.0,537792.0,"Grantet Qeveritare 264,792 200,000 10,000 474,792 537,792 537,792"
3.1,55,379,source,11405,,Kabineti I Ministrit,Të Hyrat vetanake,,0.0,0.0,,,,,,,,Të Hyrat vetanake 0 0
3.1,55,388,source,11405,,Kabineti I Ministrit,Financimi nga Huamarrja,,0.0,0.0,,,,,,,,Financimi nga Huamarrja 0 0
3.1,55,397,source,11405,,Kabineti I Ministrit,Të Hyrat nga AKP,,,,,,,,,,,Të Hyrat nga AKP
3.1,55,406,prog,,,Mjedisi,,58.0,610830.0,2364000.0,,200000.0,14046125.0,,17220955.0,25048830.0,24835830.0,"Mjedisi 58 610,830 2,364,000 200,000 14,046,125 17,220,955 25,048,830 24,835,830"
3.1,55,415,source,,,Mjedisi,Grantet Qeveritare,,610830.0,2264000.0,,200000.0,14046125.0,,17120955.0,18755830.0,17035830.0,"Grantet Qeveritare 610,830 2,264,000 200,000 14,046,125 17,120,955 18,755,830 17,035,830"
3.1,55,424,source,,,Mjedisi,Të Hyrat vetanake,,0.0,0.0,,,0.0,,0.0,0.0,0.0,Të Hyrat vetanake 0 0 0 0 0 0
3.1,55,433,source,,,Mjedisi,Financimi nga Huamarrja,,0.0,100000.0,,,0.0,,100000.0,6293000.0,7800000.0,"Financimi nga Huamarrja 0 100,000 0 100,000 6,293,000 7,800,000"
3.1,55,442,source,,,Mjedisi,Të Hyrat nga AKP,,,,,,0.0,,0.0,0.0,0.0,Të Hyrat nga AKP 0 0 0 0
3.1,55,451,sub,50100,0560,Mjedisi,,32.0,337458.0,814000.0,,,1496125.0,,2647583.0,3617458.0,2087458.0,"50100 0560 Mjedisi 32 337,458 814,000 1,496,125 2,647,583 3,617,458 2,087,458"
3.1,55,460,source,50100,,Mjedisi,Grantet Qeveritare,,337458.0,814000.0,,,1496125.0,,2647583.0,3617458.0,2087458.0,"Grantet Qeveritare 337,458 814,000 1,496,125 2,647,583 3,617,458 2,087,458"
3.1,55,469,source,50100,,Mjedisi,Të Hyrat vetanake,,0.0,0.0,,,0.0,,0.0,0.0,0.0,Të Hyrat vetanake 0 0 0 0 0 0
3.1,55,478,source,50100,,Mjedisi,Financimi nga Huamarrja,,0.0,0.0,,,0.0,,0.0,0.0,0.0,Financimi nga Huamarrja 0 0 0 0 0 0
3.1,55,487,source,50100,,Mjedisi,Të Hyrat nga AKP,,,,,,0.0,,0.0,0.0,0.0,Të Hyrat nga AKP 0 0 0 0
3.1,55,496,sub,50400,0620,"Departamenti i Planifikimit Hapsinor,Ndertim",,26.0,273372.0,1550000.0,,200000.0,12550000.0,,14573372.0,21431372.0,22748372.0,"50400 0620 Departamenti i Planifikimit Hapsinor,Ndertim 26 273,372 1,550,000 200,000 12,550,000 14,573,372 21,431,372 22,748,372"
3.1,55,505,source,50400,,"Departamenti i Planifikimit Hapsinor,Ndertim",Grantet Qeveritare,,273372.0,1450000.0,,200000.0,12550000.0,,14473372.0,15138372.0,14948372.0,"Grantet Qeveritare 273,372 1,450,000 200,000 12,550,000 14,473,372 15,138,372 14,948,372"
3.1,55,514,source,50400,,"Departamenti i Planifikimit Hapsinor,Ndertim",Të Hyrat vetanake,,0.0,0.0,,,0.0,,0.0,0.0,0.0,Të Hyrat vetanake 0 0 0 0 0 0
3.1,55,523,source,50400,,"Departamenti i Planifikimit Hapsinor,Ndertim",Financimi nga Huamarrja,,0.0,100000.0,,,0.0,,100000.0,6293000.0,7800000.0,"Financimi nga Huamarrja 0 100,000 0 100,000 6,293,000 7,800,000"
3.1,55,532,source,50400,,"Departamenti i Planifikimit Hapsinor,Ndertim",Të Hyrat nga AKP,,,,,,0.0,,0.0,0.0,0.0,Të Hyrat nga AKP 0 0 0 0
3.1,56,91,prog,,,Shpronësimi,,11.0,109164.0,1000000.0,,,21577793.0,,22686957.0,23451453.0,24645483.0,"Shpronësimi 11 109,164 1,000,000 21,577,793 22,686,957 23,451,453 24,645,483"
3.1,56,100,source,,,Shpronësimi,Grantet Qeveritare,,109164.0,1000000.0,,,21577793.0,,22686957.0,23451453.0,24645483.0,"Grantet Qeveritare 109,164 1,000,000 21,577,793 22,686,957 23,451,453 24,645,483"
3.1,56,109,source,,,Shpronësimi,Të Hyrat vetanake,,0.0,0.0,,,0.0,,0.0,0.0,0.0,Të Hyrat vetanake 0 0 0 0 0 0
3.1,56,118,source,,,Shpronësimi,Financimi nga Huamarrja,,0.0,0.0,,,0.0,,0.0,0.0,0.0,Financimi nga Huamarrja 0 0 0 0 0 0
3.1,56,127,source,,,Shpronësimi,Të Hyrat nga AKP,,,,,,0.0,,0.0,0.0,0.0,Të Hyrat nga AKP 0 0 0 0
3.1,56,136,sub,60500,0133,Zyra për Shpronësim,,11.0,109164.0,1000000.0,,,21577793.0,,22686957.0,23451453.0,24645483.0,"60500 0133 Zyra për Shpronësim 11 109,164 1,000,000 21,577,793 22,686,957 23,451,453 24,645,483"
3.1,56,145,source,60500,,Zyra për Shpronësim,Grantet Qeveritare,,109164.0,1000000.0,,,21577793.0,,22686957.0,23451453.0,24645483.0,"Grantet Qeveritare 109,164 1,000,000 21,577,793 22,686,957 23,451,453 24,645,483"
3.1,56,154,source,60500,,Zyra për Shpronësim,Të Hyrat vetanake,,0.0,0.0,,,0.0,,0.0,0.0,0.0,Të Hyrat vetanake 0 0 0 0 0 0
3.1,56,163,source,60500,,Zyra për Shpronësim,Financimi nga Huamarrja,,0.0,0.0,,,0.0,,0.0,0.0,0.0,Financimi nga Huamarrja 0 0 0 0 0 0
3.1,56,172,source,60500,,Zyra për Shpronësim,Të Hyrat nga AKP,,,,,,0.0,,0.0,0.0,0.0,Të Hyrat nga AKP 0 0 0 0
3.1,56,181,prog,,,Autoriteti Rajonal i Pellgj,,26.0,266442.0,5500000.0,,,12420000.0,,18186442.0,18987360.0,18410360.0,"Autoriteti Rajonal i Pellgj 26 266,442 5,500,000 12,420,000 18,186,442 18,987,360 18,410,360"
3.1,56,190,source,,,Autoriteti Rajonal i Pellgj,Grantet Qeveritare,,266442.0,3000000.0,,,12420000.0,,15686442.0,18987360.0,18410360.0,"Grantet Qeveritare 266,442 3,000,000 12,420,000 15,686,442 18,987,360 18,410,360"
3.1,56,199,source,,,Autoriteti Rajonal i Pellgj,Të Hyrat vetanake,,0.0,0.0,,,0.0,,0.0,0.0,0.0,Të Hyrat vetanake 0 0 0 0 0 0
3.1,56,208,source,,,Autoriteti Rajonal i Pellgj,Financimi nga Huamarrja,,0.0,2500000.0,,,0.0,,2500000.0,0.0,0.0,"Financimi nga Huamarrja 0 2,500,000 0 2,500,000 0 0"
3.1,56,217,source,,,Autoriteti Rajonal i Pellgj,Të Hyrat nga AKP,,,,,,0.0,,0.0,0.0,0.0,Të Hyrat nga AKP 0 0 0 0
3.1,56,226,sub,60800,0630,Autoriteti Rajonal i Pellgjeve Lumore,,26.0,266442.0,5500000.0,,,12420000.0,,18186442.0,18987360.0,18410360.0,"60800 0630 Autoriteti Rajonal i Pellgjeve Lumore 26 266,442 5,500,000 12,420,000 18,186,442 18,987,360 18,410,360"
3.1,56,235,source,60800,,Autoriteti Rajonal i Pellgjeve Lumore,Grantet Qeveritare,,266442.0,3000000.0,,,12420000.0,,15686442.0,18987360.0,18410360.0,"Grantet Qeveritare 266,442 3,000,000 12,420,000 15,686,442 18,987,360 18,410,360"
3.1,56,244,source,60800,,Autoriteti Rajonal i Pellgjeve Lumore,Të Hyrat vetanake,,0.0,0.0,,,0.0,,0.0,0.0,0.0,Të Hyrat vetanake 0 0 0 0 0 0
3.1,56,253,source,60800,,Autoriteti Rajonal i Pellgjeve Lumore,Financimi nga Huamarrja,,0.0,2500000.0,,,0.0,,2500000.0,0.0,0.0,"Financimi nga Huamarrja 0 2,500,000 0 2,500,000 0 0"
3.1,56,262,source,60800,,Autoriteti Rajonal i Pellgjeve Lumore,Të Hyrat nga AKP,,,,,,0.0,,0.0,0.0,0.0,Të Hyrat nga AKP 0 0 0 0
3.1,56,271,prog,,,Agjensioni Kosovar për M,,81.0,692987.0,1000000.0,80000.0,,1345000.0,,3117987.0,3001387.0,2622987.0,"Agjensioni Kosovar për M 81 692,987 1,000,000 80,000 1,345,000 3,117,987 3,001,387 2,622,987"
3.1,56,280,source,,,Agjensioni Kosovar për M,Grantet Qeveritare,,692987.0,1000000.0,80000.0,,1345000.0,,3117987.0,3001387.0,2622987.0,"Grantet Qeveritare 692,987 1,000,000 80,000 1,345,000 3,117,987 3,001,387 2,622,987"
3.1,56,289,source,,,Agjensioni Kosovar për M,Të Hyrat vetanake,,0.0,0.0,,,0.0,,0.0,0.0,0.0,Të Hyrat vetanake 0 0 0 0 0 0
3.1,56,298,source,,,Agjensioni Kosovar për M,Financimi nga Huamarrja,,0.0,0.0,,,0.0,,0.0,0.0,0.0,Financimi nga Huamarrja 0 0 0 0 0 0
3.1,56,307,source,,,Agjensioni Kosovar për M,Të Hyrat nga AKP,,,,,,0.0,,0.0,0.0,0.0,Të Hyrat nga AKP 0 0 0 0
3.1,56,316,sub,43600,0560,Agjensioni Kosovar për Mbrojtjen e,,81.0,692987.0,1000000.0,80000.0,,1345000.0,,3117987.0,3001387.0,2622987.0,"43600 0560 Agjensioni Kosovar për Mbrojtjen e Mjedisit 81 692,987 1,000,000 80,000 1,345,000 3,117,987 3,001,387 2,622,987"
3.1,56,325,source,43600,,Agjensioni Kosovar për Mbrojtjen e,Grantet Qeveritare,,692987.0,1000000.0,80000.0,,1345000.0,,3117987.0,3001387.0,2622987.0,"Grantet Qeveritare 692,987 1,000,000 80,000 1,345,000 3,117,987 3,001,387 2,622,987"
3.1,56,334,source,43600,,Agjensioni Kosovar për Mbrojtjen e,Të Hyrat vetanake,,0.0,0.0,,,0.0,,0.0,0.0,0.0,Të Hyrat vetanake 0 0 0 0 0 0
3.1,56,343,source,43600,,Agjensioni Kosovar për Mbrojtjen e,Financimi nga Huamarrja,,0.0,0.0,,,0.0,,0.0,0.0,0.0,Financimi nga Huamarrja 0 0 0 0 0 0
3.1,56,352,source,43600,,Agjensioni Kosovar për Mbrojtjen e,Të Hyrat nga AKP,,,,,,0.0,,0.0,0.0,0.0,Të Hyrat nga AKP 0 0 0 0
3.1,56,361,prog,,,Agjensia e Kadastrave të,,52.0,478144.0,1007250.0,5500.0,,1025000.0,,2515894.0,1875644.0,1928644.0,"Agjensia e Kadastrave të 52 478,144 1,007,250 5,500 1,025,000 2,515,894 1,875,644 1,928,644"
3.1,56,370,source,,,Agjensia e Kadastrave të,Grantet Qeveritare,,478144.0,600000.0,5500.0,,1025000.0,,2108644.0,1875644.0,1928644.0,"Grantet Qeveritare 478,144 600,000 5,500 1,025,000 2,108,644 1,875,644 1,928,644"
3.1,56,379,source,,,Agjensia e Kadastrave të,Të Hyrat vetanake,,0.0,0.0,,,0.0,,0.0,0.0,0.0,Të Hyrat vetanake 0 0 0 0 0 0
3.1,56,388,source,,,Agjensia e Kadastrave të,Financimi nga Huamarrja,,0.0,407250.0,,,0.0,,407250.0,0.0,0.0,"Financimi nga Huamarrja 0 407,250 0 407,250 0 0"
3.1,56,397,source,,,Agjensia e Kadastrave të,Të Hyrat nga AKP,,,,,,0.0,,0.0,0.0,0.0,Të Hyrat nga AKP 0 0 0 0
3.1,56,406,sub,60100,0610,Shërbimet e Kadastrave,,52.0,478144.0,1007250.0,5500.0,,1025000.0,,2515894.0,1875644.0,1928644.0,"60100 0610 Shërbimet e Kadastrave 52 478,144 1,007,250 5,500 1,025,000 2,515,894 1,875,644 1,928,644"
3.1,56,415,source,60100,,Shërbimet e Kadastrave,Grantet Qeveritare,,478144.0,600000.0,5500.0,,1025000.0,,2108644.0,1875644.0,1928644.0,"Grantet Qeveritare 478,144 600,000 5,500 1,025,000 2,108,644 1,875,644 1,928,644"
3.1,56,424,source,60100,,Shërbimet e Kadastrave,Të Hyrat vetanake,,0.0,0.0,,,0.0,,0.0,0.0,0.0,Të Hyrat vetanake 0 0 0 0 0 0
3.1,56,433,source,60100,,Shërbimet e Kadastrave,Financimi nga Huamarrja,,0.0,407250.0,,,0.0,,407250.0,0.0,0.0,"Financimi nga Huamarrja 0 407,250 0 407,250 0 0"
3.1,56,442,source,60100,,Shërbimet e Kadastrave,Të Hyrat nga AKP,,,,,,0.0,,0.0,0.0,0.0,Të Hyrat nga AKP 0 0 0 0
3.1,56,451,prog,,,Instituti i Planifikimit Hap,,15.0,158004.0,40000.0,,,200000.0,,398004.0,398004.0,398004.0,"Instituti i Planifikimit Hap 15 158,004 40,000 200,000 398,004 398,004 398,004"
3.1,56,460,source,,,Instituti i Planifikimit Hap,Grantet Qeveritare,,158004.0,40000.0,,,200000.0,,398004.0,398004.0,398004.0,"Grantet Qeveritare 158,004 40,000 200,000 398,004 398,004 398,004"
3.1,56,469,source,,,Instituti i Planifikimit Hap,Të Hyrat vetanake,,0.0,0.0,,,0.0,,0.0,0.0,0.0,Të Hyrat vetanake 0 0 0 0 0 0
3.1,56,478,source,,,Instituti i Planifikimit Hap,Financimi nga Huamarrja,,0.0,0.0,,,0.0,,0.0,0.0,0.0,Financimi nga Huamarrja 0 0 0 0 0 0
3.1,56,487,source,,,Instituti i Planifikimit Hap,Të Hyrat nga AKP,,,,,,0.0,,0.0,0.0,0.0,Të Hyrat nga AKP 0 0 0 0
3.1,56,496,sub,60900,0660,Instituti i Planifikimit Hapësinor,,15.0,158004.0,40000.0,,,200000.0,,398004.0,398004.0,398004.0,"60900 0660 Instituti i Planifikimit Hapësinor 15 158,004 40,000 200,000 398,004 398,004 398,004"
3.1,56,505,source,60900,,Instituti i Planifikimit Hapësinor,Grantet Qeveritare,,158004.0,40000.0,,,200000.0,,398004.0,398004.0,398004.0,"Grantet Qeveritare 158,004 40,000 200,000 398,004 398,004 398,004"
3.1,56,514,source,60900,,Instituti i Planifikimit Hapësinor,Të Hyrat vetanake,,0.0,0.0,,,0.0,,0.0,0.0,0.0,Të Hyrat vetanake 0 0 0 0 0 0
3.1,56,523,source,60900,,Instituti i Planifikimit Hapësinor,Financimi nga Huamarrja,,0.0,0.0,,,0.0,,0.0,0.0,0.0,Financimi nga Huamarrja 0 0 0 0 0 0
3.1,56,532,source,60900,,Instituti i Planifikimit Hapësinor,Të Hyrat nga AKP,,,,,,0.0,,0.0,0.0,0.0,Të Hyrat nga AKP 0 0 0 0
3.1,57,91,org,206,,Ministria e Shëndetësisë,,1482.0,18873544.0,44097600.0,281848.0,2813805.0,25973000.0,,92039797.0,98390592.0,113894540.0,"206 Ministria e Shëndetësisë 1,482 18,873,544 44,097,600 281,848 2,813,805 25,973,000 92,039,797 98,390,592 113,894,540"
3.1,57,100,source,206,,Ministria e Shëndetësisë,Grantet Qeveritare,,18873544.0,36634400.0,281848.0,2813805.0,25973000.0,,84576597.0,74209242.0,102699290.0,"Grantet Qeveritare 18,873,544 36,634,400 281,848 2,813,805 25,973,000 84,576,597 74,209,242 102,699,290"
3.1,57,109,source,206,,Ministria e Shëndetësisë,Të Hyrat vetanake,,0.0,0.0,,,0.0,,0.0,0.0,0.0,Të Hyrat vetanake 0 0 0 0 0 0
3.1,57,118,source,206,,Ministria e Shëndetësisë,Financimi nga Huamarrja,,0.0,7463200.0,,,0.0,,7463200.0,24181350.0,11195250.0,"Financimi nga Huamarrja 0 7,463,200 0 7,463,200 24,181,350 11,195,250"
3.1,57,127,source,206,,Ministria e Shëndetësisë,Të Hyrat nga AKP,,,,,,0.0,,0.0,0.0,0.0,Të Hyrat nga AKP 0 0 0 0
3.1,57,136,prog,,,Shërbimet e Kujdesit Par,,7.0,117346.0,137000.0,,,5496000.0,,5750346.0,5239523.0,5794362.0,"Shërbimet e Kujdesit Par 7 117,346 137,000 5,496,000 5,750,346 5,239,523 5,794,362"
3.1,57,145,source,,,Shërbimet e Kujdesit Par,Grantet Qeveritare,,117346.0,137000.0,,,5496000.0,,5750346.0,5239523.0,5794362.0,"Grantet Qeveritare 117,346 137,000 5,496,000 5,750,346 5,239,523 5,794,362"
3.1,57,154,source,,,Shërbimet e Kujdesit Par,Të Hyrat vetanake,,0.0,0.0,,,0.0,,0.0,0.0,0.0,Të Hyrat vetanake 0 0 0 0 0 0
3.1,57,163,source,,,Shërbimet e Kujdesit Par,Financimi nga Huamarrja,,0.0,0.0,,,0.0,,0.0,0.0,0.0,Financimi nga Huamarrja 0 0 0 0 0 0
3.1,57,172,source,,,Shërbimet e Kujdesit Par,Të Hyrat nga AKP,,,,,,0.0,,0.0,0.0,0.0,Të Hyrat nga AKP 0 0 0 0
3.1,57,181,sub,71000,0950,Zhvillimi i Resurseve Njerëzore në KPSH,,7.0,117346.0,137000.0,,,5496000.0,,5750346.0,5239523.0,5794362.0,"71000 0950 Zhvillimi i Resurseve Njerëzore në KPSH 7 117,346 137,000 5,496,000 5,750,346 5,239,523 5,794,362"
3.1,57,190,source,71000,,Zhvillimi i Resurseve Njerëzore në KPSH,Grantet Qeveritare,,117346.0,137000.0,,,5496000.0,,5750346.0,5239523.0,5794362.0,"Grantet Qeveritare 117,346 137,000 5,496,000 5,750,346 5,239,523 5,794,362"
3.1,57,199,source,71000,,Zhvillimi i Resurseve Njerëzore në KPSH,Të Hyrat vetanake,,0.0,0.0,,,0.0,,0.0,0.0,0.0,Të Hyrat vetanake 0 0 0 0 0 0
3.1,57,208,source,71000,,Zhvillimi i Resurseve Njerëzore në KPSH,Financimi nga Huamarrja,,0.0,0.0,,,0.0,,0.0,0.0,0.0,Financimi nga Huamarrja 0 0 0 0 0 0
3.1,57,217,source,71000,,Zhvillimi i Resurseve Njerëzore në KPSH,Të Hyrat nga AKP,,,,,,0.0,,0.0,0.0,0.0,Të Hyrat nga AKP 0 0 0 0
3.1,57,226,prog,,,Programet Mbështetëse t,,1273.0,16561638.0,42758900.0,200848.0,2813805.0,10117000.0,,72452191.0,76818616.0,92774418.0,"Programet Mbështetëse t 1,273 16,561,638 42,758,900 200,848 2,813,805 10,117,000 72,452,191 76,818,616 92,774,418"
3.1,57,235,source,,,Programet Mbështetëse t,Grantet Qeveritare,,16561638.0,35295700.0,200848.0,2813805.0,10117000.0,,64988991.0,52657266.0,81599168.0,"Grantet Qeveritare 16,561,638 35,295,700 200,848 2,813,805 10,117,000 64,988,991 52,657,266 81,599,168"
3.1,57,244,source,,,Programet Mbështetëse t,Të Hyrat vetanake,,0.0,0.0,,,0.0,,0.0,0.0,0.0,Të Hyrat vetanake 0 0 0 0 0 0
3.1,57,253,source,,,Programet Mbështetëse t,Financimi nga Huamarrja,,0.0,7463200.0,,,0.0,,7463200.0,24161350.0,11175250.0,"Financimi nga Huamarrja 0 7,463,200 0 7,463,200 24,161,350 11,175,250"
3.1,57,262,source,,,Programet Mbështetëse t,Të Hyrat nga AKP,,,,,,0.0,,0.0,0.0,0.0,Të Hyrat nga AKP 0 0 0 0
3.1,57,271,sub,71100,0740,Programet e Shëndetit Publik,,306.0,3956544.0,2001000.0,106000.0,,290000.0,,6353544.0,6021988.0,5973786.0,"71100 0740 Programet e Shëndetit Publik 306 3,956,544 2,001,000 106,000 290,000 6,353,544 6,021,988 5,973,786"
3.1,57,280,source,71100,,Programet e Shëndetit Publik,Grantet Qeveritare,,3956544.0,2001000.0,106000.0,,290000.0,,6353544.0,6021988.0,5973786.0,"Grantet Qeveritare 3,956,544 2,001,000 106,000 290,000 6,353,544 6,021,988 5,973,786"
3.1,57,289,source,71100,,Programet e Shëndetit Publik,Të Hyrat vetanake,,0.0,0.0,,,0.0,,0.0,0.0,0.0,Të Hyrat vetanake 0 0 0 0 0 0
3.1,57,298,source,71100,,Programet e Shëndetit Publik,Financimi nga Huamarrja,,0.0,0.0,,,0.0,,0.0,0.0,0.0,Financimi nga Huamarrja 0 0 0 0 0 0
3.1,57,307,source,71100,,Programet e Shëndetit Publik,Të Hyrat nga AKP,,,,,,0.0,,0.0,0.0,0.0,Të Hyrat nga AKP 0 0 0 0
3.1,57,316,sub,71300,0711,Shërbimet Përkatëse Farmaceutike,,,,26724471.0,,,35000.0,,26759471.0,15434035.0,25379537.0,"71300 0711 Shërbimet Përkatëse Farmaceutike 26,724,471 35,000 26,759,471 15,434,035 25,379,537"
3.1,57,325,source,71300,,Shërbimet Përkatëse Farmaceutike,Grantet Qeveritare,,,26724471.0,,,35000.0,,26759471.0,15434035.0,25379537.0,"Grantet Qeveritare 26,724,471 35,000 26,759,471 15,434,035 25,379,537"
3.1,57,334,source,71300,,Shërbimet Përkatëse Farmaceutike,Të Hyrat vetanake,,,0.0,,,0.0,,0.0,0.0,0.0,Të Hyrat vetanake 0 0 0 0 0
3.1,57,343,source,71300,,Shërbimet Përkatëse Farmaceutike,Financimi nga Huamarrja,,,0.0,,,0.0,,0.0,0.0,0.0,Financimi nga Huamarrja 0 0 0 0 0
3.1,57,352,source,71300,,Shërbimet Përkatëse Farmaceutike,Të Hyrat nga AKP,,,,,,0.0,,0.0,0.0,0.0,Të Hyrat nga AKP 0 0 0 0
3.1,57,361,sub,71700,0732,Shërbimi Profesional i Transfuzionit,,127.0,1700075.0,2500000.0,35000.0,,310000.0,,4545075.0,4775637.0,5034980.0,"71700 0732 Shërbimi Profesional i Transfuzionit të Gjaku 127 1,700,075 2,500,000 35,000 310,000 4,545,075 4,775,637 5,034,980"
3.1,57,370,source,71700,,Shërbimi Profesional i Transfuzionit,Grantet Qeveritare,,1700075.0,2500000.0,35000.0,,310000.0,,4545075.0,4775637.0,5034980.0,"Grantet Qeveritare 1,700,075 2,500,000 35,000 310,000 4,545,075 4,775,637 5,034,980"
3.1,57,379,source,71700,,Shërbimi Profesional i Transfuzionit,Të Hyrat vetanake,,0.0,0.0,,,0.0,,0.0,0.0,0.0,Të Hyrat vetanake 0 0 0 0 0 0
3.1,57,388,source,71700,,Shërbimi Profesional i Transfuzionit,Financimi nga Huamarrja,,0.0,0.0,,,0.0,,0.0,0.0,0.0,Financimi nga Huamarrja 0 0 0 0 0 0
3.1,57,397,source,71700,,Shërbimi Profesional i Transfuzionit,Të Hyrat nga AKP,,,,,,0.0,,0.0,0.0,0.0,Të Hyrat nga AKP 0 0 0 0
3.1,57,406,sub,72000,0760,Rregullimi i Sektorit Farmaceutik,,48.0,518502.0,542675.0,12000.0,,744000.0,,1817177.0,1099303.0,1082303.0,"72000 0760 Rregullimi i Sektorit Farmaceutik 48 518,502 542,675 12,000 744,000 1,817,177 1,099,303 1,082,303"
3.1,57,415,source,72000,,Rregullimi i Sektorit Farmaceutik,Grantet Qeveritare,,518502.0,542675.0,12000.0,,744000.0,,1817177.0,1099303.0,1082303.0,"Grantet Qeveritare 518,502 542,675 12,000 744,000 1,817,177 1,099,303 1,082,303"
3.1,57,424,source,72000,,Rregullimi i Sektorit Farmaceutik,Të Hyrat vetanake,,0.0,0.0,,,0.0,,0.0,0.0,0.0,Të Hyrat vetanake 0 0 0 0 0 0
3.1,57,433,source,72000,,Rregullimi i Sektorit Farmaceutik,Financimi nga Huamarrja,,0.0,0.0,,,0.0,,0.0,0.0,0.0,Financimi nga Huamarrja 0 0 0 0 0 0
3.1,57,442,source,72000,,Rregullimi i Sektorit Farmaceutik,Të Hyrat nga AKP,,,,,,0.0,,0.0,0.0,0.0,Të Hyrat nga AKP 0 0 0 0
3.1,57,451,sub,72100,0760,Programet tjera,,24.0,212838.0,9280644.0,,,8688000.0,,18181482.0,34153167.0,38968999.0,"72100 0760 Programet tjera 24 212,838 9,280,644 8,688,000 18,181,482 34,153,167 38,968,999"
3.1,57,460,source,72100,,Programet tjera,Grantet Qeveritare,,212838.0,1817444.0,,,8688000.0,,10718282.0,9991817.0,27793749.0,"Grantet Qeveritare 212,838 1,817,444 8,688,000 10,718,282 9,991,817 27,793,749"
3.1,57,469,source,72100,,Programet tjera,Të Hyrat vetanake,,0.0,0.0,,,0.0,,0.0,0.0,0.0,Të Hyrat vetanake 0 0 0 0 0 0
3.1,57,478,source,72100,,Programet tjera,Financimi nga Huamarrja,,0.0,7463200.0,,,0.0,,7463200.0,24161350.0,11175250.0,"Financimi nga Huamarrja 0 7,463,200 0 7,463,200 24,161,350 11,175,250"
3.1,57,487,source,72100,,Programet tjera,Të Hyrat nga AKP,,,,,,0.0,,0.0,0.0,0.0,Të Hyrat nga AKP 0 0 0 0
3.1,57,496,sub,72400,0740,Shërbimi i Inspektoriatit,,130.0,1566967.0,820110.0,42348.0,,,,2429425.0,2492775.0,2676953.0,"72400 0740 Shërbimi i Inspektoriatit 130 1,566,967 820,110 42,348 2,429,425 2,492,775 2,676,953"
3.1,57,505,source,72400,,Shërbimi i Inspektoriatit,Grantet Qeveritare,,1566967.0,820110.0,42348.0,,,,2429425.0,2492775.0,2676953.0,"Grantet Qeveritare 1,566,967 820,110 42,348 2,429,425 2,492,775 2,676,953"
3.1,57,514,source,72400,,Shërbimi i Inspektoriatit,Të Hyrat vetanake,,0.0,0.0,,,,,,,,Të Hyrat vetanake 0 0
3.1,57,523,source,72400,,Shërbimi i Inspektoriatit,Financimi nga Huamarrja,,0.0,0.0,,,,,,,,Financimi nga Huamarrja 0 0
3.1,57,532,source,72400,,Shërbimi i Inspektoriatit,Të Hyrat nga AKP,,,,,,,,,,,Të Hyrat nga AKP
3.1,58,91,sub,72600,0721,Shërbimi Shëndetësor i Burgjeve,,140.0,1963122.0,760000.0,5500.0,,50000.0,,2778622.0,2942966.0,3029248.0,"72600 0721 Shërbimi Shëndetësor i Burgjeve 140 1,963,122 760,000 5,500 50,000 2,778,622 2,942,966 3,029,248"
3.1,58,100,source,72600,,Shërbimi Shëndetësor i Burgjeve,Grantet Qeveritare,,1963122.0,760000.0,5500.0,,50000.0,,2778622.0,2942966.0,3029248.0,"Grantet Qeveritare 1,963,122 760,000 5,500 50,000 2,778,622 2,942,966 3,029,248"
3.1,58,109,source,72600,,Shërbimi Shëndetësor i Burgjeve,Të Hyrat vetanake,,0.0,0.0,,,0.0,,0.0,0.0,0.0,Të Hyrat vetanake 0 0 0 0 0 0
3.1,58,118,source,72600,,Shërbimi Shëndetësor i Burgjeve,Financimi nga Huamarrja,,0.0,0.0,,,0.0,,0.0,0.0,0.0,Financimi nga Huamarrja 0 0 0 0 0 0
3.1,58,127,source,72600,,Shërbimi Shëndetësor i Burgjeve,Të Hyrat nga AKP,,,,,,0.0,,0.0,0.0,0.0,Të Hyrat nga AKP 0 0 0 0
3.1,58,136,sub,90300,0942,Aftësimi Specialistik dhe EVM,,498.0,6643590.0,130000.0,,2813805.0,,,9587395.0,9898745.0,10628611.0,"90300 0942 Aftësimi Specialistik dhe EVM 498 6,643,590 130,000 2,813,805 9,587,395 9,898,745 10,628,611"
3.1,58,145,source,90300,,Aftësimi Specialistik dhe EVM,Grantet Qeveritare,,6643590.0,130000.0,,2813805.0,,,9587395.0,9898745.0,10628611.0,"Grantet Qeveritare 6,643,590 130,000 2,813,805 9,587,395 9,898,745 10,628,611"
3.1,58,154,source,90300,,Aftësimi Specialistik dhe EVM,Të Hyrat vetanake,,0.0,0.0,,,,,,,,Të Hyrat vetanake 0 0
3.1,58,163,source,90300,,Aftësimi Specialistik dhe EVM,Financimi nga Huamarrja,,0.0,0.0,,,,,,,,Financimi nga Huamarrja 0 0
3.1,58,172,source,90300,,Aftësimi Specialistik dhe EVM,Të Hyrat nga AKP,,,,,,,,,,,Të Hyrat nga AKP
3.1,58,181,prog,,,Institucionet,,80.0,734736.0,391700.0,50000.0,,4135000.0,,5311436.0,6224564.0,5214936.0,"Institucionet 80 734,736 391,700 50,000 4,135,000 5,311,436 6,224,564 5,214,936"
3.1,58,190,source,,,Institucionet,Grantet Qeveritare,,734736.0,391700.0,50000.0,,4135000.0,,5311436.0,6224564.0,5214936.0,"Grantet Qeveritare 734,736 391,700 50,000 4,135,000 5,311,436 6,224,564 5,214,936"
3.1,58,199,source,,,Institucionet,Të Hyrat vetanake,,0.0,0.0,,,0.0,,0.0,0.0,0.0,Të Hyrat vetanake 0 0 0 0 0 0
3.1,58,208,source,,,Institucionet,Financimi nga Huamarrja,,0.0,0.0,,,0.0,,0.0,0.0,0.0,Financimi nga Huamarrja 0 0 0 0 0 0
3.1,58,217,source,,,Institucionet,Të Hyrat nga AKP,,,,,,0.0,,0.0,0.0,0.0,Të Hyrat nga AKP 0 0 0 0
3.1,58,226,sub,71370,1012,Instituti Special dhe Shtëpia e fëmijëve,,80.0,734736.0,391700.0,50000.0,,4135000.0,,5311436.0,6224564.0,5214936.0,"71370 1012 Instituti Special dhe Shtëpia e fëmijëve me A 80 734,736 391,700 50,000 4,135,000 5,311,436 6,224,564 5,214,936"
3.1,58,235,source,71370,,Instituti Special dhe Shtëpia e fëmijëve,Grantet Qeveritare,,734736.0,391700.0,50000.0,,4135000.0,,5311436.0,6224564.0,5214936.0,"Grantet Qeveritare 734,736 391,700 50,000 4,135,000 5,311,436 6,224,564 5,214,936"
3.1,58,244,source,71370,,Instituti Special dhe Shtëpia e fëmijëve,Të Hyrat vetanake,,0.0,0.0,,,0.0,,0.0,0.0,0.0,Të Hyrat vetanake 0 0 0 0 0 0
3.1,58,253,source,71370,,Instituti Special dhe Shtëpia e fëmijëve,Financimi nga Huamarrja,,0.0,0.0,,,0.0,,0.0,0.0,0.0,Financimi nga Huamarrja 0 0 0 0 0 0
3.1,58,262,source,71370,,Instituti Special dhe Shtëpia e fëmijëve,Të Hyrat nga AKP,,,,,,0.0,,0.0,0.0,0.0,Të Hyrat nga AKP 0 0 0 0
3.1,58,271,prog,,,Shërbimet e Administratë,,122.0,1459824.0,810000.0,31000.0,,6225000.0,,8525824.0,10107889.0,10110824.0,"Shërbimet e Administratë 122 1,459,824 810,000 31,000 6,225,000 8,525,824 10,107,889 10,110,824"
3.1,58,280,source,,,Shërbimet e Administratë,Grantet Qeveritare,,1459824.0,810000.0,31000.0,,6225000.0,,8525824.0,10087889.0,10090824.0,"Grantet Qeveritare 1,459,824 810,000 31,000 6,225,000 8,525,824 10,087,889 10,090,824"
3.1,58,289,source,,,Shërbimet e Administratë,Të Hyrat vetanake,,0.0,0.0,,,0.0,,0.0,0.0,0.0,Të Hyrat vetanake 0 0 0 0 0 0
3.1,58,298,source,,,Shërbimet e Administratë,Financimi nga Huamarrja,,0.0,0.0,,,0.0,,0.0,20000.0,20000.0,"Financimi nga Huamarrja 0 0 0 0 20,000 20,000"
3.1,58,307,source,,,Shërbimet e Administratë,Të Hyrat nga AKP,,,,,,0.0,,0.0,0.0,0.0,Të Hyrat nga AKP 0 0 0 0
3.1,58,316,sub,11306,0760,Administrata Qendrore e Ministrisë,,105.0,1218085.0,680000.0,30000.0,,6225000.0,,8153085.0,9735149.0,9738085.0,"11306 0760 Administrata Qendrore e Ministrisë së Shënd 105 1,218,085 680,000 30,000 6,225,000 8,153,085 9,735,149 9,738,085"
3.1,58,325,source,11306,,Administrata Qendrore e Ministrisë,Grantet Qeveritare,,1218085.0,680000.0,30000.0,,6225000.0,,8153085.0,9715149.0,9718085.0,"Grantet Qeveritare 1,218,085 680,000 30,000 6,225,000 8,153,085 9,715,149 9,718,085"
3.1,58,334,source,11306,,Administrata Qendrore e Ministrisë,Të Hyrat vetanake,,0.0,0.0,,,0.0,,0.0,0.0,0.0,Të Hyrat vetanake 0 0 0 0 0 0
3.1,58,343,source,11306,,Administrata Qendrore e Ministrisë,Financimi nga Huamarrja,,0.0,0.0,,,0.0,,0.0,20000.0,20000.0,"Financimi nga Huamarrja 0 0 0 0 20,000 20,000"
3.1,58,352,source,11306,,Administrata Qendrore e Ministrisë,Të Hyrat nga AKP,,,,,,0.0,,0.0,0.0,0.0,Të Hyrat nga AKP 0 0 0 0
3.1,58,361,sub,11406,0760,Kabineti i Ministrit,,17.0,241739.0,130000.0,1000.0,,,,372739.0,372739.0,372739.0,"11406 0760 Kabineti i Ministrit 17 241,739 130,000 1,000 372,739 372,739 372,739"
3.1,58,370,source,11406,,Kabineti i Ministrit,Grantet Qeveritare,,241739.0,130000.0,1000.0,,,,372739.0,372739.0,372739.0,"Grantet Qeveritare 241,739 130,000 1,000 372,739 372,739 372,739"
3.1,58,379,source,11406,,Kabineti i Ministrit,Të Hyrat vetanake,,0.0,0.0,,,,,,,,Të Hyrat vetanake 0 0
3.1,58,388,source,11406,,Kabineti i Ministrit,Financimi nga Huamarrja,,0.0,0.0,,,,,,,,Financimi nga Huamarrja 0 0
3.1,58,397,source,11406,,Kabineti i Ministrit,Të Hyrat nga AKP,,,,,,,,,,,Të Hyrat nga AKP
3.1,58,406,org,207,,"Ministria e Kulturës, Rinisë,Sportit",,831.0,8550336.0,5550000.0,383908.0,17116550.0,66440000.0,,98040794.0,128511063.0,129007196.0,"207 Ministria e Kulturës, Rinisë,Sportit 831 8,550,336 5,550,000 383,908 17,116,550 66,440,000 98,040,794 128,511,063 129,007,196"
3.1,58,415,source,207,,"Ministria e Kulturës, Rinisë,Sportit",Grantet Qeveritare,,8550336.0,5502910.0,383908.0,17116550.0,66440000.0,,97993704.0,128463973.0,128960106.0,"Grantet Qeveritare 8,550,336 5,502,910 383,908 17,116,550 66,440,000 97,993,704 128,463,973 128,960,106"
3.1,58,424,source,207,,"Ministria e Kulturës, Rinisë,Sportit",Të Hyrat vetanake,,0.0,47090.0,,,0.0,,47090.0,47090.0,47090.0,"Të Hyrat vetanake 0 47,090 0 47,090 47,090 47,090"
3.1,58,433,source,207,,"Ministria e Kulturës, Rinisë,Sportit",Financimi nga Huamarrja,,0.0,0.0,,,0.0,,0.0,0.0,0.0,Financimi nga Huamarrja 0 0 0 0 0 0
3.1,58,442,source,207,,"Ministria e Kulturës, Rinisë,Sportit",Të Hyrat nga AKP,,,,,,0.0,,0.0,0.0,0.0,Të Hyrat nga AKP 0 0 0 0
3.1,58,451,prog,,,Sportet,,29.0,283576.0,56599.0,14600.0,6136550.0,33175300.0,,39666625.0,64631325.0,67351325.0,"Sportet 29 283,576 56,599 14,600 6,136,550 33,175,300 39,666,625 64,631,325 67,351,325"
3.1,58,460,source,,,Sportet,Grantet Qeveritare,,283576.0,56599.0,14600.0,6136550.0,33175300.0,,39666625.0,64631325.0,67351325.0,"Grantet Qeveritare 283,576 56,599 14,600 6,136,550 33,175,300 39,666,625 64,631,325 67,351,325"
3.1,58,469,source,,,Sportet,Të Hyrat vetanake,,0.0,0.0,,,0.0,,0.0,0.0,0.0,Të Hyrat vetanake 0 0 0 0 0 0
3.1,58,478,source,,,Sportet,Financimi nga Huamarrja,,0.0,0.0,,,0.0,,0.0,0.0,0.0,Financimi nga Huamarrja 0 0 0 0 0 0
3.1,58,487,source,,,Sportet,Të Hyrat nga AKP,,,,,,0.0,,0.0,0.0,0.0,Të Hyrat nga AKP 0 0 0 0
3.1,58,496,sub,80100,0810,Sportet e Gjëra,,19.0,178418.0,56599.0,14600.0,6136550.0,,,6386167.0,6586167.0,6586167.0,"80100 0810 Sportet e Gjëra 19 178,418 56,599 14,600 6,136,550 6,386,167 6,586,167 6,586,167"
3.1,58,505,source,80100,,Sportet e Gjëra,Grantet Qeveritare,,178418.0,56599.0,14600.0,6136550.0,,,6386167.0,6586167.0,6586167.0,"Grantet Qeveritare 178,418 56,599 14,600 6,136,550 6,386,167 6,586,167 6,586,167"
3.1,58,514,source,80100,,Sportet e Gjëra,Të Hyrat vetanake,,0.0,0.0,,,,,,,,Të Hyrat vetanake 0 0
3.1,58,523,source,80100,,Sportet e Gjëra,Financimi nga Huamarrja,,0.0,0.0,,,,,,,,Financimi nga Huamarrja 0 0
3.1,58,532,source,80100,,Sportet e Gjëra,Të Hyrat nga AKP,,,,,,,,,,,Të Hyrat nga AKP
3.1,59,91,sub,80200,0810,Arritjet Sportive,,10.0,105158.0,,,,33175300.0,,33280458.0,58045158.0,60765158.0,"80200 0810 Arritjet Sportive 10 105,158 33,175,300 33,280,458 58,045,158 60,765,158"
3.1,59,100,source,80200,,Arritjet Sportive,Grantet Qeveritare,,105158.0,,,,33175300.0,,33280458.0,58045158.0,60765158.0,"Grantet Qeveritare 105,158 33,175,300 33,280,458 58,045,158 60,765,158"
3.1,59,109,source,80200,,Arritjet Sportive,Të Hyrat vetanake,,0.0,,,,0.0,,0.0,0.0,0.0,Të Hyrat vetanake 0 0 0 0 0
3.1,59,118,source,80200,,Arritjet Sportive,Financimi nga Huamarrja,,0.0,,,,0.0,,0.0,0.0,0.0,Financimi nga Huamarrja 0 0 0 0 0
3.1,59,127,source,80200,,Arritjet Sportive,Të Hyrat nga AKP,,,,,,0.0,,0.0,0.0,0.0,Të Hyrat nga AKP 0 0 0 0
3.1,59,136,prog,,,Kultura,,388.0,4120351.0,2631892.0,187620.0,8560000.0,11605000.0,,27104863.0,32499994.0,33769627.0,"Kultura 388 4,120,351 2,631,892 187,620 8,560,000 11,605,000 27,104,863 32,499,994 33,769,627"
3.1,59,145,source,,,Kultura,Grantet Qeveritare,,4120351.0,2614892.0,187620.0,8560000.0,11605000.0,,27087863.0,32482994.0,33752627.0,"Grantet Qeveritare 4,120,351 2,614,892 187,620 8,560,000 11,605,000 27,087,863 32,482,994 33,752,627"
3.1,59,154,source,,,Kultura,Të Hyrat vetanake,,0.0,17000.0,,,0.0,,17000.0,17000.0,17000.0,"Të Hyrat vetanake 0 17,000 0 17,000 17,000 17,000"
3.1,59,163,source,,,Kultura,Financimi nga Huamarrja,,0.0,0.0,,,0.0,,0.0,0.0,0.0,Financimi nga Huamarrja 0 0 0 0 0 0
3.1,59,172,source,,,Kultura,Të Hyrat nga AKP,,,,,,0.0,,0.0,0.0,0.0,Të Hyrat nga AKP 0 0 0 0
3.1,59,181,sub,80300,0820,Përkrahja Institucionale për Kulturën,,8.0,87612.0,40000.0,,,10305000.0,,10432612.0,13827612.0,14847612.0,"80300 0820 Përkrahja Institucionale për Kulturën 8 87,612 40,000 10,305,000 10,432,612 13,827,612 14,847,612"
3.1,59,190,source,80300,,Përkrahja Institucionale për Kulturën,Grantet Qeveritare,,87612.0,40000.0,,,10305000.0,,10432612.0,13827612.0,14847612.0,"Grantet Qeveritare 87,612 40,000 10,305,000 10,432,612 13,827,612 14,847,612"
3.1,59,199,source,80300,,Përkrahja Institucionale për Kulturën,Të Hyrat vetanake,,0.0,0.0,,,0.0,,0.0,0.0,0.0,Të Hyrat vetanake 0 0 0 0 0 0
3.1,59,208,source,80300,,Përkrahja Institucionale për Kulturën,Financimi nga Huamarrja,,0.0,0.0,,,0.0,,0.0,0.0,0.0,Financimi nga Huamarrja 0 0 0 0 0 0
3.1,59,217,source,80300,,Përkrahja Institucionale për Kulturën,Të Hyrat nga AKP,,,,,,0.0,,0.0,0.0,0.0,Të Hyrat nga AKP 0 0 0 0
3.1,59,226,sub,80500,0820,Përkrahja e Kulturës,,20.0,189508.0,489196.0,1300.0,4450000.0,,,5130004.0,5130004.0,5130004.0,"80500 0820 Përkrahja e Kulturës 20 189,508 489,196 1,300 4,450,000 5,130,004 5,130,004 5,130,004"
3.1,59,235,source,80500,,Përkrahja e Kulturës,Grantet Qeveritare,,189508.0,489196.0,1300.0,4450000.0,,,5130004.0,5130004.0,5130004.0,"Grantet Qeveritare 189,508 489,196 1,300 4,450,000 5,130,004 5,130,004 5,130,004"
3.1,59,244,source,80500,,Përkrahja e Kulturës,Të Hyrat vetanake,,0.0,0.0,,,,,,,,Të Hyrat vetanake 0 0
3.1,59,253,source,80500,,Përkrahja e Kulturës,Financimi nga Huamarrja,,0.0,0.0,,,,,,,,Financimi nga Huamarrja 0 0
3.1,59,262,source,80500,,Përkrahja e Kulturës,Të Hyrat nga AKP,,,,,,,,,,,Të Hyrat nga AKP
3.1,59,271,sub,81300,0820,Teatri Kombëtar i Kosovës,,68.0,740856.0,240000.0,10000.0,350000.0,,,1340856.0,1340856.0,1340856.0,"81300 0820 Teatri Kombëtar i Kosovës 68 740,856 240,000 10,000 350,000 1,340,856 1,340,856 1,340,856"
3.1,59,280,source,81300,,Teatri Kombëtar i Kosovës,Grantet Qeveritare,,740856.0,240000.0,10000.0,350000.0,,,1340856.0,1340856.0,1340856.0,"Grantet Qeveritare 740,856 240,000 10,000 350,000 1,340,856 1,340,856 1,340,856"
3.1,59,289,source,81300,,Teatri Kombëtar i Kosovës,Të Hyrat vetanake,,0.0,0.0,,,,,,,,Të Hyrat vetanake 0 0
3.1,59,298,source,81300,,Teatri Kombëtar i Kosovës,Financimi nga Huamarrja,,0.0,0.0,,,,,,,,Financimi nga Huamarrja 0 0
3.1,59,307,source,81300,,Teatri Kombëtar i Kosovës,Të Hyrat nga AKP,,,,,,,,,,,Të Hyrat nga AKP
3.1,59,316,sub,81400,0820,Qendra Kinematografike e Kosovës,,10.0,82414.0,97000.0,,2000000.0,,,2179414.0,2179414.0,2179414.0,"81400 0820 Qendra Kinematografike e Kosovës 10 82,414 97,000 2,000,000 2,179,414 2,179,414 2,179,414"
3.1,59,325,source,81400,,Qendra Kinematografike e Kosovës,Grantet Qeveritare,,82414.0,80000.0,,2000000.0,,,2162414.0,2162414.0,2162414.0,"Grantet Qeveritare 82,414 80,000 2,000,000 2,162,414 2,162,414 2,162,414"
3.1,59,334,source,81400,,Qendra Kinematografike e Kosovës,Të Hyrat vetanake,,0.0,17000.0,,,,,17000.0,17000.0,17000.0,"Të Hyrat vetanake 0 17,000 17,000 17,000 17,000"
3.1,59,343,source,81400,,Qendra Kinematografike e Kosovës,Financimi nga Huamarrja,,0.0,0.0,,,,,,,,Financimi nga Huamarrja 0 0
3.1,59,352,source,81400,,Qendra Kinematografike e Kosovës,Të Hyrat nga AKP,,,,,,,,,,,Të Hyrat nga AKP
3.1,59,361,sub,81800,0820,Ansambli KSHKV Shota,,55.0,597180.0,230000.0,16070.0,50000.0,,,893250.0,893250.0,893250.0,"81800 0820 Ansambli KSHKV Shota 55 597,180 230,000 16,070 50,000 893,250 893,250 893,250"
3.1,59,370,source,81800,,Ansambli KSHKV Shota,Grantet Qeveritare,,597180.0,230000.0,16070.0,50000.0,,,893250.0,893250.0,893250.0,"Grantet Qeveritare 597,180 230,000 16,070 50,000 893,250 893,250 893,250"
3.1,59,379,source,81800,,Ansambli KSHKV Shota,Të Hyrat vetanake,,0.0,0.0,,,,,,,,Të Hyrat vetanake 0 0
3.1,59,388,source,81800,,Ansambli KSHKV Shota,Financimi nga Huamarrja,,0.0,0.0,,,,,,,,Financimi nga Huamarrja 0 0
3.1,59,397,source,81800,,Ansambli KSHKV Shota,Të Hyrat nga AKP,,,,,,,,,,,Të Hyrat nga AKP
3.1,59,406,sub,81900,0820,Filarmonia e Kosovës,,87.0,966479.0,500000.0,9000.0,500000.0,,,1975479.0,1975610.0,2025243.0,"81900 0820 Filarmonia e Kosovës 87 966,479 500,000 9,000 500,000 1,975,479 1,975,610 2,025,243"
3.1,59,415,source,81900,,Filarmonia e Kosovës,Grantet Qeveritare,,966479.0,500000.0,9000.0,500000.0,,,1975479.0,1975610.0,2025243.0,"Grantet Qeveritare 966,479 500,000 9,000 500,000 1,975,479 1,975,610 2,025,243"
3.1,59,424,source,81900,,Filarmonia e Kosovës,Të Hyrat vetanake,,0.0,0.0,,,,,,,,Të Hyrat vetanake 0 0
3.1,59,433,source,81900,,Filarmonia e Kosovës,Financimi nga Huamarrja,,0.0,0.0,,,,,,,,Financimi nga Huamarrja 0 0
3.1,59,442,source,81900,,Filarmonia e Kosovës,Të Hyrat nga AKP,,,,,,,,,,,Të Hyrat nga AKP
3.1,59,451,sub,82000,0820,Galeria Kombëtare e Kosovës,,10.0,105189.0,180000.0,16250.0,600000.0,,,901439.0,901439.0,901439.0,"82000 0820 Galeria Kombëtare e Kosovës 10 105,189 180,000 16,250 600,000 901,439 901,439 901,439"
3.1,59,460,source,82000,,Galeria Kombëtare e Kosovës,Grantet Qeveritare,,105189.0,180000.0,16250.0,600000.0,,,901439.0,901439.0,901439.0,"Grantet Qeveritare 105,189 180,000 16,250 600,000 901,439 901,439 901,439"
3.1,59,469,source,82000,,Galeria Kombëtare e Kosovës,Të Hyrat vetanake,,0.0,0.0,,,,,,,,Të Hyrat vetanake 0 0
3.1,59,478,source,82000,,Galeria Kombëtare e Kosovës,Financimi nga Huamarrja,,0.0,0.0,,,,,,,,Financimi nga Huamarrja 0 0
3.1,59,487,source,82000,,Galeria Kombëtare e Kosovës,Të Hyrat nga AKP,,,,,,,,,,,Të Hyrat nga AKP
3.1,59,496,sub,82100,0820,Baleti Kombëtar i Kosovës,,31.0,376720.0,350000.0,,150000.0,,,876720.0,876720.0,876720.0,"82100 0820 Baleti Kombëtar i Kosovës 31 376,720 350,000 150,000 876,720 876,720 876,720"
3.1,59,505,source,82100,,Baleti Kombëtar i Kosovës,Grantet Qeveritare,,376720.0,350000.0,,150000.0,,,876720.0,876720.0,876720.0,"Grantet Qeveritare 376,720 350,000 150,000 876,720 876,720 876,720"
3.1,59,514,source,82100,,Baleti Kombëtar i Kosovës,Të Hyrat vetanake,,0.0,0.0,,,,,,,,Të Hyrat vetanake 0 0
3.1,59,523,source,82100,,Baleti Kombëtar i Kosovës,Financimi nga Huamarrja,,0.0,0.0,,,,,,,,Financimi nga Huamarrja 0 0
3.1,59,532,source,82100,,Baleti Kombëtar i Kosovës,Të Hyrat nga AKP,,,,,,,,,,,Të Hyrat nga AKP
3.1,60,91,sub,82200,0820,Divizioni për Promovimin e të drejtës,,4.0,30228.0,43543.0,,,,,73771.0,73771.0,73771.0,"82200 0820 Divizioni për Promovimin e të drejtës së auto 4 30,228 43,543 73,771 73,771 73,771"
3.1,60,100,source,82200,,Divizioni për Promovimin e të drejtës,Grantet Qeveritare,,30228.0,43543.0,,,,,73771.0,73771.0,73771.0,"Grantet Qeveritare 30,228 43,543 73,771 73,771 73,771"
3.1,60,109,source,82200,,Divizioni për Promovimin e të drejtës,Të Hyrat vetanake,,0.0,0.0,,,,,,,,Të Hyrat vetanake 0 0
3.1,60,118,source,82200,,Divizioni për Promovimin e të drejtës,Financimi nga Huamarrja,,0.0,0.0,,,,,,,,Financimi nga Huamarrja 0 0
3.1,60,127,source,82200,,Divizioni për Promovimin e të drejtës,Të Hyrat nga AKP,,,,,,,,,,,Të Hyrat nga AKP
3.1,60,136,sub,82600,0820,Opera e Kosovës,,9.0,105532.0,157153.0,,400000.0,,,662685.0,662685.0,662685.0,"82600 0820 Opera e Kosovës 9 105,532 157,153 400,000 662,685 662,685 662,685"
3.1,60,145,source,82600,,Opera e Kosovës,Grantet Qeveritare,,105532.0,157153.0,,400000.0,,,662685.0,662685.0,662685.0,"Grantet Qeveritare 105,532 157,153 400,000 662,685 662,685 662,685"
3.1,60,154,source,82600,,Opera e Kosovës,Të Hyrat vetanake,,0.0,0.0,,,,,,,,Të Hyrat vetanake 0 0
3.1,60,163,source,82600,,Opera e Kosovës,Financimi nga Huamarrja,,0.0,0.0,,,,,,,,Financimi nga Huamarrja 0 0
3.1,60,172,source,82600,,Opera e Kosovës,Të Hyrat nga AKP,,,,,,,,,,,Të Hyrat nga AKP
3.1,60,181,sub,82900,0820,Muzeu i Artit Bashkëkohor,,9.0,98390.0,55000.0,,30000.0,,,183390.0,183390.0,183390.0,"82900 0820 Muzeu i Artit Bashkëkohor 9 98,390 55,000 30,000 183,390 183,390 183,390"
3.1,60,190,source,82900,,Muzeu i Artit Bashkëkohor,Grantet Qeveritare,,98390.0,55000.0,,30000.0,,,183390.0,183390.0,183390.0,"Grantet Qeveritare 98,390 55,000 30,000 183,390 183,390 183,390"
3.1,60,199,source,82900,,Muzeu i Artit Bashkëkohor,Të Hyrat vetanake,,0.0,0.0,,,,,,,,Të Hyrat vetanake 0 0
3.1,60,208,source,82900,,Muzeu i Artit Bashkëkohor,Financimi nga Huamarrja,,0.0,0.0,,,,,,,,Financimi nga Huamarrja 0 0
3.1,60,217,source,82900,,Muzeu i Artit Bashkëkohor,Të Hyrat nga AKP,,,,,,,,,,,Të Hyrat nga AKP
3.1,60,226,sub,90900,0820,Biblioteka Kombëtare,,77.0,740243.0,250000.0,135000.0,30000.0,1300000.0,,2455243.0,4455243.0,4655243.0,"90900 0820 Biblioteka Kombëtare 77 740,243 250,000 135,000 30,000 1,300,000 2,455,243 4,455,243 4,655,243"
3.1,60,235,source,90900,,Biblioteka Kombëtare,Grantet Qeveritare,,740243.0,250000.0,135000.0,30000.0,1300000.0,,2455243.0,4455243.0,4655243.0,"Grantet Qeveritare 740,243 250,000 135,000 30,000 1,300,000 2,455,243 4,455,243 4,655,243"
3.1,60,244,source,90900,,Biblioteka Kombëtare,Të Hyrat vetanake,,0.0,0.0,,,0.0,,0.0,0.0,0.0,Të Hyrat vetanake 0 0 0 0 0 0
3.1,60,253,source,90900,,Biblioteka Kombëtare,Financimi nga Huamarrja,,0.0,0.0,,,0.0,,0.0,0.0,0.0,Financimi nga Huamarrja 0 0 0 0 0 0
3.1,60,262,source,90900,,Biblioteka Kombëtare,Të Hyrat nga AKP,,,,,,0.0,,0.0,0.0,0.0,Të Hyrat nga AKP 0 0 0 0
3.1,60,271,prog,,,Rinia,,10.0,95839.0,40000.0,,110000.0,,,245839.0,245839.0,245839.0,"Rinia 10 95,839 40,000 110,000 245,839 245,839 245,839"
3.1,60,280,source,,,Rinia,Grantet Qeveritare,,95839.0,40000.0,,110000.0,,,245839.0,245839.0,245839.0,"Grantet Qeveritare 95,839 40,000 110,000 245,839 245,839 245,839"
3.1,60,289,source,,,Rinia,Të Hyrat vetanake,,0.0,0.0,,,,,,,,Të Hyrat vetanake 0 0
3.1,60,298,source,,,Rinia,Financimi nga Huamarrja,,0.0,0.0,,,,,,,,Financimi nga Huamarrja 0 0
3.1,60,307,source,,,Rinia,Të Hyrat nga AKP,,,,,,,,,,,Të Hyrat nga AKP
3.1,60,316,sub,80600,0860,Mbrojtja dhe Integrimi i Rinisë,,10.0,95839.0,40000.0,,110000.0,,,245839.0,245839.0,245839.0,"80600 0860 Mbrojtja dhe Integrimi i Rinisë 10 95,839 40,000 110,000 245,839 245,839 245,839"
3.1,60,325,source,80600,,Mbrojtja dhe Integrimi i Rinisë,Grantet Qeveritare,,95839.0,40000.0,,110000.0,,,245839.0,245839.0,245839.0,"Grantet Qeveritare 95,839 40,000 110,000 245,839 245,839 245,839"
3.1,60,334,source,80600,,Mbrojtja dhe Integrimi i Rinisë,Të Hyrat vetanake,,0.0,0.0,,,,,,,,Të Hyrat vetanake 0 0
3.1,60,343,source,80600,,Mbrojtja dhe Integrimi i Rinisë,Financimi nga Huamarrja,,0.0,0.0,,,,,,,,Financimi nga Huamarrja 0 0
3.1,60,352,source,80600,,Mbrojtja dhe Integrimi i Rinisë,Të Hyrat nga AKP,,,,,,,,,,,Të Hyrat nga AKP
3.1,60,361,prog,,,Trashëgimia Kulturore,,149.0,1532844.0,1084000.0,60503.0,1320000.0,12869700.0,,16867047.0,15877347.0,12527347.0,"Trashëgimia Kulturore 149 1,532,844 1,084,000 60,503 1,320,000 12,869,700 16,867,047 15,877,347 12,527,347"
3.1,60,370,source,,,Trashëgimia Kulturore,Grantet Qeveritare,,1532844.0,1084000.0,60503.0,1320000.0,12869700.0,,16867047.0,15877347.0,12527347.0,"Grantet Qeveritare 1,532,844 1,084,000 60,503 1,320,000 12,869,700 16,867,047 15,877,347 12,527,347"
3.1,60,379,source,,,Trashëgimia Kulturore,Të Hyrat vetanake,,0.0,0.0,,,0.0,,0.0,0.0,0.0,Të Hyrat vetanake 0 0 0 0 0 0
3.1,60,388,source,,,Trashëgimia Kulturore,Financimi nga Huamarrja,,0.0,0.0,,,0.0,,0.0,0.0,0.0,Financimi nga Huamarrja 0 0 0 0 0 0
3.1,60,397,source,,,Trashëgimia Kulturore,Të Hyrat nga AKP,,,,,,0.0,,0.0,0.0,0.0,Të Hyrat nga AKP 0 0 0 0
3.1,60,406,sub,80800,0820,Inspektorati i Trashëgimisë Kulturore,,6.0,44681.0,15000.0,,,,,59681.0,59681.0,59681.0,"80800 0820 Inspektorati i Trashëgimisë Kulturore 6 44,681 15,000 59,681 59,681 59,681"
3.1,60,415,source,80800,,Inspektorati i Trashëgimisë Kulturore,Grantet Qeveritare,,44681.0,15000.0,,,,,59681.0,59681.0,59681.0,"Grantet Qeveritare 44,681 15,000 59,681 59,681 59,681"
3.1,60,424,source,80800,,Inspektorati i Trashëgimisë Kulturore,Të Hyrat vetanake,,0.0,0.0,,,,,,,,Të Hyrat vetanake 0 0
3.1,60,433,source,80800,,Inspektorati i Trashëgimisë Kulturore,Financimi nga Huamarrja,,0.0,0.0,,,,,,,,Financimi nga Huamarrja 0 0
3.1,60,442,source,80800,,Inspektorati i Trashëgimisë Kulturore,Të Hyrat nga AKP,,,,,,,,,,,Të Hyrat nga AKP
3.1,60,451,sub,81500,0820,Mbrojtja Ruajtja e Trashëgimisë Kulturore,,76.0,744307.0,584000.0,47503.0,800000.0,12869700.0,,15045510.0,14055810.0,10705810.0,"81500 0820 Mbrojtja Ruajtja e Trashëgimisë Kulturore 76 744,307 584,000 47,503 800,000 12,869,700 15,045,510 14,055,810 10,705,810"
3.1,60,460,source,81500,,Mbrojtja Ruajtja e Trashëgimisë Kulturore,Grantet Qeveritare,,744307.0,584000.0,47503.0,800000.0,12869700.0,,15045510.0,14055810.0,10705810.0,"Grantet Qeveritare 744,307 584,000 47,503 800,000 12,869,700 15,045,510 14,055,810 10,705,810"
3.1,60,469,source,81500,,Mbrojtja Ruajtja e Trashëgimisë Kulturore,Të Hyrat vetanake,,0.0,0.0,,,0.0,,0.0,0.0,0.0,Të Hyrat vetanake 0 0 0 0 0 0
3.1,60,478,source,81500,,Mbrojtja Ruajtja e Trashëgimisë Kulturore,Financimi nga Huamarrja,,0.0,0.0,,,0.0,,0.0,0.0,0.0,Financimi nga Huamarrja 0 0 0 0 0 0
3.1,60,487,source,81500,,Mbrojtja Ruajtja e Trashëgimisë Kulturore,Të Hyrat nga AKP,,,,,,0.0,,0.0,0.0,0.0,Të Hyrat nga AKP 0 0 0 0
3.1,60,496,sub,81600,0820,Prezantimet dhe Kërkimet për Trashigimin,,4.0,40684.0,50000.0,,520000.0,,,610684.0,610684.0,610684.0,"81600 0820 Prezantimet dhe Kërkimet për Trashigimin K 4 40,684 50,000 520,000 610,684 610,684 610,684"
3.1,60,505,source,81600,,Prezantimet dhe Kërkimet për Trashigimin,Grantet Qeveritare,,40684.0,50000.0,,520000.0,,,610684.0,610684.0,610684.0,"Grantet Qeveritare 40,684 50,000 520,000 610,684 610,684 610,684"
3.1,60,514,source,81600,,Prezantimet dhe Kërkimet për Trashigimin,Të Hyrat vetanake,,0.0,0.0,,,,,,,,Të Hyrat vetanake 0 0
3.1,60,523,source,81600,,Prezantimet dhe Kërkimet për Trashigimin,Financimi nga Huamarrja,,0.0,0.0,,,,,,,,Financimi nga Huamarrja 0 0
3.1,60,532,source,81600,,Prezantimet dhe Kërkimet për Trashigimin,Të Hyrat nga AKP,,,,,,,,,,,Të Hyrat nga AKP
3.1,61,91,sub,82300,0820,Instituti Arkeologjik i Kosovës,,14.0,159192.0,255000.0,,,,,414192.0,414192.0,414192.0,"82300 0820 Instituti Arkeologjik i Kosovës 14 159,192 255,000 414,192 414,192 414,192"
3.1,61,100,source,82300,,Instituti Arkeologjik i Kosovës,Grantet Qeveritare,,159192.0,255000.0,,,,,414192.0,414192.0,414192.0,"Grantet Qeveritare 159,192 255,000 414,192 414,192 414,192"
3.1,61,109,source,82300,,Instituti Arkeologjik i Kosovës,Të Hyrat vetanake,,0.0,0.0,,,,,,,,Të Hyrat vetanake 0 0
3.1,61,118,source,82300,,Instituti Arkeologjik i Kosovës,Financimi nga Huamarrja,,0.0,0.0,,,,,,,,Financimi nga Huamarrja 0 0
3.1,61,127,source,82300,,Instituti Arkeologjik i Kosovës,Të Hyrat nga AKP,,,,,,,,,,,Të Hyrat nga AKP
3.1,61,136,sub,82400,0820,Muzeu i Kosovës,,30.0,336866.0,110000.0,13000.0,,,,459866.0,459866.0,459866.0,"82400 0820 Muzeu i Kosovës 30 336,866 110,000 13,000 459,866 459,866 459,866"
3.1,61,145,source,82400,,Muzeu i Kosovës,Grantet Qeveritare,,336866.0,110000.0,13000.0,,,,459866.0,459866.0,459866.0,"Grantet Qeveritare 336,866 110,000 13,000 459,866 459,866 459,866"
3.1,61,154,source,82400,,Muzeu i Kosovës,Të Hyrat vetanake,,0.0,0.0,,,,,,,,Të Hyrat vetanake 0 0
3.1,61,163,source,82400,,Muzeu i Kosovës,Financimi nga Huamarrja,,0.0,0.0,,,,,,,,Financimi nga Huamarrja 0 0
3.1,61,172,source,82400,,Muzeu i Kosovës,Të Hyrat nga AKP,,,,,,,,,,,Të Hyrat nga AKP
3.1,61,181,sub,82500,0820,Instituti i Kosovës për Mbrojtjen e Monumen,,19.0,207114.0,70000.0,,,,,277114.0,277114.0,277114.0,"82500 0820 Instituti i Kosovës për Mbrojtjen e Monumen 19 207,114 70,000 277,114 277,114 277,114"
3.1,61,190,source,82500,,Instituti i Kosovës për Mbrojtjen e Monumen,Grantet Qeveritare,,207114.0,70000.0,,,,,277114.0,277114.0,277114.0,"Grantet Qeveritare 207,114 70,000 277,114 277,114 277,114"
3.1,61,199,source,82500,,Instituti i Kosovës për Mbrojtjen e Monumen,Të Hyrat vetanake,,0.0,0.0,,,,,,,,Të Hyrat vetanake 0 0
3.1,61,208,source,82500,,Instituti i Kosovës për Mbrojtjen e Monumen,Financimi nga Huamarrja,,0.0,0.0,,,,,,,,Financimi nga Huamarrja 0 0
3.1,61,217,source,82500,,Instituti i Kosovës për Mbrojtjen e Monumen,Të Hyrat nga AKP,,,,,,,,,,,Të Hyrat nga AKP
3.1,61,226,prog,,,Agjencia Shtetërore e Ark,,105.0,1006219.0,225000.0,27585.0,,1200000.0,,2458804.0,2831233.0,2878330.0,"Agjencia Shtetërore e Ark 105 1,006,219 225,000 27,585 1,200,000 2,458,804 2,831,233 2,878,330"
3.1,61,235,source,,,Agjencia Shtetërore e Ark,Grantet Qeveritare,,1006219.0,194910.0,27585.0,,1200000.0,,2428714.0,2801143.0,2848240.0,"Grantet Qeveritare 1,006,219 194,910 27,585 1,200,000 2,428,714 2,801,143 2,848,240"
3.1,61,244,source,,,Agjencia Shtetërore e Ark,Të Hyrat vetanake,,0.0,30090.0,,,0.0,,30090.0,30090.0,30090.0,"Të Hyrat vetanake 0 30,090 0 30,090 30,090 30,090"
3.1,61,253,source,,,Agjencia Shtetërore e Ark,Financimi nga Huamarrja,,0.0,0.0,,,0.0,,0.0,0.0,0.0,Financimi nga Huamarrja 0 0 0 0 0 0
3.1,61,262,source,,,Agjencia Shtetërore e Ark,Të Hyrat nga AKP,,,,,,0.0,,0.0,0.0,0.0,Të Hyrat nga AKP 0 0 0 0
3.1,61,271,sub,12500,0133,Agjencia Shtetërore e Arkivave e Kosovës,,105.0,1006219.0,225000.0,27585.0,,1200000.0,,2458804.0,2831233.0,2878330.0,"12500 0133 Agjencia Shtetërore e Arkivave e Kosovës 105 1,006,219 225,000 27,585 1,200,000 2,458,804 2,831,233 2,878,330"
3.1,61,280,source,12500,,Agjencia Shtetërore e Arkivave e Kosovës,Grantet Qeveritare,,1006219.0,194910.0,27585.0,,1200000.0,,2428714.0,2801143.0,2848240.0,"Grantet Qeveritare 1,006,219 194,910 27,585 1,200,000 2,428,714 2,801,143 2,848,240"
3.1,61,289,source,12500,,Agjencia Shtetërore e Arkivave e Kosovës,Të Hyrat vetanake,,0.0,30090.0,,,0.0,,30090.0,30090.0,30090.0,"Të Hyrat vetanake 0 30,090 0 30,090 30,090 30,090"
3.1,61,298,source,12500,,Agjencia Shtetërore e Arkivave e Kosovës,Financimi nga Huamarrja,,0.0,0.0,,,0.0,,0.0,0.0,0.0,Financimi nga Huamarrja 0 0 0 0 0 0
3.1,61,307,source,12500,,Agjencia Shtetërore e Arkivave e Kosovës,Të Hyrat nga AKP,,,,,,0.0,,0.0,0.0,0.0,Të Hyrat nga AKP 0 0 0 0
3.1,61,316,prog,,,Agjencia për Menaxhimin,,22.0,208730.0,646648.0,75000.0,,6610000.0,,7540378.0,7240378.0,7240378.0,"Agjencia për Menaxhimin 22 208,730 646,648 75,000 6,610,000 7,540,378 7,240,378 7,240,378"
3.1,61,325,source,,,Agjencia për Menaxhimin,Grantet Qeveritare,,208730.0,646648.0,75000.0,,6610000.0,,7540378.0,7240378.0,7240378.0,"Grantet Qeveritare 208,730 646,648 75,000 6,610,000 7,540,378 7,240,378 7,240,378"
3.1,61,334,source,,,Agjencia për Menaxhimin,Të Hyrat vetanake,,0.0,0.0,,,0.0,,0.0,0.0,0.0,Të Hyrat vetanake 0 0 0 0 0 0
3.1,61,343,source,,,Agjencia për Menaxhimin,Financimi nga Huamarrja,,0.0,0.0,,,0.0,,0.0,0.0,0.0,Financimi nga Huamarrja 0 0 0 0 0 0
3.1,61,352,source,,,Agjencia për Menaxhimin,Të Hyrat nga AKP,,,,,,0.0,,0.0,0.0,0.0,Të Hyrat nga AKP 0 0 0 0
3.1,61,361,sub,27900,0860,Agjencia për Menaxhimin Komplek.Memoria,,22.0,208730.0,646648.0,75000.0,,6610000.0,,7540378.0,7240378.0,7240378.0,"27900 0860 Agjencia për Menaxhimin Komplek.Memoria 22 208,730 646,648 75,000 6,610,000 7,540,378 7,240,378 7,240,378"
3.1,61,370,source,27900,,Agjencia për Menaxhimin Komplek.Memoria,Grantet Qeveritare,,208730.0,646648.0,75000.0,,6610000.0,,7540378.0,7240378.0,7240378.0,"Grantet Qeveritare 208,730 646,648 75,000 6,610,000 7,540,378 7,240,378 7,240,378"
3.1,61,379,source,27900,,Agjencia për Menaxhimin Komplek.Memoria,Të Hyrat vetanake,,0.0,0.0,,,0.0,,0.0,0.0,0.0,Të Hyrat vetanake 0 0 0 0 0 0
3.1,61,388,source,27900,,Agjencia për Menaxhimin Komplek.Memoria,Financimi nga Huamarrja,,0.0,0.0,,,0.0,,0.0,0.0,0.0,Financimi nga Huamarrja 0 0 0 0 0 0
3.1,61,397,source,27900,,Agjencia për Menaxhimin Komplek.Memoria,Të Hyrat nga AKP,,,,,,0.0,,0.0,0.0,0.0,Të Hyrat nga AKP 0 0 0 0
3.1,61,406,prog,,0711,Agjencia Antidoping,,9.0,78298.0,85300.0,,,,,163598.0,163598.0,163598.0,"0711 Agjencia Antidoping 9 78,298 85,300 163,598 163,598 163,598"
3.1,61,415,source,,,Agjencia Antidoping,Grantet Qeveritare,,78298.0,85300.0,,,,,163598.0,163598.0,163598.0,"Grantet Qeveritare 78,298 85,300 163,598 163,598 163,598"
3.1,61,424,source,,,Agjencia Antidoping,Të Hyrat vetanake,,0.0,0.0,,,,,,,,Të Hyrat vetanake 0 0
3.1,61,433,source,,,Agjencia Antidoping,Financimi nga Huamarrja,,0.0,0.0,,,,,,,,Financimi nga Huamarrja 0 0
3.1,61,442,source,,,Agjencia Antidoping,Të Hyrat nga AKP,,,,,,,,,,,Të Hyrat nga AKP
3.1,61,451,sub,82700,0711,Agjencia Antidoping,,9.0,78298.0,85300.0,,,,,163598.0,163598.0,163598.0,"82700 0711 Agjencia Antidoping 9 78,298 85,300 163,598 163,598 163,598"
3.1,61,460,source,82700,,Agjencia Antidoping,Grantet Qeveritare,,78298.0,85300.0,,,,,163598.0,163598.0,163598.0,"Grantet Qeveritare 78,298 85,300 163,598 163,598 163,598"
3.1,61,469,source,82700,,Agjencia Antidoping,Të Hyrat vetanake,,0.0,0.0,,,,,,,,Të Hyrat vetanake 0 0
3.1,61,478,source,82700,,Agjencia Antidoping,Financimi nga Huamarrja,,0.0,0.0,,,,,,,,Financimi nga Huamarrja 0 0
3.1,61,487,source,82700,,Agjencia Antidoping,Të Hyrat nga AKP,,,,,,,,,,,Të Hyrat nga AKP
3.1,61,496,prog,,0112,Rabati,,,,,,500000.0,,,500000.0,300000.0,300000.0,"0112 Rabati 500,000 500,000 300,000 300,000"
3.1,61,505,source,,,Rabati,Grantet Qeveritare,,,,,500000.0,,,500000.0,300000.0,300000.0,"Grantet Qeveritare 500,000 500,000 300,000 300,000"
3.1,61,514,source,,,Rabati,Të Hyrat vetanake,,,,,,,,,,,Të Hyrat vetanake
3.1,61,523,source,,,Rabati,Financimi nga Huamarrja,,,,,,,,,,,Financimi nga Huamarrja
3.1,61,532,source,,,Rabati,Të Hyrat nga AKP,,,,,,,,,,,Të Hyrat nga AKP
3.1,62,91,sub,82800,0112,Rabati,,,,,,500000.0,,,500000.0,300000.0,300000.0,"82800 0112 Rabati 500,000 500,000 300,000 300,000"
3.1,62,100,source,82800,,Rabati,Grantet Qeveritare,,,,,500000.0,,,500000.0,300000.0,300000.0,"Grantet Qeveritare 500,000 500,000 300,000 300,000"
3.1,62,109,source,82800,,Rabati,Të Hyrat vetanake,,,,,,,,,,,Të Hyrat vetanake
3.1,62,118,source,82800,,Rabati,Financimi nga Huamarrja,,,,,,,,,,,Financimi nga Huamarrja
3.1,62,127,source,82800,,Rabati,Të Hyrat nga AKP,,,,,,,,,,,Të Hyrat nga AKP
3.1,62,136,prog,,,Agjencia e Sportit,,5.0,50502.0,104700.0,,,,,155202.0,155202.0,155202.0,"Agjencia e Sportit 5 50,502 104,700 155,202 155,202 155,202"
3.1,62,145,source,,,Agjencia e Sportit,Grantet Qeveritare,,50502.0,104700.0,,,,,155202.0,155202.0,155202.0,"Grantet Qeveritare 50,502 104,700 155,202 155,202 155,202"
3.1,62,154,source,,,Agjencia e Sportit,Të Hyrat vetanake,,0.0,0.0,,,,,,,,Të Hyrat vetanake 0 0
3.1,62,163,source,,,Agjencia e Sportit,Financimi nga Huamarrja,,0.0,0.0,,,,,,,,Financimi nga Huamarrja 0 0
3.1,62,172,source,,,Agjencia e Sportit,Të Hyrat nga AKP,,,,,,,,,,,Të Hyrat nga AKP
3.1,62,181,sub,83000,0810,Agjencia e Sportit,,5.0,50502.0,104700.0,,,,,155202.0,155202.0,155202.0,"83000 0810 Agjencia e Sportit 5 50,502 104,700 155,202 155,202 155,202"
3.1,62,190,source,83000,,Agjencia e Sportit,Grantet Qeveritare,,50502.0,104700.0,,,,,155202.0,155202.0,155202.0,"Grantet Qeveritare 50,502 104,700 155,202 155,202 155,202"
3.1,62,199,source,83000,,Agjencia e Sportit,Të Hyrat vetanake,,0.0,0.0,,,,,,,,Të Hyrat vetanake 0 0
3.1,62,208,source,83000,,Agjencia e Sportit,Financimi nga Huamarrja,,0.0,0.0,,,,,,,,Financimi nga Huamarrja 0 0
3.1,62,217,source,83000,,Agjencia e Sportit,Të Hyrat nga AKP,,,,,,,,,,,Të Hyrat nga AKP
3.1,62,226,prog,,,Agjencia për Zhvillimin e,,11.0,106509.0,60000.0,,490000.0,750000.0,,1406509.0,2106509.0,1656509.0,"Agjencia për Zhvillimin e 11 106,509 60,000 490,000 750,000 1,406,509 2,106,509 1,656,509"
3.1,62,235,source,,,Agjencia për Zhvillimin e,Grantet Qeveritare,,106509.0,60000.0,,490000.0,750000.0,,1406509.0,2106509.0,1656509.0,"Grantet Qeveritare 106,509 60,000 490,000 750,000 1,406,509 2,106,509 1,656,509"
3.1,62,244,source,,,Agjencia për Zhvillimin e,Të Hyrat vetanake,,0.0,0.0,,,0.0,,0.0,0.0,0.0,Të Hyrat vetanake 0 0 0 0 0 0
3.1,62,253,source,,,Agjencia për Zhvillimin e,Financimi nga Huamarrja,,0.0,0.0,,,0.0,,0.0,0.0,0.0,Financimi nga Huamarrja 0 0 0 0 0 0
3.1,62,262,source,,,Agjencia për Zhvillimin e,Të Hyrat nga AKP,,,,,,0.0,,0.0,0.0,0.0,Të Hyrat nga AKP 0 0 0 0
3.1,62,271,sub,83100,0810,Agjencia për Zhvillimin e Rinisë,,11.0,106509.0,60000.0,,490000.0,750000.0,,1406509.0,2106509.0,1656509.0,"83100 0810 Agjencia për Zhvillimin e Rinisë 11 106,509 60,000 490,000 750,000 1,406,509 2,106,509 1,656,509"
3.1,62,280,source,83100,,Agjencia për Zhvillimin e Rinisë,Grantet Qeveritare,,106509.0,60000.0,,490000.0,750000.0,,1406509.0,2106509.0,1656509.0,"Grantet Qeveritare 106,509 60,000 490,000 750,000 1,406,509 2,106,509 1,656,509"
3.1,62,289,source,83100,,Agjencia për Zhvillimin e Rinisë,Të Hyrat vetanake,,0.0,0.0,,,0.0,,0.0,0.0,0.0,Të Hyrat vetanake 0 0 0 0 0 0
3.1,62,298,source,83100,,Agjencia për Zhvillimin e Rinisë,Financimi nga Huamarrja,,0.0,0.0,,,0.0,,0.0,0.0,0.0,Financimi nga Huamarrja 0 0 0 0 0 0
3.1,62,307,source,83100,,Agjencia për Zhvillimin e Rinisë,Të Hyrat nga AKP,,,,,,0.0,,0.0,0.0,0.0,Të Hyrat nga AKP 0 0 0 0
3.1,62,316,prog,,,Shërbimet e Administrate,,103.0,1067469.0,615861.0,18600.0,,230000.0,,1931930.0,2459639.0,2719042.0,"Shërbimet e Administrate 103 1,067,469 615,861 18,600 230,000 1,931,930 2,459,639 2,719,042"
3.1,62,325,source,,,Shërbimet e Administrate,Grantet Qeveritare,,1067469.0,615861.0,18600.0,,230000.0,,1931930.0,2459639.0,2719042.0,"Grantet Qeveritare 1,067,469 615,861 18,600 230,000 1,931,930 2,459,639 2,719,042"
3.1,62,334,source,,,Shërbimet e Administrate,Të Hyrat vetanake,,0.0,0.0,,,0.0,,0.0,0.0,0.0,Të Hyrat vetanake 0 0 0 0 0 0
3.1,62,343,source,,,Shërbimet e Administrate,Financimi nga Huamarrja,,0.0,0.0,,,0.0,,0.0,0.0,0.0,Financimi nga Huamarrja 0 0 0 0 0 0
3.1,62,352,source,,,Shërbimet e Administrate,Të Hyrat nga AKP,,,,,,0.0,,0.0,0.0,0.0,Të Hyrat nga AKP 0 0 0 0
3.1,62,361,sub,11307,0860,Administrata Qendrore,,85.0,843003.0,552861.0,18600.0,,230000.0,,1644464.0,2172173.0,2431576.0,"11307 0860 Administrata Qendrore 85 843,003 552,861 18,600 230,000 1,644,464 2,172,173 2,431,576"
3.1,62,370,source,11307,,Administrata Qendrore,Grantet Qeveritare,,843003.0,552861.0,18600.0,,230000.0,,1644464.0,2172173.0,2431576.0,"Grantet Qeveritare 843,003 552,861 18,600 230,000 1,644,464 2,172,173 2,431,576"
3.1,62,379,source,11307,,Administrata Qendrore,Të Hyrat vetanake,,0.0,0.0,,,0.0,,0.0,0.0,0.0,Të Hyrat vetanake 0 0 0 0 0 0
3.1,62,388,source,11307,,Administrata Qendrore,Financimi nga Huamarrja,,0.0,0.0,,,0.0,,0.0,0.0,0.0,Financimi nga Huamarrja 0 0 0 0 0 0
3.1,62,397,source,11307,,Administrata Qendrore,Të Hyrat nga AKP,,,,,,0.0,,0.0,0.0,0.0,Të Hyrat nga AKP 0 0 0 0
3.1,62,406,sub,11407,0860,Zyra e Ministrit,,18.0,224466.0,63000.0,,,,,287466.0,287466.0,287466.0,"11407 0860 Zyra e Ministrit 18 224,466 63,000 287,466 287,466 287,466"
3.1,62,415,source,11407,,Zyra e Ministrit,Grantet Qeveritare,,224466.0,63000.0,,,,,287466.0,287466.0,287466.0,"Grantet Qeveritare 224,466 63,000 287,466 287,466 287,466"
3.1,62,424,source,11407,,Zyra e Ministrit,Të Hyrat vetanake,,0.0,0.0,,,,,,,,Të Hyrat vetanake 0 0
3.1,62,433,source,11407,,Zyra e Ministrit,Financimi nga Huamarrja,,0.0,0.0,,,,,,,,Financimi nga Huamarrja 0 0
3.1,62,442,source,11407,,Zyra e Ministrit,Të Hyrat nga AKP,,,,,,,,,,,Të Hyrat nga AKP
3.1,62,451,org,208,,"Ministria e Arsimit,Shkencës,Teknolo",,2282.0,25954911.0,14350000.0,1590459.0,25305360.0,38862054.0,,106062784.0,119540304.0,120909425.0,"208 Ministria e Arsimit,Shkencës,Teknolo 2,282 25,954,911 14,350,000 1,590,459 25,305,360 38,862,054 106,062,784 119,540,304 120,909,425"
3.1,62,460,source,208,,"Ministria e Arsimit,Shkencës,Teknolo",Grantet Qeveritare,,25293794.0,10260826.0,1354369.0,25303360.0,38862054.0,,101074403.0,108151923.0,117521044.0,"Grantet Qeveritare 25,293,794 10,260,826 1,354,369 25,303,360 38,862,054 101,074,403 108,151,923 117,521,044"
3.1,62,469,source,208,,"Ministria e Arsimit,Shkencës,Teknolo",Të Hyrat vetanake,,661117.0,1489174.0,236090.0,2000.0,0.0,,2388381.0,2388381.0,2388381.0,"Të Hyrat vetanake 661,117 1,489,174 236,090 2,000 0 2,388,381 2,388,381 2,388,381"
3.1,62,478,source,208,,"Ministria e Arsimit,Shkencës,Teknolo",Financimi nga Huamarrja,,0.0,2600000.0,,,0.0,,2600000.0,9000000.0,1000000.0,"Financimi nga Huamarrja 0 2,600,000 0 2,600,000 9,000,000 1,000,000"
3.1,62,487,source,208,,"Ministria e Arsimit,Shkencës,Teknolo",Të Hyrat nga AKP,,,,,,0.0,,0.0,0.0,0.0,Të Hyrat nga AKP 0 0 0 0
3.1,62,496,prog,,,Arsimi i Lartë dhe Shken,,1227.0,16523521.0,7173207.0,1284766.0,2582003.0,5170000.0,,32733497.0,33246929.0,34821772.0,"Arsimi i Lartë dhe Shken 1,227 16,523,521 7,173,207 1,284,766 2,582,003 5,170,000 32,733,497 33,246,929 34,821,772"
3.1,62,505,source,,,Arsimi i Lartë dhe Shken,Grantet Qeveritare,,16023689.0,5826328.0,1048676.0,2580003.0,5170000.0,,30648696.0,31162128.0,32736971.0,"Grantet Qeveritare 16,023,689 5,826,328 1,048,676 2,580,003 5,170,000 30,648,696 31,162,128 32,736,971"
3.1,62,514,source,,,Arsimi i Lartë dhe Shken,Të Hyrat vetanake,,499832.0,1346879.0,236090.0,2000.0,0.0,,2084801.0,2084801.0,2084801.0,"Të Hyrat vetanake 499,832 1,346,879 236,090 2,000 0 2,084,801 2,084,801 2,084,801"
3.1,62,523,source,,,Arsimi i Lartë dhe Shken,Financimi nga Huamarrja,,0.0,0.0,,,0.0,,0.0,0.0,0.0,Financimi nga Huamarrja 0 0 0 0 0 0
3.1,62,532,source,,,Arsimi i Lartë dhe Shken,Të Hyrat nga AKP,,,,,,0.0,,0.0,0.0,0.0,Të Hyrat nga AKP 0 0 0 0
3.1,63,91,sub,90500,0941,Qendra e Studentëve,,254.0,1919704.0,2054991.0,682958.0,2000.0,330000.0,,4989653.0,5199653.0,5853653.0,"90500 0941 Qendra e Studentëve 254 1,919,704 2,054,991 682,958 2,000 330,000 4,989,653 5,199,653 5,853,653"
3.1,63,100,source,90500,,Qendra e Studentëve,Grantet Qeveritare,,1779289.0,1235149.0,446868.0,,330000.0,,3791306.0,4001306.0,4655306.0,"Grantet Qeveritare 1,779,289 1,235,149 446,868 330,000 3,791,306 4,001,306 4,655,306"
3.1,63,109,source,90500,,Qendra e Studentëve,Të Hyrat vetanake,,140415.0,819842.0,236090.0,2000.0,0.0,,1198347.0,1198347.0,1198347.0,"Të Hyrat vetanake 140,415 819,842 236,090 2,000 0 1,198,347 1,198,347 1,198,347"
3.1,63,118,source,90500,,Qendra e Studentëve,Financimi nga Huamarrja,,0.0,0.0,,,0.0,,0.0,0.0,0.0,Financimi nga Huamarrja 0 0 0 0 0 0
3.1,63,127,source,90500,,Qendra e Studentëve,Të Hyrat nga AKP,,,,,,0.0,,0.0,0.0,0.0,Të Hyrat nga AKP 0 0 0 0
3.1,63,136,sub,91700,0941,Marveshja Bilaterale,,,,600000.0,,1180003.0,,,1780003.0,2280003.0,2280003.0,"91700 0941 Marveshja Bilaterale 600,000 1,180,003 1,780,003 2,280,003 2,280,003"
3.1,63,145,source,91700,,Marveshja Bilaterale,Grantet Qeveritare,,,600000.0,,1180003.0,,,1780003.0,2280003.0,2280003.0,"Grantet Qeveritare 600,000 1,180,003 1,780,003 2,280,003 2,280,003"
3.1,63,154,source,91700,,Marveshja Bilaterale,Të Hyrat vetanake,,,0.0,,,,,,,,Të Hyrat vetanake 0
3.1,63,163,source,91700,,Marveshja Bilaterale,Financimi nga Huamarrja,,,0.0,,,,,,,,Financimi nga Huamarrja 0
3.1,63,172,source,91700,,Marveshja Bilaterale,Të Hyrat nga AKP,,,,,,,,,,,Të Hyrat nga AKP
3.1,63,181,sub,91900,0941,Universiteti i Prizrenit,,147.0,2267968.0,558000.0,73000.0,200000.0,50000.0,,3148968.0,3418968.0,3718968.0,"91900 0941 Universiteti i Prizrenit 147 2,267,968 558,000 73,000 200,000 50,000 3,148,968 3,418,968 3,718,968"
3.1,63,190,source,91900,,Universiteti i Prizrenit,Grantet Qeveritare,,2199968.0,558000.0,73000.0,200000.0,50000.0,,3080968.0,3350968.0,3650968.0,"Grantet Qeveritare 2,199,968 558,000 73,000 200,000 50,000 3,080,968 3,350,968 3,650,968"
3.1,63,199,source,91900,,Universiteti i Prizrenit,Të Hyrat vetanake,,68000.0,0.0,,,0.0,,68000.0,68000.0,68000.0,"Të Hyrat vetanake 68,000 0 0 68,000 68,000 68,000"
3.1,63,208,source,91900,,Universiteti i Prizrenit,Financimi nga Huamarrja,,0.0,0.0,,,0.0,,0.0,0.0,0.0,Financimi nga Huamarrja 0 0 0 0 0 0
3.1,63,217,source,91900,,Universiteti i Prizrenit,Të Hyrat nga AKP,,,,,,0.0,,0.0,0.0,0.0,Të Hyrat nga AKP 0 0 0 0
3.1,63,226,sub,97000,0970,Instituti Albanologjik i Prishtinës,,51.0,800000.0,209213.0,69000.0,50000.0,250000.0,,1378213.0,1228213.0,1388213.0,"97000 0970 Instituti Albanologjik i Prishtinës 51 800,000 209,213 69,000 50,000 250,000 1,378,213 1,228,213 1,388,213"
3.1,63,235,source,97000,,Instituti Albanologjik i Prishtinës,Grantet Qeveritare,,800000.0,155981.0,69000.0,50000.0,250000.0,,1324981.0,1174981.0,1334981.0,"Grantet Qeveritare 800,000 155,981 69,000 50,000 250,000 1,324,981 1,174,981 1,334,981"
3.1,63,244,source,97000,,Instituti Albanologjik i Prishtinës,Të Hyrat vetanake,,0.0,53232.0,,,0.0,,53232.0,53232.0,53232.0,"Të Hyrat vetanake 0 53,232 0 53,232 53,232 53,232"
3.1,63,253,source,97000,,Instituti Albanologjik i Prishtinës,Financimi nga Huamarrja,,0.0,0.0,,,0.0,,0.0,0.0,0.0,Financimi nga Huamarrja 0 0 0 0 0 0
3.1,63,262,source,97000,,Instituti Albanologjik i Prishtinës,Të Hyrat nga AKP,,,,,,0.0,,0.0,0.0,0.0,Të Hyrat nga AKP 0 0 0 0
3.1,63,271,sub,97100,0970,Instituti i Historisë-Prishtinës,,33.0,498900.0,186000.0,3000.0,50000.0,,,737900.0,689000.0,753000.0,"97100 0970 Instituti i Historisë-Prishtinës 33 498,900 186,000 3,000 50,000 737,900 689,000 753,000"
3.1,63,280,source,97100,,Instituti i Historisë-Prishtinës,Grantet Qeveritare,,498900.0,186000.0,3000.0,50000.0,,,737900.0,689000.0,753000.0,"Grantet Qeveritare 498,900 186,000 3,000 50,000 737,900 689,000 753,000"
3.1,63,289,source,97100,,Instituti i Historisë-Prishtinës,Të Hyrat vetanake,,0.0,0.0,,,,,,,,Të Hyrat vetanake 0 0
3.1,63,298,source,97100,,Instituti i Historisë-Prishtinës,Financimi nga Huamarrja,,0.0,0.0,,,,,,,,Financimi nga Huamarrja 0 0
3.1,63,307,source,97100,,Instituti i Historisë-Prishtinës,Të Hyrat nga AKP,,,,,,,,,,,Të Hyrat nga AKP
3.1,63,316,sub,97200,0970,Instituti i Leposaviqit,,5.0,5000.0,13186.0,2600.0,,,,20786.0,20786.0,20786.0,"97200 0970 Instituti i Leposaviqit 5 5,000 13,186 2,600 20,786 20,786 20,786"
3.1,63,325,source,97200,,Instituti i Leposaviqit,Grantet Qeveritare,,5000.0,13186.0,2600.0,,,,20786.0,20786.0,20786.0,"Grantet Qeveritare 5,000 13,186 2,600 20,786 20,786 20,786"
3.1,63,334,source,97200,,Instituti i Leposaviqit,Të Hyrat vetanake,,0.0,0.0,,,,,,,,Të Hyrat vetanake 0 0
3.1,63,343,source,97200,,Instituti i Leposaviqit,Financimi nga Huamarrja,,0.0,0.0,,,,,,,,Financimi nga Huamarrja 0 0
3.1,63,352,source,97200,,Instituti i Leposaviqit,Të Hyrat nga AKP,,,,,,,,,,,Të Hyrat nga AKP
3.1,63,361,sub,97300,0980,Agjencinë e Kosovës për Akreditim,,32.0,303489.0,535459.0,16500.0,,,,855448.0,905448.0,955448.0,"97300 0980 Agjencinë e Kosovës për Akreditim 32 303,489 535,459 16,500 855,448 905,448 955,448"
3.1,63,370,source,97300,,Agjencinë e Kosovës për Akreditim,Grantet Qeveritare,,247194.0,61654.0,16500.0,,,,325348.0,375348.0,425348.0,"Grantet Qeveritare 247,194 61,654 16,500 325,348 375,348 425,348"
3.1,63,379,source,97300,,Agjencinë e Kosovës për Akreditim,Të Hyrat vetanake,,56295.0,473805.0,,,,,530100.0,530100.0,530100.0,"Të Hyrat vetanake 56,295 473,805 530,100 530,100 530,100"
3.1,63,388,source,97300,,Agjencinë e Kosovës për Akreditim,Financimi nga Huamarrja,,0.0,0.0,,,,,,,,Financimi nga Huamarrja 0 0
3.1,63,397,source,97300,,Agjencinë e Kosovës për Akreditim,Të Hyrat nga AKP,,,,,,,,,,,Të Hyrat nga AKP
3.1,63,406,sub,97400,0941,Universiteti i Pejës,,162.0,2378731.0,746790.0,99508.0,200000.0,1630000.0,,5055029.0,4475029.0,4228239.0,"97400 0941 Universiteti i Pejës 162 2,378,731 746,790 99,508 200,000 1,630,000 5,055,029 4,475,029 4,228,239"
3.1,63,415,source,97400,,Universiteti i Pejës,Grantet Qeveritare,,2353194.0,746790.0,99508.0,200000.0,1630000.0,,5029492.0,4449492.0,4202702.0,"Grantet Qeveritare 2,353,194 746,790 99,508 200,000 1,630,000 5,029,492 4,449,492 4,202,702"
3.1,63,424,source,97400,,Universiteti i Pejës,Të Hyrat vetanake,,25537.0,0.0,,,0.0,,25537.0,25537.0,25537.0,"Të Hyrat vetanake 25,537 0 0 25,537 25,537 25,537"
3.1,63,433,source,97400,,Universiteti i Pejës,Financimi nga Huamarrja,,0.0,0.0,,,0.0,,0.0,0.0,0.0,Financimi nga Huamarrja 0 0 0 0 0 0
3.1,63,442,source,97400,,Universiteti i Pejës,Të Hyrat nga AKP,,,,,,0.0,,0.0,0.0,0.0,Të Hyrat nga AKP 0 0 0 0
3.1,63,451,sub,97700,0941,Universiteti i Gjilanit,,115.0,1779767.0,480738.0,50000.0,200000.0,290000.0,,2800505.0,3100505.0,3369767.0,"97700 0941 Universiteti i Gjilanit 115 1,779,767 480,738 50,000 200,000 290,000 2,800,505 3,100,505 3,369,767"
3.1,63,460,source,97700,,Universiteti i Gjilanit,Grantet Qeveritare,,1664767.0,480738.0,50000.0,200000.0,290000.0,,2685505.0,2985505.0,3254767.0,"Grantet Qeveritare 1,664,767 480,738 50,000 200,000 290,000 2,685,505 2,985,505 3,254,767"
3.1,63,469,source,97700,,Universiteti i Gjilanit,Të Hyrat vetanake,,115000.0,0.0,,,0.0,,115000.0,115000.0,115000.0,"Të Hyrat vetanake 115,000 0 0 115,000 115,000 115,000"
3.1,63,478,source,97700,,Universiteti i Gjilanit,Financimi nga Huamarrja,,0.0,0.0,,,0.0,,0.0,0.0,0.0,Financimi nga Huamarrja 0 0 0 0 0 0
3.1,63,487,source,97700,,Universiteti i Gjilanit,Të Hyrat nga AKP,,,,,,0.0,,0.0,0.0,0.0,Të Hyrat nga AKP 0 0 0 0
3.1,63,496,sub,97800,0941,Universiteti i Gjakovës,,116.0,1761921.0,480738.0,50000.0,200000.0,1240000.0,,3732659.0,3632659.0,3801921.0,"97800 0941 Universiteti i Gjakovës 116 1,761,921 480,738 50,000 200,000 1,240,000 3,732,659 3,632,659 3,801,921"
3.1,63,505,source,97800,,Universiteti i Gjakovës,Grantet Qeveritare,,1735121.0,480738.0,50000.0,200000.0,1240000.0,,3705859.0,3605859.0,3775121.0,"Grantet Qeveritare 1,735,121 480,738 50,000 200,000 1,240,000 3,705,859 3,605,859 3,775,121"
3.1,63,514,source,97800,,Universiteti i Gjakovës,Të Hyrat vetanake,,26800.0,0.0,,,0.0,,26800.0,26800.0,26800.0,"Të Hyrat vetanake 26,800 0 0 26,800 26,800 26,800"
3.1,63,523,source,97800,,Universiteti i Gjakovës,Financimi nga Huamarrja,,0.0,0.0,,,0.0,,0.0,0.0,0.0,Financimi nga Huamarrja 0 0 0 0 0 0
3.1,63,532,source,97800,,Universiteti i Gjakovës,Të Hyrat nga AKP,,,,,,0.0,,0.0,0.0,0.0,Të Hyrat nga AKP 0 0 0 0
3.1,64,91,sub,97900,0941,Universiteti i Mitrovicës,,199.0,2666254.0,564092.0,167200.0,200000.0,300000.0,,3897546.0,4009878.0,3908987.0,"97900 0941 Universiteti i Mitrovicës 199 2,666,254 564,092 167,200 200,000 300,000 3,897,546 4,009,878 3,908,987"
3.1,64,100,source,97900,,Universiteti i Mitrovicës,Grantet Qeveritare,,2635781.0,564092.0,167200.0,200000.0,300000.0,,3867073.0,3979405.0,3878514.0,"Grantet Qeveritare 2,635,781 564,092 167,200 200,000 300,000 3,867,073 3,979,405 3,878,514"
3.1,64,109,source,97900,,Universiteti i Mitrovicës,Të Hyrat vetanake,,30473.0,0.0,,,0.0,,30473.0,30473.0,30473.0,"Të Hyrat vetanake 30,473 0 0 30,473 30,473 30,473"
3.1,64,118,source,97900,,Universiteti i Mitrovicës,Financimi nga Huamarrja,,0.0,0.0,,,0.0,,0.0,0.0,0.0,Financimi nga Huamarrja 0 0 0 0 0 0
3.1,64,127,source,97900,,Universiteti i Mitrovicës,Të Hyrat nga AKP,,,,,,0.0,,0.0,0.0,0.0,Të Hyrat nga AKP 0 0 0 0
3.1,64,136,sub,97950,0941,Kolegji Ndërkombëtar i Biznesit në,,55.0,1141787.0,372000.0,50000.0,100000.0,250000.0,,1913787.0,1863787.0,1991787.0,"97950 0941 Kolegji Ndërkombëtar i Biznesit në Mitrovicë 55 1,141,787 372,000 50,000 100,000 250,000 1,913,787 1,863,787 1,991,787"
3.1,64,145,source,97950,,Kolegji Ndërkombëtar i Biznesit në,Grantet Qeveritare,,1123131.0,372000.0,50000.0,100000.0,250000.0,,1895131.0,1845131.0,1973131.0,"Grantet Qeveritare 1,123,131 372,000 50,000 100,000 250,000 1,895,131 1,845,131 1,973,131"
3.1,64,154,source,97950,,Kolegji Ndërkombëtar i Biznesit në,Të Hyrat vetanake,,18656.0,0.0,,,0.0,,18656.0,18656.0,18656.0,"Të Hyrat vetanake 18,656 0 0 18,656 18,656 18,656"
3.1,64,163,source,97950,,Kolegji Ndërkombëtar i Biznesit në,Financimi nga Huamarrja,,0.0,0.0,,,0.0,,0.0,0.0,0.0,Financimi nga Huamarrja 0 0 0 0 0 0
3.1,64,172,source,97950,,Kolegji Ndërkombëtar i Biznesit në,Të Hyrat nga AKP,,,,,,0.0,,0.0,0.0,0.0,Të Hyrat nga AKP 0 0 0 0
3.1,64,181,sub,98200,0941,Investimet kapitale tjera në Ars.larte,,,,,,,150000.0,,150000.0,150000.0,150000.0,"98200 0941 Investimet kapitale tjera në Ars.larte dhe Shk 150,000 150,000 150,000 150,000"
3.1,64,190,source,98200,,Investimet kapitale tjera në Ars.larte,Grantet Qeveritare,,,,,,150000.0,,150000.0,150000.0,150000.0,"Grantet Qeveritare 150,000 150,000 150,000 150,000"
3.1,64,199,source,98200,,Investimet kapitale tjera në Ars.larte,Të Hyrat vetanake,,,,,,0.0,,0.0,0.0,0.0,Të Hyrat vetanake 0 0 0 0
3.1,64,208,source,98200,,Investimet kapitale tjera në Ars.larte,Financimi nga Huamarrja,,,,,,0.0,,0.0,0.0,0.0,Financimi nga Huamarrja 0 0 0 0
3.1,64,217,source,98200,,Investimet kapitale tjera në Ars.larte,Të Hyrat nga AKP,,,,,,0.0,,0.0,0.0,0.0,Të Hyrat nga AKP 0 0 0 0
3.1,64,226,sub,98400,0941,Universiteti i Ferizajit,,58.0,1000000.0,372000.0,21000.0,200000.0,680000.0,,2273000.0,2273000.0,2401000.0,"98400 0941 Universiteti i Ferizajit 58 1,000,000 372,000 21,000 200,000 680,000 2,273,000 2,273,000 2,401,000"
3.1,64,235,source,98400,,Universiteti i Ferizajit,Grantet Qeveritare,,981344.0,372000.0,21000.0,200000.0,680000.0,,2254344.0,2254344.0,2382344.0,"Grantet Qeveritare 981,344 372,000 21,000 200,000 680,000 2,254,344 2,254,344 2,382,344"
3.1,64,244,source,98400,,Universiteti i Ferizajit,Të Hyrat vetanake,,18656.0,0.0,,,0.0,,18656.0,18656.0,18656.0,"Të Hyrat vetanake 18,656 0 0 18,656 18,656 18,656"
3.1,64,253,source,98400,,Universiteti i Ferizajit,Financimi nga Huamarrja,,0.0,0.0,,,0.0,,0.0,0.0,0.0,Financimi nga Huamarrja 0 0 0 0 0 0
3.1,64,262,source,98400,,Universiteti i Ferizajit,Të Hyrat nga AKP,,,,,,0.0,,0.0,0.0,0.0,Të Hyrat nga AKP 0 0 0 0
3.1,64,271,prog,,,Arsimi Paraunveristar,,754.0,6281824.0,2481132.0,254623.0,14315389.0,33312054.0,,56645022.0,69232690.0,70797847.0,"Arsimi Paraunveristar 754 6,281,824 2,481,132 254,623 14,315,389 33,312,054 56,645,022 69,232,690 70,797,847"
3.1,64,280,source,,,Arsimi Paraunveristar,Grantet Qeveritare,,6158984.0,2410392.0,254623.0,14315389.0,33312054.0,,56451442.0,63039110.0,70604267.0,"Grantet Qeveritare 6,158,984 2,410,392 254,623 14,315,389 33,312,054 56,451,442 63,039,110 70,604,267"
3.1,64,289,source,,,Arsimi Paraunveristar,Të Hyrat vetanake,,122840.0,70740.0,,,0.0,,193580.0,193580.0,193580.0,"Të Hyrat vetanake 122,840 70,740 0 193,580 193,580 193,580"
3.1,64,298,source,,,Arsimi Paraunveristar,Financimi nga Huamarrja,,0.0,0.0,,,0.0,,0.0,6000000.0,0.0,"Financimi nga Huamarrja 0 0 0 0 6,000,000 0"
3.1,64,307,source,,,Arsimi Paraunveristar,Të Hyrat nga AKP,,,,,,0.0,,0.0,0.0,0.0,Të Hyrat nga AKP 0 0 0 0
3.1,64,316,sub,90000,0980,Autoriteti Kombëtar i Kualifikimeve,,12.0,105000.0,164343.0,2000.0,,,,271343.0,266343.0,316343.0,"90000 0980 Autoriteti Kombëtar i Kualifikimeve 12 105,000 164,343 2,000 271,343 266,343 316,343"
3.1,64,325,source,90000,,Autoriteti Kombëtar i Kualifikimeve,Grantet Qeveritare,,105000.0,114343.0,2000.0,,,,221343.0,216343.0,266343.0,"Grantet Qeveritare 105,000 114,343 2,000 221,343 216,343 266,343"
3.1,64,334,source,90000,,Autoriteti Kombëtar i Kualifikimeve,Të Hyrat vetanake,,0.0,50000.0,,,,,50000.0,50000.0,50000.0,"Të Hyrat vetanake 0 50,000 50,000 50,000 50,000"
3.1,64,343,source,90000,,Autoriteti Kombëtar i Kualifikimeve,Financimi nga Huamarrja,,0.0,0.0,,,,,,,,Financimi nga Huamarrja 0 0
3.1,64,352,source,90000,,Autoriteti Kombëtar i Kualifikimeve,Të Hyrat nga AKP,,,,,,,,,,,Të Hyrat nga AKP
3.1,64,361,sub,90800,0950,Arsimi për fëmijët me nevoja të veqanta,,216.0,1842978.0,651652.0,64100.0,,700000.0,,3258730.0,2738730.0,2938730.0,"90800 0950 Arsimi për fëmijët me nevoja të veqanta 216 1,842,978 651,652 64,100 700,000 3,258,730 2,738,730 2,938,730"
3.1,64,370,source,90800,,Arsimi për fëmijët me nevoja të veqanta,Grantet Qeveritare,,1842978.0,651652.0,64100.0,,700000.0,,3258730.0,2738730.0,2938730.0,"Grantet Qeveritare 1,842,978 651,652 64,100 700,000 3,258,730 2,738,730 2,938,730"
3.1,64,379,source,90800,,Arsimi për fëmijët me nevoja të veqanta,Të Hyrat vetanake,,0.0,0.0,,,0.0,,0.0,0.0,0.0,Të Hyrat vetanake 0 0 0 0 0 0
3.1,64,388,source,90800,,Arsimi për fëmijët me nevoja të veqanta,Financimi nga Huamarrja,,0.0,0.0,,,0.0,,0.0,0.0,0.0,Financimi nga Huamarrja 0 0 0 0 0 0
3.1,64,397,source,90800,,Arsimi për fëmijët me nevoja të veqanta,Të Hyrat nga AKP,,,,,,0.0,,0.0,0.0,0.0,Të Hyrat nga AKP 0 0 0 0
3.1,64,406,sub,91000,0950,Trajnimi i Mësuesve,,,,362465.0,4000.0,,,,366465.0,366465.0,366465.0,"91000 0950 Trajnimi i Mësuesve 362,465 4,000 366,465 366,465 366,465"
3.1,64,415,source,91000,,Trajnimi i Mësuesve,Grantet Qeveritare,,,362465.0,4000.0,,,,366465.0,366465.0,366465.0,"Grantet Qeveritare 362,465 4,000 366,465 366,465 366,465"
3.1,64,424,source,91000,,Trajnimi i Mësuesve,Të Hyrat vetanake,,,0.0,,,,,,,,Të Hyrat vetanake 0
3.1,64,433,source,91000,,Trajnimi i Mësuesve,Financimi nga Huamarrja,,,0.0,,,,,,,,Financimi nga Huamarrja 0
3.1,64,442,source,91000,,Trajnimi i Mësuesve,Të Hyrat nga AKP,,,,,,,,,,,Të Hyrat nga AKP
3.1,64,451,sub,91100,0980,Zhvillimi i Planprogramit,,,,200000.0,,14115389.0,,,14315389.0,14315389.0,14365389.0,"91100 0980 Zhvillimi i Planprogramit 200,000 14,115,389 14,315,389 14,315,389 14,365,389"
3.1,64,460,source,91100,,Zhvillimi i Planprogramit,Grantet Qeveritare,,,200000.0,,14115389.0,,,14315389.0,14315389.0,14365389.0,"Grantet Qeveritare 200,000 14,115,389 14,315,389 14,315,389 14,365,389"
3.1,64,469,source,91100,,Zhvillimi i Planprogramit,Të Hyrat vetanake,,,0.0,,,,,,,,Të Hyrat vetanake 0
3.1,64,478,source,91100,,Zhvillimi i Planprogramit,Financimi nga Huamarrja,,,0.0,,,,,,,,Financimi nga Huamarrja 0
3.1,64,487,source,91100,,Zhvillimi i Planprogramit,Të Hyrat nga AKP,,,,,,,,,,,Të Hyrat nga AKP
3.1,64,496,sub,91800,0950,Instituti Pedagogjik i Kosovës,,21.0,331054.0,179500.0,21523.0,50000.0,,,582077.0,651023.0,701523.0,"91800 0950 Instituti Pedagogjik i Kosovës 21 331,054 179,500 21,523 50,000 582,077 651,023 701,523"
3.1,64,505,source,91800,,Instituti Pedagogjik i Kosovës,Grantet Qeveritare,,331054.0,179500.0,21523.0,50000.0,,,582077.0,651023.0,701523.0,"Grantet Qeveritare 331,054 179,500 21,523 50,000 582,077 651,023 701,523"
3.1,64,514,source,91800,,Instituti Pedagogjik i Kosovës,Të Hyrat vetanake,,0.0,0.0,,,,,,,,Të Hyrat vetanake 0 0
3.1,64,523,source,91800,,Instituti Pedagogjik i Kosovës,Financimi nga Huamarrja,,0.0,0.0,,,,,,,,Financimi nga Huamarrja 0 0
3.1,64,532,source,91800,,Instituti Pedagogjik i Kosovës,Të Hyrat nga AKP,,,,,,,,,,,Të Hyrat nga AKP
3.1,65,91,sub,92500,0912,Arsimi Profesional,,,,102432.0,,150000.0,200000.0,,452432.0,352432.0,352432.0,"92500 0912 Arsimi Profesional 102,432 150,000 200,000 452,432 352,432 352,432"
3.1,65,100,source,92500,,Arsimi Profesional,Grantet Qeveritare,,,102432.0,,150000.0,200000.0,,452432.0,352432.0,352432.0,"Grantet Qeveritare 102,432 150,000 200,000 452,432 352,432 352,432"
3.1,65,109,source,92500,,Arsimi Profesional,Të Hyrat vetanake,,,0.0,,,0.0,,0.0,0.0,0.0,Të Hyrat vetanake 0 0 0 0 0
3.1,65,118,source,92500,,Arsimi Profesional,Financimi nga Huamarrja,,,0.0,,,0.0,,0.0,0.0,0.0,Financimi nga Huamarrja 0 0 0 0 0
3.1,65,127,source,92500,,Arsimi Profesional,Të Hyrat nga AKP,,,,,,0.0,,0.0,0.0,0.0,Të Hyrat nga AKP 0 0 0 0
3.1,65,136,sub,97500,0922,Agjencia Arsimit dhe Aftësimit Prof.,,505.0,4002792.0,820740.0,163000.0,,100000.0,,5086532.0,5165254.0,5527053.0,"97500 0922 Agjencia Arsimit dhe Aftësimit Prof. AP 505 4,002,792 820,740 163,000 100,000 5,086,532 5,165,254 5,527,053"
3.1,65,145,source,97500,,Agjencia Arsimit dhe Aftësimit Prof.,Grantet Qeveritare,,3879952.0,800000.0,163000.0,,100000.0,,4942952.0,5021674.0,5383473.0,"Grantet Qeveritare 3,879,952 800,000 163,000 100,000 4,942,952 5,021,674 5,383,473"
3.1,65,154,source,97500,,Agjencia Arsimit dhe Aftësimit Prof.,Të Hyrat vetanake,,122840.0,20740.0,,,0.0,,143580.0,143580.0,143580.0,"Të Hyrat vetanake 122,840 20,740 0 143,580 143,580 143,580"
3.1,65,163,source,97500,,Agjencia Arsimit dhe Aftësimit Prof.,Financimi nga Huamarrja,,0.0,0.0,,,0.0,,0.0,0.0,0.0,Financimi nga Huamarrja 0 0 0 0 0 0
3.1,65,172,source,97500,,Agjencia Arsimit dhe Aftësimit Prof.,Të Hyrat nga AKP,,,,,,0.0,,0.0,0.0,0.0,Të Hyrat nga AKP 0 0 0 0
3.1,65,181,sub,98100,0912,Investimet kapitale në Arsimin parauniversit,,,,,,,32312054.0,,32312054.0,45377054.0,46229912.0,"98100 0912 Investimet kapitale në Arsimin parauniversit 32,312,054 32,312,054 45,377,054 46,229,912"
3.1,65,190,source,98100,,Investimet kapitale në Arsimin parauniversit,Grantet Qeveritare,,,0.0,,,32312054.0,,32312054.0,39377054.0,46229912.0,"Grantet Qeveritare 0 32,312,054 32,312,054 39,377,054 46,229,912"
3.1,65,199,source,98100,,Investimet kapitale në Arsimin parauniversit,Të Hyrat vetanake,,,0.0,,,0.0,,0.0,0.0,0.0,Të Hyrat vetanake 0 0 0 0 0
3.1,65,208,source,98100,,Investimet kapitale në Arsimin parauniversit,Financimi nga Huamarrja,,,0.0,,,0.0,,0.0,6000000.0,0.0,"Financimi nga Huamarrja 0 0 0 6,000,000 0"
3.1,65,217,source,98100,,Investimet kapitale në Arsimin parauniversit,Të Hyrat nga AKP,,,,,,0.0,,0.0,0.0,0.0,Të Hyrat nga AKP 0 0 0 0
3.1,65,226,prog,,,Përkrahja e nxënësve me,,,,,,200000.0,,,200000.0,200000.0,200000.0,"Përkrahja e nxënësve me 200,000 200,000 200,000 200,000"
3.1,65,235,source,,,Përkrahja e nxënësve me,Grantet Qeveritare,,,,,200000.0,,,200000.0,200000.0,200000.0,"Grantet Qeveritare 200,000 200,000 200,000 200,000"
3.1,65,244,source,,,Përkrahja e nxënësve me,Të Hyrat vetanake,,,,,,,,,,,Të Hyrat vetanake
3.1,65,253,source,,,Përkrahja e nxënësve me,Financimi nga Huamarrja,,,,,,,,,,,Financimi nga Huamarrja
3.1,65,262,source,,,Përkrahja e nxënësve me,Të Hyrat nga AKP,,,,,,,,,,,Të Hyrat nga AKP
3.1,65,271,sub,98300,0922,Perkrahja e nxenesve me potencial,,,,,,200000.0,,,200000.0,200000.0,200000.0,"98300 0922 Perkrahja e nxenesve me potencial jashteza 200,000 200,000 200,000 200,000"
3.1,65,280,source,98300,,Perkrahja e nxenesve me potencial,Grantet Qeveritare,,,,,200000.0,,,200000.0,200000.0,200000.0,"Grantet Qeveritare 200,000 200,000 200,000 200,000"
3.1,65,289,source,98300,,Perkrahja e nxenesve me potencial,Të Hyrat vetanake,,,,,,,,,,,Të Hyrat vetanake
3.1,65,298,source,98300,,Perkrahja e nxenesve me potencial,Financimi nga Huamarrja,,,,,,,,,,,Financimi nga Huamarrja
3.1,65,307,source,98300,,Perkrahja e nxenesve me potencial,Të Hyrat nga AKP,,,,,,,,,,,Të Hyrat nga AKP
3.1,65,316,prog,,,Shërbimet e Administratë,,301.0,3149566.0,4695661.0,51070.0,8207968.0,380000.0,,16484265.0,16860685.0,15089806.0,"Shërbimet e Administratë 301 3,149,566 4,695,661 51,070 8,207,968 380,000 16,484,265 16,860,685 15,089,806"
3.1,65,325,source,,,Shërbimet e Administratë,Grantet Qeveritare,,3111121.0,2024106.0,51070.0,8207968.0,380000.0,,13774265.0,13750685.0,13979806.0,"Grantet Qeveritare 3,111,121 2,024,106 51,070 8,207,968 380,000 13,774,265 13,750,685 13,979,806"
3.1,65,334,source,,,Shërbimet e Administratë,Të Hyrat vetanake,,38445.0,71555.0,,,0.0,,110000.0,110000.0,110000.0,"Të Hyrat vetanake 38,445 71,555 0 110,000 110,000 110,000"
3.1,65,343,source,,,Shërbimet e Administratë,Financimi nga Huamarrja,,0.0,2600000.0,,,0.0,,2600000.0,3000000.0,1000000.0,"Financimi nga Huamarrja 0 2,600,000 0 2,600,000 3,000,000 1,000,000"
3.1,65,352,source,,,Shërbimet e Administratë,Të Hyrat nga AKP,,,,,,0.0,,0.0,0.0,0.0,Të Hyrat nga AKP 0 0 0 0
3.1,65,361,sub,11308,0912,Administrata Qendrore,,199.0,2038445.0,4340957.0,33770.0,8207968.0,150000.0,,14771140.0,15295040.0,13291414.0,"11308 0912 Administrata Qendrore 199 2,038,445 4,340,957 33,770 8,207,968 150,000 14,771,140 15,295,040 13,291,414"
3.1,65,370,source,11308,,Administrata Qendrore,Grantet Qeveritare,,2000000.0,1669402.0,33770.0,8207968.0,150000.0,,12061140.0,12185040.0,12181414.0,"Grantet Qeveritare 2,000,000 1,669,402 33,770 8,207,968 150,000 12,061,140 12,185,040 12,181,414"
3.1,65,379,source,11308,,Administrata Qendrore,Të Hyrat vetanake,,38445.0,71555.0,,,0.0,,110000.0,110000.0,110000.0,"Të Hyrat vetanake 38,445 71,555 0 110,000 110,000 110,000"
3.1,65,388,source,11308,,Administrata Qendrore,Financimi nga Huamarrja,,0.0,2600000.0,,,0.0,,2600000.0,3000000.0,1000000.0,"Financimi nga Huamarrja 0 2,600,000 0 2,600,000 3,000,000 1,000,000"
3.1,65,397,source,11308,,Administrata Qendrore,Të Hyrat nga AKP,,,,,,0.0,,0.0,0.0,0.0,Të Hyrat nga AKP 0 0 0 0
3.1,65,406,sub,11408,0912,Zyra e Ministrit,,19.0,270235.0,137946.0,4000.0,,,,412181.0,442181.0,508554.0,"11408 0912 Zyra e Ministrit 19 270,235 137,946 4,000 412,181 442,181 508,554"
3.1,65,415,source,11408,,Zyra e Ministrit,Grantet Qeveritare,,270235.0,137946.0,4000.0,,,,412181.0,442181.0,508554.0,"Grantet Qeveritare 270,235 137,946 4,000 412,181 442,181 508,554"
3.1,65,424,source,11408,,Zyra e Ministrit,Të Hyrat vetanake,,0.0,0.0,,,,,,,,Të Hyrat vetanake 0 0
3.1,65,433,source,11408,,Zyra e Ministrit,Financimi nga Huamarrja,,0.0,0.0,,,,,,,,Financimi nga Huamarrja 0 0
3.1,65,442,source,11408,,Zyra e Ministrit,Të Hyrat nga AKP,,,,,,,,,,,Të Hyrat nga AKP
3.1,65,451,sub,98000,0912,Inspektoriati i Arsimit të Kosovës,,83.0,840886.0,216758.0,13300.0,,230000.0,,1300944.0,1123464.0,1289838.0,"98000 0912 Inspektoriati i Arsimit të Kosovës 83 840,886 216,758 13,300 230,000 1,300,944 1,123,464 1,289,838"
3.1,65,460,source,98000,,Inspektoriati i Arsimit të Kosovës,Grantet Qeveritare,,840886.0,216758.0,13300.0,,230000.0,,1300944.0,1123464.0,1289838.0,"Grantet Qeveritare 840,886 216,758 13,300 230,000 1,300,944 1,123,464 1,289,838"
3.1,65,469,source,98000,,Inspektoriati i Arsimit të Kosovës,Të Hyrat vetanake,,0.0,0.0,,,0.0,,0.0,0.0,0.0,Të Hyrat vetanake 0 0 0 0 0 0
3.1,65,478,source,98000,,Inspektoriati i Arsimit të Kosovës,Financimi nga Huamarrja,,0.0,0.0,,,0.0,,0.0,0.0,0.0,Financimi nga Huamarrja 0 0 0 0 0 0
3.1,65,487,source,98000,,Inspektoriati i Arsimit të Kosovës,Të Hyrat nga AKP,,,,,,0.0,,0.0,0.0,0.0,Të Hyrat nga AKP 0 0 0 0
3.1,65,496,org,211,,Ministria për Komunitete dhe Kthim,,121.0,1102753.0,375000.0,17000.0,2100000.0,2000000.0,,5594753.0,5655405.0,5719392.0,"211 Ministria për Komunitete dhe Kthim 121 1,102,753 375,000 17,000 2,100,000 2,000,000 5,594,753 5,655,405 5,719,392"
3.1,65,505,source,211,,Ministria për Komunitete dhe Kthim,Grantet Qeveritare,,1102753.0,375000.0,17000.0,2100000.0,2000000.0,,5594753.0,5655405.0,5719392.0,"Grantet Qeveritare 1,102,753 375,000 17,000 2,100,000 2,000,000 5,594,753 5,655,405 5,719,392"
3.1,65,514,source,211,,Ministria për Komunitete dhe Kthim,Të Hyrat vetanake,,0.0,0.0,,,0.0,,0.0,0.0,0.0,Të Hyrat vetanake 0 0 0 0 0 0
3.1,65,523,source,211,,Ministria për Komunitete dhe Kthim,Financimi nga Huamarrja,,0.0,0.0,,,0.0,,0.0,0.0,0.0,Financimi nga Huamarrja 0 0 0 0 0 0
3.1,65,532,source,211,,Ministria për Komunitete dhe Kthim,Të Hyrat nga AKP,,,,,,0.0,,0.0,0.0,0.0,Të Hyrat nga AKP 0 0 0 0
3.1,66,91,prog,,,Projekti i Konsoliduar pë,,,,,,,2000000.0,,2000000.0,2000000.0,2000000.0,"Projekti i Konsoliduar pë 2,000,000 2,000,000 2,000,000 2,000,000"
3.1,66,100,source,,,Projekti i Konsoliduar pë,Grantet Qeveritare,,,,,,2000000.0,,2000000.0,2000000.0,2000000.0,"Grantet Qeveritare 2,000,000 2,000,000 2,000,000 2,000,000"
3.1,66,109,source,,,Projekti i Konsoliduar pë,Të Hyrat vetanake,,,,,,0.0,,0.0,0.0,0.0,Të Hyrat vetanake 0 0 0 0
3.1,66,118,source,,,Projekti i Konsoliduar pë,Financimi nga Huamarrja,,,,,,0.0,,0.0,0.0,0.0,Financimi nga Huamarrja 0 0 0 0
3.1,66,127,source,,,Projekti i Konsoliduar pë,Të Hyrat nga AKP,,,,,,0.0,,0.0,0.0,0.0,Të Hyrat nga AKP 0 0 0 0
3.1,66,136,sub,46200,1060,Projekti i Konsoliduar për të Kthyerit,,,,,,,2000000.0,,2000000.0,2000000.0,2000000.0,"46200 1060 Projekti i Konsoliduar për të Kthyerit 2,000,000 2,000,000 2,000,000 2,000,000"
3.1,66,145,source,46200,,Projekti i Konsoliduar për të Kthyerit,Grantet Qeveritare,,,,,,2000000.0,,2000000.0,2000000.0,2000000.0,"Grantet Qeveritare 2,000,000 2,000,000 2,000,000 2,000,000"
3.1,66,154,source,46200,,Projekti i Konsoliduar për të Kthyerit,Të Hyrat vetanake,,,,,,0.0,,0.0,0.0,0.0,Të Hyrat vetanake 0 0 0 0
3.1,66,163,source,46200,,Projekti i Konsoliduar për të Kthyerit,Financimi nga Huamarrja,,,,,,0.0,,0.0,0.0,0.0,Financimi nga Huamarrja 0 0 0 0
3.1,66,172,source,46200,,Projekti i Konsoliduar për të Kthyerit,Të Hyrat nga AKP,,,,,,0.0,,0.0,0.0,0.0,Të Hyrat nga AKP 0 0 0 0
3.1,66,181,prog,,,Shërbimet e Administratë,,121.0,1102753.0,375000.0,17000.0,2100000.0,,,3594753.0,3655405.0,3719392.0,"Shërbimet e Administratë 121 1,102,753 375,000 17,000 2,100,000 3,594,753 3,655,405 3,719,392"
3.1,66,190,source,,,Shërbimet e Administratë,Grantet Qeveritare,,1102753.0,375000.0,17000.0,2100000.0,,,3594753.0,3655405.0,3719392.0,"Grantet Qeveritare 1,102,753 375,000 17,000 2,100,000 3,594,753 3,655,405 3,719,392"
3.1,66,199,source,,,Shërbimet e Administratë,Të Hyrat vetanake,,0.0,0.0,,,,,,,,Të Hyrat vetanake 0 0
3.1,66,208,source,,,Shërbimet e Administratë,Financimi nga Huamarrja,,0.0,0.0,,,,,,,,Financimi nga Huamarrja 0 0
3.1,66,217,source,,,Shërbimet e Administratë,Të Hyrat nga AKP,,,,,,,,,,,Të Hyrat nga AKP
3.1,66,226,sub,11311,1060,Administrata Qendrore,,104.0,863805.0,304500.0,17000.0,2100000.0,,,3285305.0,3345957.0,3409944.0,"11311 1060 Administrata Qendrore 104 863,805 304,500 17,000 2,100,000 3,285,305 3,345,957 3,409,944"
3.1,66,235,source,11311,,Administrata Qendrore,Grantet Qeveritare,,863805.0,304500.0,17000.0,2100000.0,,,3285305.0,3345957.0,3409944.0,"Grantet Qeveritare 863,805 304,500 17,000 2,100,000 3,285,305 3,345,957 3,409,944"
3.1,66,244,source,11311,,Administrata Qendrore,Të Hyrat vetanake,,0.0,0.0,,,,,,,,Të Hyrat vetanake 0 0
3.1,66,253,source,11311,,Administrata Qendrore,Financimi nga Huamarrja,,0.0,0.0,,,,,,,,Financimi nga Huamarrja 0 0
3.1,66,262,source,11311,,Administrata Qendrore,Të Hyrat nga AKP,,,,,,,,,,,Të Hyrat nga AKP
3.1,66,271,sub,11411,1060,Zyra e Ministrit,,17.0,238948.0,70500.0,,,,,309448.0,309448.0,309448.0,"11411 1060 Zyra e Ministrit 17 238,948 70,500 309,448 309,448 309,448"
3.1,66,280,source,11411,,Zyra e Ministrit,Grantet Qeveritare,,238948.0,70500.0,,,,,309448.0,309448.0,309448.0,"Grantet Qeveritare 238,948 70,500 309,448 309,448 309,448"
3.1,66,289,source,11411,,Zyra e Ministrit,Të Hyrat vetanake,,0.0,0.0,,,,,,,,Të Hyrat vetanake 0 0
3.1,66,298,source,11411,,Zyra e Ministrit,Financimi nga Huamarrja,,0.0,0.0,,,,,,,,Financimi nga Huamarrja 0 0
3.1,66,307,source,11411,,Zyra e Ministrit,Të Hyrat nga AKP,,,,,,,,,,,Të Hyrat nga AKP
3.1,66,316,org,212,,Ministria e Administrimit të Pushtetit,,129.0,1247573.0,335000.0,7000.0,1000000.0,4050000.0,,6639573.0,6808189.0,6880580.0,"212 Ministria e Administrimit të Pushtetit 129 1,247,573 335,000 7,000 1,000,000 4,050,000 6,639,573 6,808,189 6,880,580"
3.1,66,325,source,212,,Ministria e Administrimit të Pushtetit,Grantet Qeveritare,,1247573.0,335000.0,7000.0,1000000.0,4050000.0,,6639573.0,6808189.0,6880580.0,"Grantet Qeveritare 1,247,573 335,000 7,000 1,000,000 4,050,000 6,639,573 6,808,189 6,880,580"
3.1,66,334,source,212,,Ministria e Administrimit të Pushtetit,Të Hyrat vetanake,,0.0,0.0,,,0.0,,0.0,0.0,0.0,Të Hyrat vetanake 0 0 0 0 0 0
3.1,66,343,source,212,,Ministria e Administrimit të Pushtetit,Financimi nga Huamarrja,,0.0,0.0,,,0.0,,0.0,0.0,0.0,Financimi nga Huamarrja 0 0 0 0 0 0
3.1,66,352,source,212,,Ministria e Administrimit të Pushtetit,Të Hyrat nga AKP,,,,,,0.0,,0.0,0.0,0.0,Të Hyrat nga AKP 0 0 0 0
3.1,66,361,prog,,,Shërbimet e Administratë,,129.0,1247573.0,335000.0,7000.0,1000000.0,4050000.0,,6639573.0,6808189.0,6880580.0,"Shërbimet e Administratë 129 1,247,573 335,000 7,000 1,000,000 4,050,000 6,639,573 6,808,189 6,880,580"
3.1,66,370,source,,,Shërbimet e Administratë,Grantet Qeveritare,,1247573.0,335000.0,7000.0,1000000.0,4050000.0,,6639573.0,6808189.0,6880580.0,"Grantet Qeveritare 1,247,573 335,000 7,000 1,000,000 4,050,000 6,639,573 6,808,189 6,880,580"
3.1,66,379,source,,,Shërbimet e Administratë,Të Hyrat vetanake,,0.0,0.0,,,0.0,,0.0,0.0,0.0,Të Hyrat vetanake 0 0 0 0 0 0
3.1,66,388,source,,,Shërbimet e Administratë,Financimi nga Huamarrja,,0.0,0.0,,,0.0,,0.0,0.0,0.0,Financimi nga Huamarrja 0 0 0 0 0 0
3.1,66,397,source,,,Shërbimet e Administratë,Të Hyrat nga AKP,,,,,,0.0,,0.0,0.0,0.0,Të Hyrat nga AKP 0 0 0 0
3.1,66,406,sub,11312,0133,Administrata Qëndrore,,111.0,993541.0,276300.0,7000.0,1000000.0,4050000.0,,6326841.0,6497647.0,6570038.0,"11312 0133 Administrata Qëndrore 111 993,541 276,300 7,000 1,000,000 4,050,000 6,326,841 6,497,647 6,570,038"
3.1,66,415,source,11312,,Administrata Qëndrore,Grantet Qeveritare,,993541.0,276300.0,7000.0,1000000.0,4050000.0,,6326841.0,6497647.0,6570038.0,"Grantet Qeveritare 993,541 276,300 7,000 1,000,000 4,050,000 6,326,841 6,497,647 6,570,038"
3.1,66,424,source,11312,,Administrata Qëndrore,Të Hyrat vetanake,,0.0,0.0,,,0.0,,0.0,0.0,0.0,Të Hyrat vetanake 0 0 0 0 0 0
3.1,66,433,source,11312,,Administrata Qëndrore,Financimi nga Huamarrja,,0.0,0.0,,,0.0,,0.0,0.0,0.0,Financimi nga Huamarrja 0 0 0 0 0 0
3.1,66,442,source,11312,,Administrata Qëndrore,Të Hyrat nga AKP,,,,,,0.0,,0.0,0.0,0.0,Të Hyrat nga AKP 0 0 0 0
3.1,66,451,sub,11412,0133,Zyra e Ministrit,,18.0,254032.0,58700.0,,,,,312732.0,310542.0,310542.0,"11412 0133 Zyra e Ministrit 18 254,032 58,700 312,732 310,542 310,542"
3.1,66,460,source,11412,,Zyra e Ministrit,Grantet Qeveritare,,254032.0,58700.0,,,,,312732.0,310542.0,310542.0,"Grantet Qeveritare 254,032 58,700 312,732 310,542 310,542"
3.1,66,469,source,11412,,Zyra e Ministrit,Të Hyrat vetanake,,0.0,0.0,,,,,,,,Të Hyrat vetanake 0 0
3.1,66,478,source,11412,,Zyra e Ministrit,Financimi nga Huamarrja,,0.0,0.0,,,,,,,,Financimi nga Huamarrja 0 0
3.1,66,487,source,11412,,Zyra e Ministrit,Të Hyrat nga AKP,,,,,,,,,,,Të Hyrat nga AKP
3.1,66,496,org,213,,Ministria e Ekonomisë,,204.0,1849894.0,5800000.0,23130.0,24352870.0,2400000.0,,34425894.0,80026741.0,50539015.0,"213 Ministria e Ekonomisë 204 1,849,894 5,800,000 23,130 24,352,870 2,400,000 34,425,894 80,026,741 50,539,015"
3.1,66,505,source,213,,Ministria e Ekonomisë,Grantet Qeveritare,,1849894.0,2600000.0,23130.0,24352870.0,2400000.0,,31225894.0,31174545.0,28139015.0,"Grantet Qeveritare 1,849,894 2,600,000 23,130 24,352,870 2,400,000 31,225,894 31,174,545 28,139,015"
3.1,66,514,source,213,,Ministria e Ekonomisë,Të Hyrat vetanake,,0.0,0.0,,,0.0,,0.0,0.0,0.0,Të Hyrat vetanake 0 0 0 0 0 0
3.1,66,523,source,213,,Ministria e Ekonomisë,Financimi nga Huamarrja,,0.0,3200000.0,,,0.0,,3200000.0,48852196.0,22400000.0,"Financimi nga Huamarrja 0 3,200,000 0 3,200,000 48,852,196 22,400,000"
3.1,66,532,source,213,,Ministria e Ekonomisë,Të Hyrat nga AKP,,,,,,0.0,,0.0,0.0,0.0,Të Hyrat nga AKP 0 0 0 0
3.1,67,91,prog,,,Shërbimet e Administratë,,74.0,846382.0,1556625.0,23130.0,11036670.0,90000.0,,13552807.0,13384408.0,10381128.0,"Shërbimet e Administratë 74 846,382 1,556,625 23,130 11,036,670 90,000 13,552,807 13,384,408 10,381,128"
3.1,67,100,source,,,Shërbimet e Administratë,Grantet Qeveritare,,846382.0,1556625.0,23130.0,11036670.0,90000.0,,13552807.0,13384408.0,10381128.0,"Grantet Qeveritare 846,382 1,556,625 23,130 11,036,670 90,000 13,552,807 13,384,408 10,381,128"
3.1,67,109,source,,,Shërbimet e Administratë,Të Hyrat vetanake,,0.0,0.0,,,0.0,,0.0,0.0,0.0,Të Hyrat vetanake 0 0 0 0 0 0
3.1,67,118,source,,,Shërbimet e Administratë,Financimi nga Huamarrja,,0.0,0.0,,,0.0,,0.0,0.0,0.0,Financimi nga Huamarrja 0 0 0 0 0 0
3.1,67,127,source,,,Shërbimet e Administratë,Të Hyrat nga AKP,,,,,,0.0,,0.0,0.0,0.0,Të Hyrat nga AKP 0 0 0 0
3.1,67,136,sub,11313,0490,Administrata Qëndrore,,56.0,564950.0,1556625.0,23130.0,10994333.0,90000.0,,13229038.0,13049539.0,10051797.0,"11313 0490 Administrata Qëndrore 56 564,950 1,556,625 23,130 10,994,333 90,000 13,229,038 13,049,539 10,051,797"
3.1,67,145,source,11313,,Administrata Qëndrore,Grantet Qeveritare,,564950.0,1556625.0,23130.0,10994333.0,90000.0,,13229038.0,13049539.0,10051797.0,"Grantet Qeveritare 564,950 1,556,625 23,130 10,994,333 90,000 13,229,038 13,049,539 10,051,797"
3.1,67,154,source,11313,,Administrata Qëndrore,Të Hyrat vetanake,,0.0,0.0,,,0.0,,0.0,0.0,0.0,Të Hyrat vetanake 0 0 0 0 0 0
3.1,67,163,source,11313,,Administrata Qëndrore,Financimi nga Huamarrja,,0.0,0.0,,,0.0,,0.0,0.0,0.0,Financimi nga Huamarrja 0 0 0 0 0 0
3.1,67,172,source,11313,,Administrata Qëndrore,Të Hyrat nga AKP,,,,,,0.0,,0.0,0.0,0.0,Të Hyrat nga AKP 0 0 0 0
3.1,67,181,sub,11413,0490,Zyra e Ministrit,,18.0,281432.0,,,42337.0,,,323769.0,334869.0,329331.0,"11413 0490 Zyra e Ministrit 18 281,432 42,337 323,769 334,869 329,331"
3.1,67,190,source,11413,,Zyra e Ministrit,Grantet Qeveritare,,281432.0,,,42337.0,,,323769.0,334869.0,329331.0,"Grantet Qeveritare 281,432 42,337 323,769 334,869 329,331"
3.1,67,199,source,11413,,Zyra e Ministrit,Të Hyrat vetanake,,0.0,,,,,,,,,Të Hyrat vetanake 0
3.1,67,208,source,11413,,Zyra e Ministrit,Financimi nga Huamarrja,,0.0,,,,,,,,,Financimi nga Huamarrja 0
3.1,67,217,source,11413,,Zyra e Ministrit,Të Hyrat nga AKP,,,,,,,,,,,Të Hyrat nga AKP
3.1,67,226,prog,,,Departamenti i Energjisë,,20.0,161342.0,345875.0,,1000000.0,0.0,,1507217.0,1516717.0,1517717.0,"Departamenti i Energjisë 20 161,342 345,875 1,000,000 0 1,507,217 1,516,717 1,517,717"
3.1,67,235,source,,,Departamenti i Energjisë,Grantet Qeveritare,,161342.0,345875.0,,1000000.0,0.0,,1507217.0,1516717.0,1517717.0,"Grantet Qeveritare 161,342 345,875 1,000,000 0 1,507,217 1,516,717 1,517,717"
3.1,67,244,source,,,Departamenti i Energjisë,Të Hyrat vetanake,,0.0,0.0,,,0.0,,0.0,0.0,0.0,Të Hyrat vetanake 0 0 0 0 0 0
3.1,67,253,source,,,Departamenti i Energjisë,Financimi nga Huamarrja,,0.0,0.0,,,0.0,,0.0,0.0,0.0,Financimi nga Huamarrja 0 0 0 0 0 0
3.1,67,262,source,,,Departamenti i Energjisë,Të Hyrat nga AKP,,,,,,0.0,,0.0,0.0,0.0,Të Hyrat nga AKP 0 0 0 0
3.1,67,271,sub,43800,0435,Departamenti i Energjisë,,20.0,161342.0,345875.0,,1000000.0,0.0,,1507217.0,1516717.0,1517717.0,"43800 0435 Departamenti i Energjisë 20 161,342 345,875 1,000,000 0 1,507,217 1,516,717 1,517,717"
3.1,67,280,source,43800,,Departamenti i Energjisë,Grantet Qeveritare,,161342.0,345875.0,,1000000.0,0.0,,1507217.0,1516717.0,1517717.0,"Grantet Qeveritare 161,342 345,875 1,000,000 0 1,507,217 1,516,717 1,517,717"
3.1,67,289,source,43800,,Departamenti i Energjisë,Të Hyrat vetanake,,0.0,0.0,,,0.0,,0.0,0.0,0.0,Të Hyrat vetanake 0 0 0 0 0 0
3.1,67,298,source,43800,,Departamenti i Energjisë,Financimi nga Huamarrja,,0.0,0.0,,,0.0,,0.0,0.0,0.0,Financimi nga Huamarrja 0 0 0 0 0 0
3.1,67,307,source,43800,,Departamenti i Energjisë,Të Hyrat nga AKP,,,,,,0.0,,0.0,0.0,0.0,Të Hyrat nga AKP 0 0 0 0
3.1,67,316,prog,,,Departamenti i Minierave,,10.0,95372.0,,,,,,95372.0,100172.0,97172.0,"Departamenti i Minierave 10 95,372 95,372 100,172 97,172"
3.1,67,325,source,,,Departamenti i Minierave,Grantet Qeveritare,,95372.0,,,,,,95372.0,100172.0,97172.0,"Grantet Qeveritare 95,372 95,372 100,172 97,172"
3.1,67,334,source,,,Departamenti i Minierave,Të Hyrat vetanake,,0.0,,,,,,,,,Të Hyrat vetanake 0
3.1,67,343,source,,,Departamenti i Minierave,Financimi nga Huamarrja,,0.0,,,,,,,,,Financimi nga Huamarrja 0
3.1,67,352,source,,,Departamenti i Minierave,Të Hyrat nga AKP,,,,,,,,,,,Të Hyrat nga AKP
3.1,67,361,sub,43900,0441,Minierat,,10.0,95372.0,,,,,,95372.0,100172.0,97172.0,"43900 0441 Minierat 10 95,372 95,372 100,172 97,172"
3.1,67,370,source,43900,,Minierat,Grantet Qeveritare,,95372.0,,,,,,95372.0,100172.0,97172.0,"Grantet Qeveritare 95,372 95,372 100,172 97,172"
3.1,67,379,source,43900,,Minierat,Të Hyrat vetanake,,0.0,,,,,,,,,Të Hyrat vetanake 0
3.1,67,388,source,43900,,Minierat,Financimi nga Huamarrja,,0.0,,,,,,,,,Financimi nga Huamarrja 0
3.1,67,397,source,43900,,Minierat,Të Hyrat nga AKP,,,,,,,,,,,Të Hyrat nga AKP
3.1,67,406,prog,,,Inspektoriati,,10.0,22148.0,54000.0,,,,,76148.0,76648.0,90648.0,"Inspektoriati 10 22,148 54,000 76,148 76,648 90,648"
3.1,67,415,source,,,Inspektoriati,Grantet Qeveritare,,22148.0,54000.0,,,,,76148.0,76648.0,90648.0,"Grantet Qeveritare 22,148 54,000 76,148 76,648 90,648"
3.1,67,424,source,,,Inspektoriati,Të Hyrat vetanake,,0.0,0.0,,,,,,,,Të Hyrat vetanake 0 0
3.1,67,433,source,,,Inspektoriati,Financimi nga Huamarrja,,0.0,0.0,,,,,,,,Financimi nga Huamarrja 0 0
3.1,67,442,source,,,Inspektoriati,Të Hyrat nga AKP,,,,,,,,,,,Të Hyrat nga AKP
3.1,67,451,sub,44100,0441,Inspektoriati,,10.0,22148.0,54000.0,,,,,76148.0,76648.0,90648.0,"44100 0441 Inspektoriati 10 22,148 54,000 76,148 76,648 90,648"
3.1,67,460,source,44100,,Inspektoriati,Grantet Qeveritare,,22148.0,54000.0,,,,,76148.0,76648.0,90648.0,"Grantet Qeveritare 22,148 54,000 76,148 76,648 90,648"
3.1,67,469,source,44100,,Inspektoriati,Të Hyrat vetanake,,0.0,0.0,,,,,,,,Të Hyrat vetanake 0 0
3.1,67,478,source,44100,,Inspektoriati,Financimi nga Huamarrja,,0.0,0.0,,,,,,,,Financimi nga Huamarrja 0 0
3.1,67,487,source,44100,,Inspektoriati,Të Hyrat nga AKP,,,,,,,,,,,Të Hyrat nga AKP
3.1,67,496,prog,,,Njësia për Politikat dhe M,,30.0,176576.0,3200000.0,,8816200.0,475000.0,,12667776.0,57846022.0,31669876.0,"Njësia për Politikat dhe M 30 176,576 3,200,000 8,816,200 475,000 12,667,776 57,846,022 31,669,876"
3.1,67,505,source,,,Njësia për Politikat dhe M,Grantet Qeveritare,,176576.0,0.0,,8816200.0,475000.0,,9467776.0,8993826.0,9269876.0,"Grantet Qeveritare 176,576 0 8,816,200 475,000 9,467,776 8,993,826 9,269,876"
3.1,67,514,source,,,Njësia për Politikat dhe M,Të Hyrat vetanake,,0.0,0.0,,,0.0,,0.0,0.0,0.0,Të Hyrat vetanake 0 0 0 0 0 0
3.1,67,523,source,,,Njësia për Politikat dhe M,Financimi nga Huamarrja,,0.0,3200000.0,,,0.0,,3200000.0,48852196.0,22400000.0,"Financimi nga Huamarrja 0 3,200,000 0 3,200,000 48,852,196 22,400,000"
3.1,67,532,source,,,Njësia për Politikat dhe M,Të Hyrat nga AKP,,,,,,0.0,,0.0,0.0,0.0,Të Hyrat nga AKP 0 0 0 0
3.1,68,91,sub,22400,0436,Ngrohja Qendrore,,,,,,300000.0,,,300000.0,300000.0,300000.0,"22400 0436 Ngrohja Qendrore 300,000 300,000 300,000 300,000"
3.1,68,100,source,22400,,Ngrohja Qendrore,Grantet Qeveritare,,,,,300000.0,,,300000.0,300000.0,300000.0,"Grantet Qeveritare 300,000 300,000 300,000 300,000"
3.1,68,109,source,22400,,Ngrohja Qendrore,Të Hyrat vetanake,,,,,,,,,,,Të Hyrat vetanake
3.1,68,118,source,22400,,Ngrohja Qendrore,Financimi nga Huamarrja,,,,,,,,,,,Financimi nga Huamarrja
3.1,68,127,source,22400,,Ngrohja Qendrore,Të Hyrat nga AKP,,,,,,,,,,,Të Hyrat nga AKP
3.1,68,136,sub,22500,0474,Uji dhe Hedhurinat,,,,3200000.0,,,475000.0,,3675000.0,48852196.0,22675000.0,"22500 0474 Uji dhe Hedhurinat 3,200,000 475,000 3,675,000 48,852,196 22,675,000"
3.1,68,145,source,22500,,Uji dhe Hedhurinat,Grantet Qeveritare,,,0.0,,,475000.0,,475000.0,0.0,275000.0,"Grantet Qeveritare 0 475,000 475,000 0 275,000"
3.1,68,154,source,22500,,Uji dhe Hedhurinat,Të Hyrat vetanake,,,0.0,,,0.0,,0.0,0.0,0.0,Të Hyrat vetanake 0 0 0 0 0
3.1,68,163,source,22500,,Uji dhe Hedhurinat,Financimi nga Huamarrja,,,3200000.0,,,0.0,,3200000.0,48852196.0,22400000.0,"Financimi nga Huamarrja 3,200,000 0 3,200,000 48,852,196 22,400,000"
3.1,68,172,source,22500,,Uji dhe Hedhurinat,Të Hyrat nga AKP,,,,,,0.0,,0.0,0.0,0.0,Të Hyrat nga AKP 0 0 0 0
3.1,68,181,sub,23300,0133,Njësia për Politikat dhe Monitorimin,,30.0,176576.0,,,6116200.0,,,6292776.0,6293826.0,6294876.0,"23300 0133 Njësia për Politikat dhe Monitorimin e NP. 30 176,576 6,116,200 6,292,776 6,293,826 6,294,876"
3.1,68,190,source,23300,,Njësia për Politikat dhe Monitorimin,Grantet Qeveritare,,176576.0,,,6116200.0,,,6292776.0,6293826.0,6294876.0,"Grantet Qeveritare 176,576 6,116,200 6,292,776 6,293,826 6,294,876"
3.1,68,199,source,23300,,Njësia për Politikat dhe Monitorimin,Të Hyrat vetanake,,0.0,,,,,,,,,Të Hyrat vetanake 0
3.1,68,208,source,23300,,Njësia për Politikat dhe Monitorimin,Financimi nga Huamarrja,,0.0,,,,,,,,,Financimi nga Huamarrja 0
3.1,68,217,source,23300,,Njësia për Politikat dhe Monitorimin,Të Hyrat nga AKP,,,,,,,,,,,Të Hyrat nga AKP
3.1,68,226,sub,27600,0453,Trainkos,,,,,,1100000.0,,,1100000.0,1100000.0,1100000.0,"27600 0453 Trainkos 1,100,000 1,100,000 1,100,000 1,100,000"
3.1,68,235,source,27600,,Trainkos,Grantet Qeveritare,,,,,1100000.0,,,1100000.0,1100000.0,1100000.0,"Grantet Qeveritare 1,100,000 1,100,000 1,100,000 1,100,000"
3.1,68,244,source,27600,,Trainkos,Të Hyrat vetanake,,,,,,,,,,,Të Hyrat vetanake
3.1,68,253,source,27600,,Trainkos,Financimi nga Huamarrja,,,,,,,,,,,Financimi nga Huamarrja
3.1,68,262,source,27600,,Trainkos,Të Hyrat nga AKP,,,,,,,,,,,Të Hyrat nga AKP
3.1,68,271,sub,27700,0453,Infrakos,,,,,,1300000.0,,,1300000.0,1300000.0,1300000.0,"27700 0453 Infrakos 1,300,000 1,300,000 1,300,000 1,300,000"
3.1,68,280,source,27700,,Infrakos,Grantet Qeveritare,,,,,1300000.0,,,1300000.0,1300000.0,1300000.0,"Grantet Qeveritare 1,300,000 1,300,000 1,300,000 1,300,000"
3.1,68,289,source,27700,,Infrakos,Të Hyrat vetanake,,,,,,,,,,,Të Hyrat vetanake
3.1,68,298,source,27700,,Infrakos,Financimi nga Huamarrja,,,,,,,,,,,Financimi nga Huamarrja
3.1,68,307,source,27700,,Infrakos,Të Hyrat nga AKP,,,,,,,,,,,Të Hyrat nga AKP
3.1,68,316,prog,,,Departamenti i Post-Tele,,12.0,74930.0,623500.0,,500000.0,1835000.0,,3033430.0,3556430.0,3232430.0,"Departamenti i Post-Tele 12 74,930 623,500 500,000 1,835,000 3,033,430 3,556,430 3,232,430"
3.1,68,325,source,,,Departamenti i Post-Tele,Grantet Qeveritare,,74930.0,623500.0,,500000.0,1835000.0,,3033430.0,3556430.0,3232430.0,"Grantet Qeveritare 74,930 623,500 500,000 1,835,000 3,033,430 3,556,430 3,232,430"
3.1,68,334,source,,,Departamenti i Post-Tele,Të Hyrat vetanake,,0.0,0.0,,,0.0,,0.0,0.0,0.0,Të Hyrat vetanake 0 0 0 0 0 0
3.1,68,343,source,,,Departamenti i Post-Tele,Financimi nga Huamarrja,,0.0,0.0,,,0.0,,0.0,0.0,0.0,Financimi nga Huamarrja 0 0 0 0 0 0
3.1,68,352,source,,,Departamenti i Post-Tele,Të Hyrat nga AKP,,,,,,0.0,,0.0,0.0,0.0,Të Hyrat nga AKP 0 0 0 0
3.1,68,361,sub,42300,0460,Departamenti i Post-Telekomunikacionit,,12.0,74930.0,623500.0,,500000.0,1835000.0,,3033430.0,3556430.0,3232430.0,"42300 0460 Departamenti i Post-Telekomunikacionit dhe 12 74,930 623,500 500,000 1,835,000 3,033,430 3,556,430 3,232,430"
3.1,68,370,source,42300,,Departamenti i Post-Telekomunikacionit,Grantet Qeveritare,,74930.0,623500.0,,500000.0,1835000.0,,3033430.0,3556430.0,3232430.0,"Grantet Qeveritare 74,930 623,500 500,000 1,835,000 3,033,430 3,556,430 3,232,430"
3.1,68,379,source,42300,,Departamenti i Post-Telekomunikacionit,Të Hyrat vetanake,,0.0,0.0,,,0.0,,0.0,0.0,0.0,Të Hyrat vetanake 0 0 0 0 0 0
3.1,68,388,source,42300,,Departamenti i Post-Telekomunikacionit,Financimi nga Huamarrja,,0.0,0.0,,,0.0,,0.0,0.0,0.0,Financimi nga Huamarrja 0 0 0 0 0 0
3.1,68,397,source,42300,,Departamenti i Post-Telekomunikacionit,Të Hyrat nga AKP,,,,,,0.0,,0.0,0.0,0.0,Të Hyrat nga AKP 0 0 0 0
3.1,68,406,prog,,,Minierat e Trepçës,,,,,,3000000.0,,,3000000.0,3000000.0,3000000.0,"Minierat e Trepçës 3,000,000 3,000,000 3,000,000 3,000,000"
3.1,68,415,source,,,Minierat e Trepçës,Grantet Qeveritare,,,,,3000000.0,,,3000000.0,3000000.0,3000000.0,"Grantet Qeveritare 3,000,000 3,000,000 3,000,000 3,000,000"
3.1,68,424,source,,,Minierat e Trepçës,Të Hyrat vetanake,,,,,,,,,,,Të Hyrat vetanake
3.1,68,433,source,,,Minierat e Trepçës,Financimi nga Huamarrja,,,,,,,,,,,Financimi nga Huamarrja
3.1,68,442,source,,,Minierat e Trepçës,Të Hyrat nga AKP,,,,,,,,,,,Të Hyrat nga AKP
3.1,68,451,sub,22800,0441,Minierat e Trepçës,,,,,,3000000.0,,,3000000.0,3000000.0,3000000.0,"22800 0441 Minierat e Trepçës 3,000,000 3,000,000 3,000,000 3,000,000"
3.1,68,460,source,22800,,Minierat e Trepçës,Grantet Qeveritare,,,,,3000000.0,,,3000000.0,3000000.0,3000000.0,"Grantet Qeveritare 3,000,000 3,000,000 3,000,000 3,000,000"
3.1,68,469,source,22800,,Minierat e Trepçës,Të Hyrat vetanake,,,,,,,,,,,Të Hyrat vetanake
3.1,68,478,source,22800,,Minierat e Trepçës,Financimi nga Huamarrja,,,,,,,,,,,Financimi nga Huamarrja
3.1,68,487,source,22800,,Minierat e Trepçës,Të Hyrat nga AKP,,,,,,,,,,,Të Hyrat nga AKP
3.1,68,496,prog,,,Departamenti i Politikave,,8.0,130726.0,,,,,,130726.0,95826.0,96926.0,"Departamenti i Politikave 8 130,726 130,726 95,826 96,926"
3.1,68,505,source,,,Departamenti i Politikave,Grantet Qeveritare,,130726.0,,,,,,130726.0,95826.0,96926.0,"Grantet Qeveritare 130,726 130,726 95,826 96,926"
3.1,68,514,source,,,Departamenti i Politikave,Të Hyrat vetanake,,0.0,,,,,,,,,Të Hyrat vetanake 0
3.1,68,523,source,,,Departamenti i Politikave,Financimi nga Huamarrja,,0.0,,,,,,,,,Financimi nga Huamarrja 0
3.1,68,532,source,,,Departamenti i Politikave,Të Hyrat nga AKP,,,,,,,,,,,Të Hyrat nga AKP
3.1,69,91,sub,27100,0490,Departamenti i Politikave të Zhvillimit,,8.0,130726.0,,,,,,130726.0,95826.0,96926.0,"27100 0490 Departamenti i Politikave të Zhvillimit Ekono 8 130,726 130,726 95,826 96,926"
3.1,69,100,source,27100,,Departamenti i Politikave të Zhvillimit,Grantet Qeveritare,,130726.0,,,,,,130726.0,95826.0,96926.0,"Grantet Qeveritare 130,726 130,726 95,826 96,926"
3.1,69,109,source,27100,,Departamenti i Politikave të Zhvillimit,Të Hyrat vetanake,,0.0,,,,,,,,,Të Hyrat vetanake 0
3.1,69,118,source,27100,,Departamenti i Politikave të Zhvillimit,Financimi nga Huamarrja,,0.0,,,,,,,,,Financimi nga Huamarrja 0
3.1,69,127,source,27100,,Departamenti i Politikave të Zhvillimit,Të Hyrat nga AKP,,,,,,,,,,,Të Hyrat nga AKP
3.1,69,136,prog,,,Departamenti Ligjor,,7.0,73406.0,,,,,,73406.0,74006.0,74606.0,"Departamenti Ligjor 7 73,406 73,406 74,006 74,606"
3.1,69,145,source,,,Departamenti Ligjor,Grantet Qeveritare,,73406.0,,,,,,73406.0,74006.0,74606.0,"Grantet Qeveritare 73,406 73,406 74,006 74,606"
3.1,69,154,source,,,Departamenti Ligjor,Të Hyrat vetanake,,0.0,,,,,,,,,Të Hyrat vetanake 0
3.1,69,163,source,,,Departamenti Ligjor,Financimi nga Huamarrja,,0.0,,,,,,,,,Financimi nga Huamarrja 0
3.1,69,172,source,,,Departamenti Ligjor,Të Hyrat nga AKP,,,,,,,,,,,Të Hyrat nga AKP
3.1,69,181,sub,27200,0490,Departamenti Ligjor,,7.0,73406.0,,,,,,73406.0,74006.0,74606.0,"27200 0490 Departamenti Ligjor 7 73,406 73,406 74,006 74,606"
3.1,69,190,source,27200,,Departamenti Ligjor,Grantet Qeveritare,,73406.0,,,,,,73406.0,74006.0,74606.0,"Grantet Qeveritare 73,406 73,406 74,006 74,606"
3.1,69,199,source,27200,,Departamenti Ligjor,Të Hyrat vetanake,,0.0,,,,,,,,,Të Hyrat vetanake 0
3.1,69,208,source,27200,,Departamenti Ligjor,Financimi nga Huamarrja,,0.0,,,,,,,,,Financimi nga Huamarrja 0
3.1,69,217,source,27200,,Departamenti Ligjor,Të Hyrat nga AKP,,,,,,,,,,,Të Hyrat nga AKP
3.1,69,226,prog,,,Shërbimi Gjeologjik i Kos,,33.0,269012.0,20000.0,,,,,289012.0,376512.0,378512.0,"Shërbimi Gjeologjik i Kos 33 269,012 20,000 289,012 376,512 378,512"
3.1,69,235,source,,,Shërbimi Gjeologjik i Kos,Grantet Qeveritare,,269012.0,20000.0,,,,,289012.0,376512.0,378512.0,"Grantet Qeveritare 269,012 20,000 289,012 376,512 378,512"
3.1,69,244,source,,,Shërbimi Gjeologjik i Kos,Të Hyrat vetanake,,0.0,0.0,,,,,,,,Të Hyrat vetanake 0 0
3.1,69,253,source,,,Shërbimi Gjeologjik i Kos,Financimi nga Huamarrja,,0.0,0.0,,,,,,,,Financimi nga Huamarrja 0 0
3.1,69,262,source,,,Shërbimi Gjeologjik i Kos,Të Hyrat nga AKP,,,,,,,,,,,Të Hyrat nga AKP
3.1,69,271,sub,27300,0484,Shërbimi Gjeologjik i Kosovës,,33.0,269012.0,20000.0,,,,,289012.0,376512.0,378512.0,"27300 0484 Shërbimi Gjeologjik i Kosovës 33 269,012 20,000 289,012 376,512 378,512"
3.1,69,280,source,27300,,Shërbimi Gjeologjik i Kosovës,Grantet Qeveritare,,269012.0,20000.0,,,,,289012.0,376512.0,378512.0,"Grantet Qeveritare 269,012 20,000 289,012 376,512 378,512"
3.1,69,289,source,27300,,Shërbimi Gjeologjik i Kosovës,Të Hyrat vetanake,,0.0,0.0,,,,,,,,Të Hyrat vetanake 0 0
3.1,69,298,source,27300,,Shërbimi Gjeologjik i Kosovës,Financimi nga Huamarrja,,0.0,0.0,,,,,,,,Financimi nga Huamarrja 0 0
3.1,69,307,source,27300,,Shërbimi Gjeologjik i Kosovës,Të Hyrat nga AKP,,,,,,,,,,,Të Hyrat nga AKP
3.1,69,316,org,214,,Ministria e Punëve të Brendshme dhe,,11901.0,136800926.0,44270623.0,4450400.0,2171367.0,53396773.0,,241090089.0,255224390.0,262762263.0,"214 Ministria e Punëve të Brendshme dhe 11,901 136,800,926 44,270,623 4,450,400 2,171,367 53,396,773 241,090,089 255,224,390 262,762,263"
3.1,69,325,source,214,,Ministria e Punëve të Brendshme dhe,Grantet Qeveritare,,135909797.0,42459250.0,4450400.0,2171367.0,53396773.0,,238387587.0,248117638.0,259755761.0,"Grantet Qeveritare 135,909,797 42,459,250 4,450,400 2,171,367 53,396,773 238,387,587 248,117,638 259,755,761"
3.1,69,334,source,214,,Ministria e Punëve të Brendshme dhe,Të Hyrat vetanake,,891129.0,0.0,,,0.0,,891129.0,891129.0,891129.0,"Të Hyrat vetanake 891,129 0 0 891,129 891,129 891,129"
3.1,69,343,source,214,,Ministria e Punëve të Brendshme dhe,Financimi nga Huamarrja,,0.0,1811373.0,,,0.0,,1811373.0,6215623.0,2115373.0,"Financimi nga Huamarrja 0 1,811,373 0 1,811,373 6,215,623 2,115,373"
3.1,69,352,source,214,,Ministria e Punëve të Brendshme dhe,Të Hyrat nga AKP,,,,,,0.0,,0.0,0.0,0.0,Të Hyrat nga AKP 0 0 0 0
3.1,69,361,prog,,,RiIntegrimi i Personave t,,33.0,309542.0,575069.0,83000.0,712497.0,,,1680108.0,1685085.0,1700811.0,"RiIntegrimi i Personave t 33 309,542 575,069 83,000 712,497 1,680,108 1,685,085 1,700,811"
3.1,69,370,source,,,RiIntegrimi i Personave t,Grantet Qeveritare,,309542.0,575069.0,83000.0,712497.0,,,1680108.0,1685085.0,1700811.0,"Grantet Qeveritare 309,542 575,069 83,000 712,497 1,680,108 1,685,085 1,700,811"
3.1,69,379,source,,,RiIntegrimi i Personave t,Të Hyrat vetanake,,0.0,0.0,,,,,,,,Të Hyrat vetanake 0 0
3.1,69,388,source,,,RiIntegrimi i Personave t,Financimi nga Huamarrja,,0.0,0.0,,,,,,,,Financimi nga Huamarrja 0 0
3.1,69,397,source,,,RiIntegrimi i Personave t,Të Hyrat nga AKP,,,,,,,,,,,Të Hyrat nga AKP
3.1,69,406,sub,20900,1070,RiIntegrimi i Personave te RiAtdhesuar,,33.0,309542.0,575069.0,83000.0,712497.0,,,1680108.0,1685085.0,1700811.0,"20900 1070 RiIntegrimi i Personave te RiAtdhesuar 33 309,542 575,069 83,000 712,497 1,680,108 1,685,085 1,700,811"
3.1,69,415,source,20900,,RiIntegrimi i Personave te RiAtdhesuar,Grantet Qeveritare,,309542.0,575069.0,83000.0,712497.0,,,1680108.0,1685085.0,1700811.0,"Grantet Qeveritare 309,542 575,069 83,000 712,497 1,680,108 1,685,085 1,700,811"
3.1,69,424,source,20900,,RiIntegrimi i Personave te RiAtdhesuar,Të Hyrat vetanake,,0.0,0.0,,,,,,,,Të Hyrat vetanake 0 0
3.1,69,433,source,20900,,RiIntegrimi i Personave te RiAtdhesuar,Financimi nga Huamarrja,,0.0,0.0,,,,,,,,Financimi nga Huamarrja 0 0
3.1,69,442,source,20900,,RiIntegrimi i Personave te RiAtdhesuar,Të Hyrat nga AKP,,,,,,,,,,,Të Hyrat nga AKP
3.1,69,451,prog,,,Shërbimet e Administratë,,261.0,2627997.0,1369699.0,114300.0,27000.0,600000.0,,4738996.0,4444053.0,4593163.0,"Shërbimet e Administratë 261 2,627,997 1,369,699 114,300 27,000 600,000 4,738,996 4,444,053 4,593,163"
3.1,69,460,source,,,Shërbimet e Administratë,Grantet Qeveritare,,2627997.0,1369699.0,114300.0,27000.0,600000.0,,4738996.0,4444053.0,4593163.0,"Grantet Qeveritare 2,627,997 1,369,699 114,300 27,000 600,000 4,738,996 4,444,053 4,593,163"
3.1,69,469,source,,,Shërbimet e Administratë,Të Hyrat vetanake,,0.0,0.0,,,0.0,,0.0,0.0,0.0,Të Hyrat vetanake 0 0 0 0 0 0
3.1,69,478,source,,,Shërbimet e Administratë,Financimi nga Huamarrja,,0.0,0.0,,,0.0,,0.0,0.0,0.0,Financimi nga Huamarrja 0 0 0 0 0 0
3.1,69,487,source,,,Shërbimet e Administratë,Të Hyrat nga AKP,,,,,,0.0,,0.0,0.0,0.0,Të Hyrat nga AKP 0 0 0 0
3.1,69,496,sub,11314,0360,Shërbimet e Administratës Qendrore,,242.0,2358644.0,1286607.0,114300.0,27000.0,600000.0,,4386551.0,4088141.0,4223110.0,"11314 0360 Shërbimet e Administratës Qendrore 242 2,358,644 1,286,607 114,300 27,000 600,000 4,386,551 4,088,141 4,223,110"
3.1,69,505,source,11314,,Shërbimet e Administratës Qendrore,Grantet Qeveritare,,2358644.0,1286607.0,114300.0,27000.0,600000.0,,4386551.0,4088141.0,4223110.0,"Grantet Qeveritare 2,358,644 1,286,607 114,300 27,000 600,000 4,386,551 4,088,141 4,223,110"
3.1,69,514,source,11314,,Shërbimet e Administratës Qendrore,Të Hyrat vetanake,,0.0,0.0,,,0.0,,0.0,0.0,0.0,Të Hyrat vetanake 0 0 0 0 0 0
3.1,69,523,source,11314,,Shërbimet e Administratës Qendrore,Financimi nga Huamarrja,,0.0,0.0,,,0.0,,0.0,0.0,0.0,Financimi nga Huamarrja 0 0 0 0 0 0
3.1,69,532,source,11314,,Shërbimet e Administratës Qendrore,Të Hyrat nga AKP,,,,,,0.0,,0.0,0.0,0.0,Të Hyrat nga AKP 0 0 0 0
3.1,70,91,sub,11414,0360,Zyra e Ministrit,,19.0,269353.0,83092.0,,,,,352445.0,355912.0,370053.0,"11414 0360 Zyra e Ministrit 19 269,353 83,092 352,445 355,912 370,053"
3.1,70,100,source,11414,,Zyra e Ministrit,Grantet Qeveritare,,269353.0,83092.0,,,,,352445.0,355912.0,370053.0,"Grantet Qeveritare 269,353 83,092 352,445 355,912 370,053"
3.1,70,109,source,11414,,Zyra e Ministrit,Të Hyrat vetanake,,0.0,0.0,,,,,,,,Të Hyrat vetanake 0 0
3.1,70,118,source,11414,,Zyra e Ministrit,Financimi nga Huamarrja,,0.0,0.0,,,,,,,,Financimi nga Huamarrja 0 0
3.1,70,127,source,11414,,Zyra e Ministrit,Të Hyrat nga AKP,,,,,,,,,,,Të Hyrat nga AKP
3.1,70,136,prog,,,Agjensioni i Regjistrimit,,631.0,5256103.0,7068695.0,194600.0,,310000.0,,12829398.0,13679703.0,13942524.0,"Agjensioni i Regjistrimit 631 5,256,103 7,068,695 194,600 310,000 12,829,398 13,679,703 13,942,524"
3.1,70,145,source,,,Agjensioni i Regjistrimit,Grantet Qeveritare,,5256103.0,7068695.0,194600.0,,310000.0,,12829398.0,13679703.0,13942524.0,"Grantet Qeveritare 5,256,103 7,068,695 194,600 310,000 12,829,398 13,679,703 13,942,524"
3.1,70,154,source,,,Agjensioni i Regjistrimit,Të Hyrat vetanake,,0.0,0.0,,,0.0,,0.0,0.0,0.0,Të Hyrat vetanake 0 0 0 0 0 0
3.1,70,163,source,,,Agjensioni i Regjistrimit,Financimi nga Huamarrja,,0.0,0.0,,,0.0,,0.0,0.0,0.0,Financimi nga Huamarrja 0 0 0 0 0 0
3.1,70,172,source,,,Agjensioni i Regjistrimit,Të Hyrat nga AKP,,,,,,0.0,,0.0,0.0,0.0,Të Hyrat nga AKP 0 0 0 0
3.1,70,181,sub,14800,0160,Agjensioni i Regjistrimit Civil,,631.0,5256103.0,7068695.0,194600.0,,310000.0,,12829398.0,13679703.0,13942524.0,"14800 0160 Agjensioni i Regjistrimit Civil 631 5,256,103 7,068,695 194,600 310,000 12,829,398 13,679,703 13,942,524"
3.1,70,190,source,14800,,Agjensioni i Regjistrimit Civil,Grantet Qeveritare,,5256103.0,7068695.0,194600.0,,310000.0,,12829398.0,13679703.0,13942524.0,"Grantet Qeveritare 5,256,103 7,068,695 194,600 310,000 12,829,398 13,679,703 13,942,524"
3.1,70,199,source,14800,,Agjensioni i Regjistrimit Civil,Të Hyrat vetanake,,0.0,0.0,,,0.0,,0.0,0.0,0.0,Të Hyrat vetanake 0 0 0 0 0 0
3.1,70,208,source,14800,,Agjensioni i Regjistrimit Civil,Financimi nga Huamarrja,,0.0,0.0,,,0.0,,0.0,0.0,0.0,Financimi nga Huamarrja 0 0 0 0 0 0
3.1,70,217,source,14800,,Agjensioni i Regjistrimit Civil,Të Hyrat nga AKP,,,,,,0.0,,0.0,0.0,0.0,Të Hyrat nga AKP 0 0 0 0
3.1,70,226,prog,,,Agjencia e Kosovës për,,58.0,832971.0,819000.0,42000.0,741.0,483602.0,,2178314.0,2138963.0,2181644.0,"Agjencia e Kosovës për 58 832,971 819,000 42,000 741 483,602 2,178,314 2,138,963 2,181,644"
3.1,70,235,source,,,Agjencia e Kosovës për,Grantet Qeveritare,,832971.0,819000.0,42000.0,741.0,483602.0,,2178314.0,2138963.0,2181644.0,"Grantet Qeveritare 832,971 819,000 42,000 741 483,602 2,178,314 2,138,963 2,181,644"
3.1,70,244,source,,,Agjencia e Kosovës për,Të Hyrat vetanake,,0.0,0.0,,,0.0,,0.0,0.0,0.0,Të Hyrat vetanake 0 0 0 0 0 0
3.1,70,253,source,,,Agjencia e Kosovës për,Financimi nga Huamarrja,,0.0,0.0,,,0.0,,0.0,0.0,0.0,Financimi nga Huamarrja 0 0 0 0 0 0
3.1,70,262,source,,,Agjencia e Kosovës për,Të Hyrat nga AKP,,,,,,0.0,,0.0,0.0,0.0,Të Hyrat nga AKP 0 0 0 0
3.1,70,271,sub,35000,0360,Agjencia e Kosovës për Forenzikë,,58.0,832971.0,819000.0,42000.0,741.0,483602.0,,2178314.0,2138963.0,2181644.0,"35000 0360 Agjencia e Kosovës për Forenzikë 58 832,971 819,000 42,000 741 483,602 2,178,314 2,138,963 2,181,644"
3.1,70,280,source,35000,,Agjencia e Kosovës për Forenzikë,Grantet Qeveritare,,832971.0,819000.0,42000.0,741.0,483602.0,,2178314.0,2138963.0,2181644.0,"Grantet Qeveritare 832,971 819,000 42,000 741 483,602 2,178,314 2,138,963 2,181,644"
3.1,70,289,source,35000,,Agjencia e Kosovës për Forenzikë,Të Hyrat vetanake,,0.0,0.0,,,0.0,,0.0,0.0,0.0,Të Hyrat vetanake 0 0 0 0 0 0
3.1,70,298,source,35000,,Agjencia e Kosovës për Forenzikë,Financimi nga Huamarrja,,0.0,0.0,,,0.0,,0.0,0.0,0.0,Financimi nga Huamarrja 0 0 0 0 0 0
3.1,70,307,source,35000,,Agjencia e Kosovës për Forenzikë,Të Hyrat nga AKP,,,,,,0.0,,0.0,0.0,0.0,Të Hyrat nga AKP 0 0 0 0
3.1,70,316,prog,,,Agjëncia për Menaxhimin,,272.0,2169247.0,720524.0,37320.0,,5085000.0,,8012091.0,9070553.0,9184438.0,"Agjëncia për Menaxhimin 272 2,169,247 720,524 37,320 5,085,000 8,012,091 9,070,553 9,184,438"
3.1,70,325,source,,,Agjëncia për Menaxhimin,Grantet Qeveritare,,2169247.0,720524.0,37320.0,,5085000.0,,8012091.0,9070553.0,9184438.0,"Grantet Qeveritare 2,169,247 720,524 37,320 5,085,000 8,012,091 9,070,553 9,184,438"
3.1,70,334,source,,,Agjëncia për Menaxhimin,Të Hyrat vetanake,,0.0,0.0,,,0.0,,0.0,0.0,0.0,Të Hyrat vetanake 0 0 0 0 0 0
3.1,70,343,source,,,Agjëncia për Menaxhimin,Financimi nga Huamarrja,,0.0,0.0,,,0.0,,0.0,0.0,0.0,Financimi nga Huamarrja 0 0 0 0 0 0
3.1,70,352,source,,,Agjëncia për Menaxhimin,Të Hyrat nga AKP,,,,,,0.0,,0.0,0.0,0.0,Të Hyrat nga AKP 0 0 0 0
3.1,70,361,sub,32700,0360,Agjëncia për Menaxhimin Emergjent,,272.0,2169247.0,720524.0,37320.0,,5085000.0,,8012091.0,9070553.0,9184438.0,"32700 0360 Agjëncia për Menaxhimin Emergjent 272 2,169,247 720,524 37,320 5,085,000 8,012,091 9,070,553 9,184,438"
3.1,70,370,source,32700,,Agjëncia për Menaxhimin Emergjent,Grantet Qeveritare,,2169247.0,720524.0,37320.0,,5085000.0,,8012091.0,9070553.0,9184438.0,"Grantet Qeveritare 2,169,247 720,524 37,320 5,085,000 8,012,091 9,070,553 9,184,438"
3.1,70,379,source,32700,,Agjëncia për Menaxhimin Emergjent,Të Hyrat vetanake,,0.0,0.0,,,0.0,,0.0,0.0,0.0,Të Hyrat vetanake 0 0 0 0 0 0
3.1,70,388,source,32700,,Agjëncia për Menaxhimin Emergjent,Financimi nga Huamarrja,,0.0,0.0,,,0.0,,0.0,0.0,0.0,Financimi nga Huamarrja 0 0 0 0 0 0
3.1,70,397,source,32700,,Agjëncia për Menaxhimin Emergjent,Të Hyrat nga AKP,,,,,,0.0,,0.0,0.0,0.0,Të Hyrat nga AKP 0 0 0 0
3.1,70,406,prog,,,Inspektoriati Policor i Ko,,107.0,1146852.0,759427.0,15300.0,,256094.0,,2177673.0,2185015.0,2245225.0,"Inspektoriati Policor i Ko 107 1,146,852 759,427 15,300 256,094 2,177,673 2,185,015 2,245,225"
3.1,70,415,source,,,Inspektoriati Policor i Ko,Grantet Qeveritare,,1146852.0,759427.0,15300.0,,256094.0,,2177673.0,2185015.0,2245225.0,"Grantet Qeveritare 1,146,852 759,427 15,300 256,094 2,177,673 2,185,015 2,245,225"
3.1,70,424,source,,,Inspektoriati Policor i Ko,Të Hyrat vetanake,,0.0,0.0,,,0.0,,0.0,0.0,0.0,Të Hyrat vetanake 0 0 0 0 0 0
3.1,70,433,source,,,Inspektoriati Policor i Ko,Financimi nga Huamarrja,,0.0,0.0,,,0.0,,0.0,0.0,0.0,Financimi nga Huamarrja 0 0 0 0 0 0
3.1,70,442,source,,,Inspektoriati Policor i Ko,Të Hyrat nga AKP,,,,,,0.0,,0.0,0.0,0.0,Të Hyrat nga AKP 0 0 0 0
3.1,70,451,sub,32900,0360,Inspektoriati Policor i Kosoves,,107.0,1146852.0,759427.0,15300.0,,256094.0,,2177673.0,2185015.0,2245225.0,"32900 0360 Inspektoriati Policor i Kosoves 107 1,146,852 759,427 15,300 256,094 2,177,673 2,185,015 2,245,225"
3.1,70,460,source,32900,,Inspektoriati Policor i Kosoves,Grantet Qeveritare,,1146852.0,759427.0,15300.0,,256094.0,,2177673.0,2185015.0,2245225.0,"Grantet Qeveritare 1,146,852 759,427 15,300 256,094 2,177,673 2,185,015 2,245,225"
3.1,70,469,source,32900,,Inspektoriati Policor i Kosoves,Të Hyrat vetanake,,0.0,0.0,,,0.0,,0.0,0.0,0.0,Të Hyrat vetanake 0 0 0 0 0 0
3.1,70,478,source,32900,,Inspektoriati Policor i Kosoves,Financimi nga Huamarrja,,0.0,0.0,,,0.0,,0.0,0.0,0.0,Financimi nga Huamarrja 0 0 0 0 0 0
3.1,70,487,source,32900,,Inspektoriati Policor i Kosoves,Të Hyrat nga AKP,,,,,,0.0,,0.0,0.0,0.0,Të Hyrat nga AKP 0 0 0 0
3.1,70,496,prog,,,Policia e Kosovës,,10161.0,120306805.0,17881412.0,1360250.0,1431129.0,24548497.0,,165528093.0,172483633.0,182838359.0,"Policia e Kosovës 10,161 120,306,805 17,881,412 1,360,250 1,431,129 24,548,497 165,528,093 172,483,633 182,838,359"
3.1,70,505,source,,,Policia e Kosovës,Grantet Qeveritare,,119415676.0,17881412.0,1360250.0,1431129.0,24548497.0,,164636964.0,171592504.0,181947230.0,"Grantet Qeveritare 119,415,676 17,881,412 1,360,250 1,431,129 24,548,497 164,636,964 171,592,504 181,947,230"
3.1,70,514,source,,,Policia e Kosovës,Të Hyrat vetanake,,891129.0,0.0,,,0.0,,891129.0,891129.0,891129.0,"Të Hyrat vetanake 891,129 0 0 891,129 891,129 891,129"
3.1,70,523,source,,,Policia e Kosovës,Financimi nga Huamarrja,,0.0,0.0,,,0.0,,0.0,0.0,0.0,Financimi nga Huamarrja 0 0 0 0 0 0
3.1,70,532,source,,,Policia e Kosovës,Të Hyrat nga AKP,,,,,,0.0,,0.0,0.0,0.0,Të Hyrat nga AKP 0 0 0 0
3.1,71,91,sub,30000,0310,Shërbimet Administrative,,10161.0,120306805.0,,,1431129.0,,,121737934.0,128715758.0,135801611.0,"30000 0310 Shërbimet Administrative 10,161 120,306,805 1,431,129 121,737,934 128,715,758 135,801,611"
3.1,71,100,source,30000,,Shërbimet Administrative,Grantet Qeveritare,,119415676.0,,,1431129.0,,,120846805.0,127824629.0,134910482.0,"Grantet Qeveritare 119,415,676 1,431,129 120,846,805 127,824,629 134,910,482"
3.1,71,109,source,30000,,Shërbimet Administrative,Të Hyrat vetanake,,891129.0,,,,,,891129.0,891129.0,891129.0,"Të Hyrat vetanake 891,129 891,129 891,129 891,129"
3.1,71,118,source,30000,,Shërbimet Administrative,Financimi nga Huamarrja,,0.0,,,,,,,,,Financimi nga Huamarrja 0
3.1,71,127,source,30000,,Shërbimet Administrative,Të Hyrat nga AKP,,,,,,,,,,,Të Hyrat nga AKP
3.1,71,136,sub,30400,0310,Shërbimet e Mbështetjes,,,,17881412.0,1360250.0,,24548497.0,,43790159.0,43767875.0,47036748.0,"30400 0310 Shërbimet e Mbështetjes 17,881,412 1,360,250 24,548,497 43,790,159 43,767,875 47,036,748"
3.1,71,145,source,30400,,Shërbimet e Mbështetjes,Grantet Qeveritare,,,17881412.0,1360250.0,,24548497.0,,43790159.0,43767875.0,47036748.0,"Grantet Qeveritare 17,881,412 1,360,250 24,548,497 43,790,159 43,767,875 47,036,748"
3.1,71,154,source,30400,,Shërbimet e Mbështetjes,Të Hyrat vetanake,,,0.0,,,0.0,,0.0,0.0,0.0,Të Hyrat vetanake 0 0 0 0 0
3.1,71,163,source,30400,,Shërbimet e Mbështetjes,Financimi nga Huamarrja,,,0.0,,,0.0,,0.0,0.0,0.0,Financimi nga Huamarrja 0 0 0 0 0
3.1,71,172,source,30400,,Shërbimet e Mbështetjes,Të Hyrat nga AKP,,,,,,0.0,,0.0,0.0,0.0,Të Hyrat nga AKP 0 0 0 0
3.1,71,181,prog,,,Akademia e Kosovës për,,156.0,1338398.0,1614221.0,144030.0,,817285.0,,3913934.0,3830854.0,3901120.0,"Akademia e Kosovës për 156 1,338,398 1,614,221 144,030 817,285 3,913,934 3,830,854 3,901,120"
3.1,71,190,source,,,Akademia e Kosovës për,Grantet Qeveritare,,1338398.0,1614221.0,144030.0,,817285.0,,3913934.0,3830854.0,3901120.0,"Grantet Qeveritare 1,338,398 1,614,221 144,030 817,285 3,913,934 3,830,854 3,901,120"
3.1,71,199,source,,,Akademia e Kosovës për,Të Hyrat vetanake,,0.0,0.0,,,0.0,,0.0,0.0,0.0,Të Hyrat vetanake 0 0 0 0 0 0
3.1,71,208,source,,,Akademia e Kosovës për,Financimi nga Huamarrja,,0.0,0.0,,,0.0,,0.0,0.0,0.0,Financimi nga Huamarrja 0 0 0 0 0 0
3.1,71,217,source,,,Akademia e Kosovës për,Të Hyrat nga AKP,,,,,,0.0,,0.0,0.0,0.0,Të Hyrat nga AKP 0 0 0 0
3.1,71,226,sub,91500,0950,Akademia e Kosovës për Siguri Publike,,156.0,1338398.0,1614221.0,144030.0,,817285.0,,3913934.0,3830854.0,3901120.0,"91500 0950 Akademia e Kosovës për Siguri Publike 156 1,338,398 1,614,221 144,030 817,285 3,913,934 3,830,854 3,901,120"
3.1,71,235,source,91500,,Akademia e Kosovës për Siguri Publike,Grantet Qeveritare,,1338398.0,1614221.0,144030.0,,817285.0,,3913934.0,3830854.0,3901120.0,"Grantet Qeveritare 1,338,398 1,614,221 144,030 817,285 3,913,934 3,830,854 3,901,120"
3.1,71,244,source,91500,,Akademia e Kosovës për Siguri Publike,Të Hyrat vetanake,,0.0,0.0,,,0.0,,0.0,0.0,0.0,Të Hyrat vetanake 0 0 0 0 0 0
3.1,71,253,source,91500,,Akademia e Kosovës për Siguri Publike,Financimi nga Huamarrja,,0.0,0.0,,,0.0,,0.0,0.0,0.0,Financimi nga Huamarrja 0 0 0 0 0 0
3.1,71,262,source,91500,,Akademia e Kosovës për Siguri Publike,Të Hyrat nga AKP,,,,,,0.0,,0.0,0.0,0.0,Të Hyrat nga AKP 0 0 0 0
3.1,71,271,prog,,,Departamenti për Menaxh,,25.0,253626.0,415495.0,,,,,669121.0,707124.0,721706.0,"Departamenti për Menaxh 25 253,626 415,495 669,121 707,124 721,706"
3.1,71,280,source,,,Departamenti për Menaxh,Grantet Qeveritare,,253626.0,415495.0,,,,,669121.0,707124.0,721706.0,"Grantet Qeveritare 253,626 415,495 669,121 707,124 721,706"
3.1,71,289,source,,,Departamenti për Menaxh,Të Hyrat vetanake,,0.0,0.0,,,,,,,,Të Hyrat vetanake 0 0
3.1,71,298,source,,,Departamenti për Menaxh,Financimi nga Huamarrja,,0.0,0.0,,,,,,,,Financimi nga Huamarrja 0 0
3.1,71,307,source,,,Departamenti për Menaxh,Të Hyrat nga AKP,,,,,,,,,,,Të Hyrat nga AKP
3.1,71,316,sub,12100,0131,Departamenti për Menaxhimin e Zyrtarëve,,25.0,253626.0,415495.0,,,,,669121.0,707124.0,721706.0,"12100 0131 Departamenti për Menaxhimin e Zyrtarëve P 25 253,626 415,495 669,121 707,124 721,706"
3.1,71,325,source,12100,,Departamenti për Menaxhimin e Zyrtarëve,Grantet Qeveritare,,253626.0,415495.0,,,,,669121.0,707124.0,721706.0,"Grantet Qeveritare 253,626 415,495 669,121 707,124 721,706"
3.1,71,334,source,12100,,Departamenti për Menaxhimin e Zyrtarëve,Të Hyrat vetanake,,0.0,0.0,,,,,,,,Të Hyrat vetanake 0 0
3.1,71,343,source,12100,,Departamenti për Menaxhimin e Zyrtarëve,Financimi nga Huamarrja,,0.0,0.0,,,,,,,,Financimi nga Huamarrja 0 0
3.1,71,352,source,12100,,Departamenti për Menaxhimin e Zyrtarëve,Të Hyrat nga AKP,,,,,,,,,,,Të Hyrat nga AKP
3.1,71,361,prog,,,Dep.Standarteve dhe Pol,,67.0,664243.0,3081737.0,2383600.0,,17836346.0,,23965926.0,24453388.0,25102511.0,"Dep.Standarteve dhe Pol 67 664,243 3,081,737 2,383,600 17,836,346 23,965,926 24,453,388 25,102,511"
3.1,71,370,source,,,Dep.Standarteve dhe Pol,Grantet Qeveritare,,664243.0,3081737.0,2383600.0,,17836346.0,,23965926.0,24453388.0,25102511.0,"Grantet Qeveritare 664,243 3,081,737 2,383,600 17,836,346 23,965,926 24,453,388 25,102,511"
3.1,71,379,source,,,Dep.Standarteve dhe Pol,Të Hyrat vetanake,,0.0,0.0,,,0.0,,0.0,0.0,0.0,Të Hyrat vetanake 0 0 0 0 0 0
3.1,71,388,source,,,Dep.Standarteve dhe Pol,Financimi nga Huamarrja,,0.0,0.0,,,0.0,,0.0,0.0,0.0,Financimi nga Huamarrja 0 0 0 0 0 0
3.1,71,397,source,,,Dep.Standarteve dhe Pol,Të Hyrat nga AKP,,,,,,0.0,,0.0,0.0,0.0,Të Hyrat nga AKP 0 0 0 0
3.1,71,406,sub,12300,0133,Dep.Standarteve dhe Politikave të IMNQ-së,,67.0,664243.0,3081737.0,2383600.0,,17836346.0,,23965926.0,24453388.0,25102511.0,"12300 0133 Dep.Standarteve dhe Politikave të IMNQ-së 67 664,243 3,081,737 2,383,600 17,836,346 23,965,926 24,453,388 25,102,511"
3.1,71,415,source,12300,,Dep.Standarteve dhe Politikave të IMNQ-së,Grantet Qeveritare,,664243.0,3081737.0,2383600.0,,17836346.0,,23965926.0,24453388.0,25102511.0,"Grantet Qeveritare 664,243 3,081,737 2,383,600 17,836,346 23,965,926 24,453,388 25,102,511"
3.1,71,424,source,12300,,Dep.Standarteve dhe Politikave të IMNQ-së,Të Hyrat vetanake,,0.0,0.0,,,0.0,,0.0,0.0,0.0,Të Hyrat vetanake 0 0 0 0 0 0
3.1,71,433,source,12300,,Dep.Standarteve dhe Politikave të IMNQ-së,Financimi nga Huamarrja,,0.0,0.0,,,0.0,,0.0,0.0,0.0,Financimi nga Huamarrja 0 0 0 0 0 0
3.1,71,442,source,12300,,Dep.Standarteve dhe Politikave të IMNQ-së,Të Hyrat nga AKP,,,,,,0.0,,0.0,0.0,0.0,Të Hyrat nga AKP 0 0 0 0
3.1,71,451,prog,,,Instituti i Kosovës për Ad,,19.0,202668.0,196926.0,6500.0,,,,406094.0,413570.0,414120.0,"Instituti i Kosovës për Ad 19 202,668 196,926 6,500 406,094 413,570 414,120"
3.1,71,460,source,,,Instituti i Kosovës për Ad,Grantet Qeveritare,,202668.0,196926.0,6500.0,,,,406094.0,413570.0,414120.0,"Grantet Qeveritare 202,668 196,926 6,500 406,094 413,570 414,120"
3.1,71,469,source,,,Instituti i Kosovës për Ad,Të Hyrat vetanake,,0.0,0.0,,,,,,,,Të Hyrat vetanake 0 0
3.1,71,478,source,,,Instituti i Kosovës për Ad,Financimi nga Huamarrja,,0.0,0.0,,,,,,,,Financimi nga Huamarrja 0 0
3.1,71,487,source,,,Instituti i Kosovës për Ad,Të Hyrat nga AKP,,,,,,,,,,,Të Hyrat nga AKP
3.1,71,496,sub,90100,0950,Instituti i Kosovës për Adminsitrim,,19.0,202668.0,196926.0,6500.0,,,,406094.0,413570.0,414120.0,"90100 0950 Instituti i Kosovës për Adminsitrim Publik 19 202,668 196,926 6,500 406,094 413,570 414,120"
3.1,71,505,source,90100,,Instituti i Kosovës për Adminsitrim,Grantet Qeveritare,,202668.0,196926.0,6500.0,,,,406094.0,413570.0,414120.0,"Grantet Qeveritare 202,668 196,926 6,500 406,094 413,570 414,120"
3.1,71,514,source,90100,,Instituti i Kosovës për Adminsitrim,Të Hyrat vetanake,,0.0,0.0,,,,,,,,Të Hyrat vetanake 0 0
3.1,71,523,source,90100,,Instituti i Kosovës për Adminsitrim,Financimi nga Huamarrja,,0.0,0.0,,,,,,,,Financimi nga Huamarrja 0 0
3.1,71,532,source,90100,,Instituti i Kosovës për Adminsitrim,Të Hyrat nga AKP,,,,,,,,,,,Të Hyrat nga AKP
3.1,72,91,prog,,,Departamenti i Rexhistrim,,14.0,143943.0,3519.0,,,,,147462.0,148359.0,155601.0,"Departamenti i Rexhistrim 14 143,943 3,519 147,462 148,359 155,601"
3.1,72,100,source,,,Departamenti i Rexhistrim,Grantet Qeveritare,,143943.0,3519.0,,,,,147462.0,148359.0,155601.0,"Grantet Qeveritare 143,943 3,519 147,462 148,359 155,601"
3.1,72,109,source,,,Departamenti i Rexhistrim,Të Hyrat vetanake,,0.0,0.0,,,,,,,,Të Hyrat vetanake 0 0
3.1,72,118,source,,,Departamenti i Rexhistrim,Financimi nga Huamarrja,,0.0,0.0,,,,,,,,Financimi nga Huamarrja 0 0
3.1,72,127,source,,,Departamenti i Rexhistrim,Të Hyrat nga AKP,,,,,,,,,,,Të Hyrat nga AKP
3.1,72,136,sub,15000,0160,Departamenti i Regjistrimit të OJQ-ve,,14.0,143943.0,3519.0,,,,,147462.0,148359.0,155601.0,"15000 0160 Departamenti i Regjistrimit të OJQ-ve 14 143,943 3,519 147,462 148,359 155,601"
3.1,72,145,source,15000,,Departamenti i Regjistrimit të OJQ-ve,Grantet Qeveritare,,143943.0,3519.0,,,,,147462.0,148359.0,155601.0,"Grantet Qeveritare 143,943 3,519 147,462 148,359 155,601"
3.1,72,154,source,15000,,Departamenti i Regjistrimit të OJQ-ve,Të Hyrat vetanake,,0.0,0.0,,,,,,,,Të Hyrat vetanake 0 0
3.1,72,163,source,15000,,Departamenti i Regjistrimit të OJQ-ve,Financimi nga Huamarrja,,0.0,0.0,,,,,,,,Financimi nga Huamarrja 0 0
3.1,72,172,source,15000,,Departamenti i Regjistrimit të OJQ-ve,Të Hyrat nga AKP,,,,,,,,,,,Të Hyrat nga AKP
3.1,72,181,prog,,,Agjensioni i Shoqërisë së,,61.0,1139593.0,9414899.0,69500.0,,3459949.0,,14083941.0,19160921.0,14937627.0,"Agjensioni i Shoqërisë së 61 1,139,593 9,414,899 69,500 3,459,949 14,083,941 19,160,921 14,937,627"
3.1,72,190,source,,,Agjensioni i Shoqërisë së,Grantet Qeveritare,,1139593.0,7603526.0,69500.0,,3459949.0,,12272568.0,12945298.0,12822254.0,"Grantet Qeveritare 1,139,593 7,603,526 69,500 3,459,949 12,272,568 12,945,298 12,822,254"
3.1,72,199,source,,,Agjensioni i Shoqërisë së,Të Hyrat vetanake,,0.0,0.0,,,0.0,,0.0,0.0,0.0,Të Hyrat vetanake 0 0 0 0 0 0
3.1,72,208,source,,,Agjensioni i Shoqërisë së,Financimi nga Huamarrja,,0.0,1811373.0,,,0.0,,1811373.0,6215623.0,2115373.0,"Financimi nga Huamarrja 0 1,811,373 0 1,811,373 6,215,623 2,115,373"
3.1,72,217,source,,,Agjensioni i Shoqërisë së,Të Hyrat nga AKP,,,,,,0.0,,0.0,0.0,0.0,Të Hyrat nga AKP 0 0 0 0
3.1,72,226,sub,12600,0133,Agjensioni i Shoqërisë së Informacionit,,61.0,1139593.0,9414899.0,69500.0,,3459949.0,,14083941.0,19160921.0,14937627.0,"12600 0133 Agjensioni i Shoqërisë së Informacionit 61 1,139,593 9,414,899 69,500 3,459,949 14,083,941 19,160,921 14,937,627"
3.1,72,235,source,12600,,Agjensioni i Shoqërisë së Informacionit,Grantet Qeveritare,,1139593.0,7603526.0,69500.0,,3459949.0,,12272568.0,12945298.0,12822254.0,"Grantet Qeveritare 1,139,593 7,603,526 69,500 3,459,949 12,272,568 12,945,298 12,822,254"
3.1,72,244,source,12600,,Agjensioni i Shoqërisë së Informacionit,Të Hyrat vetanake,,0.0,0.0,,,0.0,,0.0,0.0,0.0,Të Hyrat vetanake 0 0 0 0 0 0
3.1,72,253,source,12600,,Agjensioni i Shoqërisë së Informacionit,Financimi nga Huamarrja,,0.0,1811373.0,,,0.0,,1811373.0,6215623.0,2115373.0,"Financimi nga Huamarrja 0 1,811,373 0 1,811,373 6,215,623 2,115,373"
3.1,72,262,source,12600,,Agjensioni i Shoqërisë së Informacionit,Të Hyrat nga AKP,,,,,,0.0,,0.0,0.0,0.0,Të Hyrat nga AKP 0 0 0 0
3.1,72,271,prog,,,Departamenti për Menaxh,,11.0,108990.0,300000.0,,,,,408990.0,459224.0,464770.0,"Departamenti për Menaxh 11 108,990 300,000 408,990 459,224 464,770"
3.1,72,280,source,,,Departamenti për Menaxh,Grantet Qeveritare,,108990.0,300000.0,,,,,408990.0,459224.0,464770.0,"Grantet Qeveritare 108,990 300,000 408,990 459,224 464,770"
3.1,72,289,source,,,Departamenti për Menaxh,Të Hyrat vetanake,,0.0,0.0,,,,,,,,Të Hyrat vetanake 0 0
3.1,72,298,source,,,Departamenti për Menaxh,Financimi nga Huamarrja,,0.0,0.0,,,,,,,,Financimi nga Huamarrja 0 0
3.1,72,307,source,,,Departamenti për Menaxh,Të Hyrat nga AKP,,,,,,,,,,,Të Hyrat nga AKP
3.1,72,316,sub,20300,0132,Departamenti për Menaxhimin e Reformës,,11.0,108990.0,300000.0,,,,,408990.0,459224.0,464770.0,"20300 0132 Departamenti për Menaxhimin e Reformës A 11 108,990 300,000 408,990 459,224 464,770"
3.1,72,325,source,20300,,Departamenti për Menaxhimin e Reformës,Grantet Qeveritare,,108990.0,300000.0,,,,,408990.0,459224.0,464770.0,"Grantet Qeveritare 108,990 300,000 408,990 459,224 464,770"
3.1,72,334,source,20300,,Departamenti për Menaxhimin e Reformës,Të Hyrat vetanake,,0.0,0.0,,,,,,,,Të Hyrat vetanake 0 0
3.1,72,343,source,20300,,Departamenti për Menaxhimin e Reformës,Financimi nga Huamarrja,,0.0,0.0,,,,,,,,Financimi nga Huamarrja 0 0
3.1,72,352,source,20300,,Departamenti për Menaxhimin e Reformës,Të Hyrat nga AKP,,,,,,,,,,,Të Hyrat nga AKP
3.1,72,361,prog,,,Teprica e të Punësuarve,,0.0,20000.0,,,,,,20000.0,20000.0,20000.0,"Teprica e të Punësuarve 0 20,000 20,000 20,000 20,000"
3.1,72,370,source,,,Teprica e të Punësuarve,Grantet Qeveritare,,20000.0,,,,,,20000.0,20000.0,20000.0,"Grantet Qeveritare 20,000 20,000 20,000 20,000"
3.1,72,379,source,,,Teprica e të Punësuarve,Të Hyrat vetanake,,0.0,,,,,,,,,Të Hyrat vetanake 0
3.1,72,388,source,,,Teprica e të Punësuarve,Financimi nga Huamarrja,,0.0,,,,,,,,,Financimi nga Huamarrja 0
3.1,72,397,source,,,Teprica e të Punësuarve,Të Hyrat nga AKP,,,,,,,,,,,Të Hyrat nga AKP
3.1,72,406,sub,29400,0131,Teprica e të Punësuarve në Administratën,,0.0,20000.0,,,,,,20000.0,20000.0,20000.0,"29400 0131 Teprica e të Punësuarve në Administratën P 0 20,000 20,000 20,000 20,000"
3.1,72,415,source,29400,,Teprica e të Punësuarve në Administratën,Grantet Qeveritare,,20000.0,,,,,,20000.0,20000.0,20000.0,"Grantet Qeveritare 20,000 20,000 20,000 20,000"
3.1,72,424,source,29400,,Teprica e të Punësuarve në Administratën,Të Hyrat vetanake,,0.0,,,,,,,,,Të Hyrat vetanake 0
3.1,72,433,source,29400,,Teprica e të Punësuarve në Administratën,Financimi nga Huamarrja,,0.0,,,,,,,,,Financimi nga Huamarrja 0
3.1,72,442,source,29400,,Teprica e të Punësuarve në Administratën,Të Hyrat nga AKP,,,,,,,,,,,Të Hyrat nga AKP
3.1,72,451,prog,,,Agjencia për Siguri Kiber,,25.0,279948.0,50000.0,,,,,329948.0,343945.0,358643.0,"Agjencia për Siguri Kiber 25 279,948 50,000 329,948 343,945 358,643"
3.1,72,460,source,,,Agjencia për Siguri Kiber,Grantet Qeveritare,,279948.0,50000.0,,,,,329948.0,343945.0,358643.0,"Grantet Qeveritare 279,948 50,000 329,948 343,945 358,643"
3.1,72,469,source,,,Agjencia për Siguri Kiber,Të Hyrat vetanake,,0.0,0.0,,,,,,,,Të Hyrat vetanake 0 0
3.1,72,478,source,,,Agjencia për Siguri Kiber,Financimi nga Huamarrja,,0.0,0.0,,,,,,,,Financimi nga Huamarrja 0 0
3.1,72,487,source,,,Agjencia për Siguri Kiber,Të Hyrat nga AKP,,,,,,,,,,,Të Hyrat nga AKP
3.1,72,496,sub,35100,0360,Agjencia për Siguri Kibernetike,,25.0,279948.0,50000.0,,,,,329948.0,343945.0,358643.0,"35100 0360 Agjencia për Siguri Kibernetike 25 279,948 50,000 329,948 343,945 358,643"
3.1,72,505,source,35100,,Agjencia për Siguri Kibernetike,Grantet Qeveritare,,279948.0,50000.0,,,,,329948.0,343945.0,358643.0,"Grantet Qeveritare 279,948 50,000 329,948 343,945 358,643"
3.1,72,514,source,35100,,Agjencia për Siguri Kibernetike,Të Hyrat vetanake,,0.0,0.0,,,,,,,,Të Hyrat vetanake 0 0
3.1,72,523,source,35100,,Agjencia për Siguri Kibernetike,Financimi nga Huamarrja,,0.0,0.0,,,,,,,,Financimi nga Huamarrja 0 0
3.1,72,532,source,35100,,Agjencia për Siguri Kibernetike,Të Hyrat nga AKP,,,,,,,,,,,Të Hyrat nga AKP
3.1,73,91,org,215,,Ministria e Drejtësisë,,2169.0,21660702.0,12500000.0,1088769.0,11898000.0,9800000.0,,56947471.0,53067809.0,54324671.0,"215 Ministria e Drejtësisë 2,169 21,660,702 12,500,000 1,088,769 11,898,000 9,800,000 56,947,471 53,067,809 54,324,671"
3.1,73,100,source,215,,Ministria e Drejtësisë,Grantet Qeveritare,,21580502.0,12500000.0,1088769.0,11898000.0,9800000.0,,56867271.0,52987609.0,54244471.0,"Grantet Qeveritare 21,580,502 12,500,000 1,088,769 11,898,000 9,800,000 56,867,271 52,987,609 54,244,471"
3.1,73,109,source,215,,Ministria e Drejtësisë,Të Hyrat vetanake,,80200.0,0.0,,,0.0,,80200.0,80200.0,80200.0,"Të Hyrat vetanake 80,200 0 0 80,200 80,200 80,200"
3.1,73,118,source,215,,Ministria e Drejtësisë,Financimi nga Huamarrja,,0.0,0.0,,,0.0,,0.0,0.0,0.0,Financimi nga Huamarrja 0 0 0 0 0 0
3.1,73,127,source,215,,Ministria e Drejtësisë,Të Hyrat nga AKP,,,,,,0.0,,0.0,0.0,0.0,Të Hyrat nga AKP 0 0 0 0
3.1,73,136,prog,,,Shërbimet e Administratë,,71.0,786386.0,387857.0,14200.0,,,,1188442.0,1229492.0,1224560.0,"Shërbimet e Administratë 71 786,386 387,857 14,200 1,188,442 1,229,492 1,224,560"
3.1,73,145,source,,,Shërbimet e Administratë,Grantet Qeveritare,,786386.0,387857.0,14200.0,,,,1188442.0,1229492.0,1224560.0,"Grantet Qeveritare 786,386 387,857 14,200 1,188,442 1,229,492 1,224,560"
3.1,73,154,source,,,Shërbimet e Administratë,Të Hyrat vetanake,,0.0,0.0,,,,,,,,Të Hyrat vetanake 0 0
3.1,73,163,source,,,Shërbimet e Administratë,Financimi nga Huamarrja,,0.0,0.0,,,,,,,,Financimi nga Huamarrja 0 0
3.1,73,172,source,,,Shërbimet e Administratë,Të Hyrat nga AKP,,,,,,,,,,,Të Hyrat nga AKP
3.1,73,181,sub,11315,0330,Departamenti për Financa dhe Shërbime,,53.0,540218.0,281156.0,14200.0,,,,835574.0,877123.0,871123.0,"11315 0330 Departamenti për Financa dhe Shërbime të P 53 540,218 281,156 14,200 835,574 877,123 871,123"
3.1,73,190,source,11315,,Departamenti për Financa dhe Shërbime,Grantet Qeveritare,,540218.0,281156.0,14200.0,,,,835574.0,877123.0,871123.0,"Grantet Qeveritare 540,218 281,156 14,200 835,574 877,123 871,123"
3.1,73,199,source,11315,,Departamenti për Financa dhe Shërbime,Të Hyrat vetanake,,0.0,0.0,,,,,,,,Të Hyrat vetanake 0 0
3.1,73,208,source,11315,,Departamenti për Financa dhe Shërbime,Financimi nga Huamarrja,,0.0,0.0,,,,,,,,Financimi nga Huamarrja 0 0
3.1,73,217,source,11315,,Departamenti për Financa dhe Shërbime,Të Hyrat nga AKP,,,,,,,,,,,Të Hyrat nga AKP
3.1,73,226,sub,11415,0330,Zyra e Ministrit,,18.0,246167.0,106701.0,,,,,352868.0,352368.0,353437.0,"11415 0330 Zyra e Ministrit 18 246,167 106,701 352,868 352,368 353,437"
3.1,73,235,source,11415,,Zyra e Ministrit,Grantet Qeveritare,,246167.0,106701.0,,,,,352868.0,352368.0,353437.0,"Grantet Qeveritare 246,167 106,701 352,868 352,368 353,437"
3.1,73,244,source,11415,,Zyra e Ministrit,Të Hyrat vetanake,,0.0,0.0,,,,,,,,Të Hyrat vetanake 0 0
3.1,73,253,source,11415,,Zyra e Ministrit,Financimi nga Huamarrja,,0.0,0.0,,,,,,,,Financimi nga Huamarrja 0 0
3.1,73,262,source,11415,,Zyra e Ministrit,Të Hyrat nga AKP,,,,,,,,,,,Të Hyrat nga AKP
3.1,73,271,prog,,,Departamenti Ligjor,,14.0,141744.0,42954.0,,,,,184698.0,184698.0,184698.0,"Departamenti Ligjor 14 141,744 42,954 184,698 184,698 184,698"
3.1,73,280,source,,,Departamenti Ligjor,Grantet Qeveritare,,141744.0,42954.0,,,,,184698.0,184698.0,184698.0,"Grantet Qeveritare 141,744 42,954 184,698 184,698 184,698"
3.1,73,289,source,,,Departamenti Ligjor,Të Hyrat vetanake,,0.0,0.0,,,,,,,,Të Hyrat vetanake 0 0
3.1,73,298,source,,,Departamenti Ligjor,Financimi nga Huamarrja,,0.0,0.0,,,,,,,,Financimi nga Huamarrja 0 0
3.1,73,307,source,,,Departamenti Ligjor,Të Hyrat nga AKP,,,,,,,,,,,Të Hyrat nga AKP
3.1,73,316,sub,33100,0330,Departamenti Ligjor,,14.0,141744.0,42954.0,,,,,184698.0,184698.0,184698.0,"33100 0330 Departamenti Ligjor 14 141,744 42,954 184,698 184,698 184,698"
3.1,73,325,source,33100,,Departamenti Ligjor,Grantet Qeveritare,,141744.0,42954.0,,,,,184698.0,184698.0,184698.0,"Grantet Qeveritare 141,744 42,954 184,698 184,698 184,698"
3.1,73,334,source,33100,,Departamenti Ligjor,Të Hyrat vetanake,,0.0,0.0,,,,,,,,Të Hyrat vetanake 0 0
3.1,73,343,source,33100,,Departamenti Ligjor,Financimi nga Huamarrja,,0.0,0.0,,,,,,,,Financimi nga Huamarrja 0 0
3.1,73,352,source,33100,,Departamenti Ligjor,Të Hyrat nga AKP,,,,,,,,,,,Të Hyrat nga AKP
3.1,73,361,prog,,,Shërbimi Sprovues i Kos,,75.0,716029.0,72103.0,19000.0,,,,807132.0,807132.0,807132.0,"Shërbimi Sprovues i Kos 75 716,029 72,103 19,000 807,132 807,132 807,132"
3.1,73,370,source,,,Shërbimi Sprovues i Kos,Grantet Qeveritare,,716029.0,72103.0,19000.0,,,,807132.0,807132.0,807132.0,"Grantet Qeveritare 716,029 72,103 19,000 807,132 807,132 807,132"
3.1,73,379,source,,,Shërbimi Sprovues i Kos,Të Hyrat vetanake,,0.0,0.0,,,,,,,,Të Hyrat vetanake 0 0
3.1,73,388,source,,,Shërbimi Sprovues i Kos,Financimi nga Huamarrja,,0.0,0.0,,,,,,,,Financimi nga Huamarrja 0 0
3.1,73,397,source,,,Shërbimi Sprovues i Kos,Të Hyrat nga AKP,,,,,,,,,,,Të Hyrat nga AKP
3.1,73,406,sub,33400,0330,Shërbimi Sprovues i Kosovës,,75.0,716029.0,72103.0,19000.0,,,,807132.0,807132.0,807132.0,"33400 0330 Shërbimi Sprovues i Kosovës 75 716,029 72,103 19,000 807,132 807,132 807,132"
3.1,73,415,source,33400,,Shërbimi Sprovues i Kosovës,Grantet Qeveritare,,716029.0,72103.0,19000.0,,,,807132.0,807132.0,807132.0,"Grantet Qeveritare 716,029 72,103 19,000 807,132 807,132 807,132"
3.1,73,424,source,33400,,Shërbimi Sprovues i Kosovës,Të Hyrat vetanake,,0.0,0.0,,,,,,,,Të Hyrat vetanake 0 0
3.1,73,433,source,33400,,Shërbimi Sprovues i Kosovës,Financimi nga Huamarrja,,0.0,0.0,,,,,,,,Financimi nga Huamarrja 0 0
3.1,73,442,source,33400,,Shërbimi Sprovues i Kosovës,Të Hyrat nga AKP,,,,,,,,,,,Të Hyrat nga AKP
3.1,73,451,prog,,,Shërbimi Korrektues i Ko,,1770.0,17179258.0,7543440.0,969769.0,,9512000.0,,35204468.0,33021896.0,34262189.0,"Shërbimi Korrektues i Ko 1,770 17,179,258 7,543,440 969,769 9,512,000 35,204,468 33,021,896 34,262,189"
3.1,73,460,source,,,Shërbimi Korrektues i Ko,Grantet Qeveritare,,17179258.0,7543440.0,969769.0,,9512000.0,,35204468.0,33021896.0,34262189.0,"Grantet Qeveritare 17,179,258 7,543,440 969,769 9,512,000 35,204,468 33,021,896 34,262,189"
3.1,73,469,source,,,Shërbimi Korrektues i Ko,Të Hyrat vetanake,,0.0,0.0,,,0.0,,0.0,0.0,0.0,Të Hyrat vetanake 0 0 0 0 0 0
3.1,73,478,source,,,Shërbimi Korrektues i Ko,Financimi nga Huamarrja,,0.0,0.0,,,0.0,,0.0,0.0,0.0,Financimi nga Huamarrja 0 0 0 0 0 0
3.1,73,487,source,,,Shërbimi Korrektues i Ko,Të Hyrat nga AKP,,,,,,0.0,,0.0,0.0,0.0,Të Hyrat nga AKP 0 0 0 0
3.1,73,496,sub,33600,0340,Shërbimi Korrektues i Kosovës,,1770.0,17179258.0,7543440.0,969769.0,,9512000.0,,35204468.0,33021896.0,34262189.0,"33600 0340 Shërbimi Korrektues i Kosovës 1,770 17,179,258 7,543,440 969,769 9,512,000 35,204,468 33,021,896 34,262,189"
3.1,73,505,source,33600,,Shërbimi Korrektues i Kosovës,Grantet Qeveritare,,17179258.0,7543440.0,969769.0,,9512000.0,,35204468.0,33021896.0,34262189.0,"Grantet Qeveritare 17,179,258 7,543,440 969,769 9,512,000 35,204,468 33,021,896 34,262,189"
3.1,73,514,source,33600,,Shërbimi Korrektues i Kosovës,Të Hyrat vetanake,,0.0,0.0,,,0.0,,0.0,0.0,0.0,Të Hyrat vetanake 0 0 0 0 0 0
3.1,73,523,source,33600,,Shërbimi Korrektues i Kosovës,Financimi nga Huamarrja,,0.0,0.0,,,0.0,,0.0,0.0,0.0,Financimi nga Huamarrja 0 0 0 0 0 0
3.1,73,532,source,33600,,Shërbimi Korrektues i Kosovës,Të Hyrat nga AKP,,,,,,0.0,,0.0,0.0,0.0,Të Hyrat nga AKP 0 0 0 0
3.1,74,91,prog,,,Agjensioni per Menaxhim,,26.0,268959.0,153680.0,15000.0,,,,437639.0,437639.0,437639.0,"Agjensioni per Menaxhim 26 268,959 153,680 15,000 437,639 437,639 437,639"
3.1,74,100,source,,,Agjensioni per Menaxhim,Grantet Qeveritare,,268959.0,153680.0,15000.0,,,,437639.0,437639.0,437639.0,"Grantet Qeveritare 268,959 153,680 15,000 437,639 437,639 437,639"
3.1,74,109,source,,,Agjensioni per Menaxhim,Të Hyrat vetanake,,0.0,0.0,,,,,,,,Të Hyrat vetanake 0 0
3.1,74,118,source,,,Agjensioni per Menaxhim,Financimi nga Huamarrja,,0.0,0.0,,,,,,,,Financimi nga Huamarrja 0 0
3.1,74,127,source,,,Agjensioni per Menaxhim,Të Hyrat nga AKP,,,,,,,,,,,Të Hyrat nga AKP
3.1,74,136,sub,37100,0330,Agjensioni per Menaxhimin Pasurisë,,26.0,268959.0,153680.0,15000.0,,,,437639.0,437639.0,437639.0,"37100 0330 Agjensioni per Menaxhimin Pasurisë së Sek 26 268,959 153,680 15,000 437,639 437,639 437,639"
3.1,74,145,source,37100,,Agjensioni per Menaxhimin Pasurisë,Grantet Qeveritare,,268959.0,153680.0,15000.0,,,,437639.0,437639.0,437639.0,"Grantet Qeveritare 268,959 153,680 15,000 437,639 437,639 437,639"
3.1,74,154,source,37100,,Agjensioni per Menaxhimin Pasurisë,Të Hyrat vetanake,,0.0,0.0,,,,,,,,Të Hyrat vetanake 0 0
3.1,74,163,source,37100,,Agjensioni per Menaxhimin Pasurisë,Financimi nga Huamarrja,,0.0,0.0,,,,,,,,Financimi nga Huamarrja 0 0
3.1,74,172,source,37100,,Agjensioni per Menaxhimin Pasurisë,Të Hyrat nga AKP,,,,,,,,,,,Të Hyrat nga AKP
3.1,74,181,prog,,,Instituti për Mjeksi Ligjor,,65.0,874234.0,330878.0,52000.0,,288000.0,,1545112.0,2108473.0,2128473.0,"Instituti për Mjeksi Ligjor 65 874,234 330,878 52,000 288,000 1,545,112 2,108,473 2,128,473"
3.1,74,190,source,,,Instituti për Mjeksi Ligjor,Grantet Qeveritare,,874234.0,330878.0,52000.0,,288000.0,,1545112.0,2108473.0,2128473.0,"Grantet Qeveritare 874,234 330,878 52,000 288,000 1,545,112 2,108,473 2,128,473"
3.1,74,199,source,,,Instituti për Mjeksi Ligjor,Të Hyrat vetanake,,0.0,0.0,,,0.0,,0.0,0.0,0.0,Të Hyrat vetanake 0 0 0 0 0 0
3.1,74,208,source,,,Instituti për Mjeksi Ligjor,Financimi nga Huamarrja,,0.0,0.0,,,0.0,,0.0,0.0,0.0,Financimi nga Huamarrja 0 0 0 0 0 0
3.1,74,217,source,,,Instituti për Mjeksi Ligjor,Të Hyrat nga AKP,,,,,,0.0,,0.0,0.0,0.0,Të Hyrat nga AKP 0 0 0 0
3.1,74,226,sub,33700,0330,Instituti për Mjeksi Ligjore,,65.0,874234.0,330878.0,52000.0,,288000.0,,1545112.0,2108473.0,2128473.0,"33700 0330 Instituti për Mjeksi Ligjore 65 874,234 330,878 52,000 288,000 1,545,112 2,108,473 2,128,473"
3.1,74,235,source,33700,,Instituti për Mjeksi Ligjore,Grantet Qeveritare,,874234.0,330878.0,52000.0,,288000.0,,1545112.0,2108473.0,2128473.0,"Grantet Qeveritare 874,234 330,878 52,000 288,000 1,545,112 2,108,473 2,128,473"
3.1,74,244,source,33700,,Instituti për Mjeksi Ligjore,Të Hyrat vetanake,,0.0,0.0,,,0.0,,0.0,0.0,0.0,Të Hyrat vetanake 0 0 0 0 0 0
3.1,74,253,source,33700,,Instituti për Mjeksi Ligjore,Financimi nga Huamarrja,,0.0,0.0,,,0.0,,0.0,0.0,0.0,Financimi nga Huamarrja 0 0 0 0 0 0
3.1,74,262,source,33700,,Instituti për Mjeksi Ligjore,Të Hyrat nga AKP,,,,,,0.0,,0.0,0.0,0.0,Të Hyrat nga AKP 0 0 0 0
3.1,74,271,prog,,,Departamenti për Bashkë,,16.0,153794.0,42413.0,,,,,196207.0,194707.0,196207.0,"Departamenti për Bashkë 16 153,794 42,413 196,207 194,707 196,207"
3.1,74,280,source,,,Departamenti për Bashkë,Grantet Qeveritare,,153794.0,42413.0,,,,,196207.0,194707.0,196207.0,"Grantet Qeveritare 153,794 42,413 196,207 194,707 196,207"
3.1,74,289,source,,,Departamenti për Bashkë,Të Hyrat vetanake,,0.0,0.0,,,,,,,,Të Hyrat vetanake 0 0
3.1,74,298,source,,,Departamenti për Bashkë,Financimi nga Huamarrja,,0.0,0.0,,,,,,,,Financimi nga Huamarrja 0 0
3.1,74,307,source,,,Departamenti për Bashkë,Të Hyrat nga AKP,,,,,,,,,,,Të Hyrat nga AKP
3.1,74,316,sub,31900,0330,Departamenti për Bashkëpunim Ndërkombta,,16.0,153794.0,42413.0,,,,,196207.0,194707.0,196207.0,"31900 0330 Departamenti për Bashkëpunim Ndërkombta 16 153,794 42,413 196,207 194,707 196,207"
3.1,74,325,source,31900,,Departamenti për Bashkëpunim Ndërkombta,Grantet Qeveritare,,153794.0,42413.0,,,,,196207.0,194707.0,196207.0,"Grantet Qeveritare 153,794 42,413 196,207 194,707 196,207"
3.1,74,334,source,31900,,Departamenti për Bashkëpunim Ndërkombta,Të Hyrat vetanake,,0.0,0.0,,,,,,,,Të Hyrat vetanake 0 0
3.1,74,343,source,31900,,Departamenti për Bashkëpunim Ndërkombta,Financimi nga Huamarrja,,0.0,0.0,,,,,,,,Financimi nga Huamarrja 0 0
3.1,74,352,source,31900,,Departamenti për Bashkëpunim Ndërkombta,Të Hyrat nga AKP,,,,,,,,,,,Të Hyrat nga AKP
3.1,74,361,prog,,,Departamenti për Integrim,,8.0,89313.0,38870.0,,,,,128183.0,128183.0,128183.0,"Departamenti për Integrim 8 89,313 38,870 128,183 128,183 128,183"
3.1,74,370,source,,,Departamenti për Integrim,Grantet Qeveritare,,89313.0,38870.0,,,,,128183.0,128183.0,128183.0,"Grantet Qeveritare 89,313 38,870 128,183 128,183 128,183"
3.1,74,379,source,,,Departamenti për Integrim,Të Hyrat vetanake,,0.0,0.0,,,,,,,,Të Hyrat vetanake 0 0
3.1,74,388,source,,,Departamenti për Integrim,Financimi nga Huamarrja,,0.0,0.0,,,,,,,,Financimi nga Huamarrja 0 0
3.1,74,397,source,,,Departamenti për Integrim,Të Hyrat nga AKP,,,,,,,,,,,Të Hyrat nga AKP
3.1,74,406,sub,27000,0330,Departamenti për Integrime Evropiane,,8.0,89313.0,38870.0,,,,,128183.0,128183.0,128183.0,"27000 0330 Departamenti për Integrime Evropiane dhe K 8 89,313 38,870 128,183 128,183 128,183"
3.1,74,415,source,27000,,Departamenti për Integrime Evropiane,Grantet Qeveritare,,89313.0,38870.0,,,,,128183.0,128183.0,128183.0,"Grantet Qeveritare 89,313 38,870 128,183 128,183 128,183"
3.1,74,424,source,27000,,Departamenti për Integrime Evropiane,Të Hyrat vetanake,,0.0,0.0,,,,,,,,Të Hyrat vetanake 0 0
3.1,74,433,source,27000,,Departamenti për Integrime Evropiane,Financimi nga Huamarrja,,0.0,0.0,,,,,,,,Financimi nga Huamarrja 0 0
3.1,74,442,source,27000,,Departamenti për Integrime Evropiane,Të Hyrat nga AKP,,,,,,,,,,,Të Hyrat nga AKP
3.1,74,451,prog,,,Inspektoriati i Ministrisë,,8.0,102279.0,31512.0,,,,,133791.0,133791.0,133791.0,"Inspektoriati i Ministrisë 8 102,279 31,512 133,791 133,791 133,791"
3.1,74,460,source,,,Inspektoriati i Ministrisë,Grantet Qeveritare,,102279.0,31512.0,,,,,133791.0,133791.0,133791.0,"Grantet Qeveritare 102,279 31,512 133,791 133,791 133,791"
3.1,74,469,source,,,Inspektoriati i Ministrisë,Të Hyrat vetanake,,0.0,0.0,,,,,,,,Të Hyrat vetanake 0 0
3.1,74,478,source,,,Inspektoriati i Ministrisë,Financimi nga Huamarrja,,0.0,0.0,,,,,,,,Financimi nga Huamarrja 0 0
3.1,74,487,source,,,Inspektoriati i Ministrisë,Të Hyrat nga AKP,,,,,,,,,,,Të Hyrat nga AKP
3.1,74,496,sub,37400,0330,Inspektoriati i Ministrisë së Drejtësisë,,8.0,102279.0,31512.0,,,,,133791.0,133791.0,133791.0,"37400 0330 Inspektoriati i Ministrisë së Drejtësisë 8 102,279 31,512 133,791 133,791 133,791"
3.1,74,505,source,37400,,Inspektoriati i Ministrisë së Drejtësisë,Grantet Qeveritare,,102279.0,31512.0,,,,,133791.0,133791.0,133791.0,"Grantet Qeveritare 102,279 31,512 133,791 133,791 133,791"
3.1,74,514,source,37400,,Inspektoriati i Ministrisë së Drejtësisë,Të Hyrat vetanake,,0.0,0.0,,,,,,,,Të Hyrat vetanake 0 0
3.1,74,523,source,37400,,Inspektoriati i Ministrisë së Drejtësisë,Financimi nga Huamarrja,,0.0,0.0,,,,,,,,Financimi nga Huamarrja 0 0
3.1,74,532,source,37400,,Inspektoriati i Ministrisë së Drejtësisë,Të Hyrat nga AKP,,,,,,,,,,,Të Hyrat nga AKP
3.1,75,91,prog,,,Avokatia Shtetërore,,20.0,291292.0,3316013.0,,,,,3607305.0,3607305.0,3607305.0,"Avokatia Shtetërore 20 291,292 3,316,013 3,607,305 3,607,305 3,607,305"
3.1,75,100,source,,,Avokatia Shtetërore,Grantet Qeveritare,,291292.0,3316013.0,,,,,3607305.0,3607305.0,3607305.0,"Grantet Qeveritare 291,292 3,316,013 3,607,305 3,607,305 3,607,305"
3.1,75,109,source,,,Avokatia Shtetërore,Të Hyrat vetanake,,0.0,0.0,,,,,,,,Të Hyrat vetanake 0 0
3.1,75,118,source,,,Avokatia Shtetërore,Financimi nga Huamarrja,,0.0,0.0,,,,,,,,Financimi nga Huamarrja 0 0
3.1,75,127,source,,,Avokatia Shtetërore,Të Hyrat nga AKP,,,,,,,,,,,Të Hyrat nga AKP
3.1,75,136,sub,31400,0330,Avokatia Shtetërore,,20.0,291292.0,3316013.0,,,,,3607305.0,3607305.0,3607305.0,"31400 0330 Avokatia Shtetërore 20 291,292 3,316,013 3,607,305 3,607,305 3,607,305"
3.1,75,145,source,31400,,Avokatia Shtetërore,Grantet Qeveritare,,291292.0,3316013.0,,,,,3607305.0,3607305.0,3607305.0,"Grantet Qeveritare 291,292 3,316,013 3,607,305 3,607,305 3,607,305"
3.1,75,154,source,31400,,Avokatia Shtetërore,Të Hyrat vetanake,,0.0,0.0,,,,,,,,Të Hyrat vetanake 0 0
3.1,75,163,source,31400,,Avokatia Shtetërore,Financimi nga Huamarrja,,0.0,0.0,,,,,,,,Financimi nga Huamarrja 0 0
3.1,75,172,source,31400,,Avokatia Shtetërore,Të Hyrat nga AKP,,,,,,,,,,,Të Hyrat nga AKP
3.1,75,181,prog,,,Departamenti per Pofesio,,19.0,276624.0,91338.0,,,,,367962.0,367962.0,367962.0,"Departamenti per Pofesio 19 276,624 91,338 367,962 367,962 367,962"
3.1,75,190,source,,,Departamenti per Pofesio,Grantet Qeveritare,,196424.0,91338.0,,,,,287762.0,287762.0,287762.0,"Grantet Qeveritare 196,424 91,338 287,762 287,762 287,762"
3.1,75,199,source,,,Departamenti per Pofesio,Të Hyrat vetanake,,80200.0,0.0,,,,,80200.0,80200.0,80200.0,"Të Hyrat vetanake 80,200 0 80,200 80,200 80,200"
3.1,75,208,source,,,Departamenti per Pofesio,Financimi nga Huamarrja,,0.0,0.0,,,,,,,,Financimi nga Huamarrja 0 0
3.1,75,217,source,,,Departamenti per Pofesio,Të Hyrat nga AKP,,,,,,,,,,,Të Hyrat nga AKP
3.1,75,226,sub,31700,0330,Departamenti për Politika të Sistemit,,9.0,174904.0,46838.0,,,,,221742.0,221742.0,221742.0,"31700 0330 Departamenti për Politika të Sistemit të Drej 9 174,904 46,838 221,742 221,742 221,742"
3.1,75,235,source,31700,,Departamenti për Politika të Sistemit,Grantet Qeveritare,,94704.0,46838.0,,,,,141542.0,141542.0,141542.0,"Grantet Qeveritare 94,704 46,838 141,542 141,542 141,542"
3.1,75,244,source,31700,,Departamenti për Politika të Sistemit,Të Hyrat vetanake,,80200.0,0.0,,,,,80200.0,80200.0,80200.0,"Të Hyrat vetanake 80,200 0 80,200 80,200 80,200"
3.1,75,253,source,31700,,Departamenti për Politika të Sistemit,Financimi nga Huamarrja,,0.0,0.0,,,,,,,,Financimi nga Huamarrja 0 0
3.1,75,262,source,31700,,Departamenti për Politika të Sistemit,Të Hyrat nga AKP,,,,,,,,,,,Të Hyrat nga AKP
3.1,75,271,sub,37700,0330,Departamenti për Mbikqyrjen e Ligjshmërisë,,10.0,101720.0,44500.0,,,,,146220.0,146220.0,146220.0,"37700 0330 Departamenti për Mbikqyrjen e Ligjshmërisë 10 101,720 44,500 146,220 146,220 146,220"
3.1,75,280,source,37700,,Departamenti për Mbikqyrjen e Ligjshmërisë,Grantet Qeveritare,,101720.0,44500.0,,,,,146220.0,146220.0,146220.0,"Grantet Qeveritare 101,720 44,500 146,220 146,220 146,220"
3.1,75,289,source,37700,,Departamenti për Mbikqyrjen e Ligjshmërisë,Të Hyrat vetanake,,0.0,0.0,,,,,,,,Të Hyrat vetanake 0 0
3.1,75,298,source,37700,,Departamenti për Mbikqyrjen e Ligjshmërisë,Financimi nga Huamarrja,,0.0,0.0,,,,,,,,Financimi nga Huamarrja 0 0
3.1,75,307,source,37700,,Departamenti për Mbikqyrjen e Ligjshmërisë,Të Hyrat nga AKP,,,,,,,,,,,Të Hyrat nga AKP
3.1,75,316,prog,,,Mbrojtja juridike dhe Mbe,,5.0,44716.0,22766.0,,8050000.0,,,8117482.0,5867482.0,5867482.0,"Mbrojtja juridike dhe Mbe 5 44,716 22,766 8,050,000 8,117,482 5,867,482 5,867,482"
3.1,75,325,source,,,Mbrojtja juridike dhe Mbe,Grantet Qeveritare,,44716.0,22766.0,,8050000.0,,,8117482.0,5867482.0,5867482.0,"Grantet Qeveritare 44,716 22,766 8,050,000 8,117,482 5,867,482 5,867,482"
3.1,75,334,source,,,Mbrojtja juridike dhe Mbe,Të Hyrat vetanake,,0.0,0.0,,,,,,,,Të Hyrat vetanake 0 0
3.1,75,343,source,,,Mbrojtja juridike dhe Mbe,Financimi nga Huamarrja,,0.0,0.0,,,,,,,,Financimi nga Huamarrja 0 0
3.1,75,352,source,,,Mbrojtja juridike dhe Mbe,Të Hyrat nga AKP,,,,,,,,,,,Të Hyrat nga AKP
3.1,75,361,sub,37900,0330,Mbrojtja juridike dhe Mbeshtetja Financiare,,5.0,44716.0,22766.0,,8050000.0,,,8117482.0,5867482.0,5867482.0,"37900 0330 Mbrojtja juridike dhe Mbeshtetja Financiare 5 44,716 22,766 8,050,000 8,117,482 5,867,482 5,867,482"
3.1,75,370,source,37900,,Mbrojtja juridike dhe Mbeshtetja Financiare,Grantet Qeveritare,,44716.0,22766.0,,8050000.0,,,8117482.0,5867482.0,5867482.0,"Grantet Qeveritare 44,716 22,766 8,050,000 8,117,482 5,867,482 5,867,482"
3.1,75,379,source,37900,,Mbrojtja juridike dhe Mbeshtetja Financiare,Të Hyrat vetanake,,0.0,0.0,,,,,,,,Të Hyrat vetanake 0 0
3.1,75,388,source,37900,,Mbrojtja juridike dhe Mbeshtetja Financiare,Financimi nga Huamarrja,,0.0,0.0,,,,,,,,Financimi nga Huamarrja 0 0
3.1,75,397,source,37900,,Mbrojtja juridike dhe Mbeshtetja Financiare,Të Hyrat nga AKP,,,,,,,,,,,Të Hyrat nga AKP
3.1,75,406,prog,,,Departamenti për Qasje n,,11.0,117399.0,110766.0,800.0,300000.0,,,528965.0,478965.0,478965.0,"Departamenti për Qasje n 11 117,399 110,766 800 300,000 528,965 478,965 478,965"
3.1,75,415,source,,,Departamenti për Qasje n,Grantet Qeveritare,,117399.0,110766.0,800.0,300000.0,,,528965.0,478965.0,478965.0,"Grantet Qeveritare 117,399 110,766 800 300,000 528,965 478,965 478,965"
3.1,75,424,source,,,Departamenti për Qasje n,Të Hyrat vetanake,,0.0,0.0,,,,,,,,Të Hyrat vetanake 0 0
3.1,75,433,source,,,Departamenti për Qasje n,Financimi nga Huamarrja,,0.0,0.0,,,,,,,,Financimi nga Huamarrja 0 0
3.1,75,442,source,,,Departamenti për Qasje n,Të Hyrat nga AKP,,,,,,,,,,,Të Hyrat nga AKP
3.1,75,451,sub,37800,0330,"Departamenti për Qasje në Drejtësi,Drejtësi",,11.0,117399.0,110766.0,800.0,300000.0,,,528965.0,478965.0,478965.0,"37800 0330 Departamenti për Qasje në Drejtësi,Drejtësi 11 117,399 110,766 800 300,000 528,965 478,965 478,965"
3.1,75,460,source,37800,,"Departamenti për Qasje në Drejtësi,Drejtësi",Grantet Qeveritare,,117399.0,110766.0,800.0,300000.0,,,528965.0,478965.0,478965.0,"Grantet Qeveritare 117,399 110,766 800 300,000 528,965 478,965 478,965"
3.1,75,469,source,37800,,"Departamenti për Qasje në Drejtësi,Drejtësi",Të Hyrat vetanake,,0.0,0.0,,,,,,,,Të Hyrat vetanake 0 0
3.1,75,478,source,37800,,"Departamenti për Qasje në Drejtësi,Drejtësi",Financimi nga Huamarrja,,0.0,0.0,,,,,,,,Financimi nga Huamarrja 0 0
3.1,75,487,source,37800,,"Departamenti për Qasje në Drejtësi,Drejtësi",Të Hyrat nga AKP,,,,,,,,,,,Të Hyrat nga AKP
3.1,75,496,prog,,,Agjencia për Ndihmë Jur,,41.0,408711.0,220000.0,10000.0,,,,638711.0,638711.0,638711.0,"Agjencia për Ndihmë Jur 41 408,711 220,000 10,000 638,711 638,711 638,711"
3.1,75,505,source,,,Agjencia për Ndihmë Jur,Grantet Qeveritare,,408711.0,220000.0,10000.0,,,,638711.0,638711.0,638711.0,"Grantet Qeveritare 408,711 220,000 10,000 638,711 638,711 638,711"
3.1,75,514,source,,,Agjencia për Ndihmë Jur,Të Hyrat vetanake,,0.0,0.0,,,,,,,,Të Hyrat vetanake 0 0
3.1,75,523,source,,,Agjencia për Ndihmë Jur,Financimi nga Huamarrja,,0.0,0.0,,,,,,,,Financimi nga Huamarrja 0 0
3.1,75,532,source,,,Agjencia për Ndihmë Jur,Të Hyrat nga AKP,,,,,,,,,,,Të Hyrat nga AKP
3.1,76,91,sub,32600,0330,Agjencia për Ndihmë Juridike Falas,,41.0,408711.0,220000.0,10000.0,,,,638711.0,638711.0,638711.0,"32600 0330 Agjencia për Ndihmë Juridike Falas 41 408,711 220,000 10,000 638,711 638,711 638,711"
3.1,76,100,source,32600,,Agjencia për Ndihmë Juridike Falas,Grantet Qeveritare,,408711.0,220000.0,10000.0,,,,638711.0,638711.0,638711.0,"Grantet Qeveritare 408,711 220,000 10,000 638,711 638,711 638,711"
3.1,76,109,source,32600,,Agjencia për Ndihmë Juridike Falas,Të Hyrat vetanake,,0.0,0.0,,,,,,,,Të Hyrat vetanake 0 0
3.1,76,118,source,32600,,Agjencia për Ndihmë Juridike Falas,Financimi nga Huamarrja,,0.0,0.0,,,,,,,,Financimi nga Huamarrja 0 0
3.1,76,127,source,32600,,Agjencia për Ndihmë Juridike Falas,Të Hyrat nga AKP,,,,,,,,,,,Të Hyrat nga AKP
3.1,76,136,prog,,,Departamenti për Politika,,20.0,209963.0,95410.0,8000.0,3548000.0,,,3861373.0,3861373.0,3861373.0,"Departamenti për Politika 20 209,963 95,410 8,000 3,548,000 3,861,373 3,861,373 3,861,373"
3.1,76,145,source,,,Departamenti për Politika,Grantet Qeveritare,,209963.0,95410.0,8000.0,3548000.0,,,3861373.0,3861373.0,3861373.0,"Grantet Qeveritare 209,963 95,410 8,000 3,548,000 3,861,373 3,861,373 3,861,373"
3.1,76,154,source,,,Departamenti për Politika,Të Hyrat vetanake,,0.0,0.0,,,,,,,,Të Hyrat vetanake 0 0
3.1,76,163,source,,,Departamenti për Politika,Financimi nga Huamarrja,,0.0,0.0,,,,,,,,Financimi nga Huamarrja 0 0
3.1,76,172,source,,,Departamenti për Politika,Të Hyrat nga AKP,,,,,,,,,,,Të Hyrat nga AKP
3.1,76,181,sub,01500,1060,Shpenzimet Bazike për Strehimoret,,,,,,2500000.0,,,2500000.0,2500000.0,2500000.0,"01500 1060 Shpenzimet Bazike për Strehimoret 2,500,000 2,500,000 2,500,000 2,500,000"
3.1,76,190,source,01500,,Shpenzimet Bazike për Strehimoret,Grantet Qeveritare,,,,,2500000.0,,,2500000.0,2500000.0,2500000.0,"Grantet Qeveritare 2,500,000 2,500,000 2,500,000 2,500,000"
3.1,76,199,source,01500,,Shpenzimet Bazike për Strehimoret,Të Hyrat vetanake,,,,,,,,,,,Të Hyrat vetanake
3.1,76,208,source,01500,,Shpenzimet Bazike për Strehimoret,Financimi nga Huamarrja,,,,,,,,,,,Financimi nga Huamarrja
3.1,76,217,source,01500,,Shpenzimet Bazike për Strehimoret,Të Hyrat nga AKP,,,,,,,,,,,Të Hyrat nga AKP
3.1,76,226,sub,37850,1040,Departamenti për Politika të Shërbimeve,,20.0,209963.0,95410.0,8000.0,1048000.0,,,1361373.0,1361373.0,1361373.0,"37850 1040 Departamenti për Politika të Shërbimeve Soc 20 209,963 95,410 8,000 1,048,000 1,361,373 1,361,373 1,361,373"
3.1,76,235,source,37850,,Departamenti për Politika të Shërbimeve,Grantet Qeveritare,,209963.0,95410.0,8000.0,1048000.0,,,1361373.0,1361373.0,1361373.0,"Grantet Qeveritare 209,963 95,410 8,000 1,048,000 1,361,373 1,361,373 1,361,373"
3.1,76,244,source,37850,,Departamenti për Politika të Shërbimeve,Të Hyrat vetanake,,0.0,0.0,,,,,,,,Të Hyrat vetanake 0 0
3.1,76,253,source,37850,,Departamenti për Politika të Shërbimeve,Financimi nga Huamarrja,,0.0,0.0,,,,,,,,Financimi nga Huamarrja 0 0
3.1,76,262,source,37850,,Departamenti për Politika të Shërbimeve,Të Hyrat nga AKP,,,,,,,,,,,Të Hyrat nga AKP
3.1,76,271,org,216,,Ministria e Punëve të Jashtme dhe D,,389.0,8842498.0,23935000.0,839551.0,2000000.0,16395000.0,,52012049.0,52469386.0,52983471.0,"216 Ministria e Punëve të Jashtme dhe D 389 8,842,498 23,935,000 839,551 2,000,000 16,395,000 52,012,049 52,469,386 52,983,471"
3.1,76,280,source,216,,Ministria e Punëve të Jashtme dhe D,Grantet Qeveritare,,8842498.0,23935000.0,839551.0,2000000.0,16395000.0,,52012049.0,52469386.0,52983471.0,"Grantet Qeveritare 8,842,498 23,935,000 839,551 2,000,000 16,395,000 52,012,049 52,469,386 52,983,471"
3.1,76,289,source,216,,Ministria e Punëve të Jashtme dhe D,Të Hyrat vetanake,,0.0,0.0,,,0.0,,0.0,0.0,0.0,Të Hyrat vetanake 0 0 0 0 0 0
3.1,76,298,source,216,,Ministria e Punëve të Jashtme dhe D,Financimi nga Huamarrja,,0.0,0.0,,,0.0,,0.0,0.0,0.0,Financimi nga Huamarrja 0 0 0 0 0 0
3.1,76,307,source,216,,Ministria e Punëve të Jashtme dhe D,Të Hyrat nga AKP,,,,,,0.0,,0.0,0.0,0.0,Të Hyrat nga AKP 0 0 0 0
3.1,76,316,prog,,,Akademia Diplomatike,,8.0,130766.0,295000.0,,,,,425766.0,428077.0,430504.0,"Akademia Diplomatike 8 130,766 295,000 425,766 428,077 430,504"
3.1,76,325,source,,,Akademia Diplomatike,Grantet Qeveritare,,130766.0,295000.0,,,,,425766.0,428077.0,430504.0,"Grantet Qeveritare 130,766 295,000 425,766 428,077 430,504"
3.1,76,334,source,,,Akademia Diplomatike,Të Hyrat vetanake,,0.0,0.0,,,,,,,,Të Hyrat vetanake 0 0
3.1,76,343,source,,,Akademia Diplomatike,Financimi nga Huamarrja,,0.0,0.0,,,,,,,,Financimi nga Huamarrja 0 0
3.1,76,352,source,,,Akademia Diplomatike,Të Hyrat nga AKP,,,,,,,,,,,Të Hyrat nga AKP
3.1,76,361,sub,28000,0950,Akademia Diplomatike,,8.0,130766.0,295000.0,,,,,425766.0,428077.0,430504.0,"28000 0950 Akademia Diplomatike 8 130,766 295,000 425,766 428,077 430,504"
3.1,76,370,source,28000,,Akademia Diplomatike,Grantet Qeveritare,,130766.0,295000.0,,,,,425766.0,428077.0,430504.0,"Grantet Qeveritare 130,766 295,000 425,766 428,077 430,504"
3.1,76,379,source,28000,,Akademia Diplomatike,Të Hyrat vetanake,,0.0,0.0,,,,,,,,Të Hyrat vetanake 0 0
3.1,76,388,source,28000,,Akademia Diplomatike,Financimi nga Huamarrja,,0.0,0.0,,,,,,,,Financimi nga Huamarrja 0 0
3.1,76,397,source,28000,,Akademia Diplomatike,Të Hyrat nga AKP,,,,,,,,,,,Të Hyrat nga AKP
3.1,76,406,prog,,,Shërbimet e Administratë,,122.0,1246900.0,2780000.0,200000.0,2000000.0,3695000.0,,9921900.0,9930430.0,9939388.0,"Shërbimet e Administratë 122 1,246,900 2,780,000 200,000 2,000,000 3,695,000 9,921,900 9,930,430 9,939,388"
3.1,76,415,source,,,Shërbimet e Administratë,Grantet Qeveritare,,1246900.0,2780000.0,200000.0,2000000.0,3695000.0,,9921900.0,9930430.0,9939388.0,"Grantet Qeveritare 1,246,900 2,780,000 200,000 2,000,000 3,695,000 9,921,900 9,930,430 9,939,388"
3.1,76,424,source,,,Shërbimet e Administratë,Të Hyrat vetanake,,0.0,0.0,,,0.0,,0.0,0.0,0.0,Të Hyrat vetanake 0 0 0 0 0 0
3.1,76,433,source,,,Shërbimet e Administratë,Financimi nga Huamarrja,,0.0,0.0,,,0.0,,0.0,0.0,0.0,Financimi nga Huamarrja 0 0 0 0 0 0
3.1,76,442,source,,,Shërbimet e Administratë,Të Hyrat nga AKP,,,,,,0.0,,0.0,0.0,0.0,Të Hyrat nga AKP 0 0 0 0
3.1,76,451,sub,11316,0113,Administrata Qëndrore,,102.0,994655.0,2080000.0,200000.0,2000000.0,3695000.0,,8969655.0,8977420.0,8985575.0,"11316 0113 Administrata Qëndrore 102 994,655 2,080,000 200,000 2,000,000 3,695,000 8,969,655 8,977,420 8,985,575"
3.1,76,460,source,11316,,Administrata Qëndrore,Grantet Qeveritare,,994655.0,2080000.0,200000.0,2000000.0,3695000.0,,8969655.0,8977420.0,8985575.0,"Grantet Qeveritare 994,655 2,080,000 200,000 2,000,000 3,695,000 8,969,655 8,977,420 8,985,575"
3.1,76,469,source,11316,,Administrata Qëndrore,Të Hyrat vetanake,,0.0,0.0,,,0.0,,0.0,0.0,0.0,Të Hyrat vetanake 0 0 0 0 0 0
3.1,76,478,source,11316,,Administrata Qëndrore,Financimi nga Huamarrja,,0.0,0.0,,,0.0,,0.0,0.0,0.0,Financimi nga Huamarrja 0 0 0 0 0 0
3.1,76,487,source,11316,,Administrata Qëndrore,Të Hyrat nga AKP,,,,,,0.0,,0.0,0.0,0.0,Të Hyrat nga AKP 0 0 0 0
3.1,76,496,sub,11416,0113,Zyra e Ministrit,,20.0,252244.0,700000.0,,,,,952244.0,953010.0,953813.0,"11416 0113 Zyra e Ministrit 20 252,244 700,000 952,244 953,010 953,813"
3.1,76,505,source,11416,,Zyra e Ministrit,Grantet Qeveritare,,252244.0,700000.0,,,,,952244.0,953010.0,953813.0,"Grantet Qeveritare 252,244 700,000 952,244 953,010 953,813"
3.1,76,514,source,11416,,Zyra e Ministrit,Të Hyrat vetanake,,0.0,0.0,,,,,,,,Të Hyrat vetanake 0 0
3.1,76,523,source,11416,,Zyra e Ministrit,Financimi nga Huamarrja,,0.0,0.0,,,,,,,,Financimi nga Huamarrja 0 0
3.1,76,532,source,11416,,Zyra e Ministrit,Të Hyrat nga AKP,,,,,,,,,,,Të Hyrat nga AKP
3.1,77,91,prog,,,Departamentet Programo,,85.0,883523.0,870000.0,,,,,1753523.0,1756648.0,1760928.0,"Departamentet Programo 85 883,523 870,000 1,753,523 1,756,648 1,760,928"
3.1,77,100,source,,,Departamentet Programo,Grantet Qeveritare,,883523.0,870000.0,,,,,1753523.0,1756648.0,1760928.0,"Grantet Qeveritare 883,523 870,000 1,753,523 1,756,648 1,760,928"
3.1,77,109,source,,,Departamentet Programo,Të Hyrat vetanake,,0.0,0.0,,,,,,,,Të Hyrat vetanake 0 0
3.1,77,118,source,,,Departamentet Programo,Financimi nga Huamarrja,,0.0,0.0,,,,,,,,Financimi nga Huamarrja 0 0
3.1,77,127,source,,,Departamentet Programo,Të Hyrat nga AKP,,,,,,,,,,,Të Hyrat nga AKP
3.1,77,136,sub,14700,0113,Departamentet Programore të MPJD,,85.0,883523.0,870000.0,,,,,1753523.0,1756648.0,1760928.0,"14700 0113 Departamentet Programore të MPJD 85 883,523 870,000 1,753,523 1,756,648 1,760,928"
3.1,77,145,source,14700,,Departamentet Programore të MPJD,Grantet Qeveritare,,883523.0,870000.0,,,,,1753523.0,1756648.0,1760928.0,"Grantet Qeveritare 883,523 870,000 1,753,523 1,756,648 1,760,928"
3.1,77,154,source,14700,,Departamentet Programore të MPJD,Të Hyrat vetanake,,0.0,0.0,,,,,,,,Të Hyrat vetanake 0 0
3.1,77,163,source,14700,,Departamentet Programore të MPJD,Financimi nga Huamarrja,,0.0,0.0,,,,,,,,Financimi nga Huamarrja 0 0
3.1,77,172,source,14700,,Departamentet Programore të MPJD,Të Hyrat nga AKP,,,,,,,,,,,Të Hyrat nga AKP
3.1,77,181,prog,,,Ambasadat,,174.0,6581309.0,18290000.0,639551.0,,12700000.0,,38210860.0,38654231.0,39152652.0,"Ambasadat 174 6,581,309 18,290,000 639,551 12,700,000 38,210,860 38,654,231 39,152,652"
3.1,77,190,source,,,Ambasadat,Grantet Qeveritare,,6581309.0,18290000.0,639551.0,,12700000.0,,38210860.0,38654231.0,39152652.0,"Grantet Qeveritare 6,581,309 18,290,000 639,551 12,700,000 38,210,860 38,654,231 39,152,652"
3.1,77,199,source,,,Ambasadat,Të Hyrat vetanake,,0.0,0.0,,,0.0,,0.0,0.0,0.0,Të Hyrat vetanake 0 0 0 0 0 0
3.1,77,208,source,,,Ambasadat,Financimi nga Huamarrja,,0.0,0.0,,,0.0,,0.0,0.0,0.0,Financimi nga Huamarrja 0 0 0 0 0 0
3.1,77,217,source,,,Ambasadat,Të Hyrat nga AKP,,,,,,0.0,,0.0,0.0,0.0,Të Hyrat nga AKP 0 0 0 0
3.1,77,226,sub,14300,0113,Ambasadat,,174.0,6581309.0,18290000.0,639551.0,,12700000.0,,38210860.0,38654231.0,39152652.0,"14300 0113 Ambasadat 174 6,581,309 18,290,000 639,551 12,700,000 38,210,860 38,654,231 39,152,652"
3.1,77,235,source,14300,,Ambasadat,Grantet Qeveritare,,6581309.0,18290000.0,639551.0,,12700000.0,,38210860.0,38654231.0,39152652.0,"Grantet Qeveritare 6,581,309 18,290,000 639,551 12,700,000 38,210,860 38,654,231 39,152,652"
3.1,77,244,source,14300,,Ambasadat,Të Hyrat vetanake,,0.0,0.0,,,0.0,,0.0,0.0,0.0,Të Hyrat vetanake 0 0 0 0 0 0
3.1,77,253,source,14300,,Ambasadat,Financimi nga Huamarrja,,0.0,0.0,,,0.0,,0.0,0.0,0.0,Financimi nga Huamarrja 0 0 0 0 0 0
3.1,77,262,source,14300,,Ambasadat,Të Hyrat nga AKP,,,,,,0.0,,0.0,0.0,0.0,Të Hyrat nga AKP 0 0 0 0
3.1,77,271,prog,,,Shërbimet e Konsulencës,,,,1700000.0,,,,,1700000.0,1700000.0,1700000.0,"Shërbimet e Konsulencës 1,700,000 1,700,000 1,700,000 1,700,000"
3.1,77,280,source,,,Shërbimet e Konsulencës,Grantet Qeveritare,,,1700000.0,,,,,1700000.0,1700000.0,1700000.0,"Grantet Qeveritare 1,700,000 1,700,000 1,700,000 1,700,000"
3.1,77,289,source,,,Shërbimet e Konsulencës,Të Hyrat vetanake,,,0.0,,,,,,,,Të Hyrat vetanake 0
3.1,77,298,source,,,Shërbimet e Konsulencës,Financimi nga Huamarrja,,,0.0,,,,,,,,Financimi nga Huamarrja 0
3.1,77,307,source,,,Shërbimet e Konsulencës,Të Hyrat nga AKP,,,,,,,,,,,Të Hyrat nga AKP
3.1,77,316,sub,28600,0133,Shërbimet e Konsulencës,,,,1700000.0,,,,,1700000.0,1700000.0,1700000.0,"28600 0133 Shërbimet e Konsulencës 1,700,000 1,700,000 1,700,000 1,700,000"
3.1,77,325,source,28600,,Shërbimet e Konsulencës,Grantet Qeveritare,,,1700000.0,,,,,1700000.0,1700000.0,1700000.0,"Grantet Qeveritare 1,700,000 1,700,000 1,700,000 1,700,000"
3.1,77,334,source,28600,,Shërbimet e Konsulencës,Të Hyrat vetanake,,,0.0,,,,,,,,Të Hyrat vetanake 0
3.1,77,343,source,28600,,Shërbimet e Konsulencës,Financimi nga Huamarrja,,,0.0,,,,,,,,Financimi nga Huamarrja 0
3.1,77,352,source,28600,,Shërbimet e Konsulencës,Të Hyrat nga AKP,,,,,,,,,,,Të Hyrat nga AKP
3.1,77,361,org,217,,Ministria e Mbrojtjes,,5479.0,53381701.0,45905600.0,1169000.0,,115641260.0,,216097561.0,222303555.0,225401028.0,"217 Ministria e Mbrojtjes 5,479 53,381,701 45,905,600 1,169,000 115,641,260 216,097,561 222,303,555 225,401,028"
3.1,77,370,source,217,,Ministria e Mbrojtjes,Grantet Qeveritare,,53381701.0,45905600.0,1169000.0,,115641260.0,,216097561.0,222303555.0,225401028.0,"Grantet Qeveritare 53,381,701 45,905,600 1,169,000 115,641,260 216,097,561 222,303,555 225,401,028"
3.1,77,379,source,217,,Ministria e Mbrojtjes,Të Hyrat vetanake,,0.0,0.0,,,0.0,,0.0,0.0,0.0,Të Hyrat vetanake 0 0 0 0 0 0
3.1,77,388,source,217,,Ministria e Mbrojtjes,Financimi nga Huamarrja,,0.0,0.0,,,0.0,,0.0,0.0,0.0,Financimi nga Huamarrja 0 0 0 0 0 0
3.1,77,397,source,217,,Ministria e Mbrojtjes,Të Hyrat nga AKP,,,,,,0.0,,0.0,0.0,0.0,Të Hyrat nga AKP 0 0 0 0
3.1,77,406,prog,,,Shërbimet e Administratë,,264.0,4202611.0,910000.0,19000.0,,2240000.0,,7371611.0,7508135.0,7560966.0,"Shërbimet e Administratë 264 4,202,611 910,000 19,000 2,240,000 7,371,611 7,508,135 7,560,966"
3.1,77,415,source,,,Shërbimet e Administratë,Grantet Qeveritare,,4202611.0,910000.0,19000.0,,2240000.0,,7371611.0,7508135.0,7560966.0,"Grantet Qeveritare 4,202,611 910,000 19,000 2,240,000 7,371,611 7,508,135 7,560,966"
3.1,77,424,source,,,Shërbimet e Administratë,Të Hyrat vetanake,,0.0,0.0,,,0.0,,0.0,0.0,0.0,Të Hyrat vetanake 0 0 0 0 0 0
3.1,77,433,source,,,Shërbimet e Administratë,Financimi nga Huamarrja,,0.0,0.0,,,0.0,,0.0,0.0,0.0,Financimi nga Huamarrja 0 0 0 0 0 0
3.1,77,442,source,,,Shërbimet e Administratë,Të Hyrat nga AKP,,,,,,0.0,,0.0,0.0,0.0,Të Hyrat nga AKP 0 0 0 0
3.1,77,451,sub,11317,0220,Administrata Qëndrore,,245.0,3916275.0,782000.0,15000.0,,2240000.0,,6953275.0,7085742.0,7105336.0,"11317 0220 Administrata Qëndrore 245 3,916,275 782,000 15,000 2,240,000 6,953,275 7,085,742 7,105,336"
3.1,77,460,source,11317,,Administrata Qëndrore,Grantet Qeveritare,,3916275.0,782000.0,15000.0,,2240000.0,,6953275.0,7085742.0,7105336.0,"Grantet Qeveritare 3,916,275 782,000 15,000 2,240,000 6,953,275 7,085,742 7,105,336"
3.1,77,469,source,11317,,Administrata Qëndrore,Të Hyrat vetanake,,0.0,0.0,,,0.0,,0.0,0.0,0.0,Të Hyrat vetanake 0 0 0 0 0 0
3.1,77,478,source,11317,,Administrata Qëndrore,Financimi nga Huamarrja,,0.0,0.0,,,0.0,,0.0,0.0,0.0,Financimi nga Huamarrja 0 0 0 0 0 0
3.1,77,487,source,11317,,Administrata Qëndrore,Të Hyrat nga AKP,,,,,,0.0,,0.0,0.0,0.0,Të Hyrat nga AKP 0 0 0 0
3.1,77,496,sub,11417,0220,Zyra e Ministrit,,19.0,286336.0,128000.0,4000.0,,,,418336.0,422393.0,455629.0,"11417 0220 Zyra e Ministrit 19 286,336 128,000 4,000 418,336 422,393 455,629"
3.1,77,505,source,11417,,Zyra e Ministrit,Grantet Qeveritare,,286336.0,128000.0,4000.0,,,,418336.0,422393.0,455629.0,"Grantet Qeveritare 286,336 128,000 4,000 418,336 422,393 455,629"
3.1,77,514,source,11417,,Zyra e Ministrit,Të Hyrat vetanake,,0.0,0.0,,,,,,,,Të Hyrat vetanake 0 0
3.1,77,523,source,11417,,Zyra e Ministrit,Financimi nga Huamarrja,,0.0,0.0,,,,,,,,Financimi nga Huamarrja 0 0
3.1,77,532,source,11417,,Zyra e Ministrit,Të Hyrat nga AKP,,,,,,,,,,,Të Hyrat nga AKP
3.1,78,91,prog,,,Forca e Sigurisë së Koso,,5215.0,49179090.0,44995600.0,1150000.0,,113401260.0,,208725950.0,214795420.0,217840062.0,"Forca e Sigurisë së Koso 5,215 49,179,090 44,995,600 1,150,000 113,401,260 208,725,950 214,795,420 217,840,062"
3.1,78,100,source,,,Forca e Sigurisë së Koso,Grantet Qeveritare,,49179090.0,44995600.0,1150000.0,,113401260.0,,208725950.0,214795420.0,217840062.0,"Grantet Qeveritare 49,179,090 44,995,600 1,150,000 113,401,260 208,725,950 214,795,420 217,840,062"
3.1,78,109,source,,,Forca e Sigurisë së Koso,Të Hyrat vetanake,,0.0,0.0,,,0.0,,0.0,0.0,0.0,Të Hyrat vetanake 0 0 0 0 0 0
3.1,78,118,source,,,Forca e Sigurisë së Koso,Financimi nga Huamarrja,,0.0,0.0,,,0.0,,0.0,0.0,0.0,Financimi nga Huamarrja 0 0 0 0 0 0
3.1,78,127,source,,,Forca e Sigurisë së Koso,Të Hyrat nga AKP,,,,,,0.0,,0.0,0.0,0.0,Të Hyrat nga AKP 0 0 0 0
3.1,78,136,sub,36000,0220,Forca e Sigurisë së Kosovës,,5215.0,49179090.0,44995600.0,1150000.0,,113401260.0,,208725950.0,214795420.0,217840062.0,"36000 0220 Forca e Sigurisë së Kosovës 5,215 49,179,090 44,995,600 1,150,000 113,401,260 208,725,950 214,795,420 217,840,062"
3.1,78,145,source,36000,,Forca e Sigurisë së Kosovës,Grantet Qeveritare,,49179090.0,44995600.0,1150000.0,,113401260.0,,208725950.0,214795420.0,217840062.0,"Grantet Qeveritare 49,179,090 44,995,600 1,150,000 113,401,260 208,725,950 214,795,420 217,840,062"
3.1,78,154,source,36000,,Forca e Sigurisë së Kosovës,Të Hyrat vetanake,,0.0,0.0,,,0.0,,0.0,0.0,0.0,Të Hyrat vetanake 0 0 0 0 0 0
3.1,78,163,source,36000,,Forca e Sigurisë së Kosovës,Financimi nga Huamarrja,,0.0,0.0,,,0.0,,0.0,0.0,0.0,Financimi nga Huamarrja 0 0 0 0 0 0
3.1,78,172,source,36000,,Forca e Sigurisë së Kosovës,Të Hyrat nga AKP,,,,,,0.0,,0.0,0.0,0.0,Të Hyrat nga AKP 0 0 0 0
3.1,78,181,org,220,,Shërbimi Spitalor dhe Klinik Universi,,7538.0,101490732.0,69600000.0,4139016.0,,22449500.0,,197679248.0,203361238.0,210100738.0,"220 Shërbimi Spitalor dhe Klinik Universi 7,538 101,490,732 69,600,000 4,139,016 22,449,500 197,679,248 203,361,238 210,100,738"
3.1,78,190,source,220,,Shërbimi Spitalor dhe Klinik Universi,Grantet Qeveritare,,101490732.0,69600000.0,4139016.0,,22449500.0,,197679248.0,203361238.0,210100738.0,"Grantet Qeveritare 101,490,732 69,600,000 4,139,016 22,449,500 197,679,248 203,361,238 210,100,738"
3.1,78,199,source,220,,Shërbimi Spitalor dhe Klinik Universi,Të Hyrat vetanake,,0.0,0.0,,,0.0,,0.0,0.0,0.0,Të Hyrat vetanake 0 0 0 0 0 0
3.1,78,208,source,220,,Shërbimi Spitalor dhe Klinik Universi,Financimi nga Huamarrja,,0.0,0.0,,,0.0,,0.0,0.0,0.0,Financimi nga Huamarrja 0 0 0 0 0 0
3.1,78,217,source,220,,Shërbimi Spitalor dhe Klinik Universi,Të Hyrat nga AKP,,,,,,0.0,,0.0,0.0,0.0,Të Hyrat nga AKP 0 0 0 0
3.1,78,226,prog,,,Shërbimet kujdesit Dytës,,7408.0,99657369.0,28909346.0,4139016.0,,10366500.0,,143072231.0,143072231.0,143072231.0,"Shërbimet kujdesit Dytës 7,408 99,657,369 28,909,346 4,139,016 10,366,500 143,072,231 143,072,231 143,072,231"
3.1,78,235,source,,,Shërbimet kujdesit Dytës,Grantet Qeveritare,,99657369.0,28909346.0,4139016.0,,10366500.0,,143072231.0,143072231.0,143072231.0,"Grantet Qeveritare 99,657,369 28,909,346 4,139,016 10,366,500 143,072,231 143,072,231 143,072,231"
3.1,78,244,source,,,Shërbimet kujdesit Dytës,Të Hyrat vetanake,,0.0,0.0,,,0.0,,0.0,0.0,0.0,Të Hyrat vetanake 0 0 0 0 0 0
3.1,78,253,source,,,Shërbimet kujdesit Dytës,Financimi nga Huamarrja,,0.0,0.0,,,0.0,,0.0,0.0,0.0,Financimi nga Huamarrja 0 0 0 0 0 0
3.1,78,262,source,,,Shërbimet kujdesit Dytës,Të Hyrat nga AKP,,,,,,0.0,,0.0,0.0,0.0,Të Hyrat nga AKP 0 0 0 0
3.1,78,271,sub,70000,0731,Sherbimet rajonale te kujdesit dytesor,,3389.0,45551594.0,12140277.0,1376956.0,,500000.0,,59568827.0,59568827.0,59568827.0,"70000 0731 Sherbimet rajonale te kujdesit dytesor shend 3,389 45,551,594 12,140,277 1,376,956 500,000 59,568,827 59,568,827 59,568,827"
3.1,78,280,source,70000,,Sherbimet rajonale te kujdesit dytesor,Grantet Qeveritare,,45551594.0,12140277.0,1376956.0,,500000.0,,59568827.0,59568827.0,59568827.0,"Grantet Qeveritare 45,551,594 12,140,277 1,376,956 500,000 59,568,827 59,568,827 59,568,827"
3.1,78,289,source,70000,,Sherbimet rajonale te kujdesit dytesor,Të Hyrat vetanake,,0.0,0.0,,,0.0,,0.0,0.0,0.0,Të Hyrat vetanake 0 0 0 0 0 0
3.1,78,298,source,70000,,Sherbimet rajonale te kujdesit dytesor,Financimi nga Huamarrja,,0.0,0.0,,,0.0,,0.0,0.0,0.0,Financimi nga Huamarrja 0 0 0 0 0 0
3.1,78,307,source,70000,,Sherbimet rajonale te kujdesit dytesor,Të Hyrat nga AKP,,,,,,0.0,,0.0,0.0,0.0,Të Hyrat nga AKP 0 0 0 0
3.1,78,316,sub,70100,0732,Shërbimet Terciare Shëndetësore-QKUK,,3464.0,47829785.0,13637374.0,2562588.0,,9586500.0,,73616247.0,73616247.0,73616247.0,"70100 0732 Shërbimet Terciare Shëndetësore-QKUK 3,464 47,829,785 13,637,374 2,562,588 9,586,500 73,616,247 73,616,247 73,616,247"
3.1,78,325,source,70100,,Shërbimet Terciare Shëndetësore-QKUK,Grantet Qeveritare,,47829785.0,13637374.0,2562588.0,,9586500.0,,73616247.0,73616247.0,73616247.0,"Grantet Qeveritare 47,829,785 13,637,374 2,562,588 9,586,500 73,616,247 73,616,247 73,616,247"
3.1,78,334,source,70100,,Shërbimet Terciare Shëndetësore-QKUK,Të Hyrat vetanake,,0.0,0.0,,,0.0,,0.0,0.0,0.0,Të Hyrat vetanake 0 0 0 0 0 0
3.1,78,343,source,70100,,Shërbimet Terciare Shëndetësore-QKUK,Financimi nga Huamarrja,,0.0,0.0,,,0.0,,0.0,0.0,0.0,Financimi nga Huamarrja 0 0 0 0 0 0
3.1,78,352,source,70100,,Shërbimet Terciare Shëndetësore-QKUK,Të Hyrat nga AKP,,,,,,0.0,,0.0,0.0,0.0,Të Hyrat nga AKP 0 0 0 0
3.1,78,361,sub,70900,0732,QSKUK-Shërbimet Terciare Shëndetësore,,185.0,2472687.0,565954.0,56530.0,,280000.0,,3375171.0,3375171.0,3375171.0,"70900 0732 QSKUK-Shërbimet Terciare Shëndetësore 185 2,472,687 565,954 56,530 280,000 3,375,171 3,375,171 3,375,171"
3.1,78,370,source,70900,,QSKUK-Shërbimet Terciare Shëndetësore,Grantet Qeveritare,,2472687.0,565954.0,56530.0,,280000.0,,3375171.0,3375171.0,3375171.0,"Grantet Qeveritare 2,472,687 565,954 56,530 280,000 3,375,171 3,375,171 3,375,171"
3.1,78,379,source,70900,,QSKUK-Shërbimet Terciare Shëndetësore,Të Hyrat vetanake,,0.0,0.0,,,0.0,,0.0,0.0,0.0,Të Hyrat vetanake 0 0 0 0 0 0
3.1,78,388,source,70900,,QSKUK-Shërbimet Terciare Shëndetësore,Financimi nga Huamarrja,,0.0,0.0,,,0.0,,0.0,0.0,0.0,Financimi nga Huamarrja 0 0 0 0 0 0
3.1,78,397,source,70900,,QSKUK-Shërbimet Terciare Shëndetësore,Të Hyrat nga AKP,,,,,,0.0,,0.0,0.0,0.0,Të Hyrat nga AKP 0 0 0 0
3.1,78,406,sub,71200,0732,Shërbimi i Shëndetit Mendor,,258.0,2329957.0,1141257.0,103059.0,,,,3574273.0,3574273.0,3574273.0,"71200 0732 Shërbimi i Shëndetit Mendor 258 2,329,957 1,141,257 103,059 3,574,273 3,574,273 3,574,273"
3.1,78,415,source,71200,,Shërbimi i Shëndetit Mendor,Grantet Qeveritare,,2329957.0,1141257.0,103059.0,,,,3574273.0,3574273.0,3574273.0,"Grantet Qeveritare 2,329,957 1,141,257 103,059 3,574,273 3,574,273 3,574,273"
3.1,78,424,source,71200,,Shërbimi i Shëndetit Mendor,Të Hyrat vetanake,,0.0,0.0,,,,,,,,Të Hyrat vetanake 0 0
3.1,78,433,source,71200,,Shërbimi i Shëndetit Mendor,Financimi nga Huamarrja,,0.0,0.0,,,,,,,,Financimi nga Huamarrja 0 0
3.1,78,442,source,71200,,Shërbimi i Shëndetit Mendor,Të Hyrat nga AKP,,,,,,,,,,,Të Hyrat nga AKP
3.1,78,451,sub,72700,0732,Programet Tjera të Shëndetit Terciar,,112.0,1473346.0,324484.0,39883.0,,,,1837713.0,1837713.0,1837713.0,"72700 0732 Programet Tjera të Shëndetit Terciar 112 1,473,346 324,484 39,883 1,837,713 1,837,713 1,837,713"
3.1,78,460,source,72700,,Programet Tjera të Shëndetit Terciar,Grantet Qeveritare,,1473346.0,324484.0,39883.0,,,,1837713.0,1837713.0,1837713.0,"Grantet Qeveritare 1,473,346 324,484 39,883 1,837,713 1,837,713 1,837,713"
3.1,78,469,source,72700,,Programet Tjera të Shëndetit Terciar,Të Hyrat vetanake,,0.0,0.0,,,,,,,,Të Hyrat vetanake 0 0
3.1,78,478,source,72700,,Programet Tjera të Shëndetit Terciar,Financimi nga Huamarrja,,0.0,0.0,,,,,,,,Financimi nga Huamarrja 0 0
3.1,78,487,source,72700,,Programet Tjera të Shëndetit Terciar,Të Hyrat nga AKP,,,,,,,,,,,Të Hyrat nga AKP
3.1,78,496,sub,72800,0732,Kardiokirurgjia dhe Kardiologjia Invazive,,,,1100000.0,,,,,1100000.0,1100000.0,1100000.0,"72800 0732 Kardiokirurgjia dhe Kardiologjia Invazive 1,100,000 1,100,000 1,100,000 1,100,000"
3.1,78,505,source,72800,,Kardiokirurgjia dhe Kardiologjia Invazive,Grantet Qeveritare,,,1100000.0,,,,,1100000.0,1100000.0,1100000.0,"Grantet Qeveritare 1,100,000 1,100,000 1,100,000 1,100,000"
3.1,78,514,source,72800,,Kardiokirurgjia dhe Kardiologjia Invazive,Të Hyrat vetanake,,,0.0,,,,,,,,Të Hyrat vetanake 0
3.1,78,523,source,72800,,Kardiokirurgjia dhe Kardiologjia Invazive,Financimi nga Huamarrja,,,0.0,,,,,,,,Financimi nga Huamarrja 0
3.1,78,532,source,72800,,Kardiokirurgjia dhe Kardiologjia Invazive,Të Hyrat nga AKP,,,,,,,,,,,Të Hyrat nga AKP
3.1,79,91,prog,,,Administrata Qendrore e,,130.0,1833363.0,40690654.0,,,12083000.0,,54607017.0,60289007.0,67028507.0,"Administrata Qendrore e 130 1,833,363 40,690,654 12,083,000 54,607,017 60,289,007 67,028,507"
3.1,79,100,source,,,Administrata Qendrore e,Grantet Qeveritare,,1833363.0,40690654.0,,,12083000.0,,54607017.0,60289007.0,67028507.0,"Grantet Qeveritare 1,833,363 40,690,654 12,083,000 54,607,017 60,289,007 67,028,507"
3.1,79,109,source,,,Administrata Qendrore e,Të Hyrat vetanake,,0.0,0.0,,,0.0,,0.0,0.0,0.0,Të Hyrat vetanake 0 0 0 0 0 0
3.1,79,118,source,,,Administrata Qendrore e,Financimi nga Huamarrja,,0.0,0.0,,,0.0,,0.0,0.0,0.0,Financimi nga Huamarrja 0 0 0 0 0 0
3.1,79,127,source,,,Administrata Qendrore e,Të Hyrat nga AKP,,,,,,0.0,,0.0,0.0,0.0,Të Hyrat nga AKP 0 0 0 0
3.1,79,136,sub,11320,0760,Administrata Qendrore e SHSKUK,,130.0,1833363.0,40690654.0,,,12083000.0,,54607017.0,60289007.0,67028507.0,"11320 0760 Administrata Qendrore e SHSKUK 130 1,833,363 40,690,654 12,083,000 54,607,017 60,289,007 67,028,507"
3.1,79,145,source,11320,,Administrata Qendrore e SHSKUK,Grantet Qeveritare,,1833363.0,40690654.0,,,12083000.0,,54607017.0,60289007.0,67028507.0,"Grantet Qeveritare 1,833,363 40,690,654 12,083,000 54,607,017 60,289,007 67,028,507"
3.1,79,154,source,11320,,Administrata Qendrore e SHSKUK,Të Hyrat vetanake,,0.0,0.0,,,0.0,,0.0,0.0,0.0,Të Hyrat vetanake 0 0 0 0 0 0
3.1,79,163,source,11320,,Administrata Qendrore e SHSKUK,Financimi nga Huamarrja,,0.0,0.0,,,0.0,,0.0,0.0,0.0,Financimi nga Huamarrja 0 0 0 0 0 0
3.1,79,172,source,11320,,Administrata Qendrore e SHSKUK,Të Hyrat nga AKP,,,,,,0.0,,0.0,0.0,0.0,Të Hyrat nga AKP 0 0 0 0
3.1,79,181,org,221,,Ministria e Zhvillimit Rajonal,,60.0,733939.0,335000.0,1360.0,2000000.0,2000000.0,,5070299.0,5120666.0,5159381.0,"221 Ministria e Zhvillimit Rajonal 60 733,939 335,000 1,360 2,000,000 2,000,000 5,070,299 5,120,666 5,159,381"
3.1,79,190,source,221,,Ministria e Zhvillimit Rajonal,Grantet Qeveritare,,733939.0,335000.0,1360.0,2000000.0,2000000.0,,5070299.0,5120666.0,5159381.0,"Grantet Qeveritare 733,939 335,000 1,360 2,000,000 2,000,000 5,070,299 5,120,666 5,159,381"
3.1,79,199,source,221,,Ministria e Zhvillimit Rajonal,Të Hyrat vetanake,,0.0,0.0,,,0.0,,0.0,0.0,0.0,Të Hyrat vetanake 0 0 0 0 0 0
3.1,79,208,source,221,,Ministria e Zhvillimit Rajonal,Financimi nga Huamarrja,,0.0,0.0,,,0.0,,0.0,0.0,0.0,Financimi nga Huamarrja 0 0 0 0 0 0
3.1,79,217,source,221,,Ministria e Zhvillimit Rajonal,Të Hyrat nga AKP,,,,,,0.0,,0.0,0.0,0.0,Të Hyrat nga AKP 0 0 0 0
3.1,79,226,prog,,,Administrata Qendrore,,42.0,503243.0,268000.0,1360.0,,2000000.0,,2772603.0,2821470.0,2859685.0,"Administrata Qendrore 42 503,243 268,000 1,360 2,000,000 2,772,603 2,821,470 2,859,685"
3.1,79,235,source,,,Administrata Qendrore,Grantet Qeveritare,,503243.0,268000.0,1360.0,,2000000.0,,2772603.0,2821470.0,2859685.0,"Grantet Qeveritare 503,243 268,000 1,360 2,000,000 2,772,603 2,821,470 2,859,685"
3.1,79,244,source,,,Administrata Qendrore,Të Hyrat vetanake,,0.0,0.0,,,0.0,,0.0,0.0,0.0,Të Hyrat vetanake 0 0 0 0 0 0
3.1,79,253,source,,,Administrata Qendrore,Financimi nga Huamarrja,,0.0,0.0,,,0.0,,0.0,0.0,0.0,Financimi nga Huamarrja 0 0 0 0 0 0
3.1,79,262,source,,,Administrata Qendrore,Të Hyrat nga AKP,,,,,,0.0,,0.0,0.0,0.0,Të Hyrat nga AKP 0 0 0 0
3.1,79,271,sub,11321,0131,Administrata Qendrore - MZHR,,42.0,503243.0,268000.0,1360.0,,2000000.0,,2772603.0,2821470.0,2859685.0,"11321 0131 Administrata Qendrore - MZHR 42 503,243 268,000 1,360 2,000,000 2,772,603 2,821,470 2,859,685"
3.1,79,280,source,11321,,Administrata Qendrore - MZHR,Grantet Qeveritare,,503243.0,268000.0,1360.0,,2000000.0,,2772603.0,2821470.0,2859685.0,"Grantet Qeveritare 503,243 268,000 1,360 2,000,000 2,772,603 2,821,470 2,859,685"
3.1,79,289,source,11321,,Administrata Qendrore - MZHR,Të Hyrat vetanake,,0.0,0.0,,,0.0,,0.0,0.0,0.0,Të Hyrat vetanake 0 0 0 0 0 0
3.1,79,298,source,11321,,Administrata Qendrore - MZHR,Financimi nga Huamarrja,,0.0,0.0,,,0.0,,0.0,0.0,0.0,Financimi nga Huamarrja 0 0 0 0 0 0
3.1,79,307,source,11321,,Administrata Qendrore - MZHR,Të Hyrat nga AKP,,,,,,0.0,,0.0,0.0,0.0,Të Hyrat nga AKP 0 0 0 0
3.1,79,316,prog,,,Zyra e Ministrit,,18.0,230696.0,67000.0,,,,,297696.0,299196.0,299696.0,"Zyra e Ministrit 18 230,696 67,000 297,696 299,196 299,696"
3.1,79,325,source,,,Zyra e Ministrit,Grantet Qeveritare,,230696.0,67000.0,,,,,297696.0,299196.0,299696.0,"Grantet Qeveritare 230,696 67,000 297,696 299,196 299,696"
3.1,79,334,source,,,Zyra e Ministrit,Të Hyrat vetanake,,0.0,0.0,,,,,,,,Të Hyrat vetanake 0 0
3.1,79,343,source,,,Zyra e Ministrit,Financimi nga Huamarrja,,0.0,0.0,,,,,,,,Financimi nga Huamarrja 0 0
3.1,79,352,source,,,Zyra e Ministrit,Të Hyrat nga AKP,,,,,,,,,,,Të Hyrat nga AKP
3.1,79,361,sub,11421,0131,Zyra e Ministrit - MZHR,,18.0,230696.0,67000.0,,,,,297696.0,299196.0,299696.0,"11421 0131 Zyra e Ministrit - MZHR 18 230,696 67,000 297,696 299,196 299,696"
3.1,79,370,source,11421,,Zyra e Ministrit - MZHR,Grantet Qeveritare,,230696.0,67000.0,,,,,297696.0,299196.0,299696.0,"Grantet Qeveritare 230,696 67,000 297,696 299,196 299,696"
3.1,79,379,source,11421,,Zyra e Ministrit - MZHR,Të Hyrat vetanake,,0.0,0.0,,,,,,,,Të Hyrat vetanake 0 0
3.1,79,388,source,11421,,Zyra e Ministrit - MZHR,Financimi nga Huamarrja,,0.0,0.0,,,,,,,,Financimi nga Huamarrja 0 0
3.1,79,397,source,11421,,Zyra e Ministrit - MZHR,Të Hyrat nga AKP,,,,,,,,,,,Të Hyrat nga AKP
3.1,79,406,prog,,,Programi i Zhvillimit Rajo,,,,,,2000000.0,,,2000000.0,2000000.0,2000000.0,"Programi i Zhvillimit Rajo 2,000,000 2,000,000 2,000,000 2,000,000"
3.1,79,415,source,,,Programi i Zhvillimit Rajo,Grantet Qeveritare,,,,,2000000.0,,,2000000.0,2000000.0,2000000.0,"Grantet Qeveritare 2,000,000 2,000,000 2,000,000 2,000,000"
3.1,79,424,source,,,Programi i Zhvillimit Rajo,Të Hyrat vetanake,,,,,,,,,,,Të Hyrat vetanake
3.1,79,433,source,,,Programi i Zhvillimit Rajo,Financimi nga Huamarrja,,,,,,,,,,,Financimi nga Huamarrja
3.1,79,442,source,,,Programi i Zhvillimit Rajo,Të Hyrat nga AKP,,,,,,,,,,,Të Hyrat nga AKP
3.1,79,451,sub,34200,0474,Programi i Zhvillimit Rajonal të Balancuar,,,,,,2000000.0,,,2000000.0,2000000.0,2000000.0,"34200 0474 Programi i Zhvillimit Rajonal të Balancuar 2,000,000 2,000,000 2,000,000 2,000,000"
3.1,79,460,source,34200,,Programi i Zhvillimit Rajonal të Balancuar,Grantet Qeveritare,,,,,2000000.0,,,2000000.0,2000000.0,2000000.0,"Grantet Qeveritare 2,000,000 2,000,000 2,000,000 2,000,000"
3.1,79,469,source,34200,,Programi i Zhvillimit Rajonal të Balancuar,Të Hyrat vetanake,,,,,,,,,,,Të Hyrat vetanake
3.1,79,478,source,34200,,Programi i Zhvillimit Rajonal të Balancuar,Financimi nga Huamarrja,,,,,,,,,,,Financimi nga Huamarrja
3.1,79,487,source,34200,,Programi i Zhvillimit Rajonal të Balancuar,Të Hyrat nga AKP,,,,,,,,,,,Të Hyrat nga AKP
3.1,79,496,org,224,,Fondi i Sigurimeve Shëndetësore,,52.0,509992.0,300000.0,25000.0,10000000.0,,,10834992.0,10963042.0,11042634.0,"224 Fondi i Sigurimeve Shëndetësore 52 509,992 300,000 25,000 10,000,000 10,834,992 10,963,042 11,042,634"
3.1,79,505,source,224,,Fondi i Sigurimeve Shëndetësore,Grantet Qeveritare,,509992.0,300000.0,25000.0,10000000.0,,,10834992.0,10963042.0,10845634.0,"Grantet Qeveritare 509,992 300,000 25,000 10,000,000 10,834,992 10,963,042 10,845,634"
3.1,79,514,source,224,,Fondi i Sigurimeve Shëndetësore,Të Hyrat vetanake,,0.0,0.0,,,,,,,197000.0,"Të Hyrat vetanake 0 0 197,000"
3.1,79,523,source,224,,Fondi i Sigurimeve Shëndetësore,Financimi nga Huamarrja,,0.0,0.0,,,,,,,,Financimi nga Huamarrja 0 0
3.1,79,532,source,224,,Fondi i Sigurimeve Shëndetësore,Të Hyrat nga AKP,,,,,,,,,,,Të Hyrat nga AKP
3.1,80,91,prog,,,Administrata e Fondit te S,,52.0,509992.0,300000.0,25000.0,10000000.0,,,10834992.0,10963042.0,11042634.0,"Administrata e Fondit te S 52 509,992 300,000 25,000 10,000,000 10,834,992 10,963,042 11,042,634"
3.1,80,100,source,,,Administrata e Fondit te S,Grantet Qeveritare,,509992.0,300000.0,25000.0,10000000.0,,,10834992.0,10963042.0,10845634.0,"Grantet Qeveritare 509,992 300,000 25,000 10,000,000 10,834,992 10,963,042 10,845,634"
3.1,80,109,source,,,Administrata e Fondit te S,Të Hyrat vetanake,,0.0,0.0,,,,,,,197000.0,"Të Hyrat vetanake 0 0 197,000"
3.1,80,118,source,,,Administrata e Fondit te S,Financimi nga Huamarrja,,0.0,0.0,,,,,,,,Financimi nga Huamarrja 0 0
3.1,80,127,source,,,Administrata e Fondit te S,Të Hyrat nga AKP,,,,,,,,,,,Të Hyrat nga AKP
3.1,80,136,sub,11324,0133,Administrata e Fondit te Sigurimeve,,52.0,509992.0,300000.0,25000.0,10000000.0,,,10834992.0,10963042.0,11042634.0,"11324 0133 Administrata e Fondit te Sigurimeve Shënde 52 509,992 300,000 25,000 10,000,000 10,834,992 10,963,042 11,042,634"
3.1,80,145,source,11324,,Administrata e Fondit te Sigurimeve,Grantet Qeveritare,,509992.0,300000.0,25000.0,10000000.0,,,10834992.0,10963042.0,10845634.0,"Grantet Qeveritare 509,992 300,000 25,000 10,000,000 10,834,992 10,963,042 10,845,634"
3.1,80,154,source,11324,,Administrata e Fondit te Sigurimeve,Të Hyrat vetanake,,0.0,0.0,,,,,,,197000.0,"Të Hyrat vetanake 0 0 197,000"
3.1,80,163,source,11324,,Administrata e Fondit te Sigurimeve,Financimi nga Huamarrja,,0.0,0.0,,,,,,,,Financimi nga Huamarrja 0 0
3.1,80,172,source,11324,,Administrata e Fondit te Sigurimeve,Të Hyrat nga AKP,,,,,,,,,,,Të Hyrat nga AKP
3.1,80,181,prog,,,Trajtimi Jashtë Institucio,,,,,,,,,,,,Trajtimi Jashtë Institucio
3.1,80,190,source,,,Trajtimi Jashtë Institucio,Grantet Qeveritare,,,,,,,,,,,Grantet Qeveritare
3.1,80,199,source,,,Trajtimi Jashtë Institucio,Të Hyrat vetanake,,,,,,,,,,,Të Hyrat vetanake
3.1,80,208,source,,,Trajtimi Jashtë Institucio,Financimi nga Huamarrja,,,,,,,,,,,Financimi nga Huamarrja
3.1,80,217,source,,,Trajtimi Jashtë Institucio,Të Hyrat nga AKP,,,,,,,,,,,Të Hyrat nga AKP
3.1,80,226,sub,71600,0732,Trajtimi Jashtë Institucioneve Shëndetësore,,,,,,,,,,,,71600 0732 Trajtimi Jashtë Institucioneve Shëndetësore
3.1,80,235,source,71600,,Trajtimi Jashtë Institucioneve Shëndetësore,Grantet Qeveritare,,,,,,,,,,,Grantet Qeveritare
3.1,80,244,source,71600,,Trajtimi Jashtë Institucioneve Shëndetësore,Të Hyrat vetanake,,,,,,,,,,,Të Hyrat vetanake
3.1,80,253,source,71600,,Trajtimi Jashtë Institucioneve Shëndetësore,Financimi nga Huamarrja,,,,,,,,,,,Financimi nga Huamarrja
3.1,80,262,source,71600,,Trajtimi Jashtë Institucioneve Shëndetësore,Të Hyrat nga AKP,,,,,,,,,,,Të Hyrat nga AKP
3.1,80,271,org,230,,Komisioni Rregullativ i Prokurimit Pu,,42.0,512805.0,310000.0,5000.0,,100000.0,,927805.0,956009.0,985765.0,"230 Komisioni Rregullativ i Prokurimit Pu 42 512,805 310,000 5,000 100,000 927,805 956,009 985,765"
3.1,80,280,source,230,,Komisioni Rregullativ i Prokurimit Pu,Grantet Qeveritare,,512805.0,310000.0,5000.0,,100000.0,,927805.0,956009.0,985765.0,"Grantet Qeveritare 512,805 310,000 5,000 100,000 927,805 956,009 985,765"
3.1,80,289,source,230,,Komisioni Rregullativ i Prokurimit Pu,Të Hyrat vetanake,,0.0,0.0,,,0.0,,0.0,0.0,0.0,Të Hyrat vetanake 0 0 0 0 0 0
3.1,80,298,source,230,,Komisioni Rregullativ i Prokurimit Pu,Financimi nga Huamarrja,,0.0,0.0,,,0.0,,0.0,0.0,0.0,Financimi nga Huamarrja 0 0 0 0 0 0
3.1,80,307,source,230,,Komisioni Rregullativ i Prokurimit Pu,Të Hyrat nga AKP,,,,,,0.0,,0.0,0.0,0.0,Të Hyrat nga AKP 0 0 0 0
3.1,80,316,prog,,,Komisioni Rregullativ i P,,42.0,512805.0,310000.0,5000.0,,100000.0,,927805.0,956009.0,985765.0,"Komisioni Rregullativ i P 42 512,805 310,000 5,000 100,000 927,805 956,009 985,765"
3.1,80,325,source,,,Komisioni Rregullativ i P,Grantet Qeveritare,,512805.0,310000.0,5000.0,,100000.0,,927805.0,956009.0,985765.0,"Grantet Qeveritare 512,805 310,000 5,000 100,000 927,805 956,009 985,765"
3.1,80,334,source,,,Komisioni Rregullativ i P,Të Hyrat vetanake,,0.0,0.0,,,0.0,,0.0,0.0,0.0,Të Hyrat vetanake 0 0 0 0 0 0
3.1,80,343,source,,,Komisioni Rregullativ i P,Financimi nga Huamarrja,,0.0,0.0,,,0.0,,0.0,0.0,0.0,Financimi nga Huamarrja 0 0 0 0 0 0
3.1,80,352,source,,,Komisioni Rregullativ i P,Të Hyrat nga AKP,,,,,,0.0,,0.0,0.0,0.0,Të Hyrat nga AKP 0 0 0 0
3.1,80,361,sub,14500,0133,Komisioni Rregullativ i Prokurimit Publik,,42.0,512805.0,310000.0,5000.0,,100000.0,,927805.0,956009.0,985765.0,"14500 0133 Komisioni Rregullativ i Prokurimit Publik 42 512,805 310,000 5,000 100,000 927,805 956,009 985,765"
3.1,80,370,source,14500,,Komisioni Rregullativ i Prokurimit Publik,Grantet Qeveritare,,512805.0,310000.0,5000.0,,100000.0,,927805.0,956009.0,985765.0,"Grantet Qeveritare 512,805 310,000 5,000 100,000 927,805 956,009 985,765"
3.1,80,379,source,14500,,Komisioni Rregullativ i Prokurimit Publik,Të Hyrat vetanake,,0.0,0.0,,,0.0,,0.0,0.0,0.0,Të Hyrat vetanake 0 0 0 0 0 0
3.1,80,388,source,14500,,Komisioni Rregullativ i Prokurimit Publik,Financimi nga Huamarrja,,0.0,0.0,,,0.0,,0.0,0.0,0.0,Financimi nga Huamarrja 0 0 0 0 0 0
3.1,80,397,source,14500,,Komisioni Rregullativ i Prokurimit Publik,Të Hyrat nga AKP,,,,,,0.0,,0.0,0.0,0.0,Të Hyrat nga AKP 0 0 0 0
3.1,80,406,org,231,,Akademi e Shkencave dhe Arteve,,20.0,288878.0,930000.0,5000.0,790159.0,,,2014037.0,2029925.0,2046688.0,"231 Akademi e Shkencave dhe Arteve 20 288,878 930,000 5,000 790,159 2,014,037 2,029,925 2,046,688"
3.1,80,415,source,231,,Akademi e Shkencave dhe Arteve,Grantet Qeveritare,,288878.0,930000.0,5000.0,790159.0,,,2014037.0,2029925.0,2046688.0,"Grantet Qeveritare 288,878 930,000 5,000 790,159 2,014,037 2,029,925 2,046,688"
3.1,80,424,source,231,,Akademi e Shkencave dhe Arteve,Të Hyrat vetanake,,0.0,0.0,,,,,,,,Të Hyrat vetanake 0 0
3.1,80,433,source,231,,Akademi e Shkencave dhe Arteve,Financimi nga Huamarrja,,0.0,0.0,,,,,,,,Financimi nga Huamarrja 0 0
3.1,80,442,source,231,,Akademi e Shkencave dhe Arteve,Të Hyrat nga AKP,,,,,,,,,,,Të Hyrat nga AKP
3.1,80,451,prog,,,Akademina e Shkencave,,20.0,288878.0,930000.0,5000.0,790159.0,,,2014037.0,2029925.0,2046688.0,"Akademina e Shkencave 20 288,878 930,000 5,000 790,159 2,014,037 2,029,925 2,046,688"
3.1,80,460,source,,,Akademina e Shkencave,Grantet Qeveritare,,288878.0,930000.0,5000.0,790159.0,,,2014037.0,2029925.0,2046688.0,"Grantet Qeveritare 288,878 930,000 5,000 790,159 2,014,037 2,029,925 2,046,688"
3.1,80,469,source,,,Akademina e Shkencave,Të Hyrat vetanake,,0.0,0.0,,,,,,,,Të Hyrat vetanake 0 0
3.1,80,478,source,,,Akademina e Shkencave,Financimi nga Huamarrja,,0.0,0.0,,,,,,,,Financimi nga Huamarrja 0 0
3.1,80,487,source,,,Akademina e Shkencave,Të Hyrat nga AKP,,,,,,,,,,,Të Hyrat nga AKP
3.1,80,496,sub,91300,0970,Akademia e Shkencave dhe Arteve,,20.0,288878.0,930000.0,5000.0,790159.0,,,2014037.0,2029925.0,2046688.0,"91300 0970 Akademia e Shkencave dhe Arteve 20 288,878 930,000 5,000 790,159 2,014,037 2,029,925 2,046,688"
3.1,80,505,source,91300,,Akademia e Shkencave dhe Arteve,Grantet Qeveritare,,288878.0,930000.0,5000.0,790159.0,,,2014037.0,2029925.0,2046688.0,"Grantet Qeveritare 288,878 930,000 5,000 790,159 2,014,037 2,029,925 2,046,688"
3.1,80,514,source,91300,,Akademia e Shkencave dhe Arteve,Të Hyrat vetanake,,0.0,0.0,,,,,,,,Të Hyrat vetanake 0 0
3.1,80,523,source,91300,,Akademia e Shkencave dhe Arteve,Financimi nga Huamarrja,,0.0,0.0,,,,,,,,Financimi nga Huamarrja 0 0
3.1,80,532,source,91300,,Akademia e Shkencave dhe Arteve,Të Hyrat nga AKP,,,,,,,,,,,Të Hyrat nga AKP
3.1,81,91,org,232,,Shpenzimet e Paparashikuara,,,,,,,1930000.0,10000000.0,11930000.0,6730000.0,6730000.0,"232 Shpenzimet e Paparashikuara 1,930,000 10,000,000 11,930,000 6,730,000 6,730,000"
3.1,81,100,source,232,,Shpenzimet e Paparashikuara,Grantet Qeveritare,,,,,,1930000.0,10000000.0,11930000.0,6730000.0,6730000.0,"Grantet Qeveritare 1,930,000 10,000,000 11,930,000 6,730,000 6,730,000"
3.1,81,109,source,232,,Shpenzimet e Paparashikuara,Të Hyrat vetanake,,,,,,0.0,,0.0,0.0,0.0,Të Hyrat vetanake 0 0 0 0
3.1,81,118,source,232,,Shpenzimet e Paparashikuara,Financimi nga Huamarrja,,,,,,0.0,,0.0,0.0,0.0,Financimi nga Huamarrja 0 0 0 0
3.1,81,127,source,232,,Shpenzimet e Paparashikuara,Të Hyrat nga AKP,,,,,,0.0,,0.0,0.0,0.0,Të Hyrat nga AKP 0 0 0 0
3.1,81,136,prog,,,Shpenzimet e Paparashik,,,,,,,1930000.0,10000000.0,11930000.0,6730000.0,6730000.0,"Shpenzimet e Paparashik 1,930,000 10,000,000 11,930,000 6,730,000 6,730,000"
3.1,81,145,source,,,Shpenzimet e Paparashik,Grantet Qeveritare,,,,,,1930000.0,10000000.0,11930000.0,6730000.0,6730000.0,"Grantet Qeveritare 1,930,000 10,000,000 11,930,000 6,730,000 6,730,000"
3.1,81,154,source,,,Shpenzimet e Paparashik,Të Hyrat vetanake,,,,,,0.0,,0.0,0.0,0.0,Të Hyrat vetanake 0 0 0 0
3.1,81,163,source,,,Shpenzimet e Paparashik,Financimi nga Huamarrja,,,,,,0.0,,0.0,0.0,0.0,Financimi nga Huamarrja 0 0 0 0
3.1,81,172,source,,,Shpenzimet e Paparashik,Të Hyrat nga AKP,,,,,,0.0,,0.0,0.0,0.0,Të Hyrat nga AKP 0 0 0 0
3.1,81,181,sub,13100,0112,Shpenzimet e Paparashikuara,,,,,,,1930000.0,10000000.0,11930000.0,6730000.0,6730000.0,"13100 0112 Shpenzimet e Paparashikuara 1,930,000 10,000,000 11,930,000 6,730,000 6,730,000"
3.1,81,190,source,13100,,Shpenzimet e Paparashikuara,Grantet Qeveritare,,,,,,1930000.0,10000000.0,11930000.0,6730000.0,6730000.0,"Grantet Qeveritare 1,930,000 10,000,000 11,930,000 6,730,000 6,730,000"
3.1,81,199,source,13100,,Shpenzimet e Paparashikuara,Të Hyrat vetanake,,,,,,0.0,,0.0,0.0,0.0,Të Hyrat vetanake 0 0 0 0
3.1,81,208,source,13100,,Shpenzimet e Paparashikuara,Financimi nga Huamarrja,,,,,,0.0,,0.0,0.0,0.0,Financimi nga Huamarrja 0 0 0 0
3.1,81,217,source,13100,,Shpenzimet e Paparashikuara,Të Hyrat nga AKP,,,,,,0.0,,0.0,0.0,0.0,Të Hyrat nga AKP 0 0 0 0
3.1,81,226,org,235,,Autoriteti Rregullativ Komunik.Elektr,,42.0,572220.0,785000.0,18200.0,,600000.0,,1975420.0,2006892.0,2040096.0,"235 Autoriteti Rregullativ Komunik.Elektr 42 572,220 785,000 18,200 600,000 1,975,420 2,006,892 2,040,096"
3.1,81,235,source,235,,Autoriteti Rregullativ Komunik.Elektr,Grantet Qeveritare,,572220.0,785000.0,18200.0,,600000.0,,1975420.0,2006892.0,2040096.0,"Grantet Qeveritare 572,220 785,000 18,200 600,000 1,975,420 2,006,892 2,040,096"
3.1,81,244,source,235,,Autoriteti Rregullativ Komunik.Elektr,Të Hyrat vetanake,,0.0,0.0,,,0.0,,0.0,0.0,0.0,Të Hyrat vetanake 0 0 0 0 0 0
3.1,81,253,source,235,,Autoriteti Rregullativ Komunik.Elektr,Financimi nga Huamarrja,,0.0,0.0,,,0.0,,0.0,0.0,0.0,Financimi nga Huamarrja 0 0 0 0 0 0
3.1,81,262,source,235,,Autoriteti Rregullativ Komunik.Elektr,Të Hyrat nga AKP,,,,,,0.0,,0.0,0.0,0.0,Të Hyrat nga AKP 0 0 0 0
3.1,81,271,prog,,,Autoriteti Rregullativ Kom,,42.0,572220.0,785000.0,18200.0,,600000.0,,1975420.0,2006892.0,2040096.0,"Autoriteti Rregullativ Kom 42 572,220 785,000 18,200 600,000 1,975,420 2,006,892 2,040,096"
3.1,81,280,source,,,Autoriteti Rregullativ Kom,Grantet Qeveritare,,572220.0,785000.0,18200.0,,600000.0,,1975420.0,2006892.0,2040096.0,"Grantet Qeveritare 572,220 785,000 18,200 600,000 1,975,420 2,006,892 2,040,096"
3.1,81,289,source,,,Autoriteti Rregullativ Kom,Të Hyrat vetanake,,0.0,0.0,,,0.0,,0.0,0.0,0.0,Të Hyrat vetanake 0 0 0 0 0 0
3.1,81,298,source,,,Autoriteti Rregullativ Kom,Financimi nga Huamarrja,,0.0,0.0,,,0.0,,0.0,0.0,0.0,Financimi nga Huamarrja 0 0 0 0 0 0
3.1,81,307,source,,,Autoriteti Rregullativ Kom,Të Hyrat nga AKP,,,,,,0.0,,0.0,0.0,0.0,Të Hyrat nga AKP 0 0 0 0
3.1,81,316,sub,11323,0460,Autoriteti Rregullativ Komunik.Elektron.Pos,,42.0,572220.0,785000.0,18200.0,,600000.0,,1975420.0,2006892.0,2040096.0,"11323 0460 Autoriteti Rregullativ Komunik.Elektron.Pos 42 572,220 785,000 18,200 600,000 1,975,420 2,006,892 2,040,096"
3.1,81,325,source,11323,,Autoriteti Rregullativ Komunik.Elektron.Pos,Grantet Qeveritare,,572220.0,785000.0,18200.0,,600000.0,,1975420.0,2006892.0,2040096.0,"Grantet Qeveritare 572,220 785,000 18,200 600,000 1,975,420 2,006,892 2,040,096"
3.1,81,334,source,11323,,Autoriteti Rregullativ Komunik.Elektron.Pos,Të Hyrat vetanake,,0.0,0.0,,,0.0,,0.0,0.0,0.0,Të Hyrat vetanake 0 0 0 0 0 0
3.1,81,343,source,11323,,Autoriteti Rregullativ Komunik.Elektron.Pos,Financimi nga Huamarrja,,0.0,0.0,,,0.0,,0.0,0.0,0.0,Financimi nga Huamarrja 0 0 0 0 0 0
3.1,81,352,source,11323,,Autoriteti Rregullativ Komunik.Elektron.Pos,Të Hyrat nga AKP,,,,,,0.0,,0.0,0.0,0.0,Të Hyrat nga AKP 0 0 0 0
3.1,81,361,org,236,,Agjencia për Parandalimin e Korrups,,58.0,831165.0,140000.0,8500.0,,,,979665.0,1030379.0,1078607.0,"236 Agjencia për Parandalimin e Korrups 58 831,165 140,000 8,500 979,665 1,030,379 1,078,607"
3.1,81,370,source,236,,Agjencia për Parandalimin e Korrups,Grantet Qeveritare,,831165.0,140000.0,8500.0,,,,979665.0,1030379.0,1078607.0,"Grantet Qeveritare 831,165 140,000 8,500 979,665 1,030,379 1,078,607"
3.1,81,379,source,236,,Agjencia për Parandalimin e Korrups,Të Hyrat vetanake,,0.0,0.0,,,,,,,,Të Hyrat vetanake 0 0
3.1,81,388,source,236,,Agjencia për Parandalimin e Korrups,Financimi nga Huamarrja,,0.0,0.0,,,,,,,,Financimi nga Huamarrja 0 0
3.1,81,397,source,236,,Agjencia për Parandalimin e Korrups,Të Hyrat nga AKP,,,,,,,,,,,Të Hyrat nga AKP
3.1,81,406,prog,,,Agjencia për Parandalimi,,58.0,831165.0,140000.0,8500.0,,,,979665.0,1030379.0,1078607.0,"Agjencia për Parandalimi 58 831,165 140,000 8,500 979,665 1,030,379 1,078,607"
3.1,81,415,source,,,Agjencia për Parandalimi,Grantet Qeveritare,,831165.0,140000.0,8500.0,,,,979665.0,1030379.0,1078607.0,"Grantet Qeveritare 831,165 140,000 8,500 979,665 1,030,379 1,078,607"
3.1,81,424,source,,,Agjencia për Parandalimi,Të Hyrat vetanake,,0.0,0.0,,,,,,,,Të Hyrat vetanake 0 0
3.1,81,433,source,,,Agjencia për Parandalimi,Financimi nga Huamarrja,,0.0,0.0,,,,,,,,Financimi nga Huamarrja 0 0
3.1,81,442,source,,,Agjencia për Parandalimi,Të Hyrat nga AKP,,,,,,,,,,,Të Hyrat nga AKP
3.1,81,451,sub,20400,0160,Agjencia për Parandalimin e Korrupsionit,,58.0,831165.0,140000.0,8500.0,,,,979665.0,1030379.0,1078607.0,"20400 0160 Agjencia për Parandalimin e Korrupsionit 58 831,165 140,000 8,500 979,665 1,030,379 1,078,607"
3.1,81,460,source,20400,,Agjencia për Parandalimin e Korrupsionit,Grantet Qeveritare,,831165.0,140000.0,8500.0,,,,979665.0,1030379.0,1078607.0,"Grantet Qeveritare 831,165 140,000 8,500 979,665 1,030,379 1,078,607"
3.1,81,469,source,20400,,Agjencia për Parandalimin e Korrupsionit,Të Hyrat vetanake,,0.0,0.0,,,,,,,,Të Hyrat vetanake 0 0
3.1,81,478,source,20400,,Agjencia për Parandalimin e Korrupsionit,Financimi nga Huamarrja,,0.0,0.0,,,,,,,,Financimi nga Huamarrja 0 0
3.1,81,487,source,20400,,Agjencia për Parandalimin e Korrupsionit,Të Hyrat nga AKP,,,,,,,,,,,Të Hyrat nga AKP
3.1,81,496,org,238,,Zyra e Rregullatorit për Energji,,41.0,588672.0,270000.0,22000.0,,80800.0,,961472.0,993849.0,1028007.0,"238 Zyra e Rregullatorit për Energji 41 588,672 270,000 22,000 80,800 961,472 993,849 1,028,007"
3.1,81,505,source,238,,Zyra e Rregullatorit për Energji,Grantet Qeveritare,,588672.0,270000.0,22000.0,,80800.0,,961472.0,993849.0,1028007.0,"Grantet Qeveritare 588,672 270,000 22,000 80,800 961,472 993,849 1,028,007"
3.1,81,514,source,238,,Zyra e Rregullatorit për Energji,Të Hyrat vetanake,,0.0,0.0,,,0.0,,0.0,0.0,0.0,Të Hyrat vetanake 0 0 0 0 0 0
3.1,81,523,source,238,,Zyra e Rregullatorit për Energji,Financimi nga Huamarrja,,0.0,0.0,,,0.0,,0.0,0.0,0.0,Financimi nga Huamarrja 0 0 0 0 0 0
3.1,81,532,source,238,,Zyra e Rregullatorit për Energji,Të Hyrat nga AKP,,,,,,0.0,,0.0,0.0,0.0,Të Hyrat nga AKP 0 0 0 0
3.1,82,91,prog,,,Zyra e Rregullatorit për E,,41.0,588672.0,270000.0,22000.0,,80800.0,,961472.0,993849.0,1028007.0,"Zyra e Rregullatorit për E 41 588,672 270,000 22,000 80,800 961,472 993,849 1,028,007"
3.1,82,100,source,,,Zyra e Rregullatorit për E,Grantet Qeveritare,,588672.0,270000.0,22000.0,,80800.0,,961472.0,993849.0,1028007.0,"Grantet Qeveritare 588,672 270,000 22,000 80,800 961,472 993,849 1,028,007"
3.1,82,109,source,,,Zyra e Rregullatorit për E,Të Hyrat vetanake,,0.0,0.0,,,0.0,,0.0,0.0,0.0,Të Hyrat vetanake 0 0 0 0 0 0
3.1,82,118,source,,,Zyra e Rregullatorit për E,Financimi nga Huamarrja,,0.0,0.0,,,0.0,,0.0,0.0,0.0,Financimi nga Huamarrja 0 0 0 0 0 0
3.1,82,127,source,,,Zyra e Rregullatorit për E,Të Hyrat nga AKP,,,,,,0.0,,0.0,0.0,0.0,Të Hyrat nga AKP 0 0 0 0
3.1,82,136,sub,42500,0435,Zyra e Rregullatorit për Energji,,41.0,588672.0,270000.0,22000.0,,80800.0,,961472.0,993849.0,1028007.0,"42500 0435 Zyra e Rregullatorit për Energji 41 588,672 270,000 22,000 80,800 961,472 993,849 1,028,007"
3.1,82,145,source,42500,,Zyra e Rregullatorit për Energji,Grantet Qeveritare,,588672.0,270000.0,22000.0,,80800.0,,961472.0,993849.0,1028007.0,"Grantet Qeveritare 588,672 270,000 22,000 80,800 961,472 993,849 1,028,007"
3.1,82,154,source,42500,,Zyra e Rregullatorit për Energji,Të Hyrat vetanake,,0.0,0.0,,,0.0,,0.0,0.0,0.0,Të Hyrat vetanake 0 0 0 0 0 0
3.1,82,163,source,42500,,Zyra e Rregullatorit për Energji,Financimi nga Huamarrja,,0.0,0.0,,,0.0,,0.0,0.0,0.0,Financimi nga Huamarrja 0 0 0 0 0 0
3.1,82,172,source,42500,,Zyra e Rregullatorit për Energji,Të Hyrat nga AKP,,,,,,0.0,,0.0,0.0,0.0,Të Hyrat nga AKP 0 0 0 0
3.1,82,181,org,239,,Agjencia Kosovare e Privatizimit,,234.0,3665947.0,1025000.0,110000.0,2000.0,30000.0,,4832947.0,5024574.0,5237291.0,"239 Agjencia Kosovare e Privatizimit 234 3,665,947 1,025,000 110,000 2,000 30,000 4,832,947 5,024,574 5,237,291"
3.1,82,190,source,239,,Agjencia Kosovare e Privatizimit,Grantet Qeveritare,,3665947.0,1025000.0,110000.0,2000.0,30000.0,,4832947.0,5024574.0,5237291.0,"Grantet Qeveritare 3,665,947 1,025,000 110,000 2,000 30,000 4,832,947 5,024,574 5,237,291"
3.1,82,199,source,239,,Agjencia Kosovare e Privatizimit,Të Hyrat vetanake,,0.0,0.0,,,0.0,,0.0,0.0,0.0,Të Hyrat vetanake 0 0 0 0 0 0
3.1,82,208,source,239,,Agjencia Kosovare e Privatizimit,Financimi nga Huamarrja,,0.0,0.0,,,0.0,,0.0,0.0,0.0,Financimi nga Huamarrja 0 0 0 0 0 0
3.1,82,217,source,239,,Agjencia Kosovare e Privatizimit,Të Hyrat nga AKP,,,,,,0.0,,0.0,0.0,0.0,Të Hyrat nga AKP 0 0 0 0
3.1,82,226,prog,,,Privatizimi,,,,140000.0,,,,,140000.0,140000.0,140000.0,"Privatizimi 140,000 140,000 140,000 140,000"
3.1,82,235,source,,,Privatizimi,Grantet Qeveritare,,,140000.0,,,,,140000.0,140000.0,140000.0,"Grantet Qeveritare 140,000 140,000 140,000 140,000"
3.1,82,244,source,,,Privatizimi,Të Hyrat vetanake,,,0.0,,,,,,,,Të Hyrat vetanake 0
3.1,82,253,source,,,Privatizimi,Financimi nga Huamarrja,,,0.0,,,,,,,,Financimi nga Huamarrja 0
3.1,82,262,source,,,Privatizimi,Të Hyrat nga AKP,,,,,,,,,,,Të Hyrat nga AKP
3.1,82,271,sub,22600,0490,Privatizimi,,,,140000.0,,,,,140000.0,140000.0,140000.0,"22600 0490 Privatizimi 140,000 140,000 140,000 140,000"
3.1,82,280,source,22600,,Privatizimi,Grantet Qeveritare,,,140000.0,,,,,140000.0,140000.0,140000.0,"Grantet Qeveritare 140,000 140,000 140,000 140,000"
3.1,82,289,source,22600,,Privatizimi,Të Hyrat vetanake,,,0.0,,,,,,,,Të Hyrat vetanake 0
3.1,82,298,source,22600,,Privatizimi,Financimi nga Huamarrja,,,0.0,,,,,,,,Financimi nga Huamarrja 0
3.1,82,307,source,22600,,Privatizimi,Të Hyrat nga AKP,,,,,,,,,,,Të Hyrat nga AKP
3.1,82,316,prog,,,Likuidimi,,,,69628.0,,,,,69628.0,69628.0,69628.0,"Likuidimi 69,628 69,628 69,628 69,628"
3.1,82,325,source,,,Likuidimi,Grantet Qeveritare,,,69628.0,,,,,69628.0,69628.0,69628.0,"Grantet Qeveritare 69,628 69,628 69,628 69,628"
3.1,82,334,source,,,Likuidimi,Të Hyrat vetanake,,,0.0,,,,,,,,Të Hyrat vetanake 0
3.1,82,343,source,,,Likuidimi,Financimi nga Huamarrja,,,0.0,,,,,,,,Financimi nga Huamarrja 0
3.1,82,352,source,,,Likuidimi,Të Hyrat nga AKP,,,,,,,,,,,Të Hyrat nga AKP
3.1,82,361,sub,22700,0490,Likuidimi,,,,69628.0,,,,,69628.0,69628.0,69628.0,"22700 0490 Likuidimi 69,628 69,628 69,628 69,628"
3.1,82,370,source,22700,,Likuidimi,Grantet Qeveritare,,,69628.0,,,,,69628.0,69628.0,69628.0,"Grantet Qeveritare 69,628 69,628 69,628 69,628"
3.1,82,379,source,22700,,Likuidimi,Të Hyrat vetanake,,,0.0,,,,,,,,Të Hyrat vetanake 0
3.1,82,388,source,22700,,Likuidimi,Financimi nga Huamarrja,,,0.0,,,,,,,,Financimi nga Huamarrja 0
3.1,82,397,source,22700,,Likuidimi,Të Hyrat nga AKP,,,,,,,,,,,Të Hyrat nga AKP
3.1,82,406,prog,,,Administrata Qëndrore,,234.0,3665947.0,808372.0,110000.0,,30000.0,,4614319.0,4805946.0,5018663.0,"Administrata Qëndrore 234 3,665,947 808,372 110,000 30,000 4,614,319 4,805,946 5,018,663"
3.1,82,415,source,,,Administrata Qëndrore,Grantet Qeveritare,,3665947.0,808372.0,110000.0,,30000.0,,4614319.0,4805946.0,5018663.0,"Grantet Qeveritare 3,665,947 808,372 110,000 30,000 4,614,319 4,805,946 5,018,663"
3.1,82,424,source,,,Administrata Qëndrore,Të Hyrat vetanake,,0.0,0.0,,,0.0,,0.0,0.0,0.0,Të Hyrat vetanake 0 0 0 0 0 0
3.1,82,433,source,,,Administrata Qëndrore,Financimi nga Huamarrja,,0.0,0.0,,,0.0,,0.0,0.0,0.0,Financimi nga Huamarrja 0 0 0 0 0 0
3.1,82,442,source,,,Administrata Qëndrore,Të Hyrat nga AKP,,,,,,0.0,,0.0,0.0,0.0,Të Hyrat nga AKP 0 0 0 0
3.1,82,451,sub,22900,0490,Administrata Qëndrore,,234.0,3665947.0,808372.0,110000.0,,30000.0,,4614319.0,4805946.0,5018663.0,"22900 0490 Administrata Qëndrore 234 3,665,947 808,372 110,000 30,000 4,614,319 4,805,946 5,018,663"
3.1,82,460,source,22900,,Administrata Qëndrore,Grantet Qeveritare,,3665947.0,808372.0,110000.0,,30000.0,,4614319.0,4805946.0,5018663.0,"Grantet Qeveritare 3,665,947 808,372 110,000 30,000 4,614,319 4,805,946 5,018,663"
3.1,82,469,source,22900,,Administrata Qëndrore,Të Hyrat vetanake,,0.0,0.0,,,0.0,,0.0,0.0,0.0,Të Hyrat vetanake 0 0 0 0 0 0
3.1,82,478,source,22900,,Administrata Qëndrore,Financimi nga Huamarrja,,0.0,0.0,,,0.0,,0.0,0.0,0.0,Financimi nga Huamarrja 0 0 0 0 0 0
3.1,82,487,source,22900,,Administrata Qëndrore,Të Hyrat nga AKP,,,,,,0.0,,0.0,0.0,0.0,Të Hyrat nga AKP 0 0 0 0
3.1,82,496,prog,,,Departament Ligjore,,,,3000.0,,,,,3000.0,3000.0,3000.0,"Departament Ligjore 3,000 3,000 3,000 3,000"
3.1,82,505,source,,,Departament Ligjore,Grantet Qeveritare,,,3000.0,,,,,3000.0,3000.0,3000.0,"Grantet Qeveritare 3,000 3,000 3,000 3,000"
3.1,82,514,source,,,Departament Ligjore,Të Hyrat vetanake,,,0.0,,,,,,,,Të Hyrat vetanake 0
3.1,82,523,source,,,Departament Ligjore,Financimi nga Huamarrja,,,0.0,,,,,,,,Financimi nga Huamarrja 0
3.1,82,532,source,,,Departament Ligjore,Të Hyrat nga AKP,,,,,,,,,,,Të Hyrat nga AKP
3.1,83,91,sub,23000,0490,Departament Ligjore,,,,3000.0,,,,,3000.0,3000.0,3000.0,"23000 0490 Departament Ligjore 3,000 3,000 3,000 3,000"
3.1,83,100,source,23000,,Departament Ligjore,Grantet Qeveritare,,,3000.0,,,,,3000.0,3000.0,3000.0,"Grantet Qeveritare 3,000 3,000 3,000 3,000"
3.1,83,109,source,23000,,Departament Ligjore,Të Hyrat vetanake,,,0.0,,,,,,,,Të Hyrat vetanake 0
3.1,83,118,source,23000,,Departament Ligjore,Financimi nga Huamarrja,,,0.0,,,,,,,,Financimi nga Huamarrja 0
3.1,83,127,source,23000,,Departament Ligjore,Të Hyrat nga AKP,,,,,,,,,,,Të Hyrat nga AKP
3.1,83,136,prog,,,Auditimi,,,,2000.0,,,,,2000.0,2000.0,2000.0,"Auditimi 2,000 2,000 2,000 2,000"
3.1,83,145,source,,,Auditimi,Grantet Qeveritare,,,2000.0,,,,,2000.0,2000.0,2000.0,"Grantet Qeveritare 2,000 2,000 2,000 2,000"
3.1,83,154,source,,,Auditimi,Të Hyrat vetanake,,,0.0,,,,,,,,Të Hyrat vetanake 0
3.1,83,163,source,,,Auditimi,Financimi nga Huamarrja,,,0.0,,,,,,,,Financimi nga Huamarrja 0
3.1,83,172,source,,,Auditimi,Të Hyrat nga AKP,,,,,,,,,,,Të Hyrat nga AKP
3.1,83,181,sub,23100,0490,Auditimi,,,,2000.0,,,,,2000.0,2000.0,2000.0,"23100 0490 Auditimi 2,000 2,000 2,000 2,000"
3.1,83,190,source,23100,,Auditimi,Grantet Qeveritare,,,2000.0,,,,,2000.0,2000.0,2000.0,"Grantet Qeveritare 2,000 2,000 2,000 2,000"
3.1,83,199,source,23100,,Auditimi,Të Hyrat vetanake,,,0.0,,,,,,,,Të Hyrat vetanake 0
3.1,83,208,source,23100,,Auditimi,Financimi nga Huamarrja,,,0.0,,,,,,,,Financimi nga Huamarrja 0
3.1,83,217,source,23100,,Auditimi,Të Hyrat nga AKP,,,,,,,,,,,Të Hyrat nga AKP
3.1,83,226,prog,,,Riorganizimi dhe Admini,,,,2000.0,,2000.0,,,4000.0,4000.0,4000.0,"Riorganizimi dhe Admini 2,000 2,000 4,000 4,000 4,000"
3.1,83,235,source,,,Riorganizimi dhe Admini,Grantet Qeveritare,,,2000.0,,2000.0,,,4000.0,4000.0,4000.0,"Grantet Qeveritare 2,000 2,000 4,000 4,000 4,000"
3.1,83,244,source,,,Riorganizimi dhe Admini,Të Hyrat vetanake,,,0.0,,,,,,,,Të Hyrat vetanake 0
3.1,83,253,source,,,Riorganizimi dhe Admini,Financimi nga Huamarrja,,,0.0,,,,,,,,Financimi nga Huamarrja 0
3.1,83,262,source,,,Riorganizimi dhe Admini,Të Hyrat nga AKP,,,,,,,,,,,Të Hyrat nga AKP
3.1,83,271,sub,23200,0490,Riorganizimi dhe Administrimi Ndër.Shoqëro,,,,2000.0,,2000.0,,,4000.0,4000.0,4000.0,"23200 0490 Riorganizimi dhe Administrimi Ndër.Shoqëro 2,000 2,000 4,000 4,000 4,000"
3.1,83,280,source,23200,,Riorganizimi dhe Administrimi Ndër.Shoqëro,Grantet Qeveritare,,,2000.0,,2000.0,,,4000.0,4000.0,4000.0,"Grantet Qeveritare 2,000 2,000 4,000 4,000 4,000"
3.1,83,289,source,23200,,Riorganizimi dhe Administrimi Ndër.Shoqëro,Të Hyrat vetanake,,,0.0,,,,,,,,Të Hyrat vetanake 0
3.1,83,298,source,23200,,Riorganizimi dhe Administrimi Ndër.Shoqëro,Financimi nga Huamarrja,,,0.0,,,,,,,,Financimi nga Huamarrja 0
3.1,83,307,source,23200,,Riorganizimi dhe Administrimi Ndër.Shoqëro,Të Hyrat nga AKP,,,,,,,,,,,Të Hyrat nga AKP
3.1,83,316,org,240,,Organi Shqyrtues i Prokurimit,,35.0,391824.0,160000.0,5100.0,,,,556924.0,578475.0,601210.0,"240 Organi Shqyrtues i Prokurimit 35 391,824 160,000 5,100 556,924 578,475 601,210"
3.1,83,325,source,240,,Organi Shqyrtues i Prokurimit,Grantet Qeveritare,,391824.0,160000.0,5100.0,,,,556924.0,578475.0,601210.0,"Grantet Qeveritare 391,824 160,000 5,100 556,924 578,475 601,210"
3.1,83,334,source,240,,Organi Shqyrtues i Prokurimit,Të Hyrat vetanake,,0.0,0.0,,,,,,,,Të Hyrat vetanake 0 0
3.1,83,343,source,240,,Organi Shqyrtues i Prokurimit,Financimi nga Huamarrja,,0.0,0.0,,,,,,,,Financimi nga Huamarrja 0 0
3.1,83,352,source,240,,Organi Shqyrtues i Prokurimit,Të Hyrat nga AKP,,,,,,,,,,,Të Hyrat nga AKP
3.1,83,361,prog,,,Organi Shqyrtues i Proku,,35.0,391824.0,160000.0,5100.0,,,,556924.0,578475.0,601210.0,"Organi Shqyrtues i Proku 35 391,824 160,000 5,100 556,924 578,475 601,210"
3.1,83,370,source,,,Organi Shqyrtues i Proku,Grantet Qeveritare,,391824.0,160000.0,5100.0,,,,556924.0,578475.0,601210.0,"Grantet Qeveritare 391,824 160,000 5,100 556,924 578,475 601,210"
3.1,83,379,source,,,Organi Shqyrtues i Proku,Të Hyrat vetanake,,0.0,0.0,,,,,,,,Të Hyrat vetanake 0 0
3.1,83,388,source,,,Organi Shqyrtues i Proku,Financimi nga Huamarrja,,0.0,0.0,,,,,,,,Financimi nga Huamarrja 0 0
3.1,83,397,source,,,Organi Shqyrtues i Proku,Të Hyrat nga AKP,,,,,,,,,,,Të Hyrat nga AKP
3.1,83,406,sub,15900,0112,Organi Shqyrtues i Prokurimit,,35.0,391824.0,160000.0,5100.0,,,,556924.0,578475.0,601210.0,"15900 0112 Organi Shqyrtues i Prokurimit 35 391,824 160,000 5,100 556,924 578,475 601,210"
3.1,83,415,source,15900,,Organi Shqyrtues i Prokurimit,Grantet Qeveritare,,391824.0,160000.0,5100.0,,,,556924.0,578475.0,601210.0,"Grantet Qeveritare 391,824 160,000 5,100 556,924 578,475 601,210"
3.1,83,424,source,15900,,Organi Shqyrtues i Prokurimit,Të Hyrat vetanake,,0.0,0.0,,,,,,,,Të Hyrat vetanake 0 0
3.1,83,433,source,15900,,Organi Shqyrtues i Prokurimit,Financimi nga Huamarrja,,0.0,0.0,,,,,,,,Financimi nga Huamarrja 0 0
3.1,83,442,source,15900,,Organi Shqyrtues i Prokurimit,Të Hyrat nga AKP,,,,,,,,,,,Të Hyrat nga AKP
3.1,83,451,org,242,,Universiteti i Prishtinës,,2081.0,23562238.0,4200000.0,1020000.0,1744000.0,5400000.0,,35926238.0,37722161.0,39339360.0,"242 Universiteti i Prishtinës 2,081 23,562,238 4,200,000 1,020,000 1,744,000 5,400,000 35,926,238 37,722,161 39,339,360"
3.1,83,460,source,242,,Universiteti i Prishtinës,Grantet Qeveritare,,22962238.0,3900000.0,1020000.0,939000.0,5400000.0,,34221238.0,36017161.0,37634360.0,"Grantet Qeveritare 22,962,238 3,900,000 1,020,000 939,000 5,400,000 34,221,238 36,017,161 37,634,360"
3.1,83,469,source,242,,Universiteti i Prishtinës,Të Hyrat vetanake,,600000.0,300000.0,,805000.0,0.0,,1705000.0,1705000.0,1705000.0,"Të Hyrat vetanake 600,000 300,000 805,000 0 1,705,000 1,705,000 1,705,000"
3.1,83,478,source,242,,Universiteti i Prishtinës,Financimi nga Huamarrja,,0.0,0.0,,,0.0,,0.0,0.0,0.0,Financimi nga Huamarrja 0 0 0 0 0 0
3.1,83,487,source,242,,Universiteti i Prishtinës,Të Hyrat nga AKP,,,,,,0.0,,0.0,0.0,0.0,Të Hyrat nga AKP 0 0 0 0
3.1,83,496,prog,,,Universiteti i Prishtinës,,2081.0,23562238.0,4200000.0,1020000.0,1744000.0,5400000.0,,35926238.0,37722161.0,39339360.0,"Universiteti i Prishtinës 2,081 23,562,238 4,200,000 1,020,000 1,744,000 5,400,000 35,926,238 37,722,161 39,339,360"
3.1,83,505,source,,,Universiteti i Prishtinës,Grantet Qeveritare,,22962238.0,3900000.0,1020000.0,939000.0,5400000.0,,34221238.0,36017161.0,37634360.0,"Grantet Qeveritare 22,962,238 3,900,000 1,020,000 939,000 5,400,000 34,221,238 36,017,161 37,634,360"
3.1,83,514,source,,,Universiteti i Prishtinës,Të Hyrat vetanake,,600000.0,300000.0,,805000.0,0.0,,1705000.0,1705000.0,1705000.0,"Të Hyrat vetanake 600,000 300,000 805,000 0 1,705,000 1,705,000 1,705,000"
3.1,83,523,source,,,Universiteti i Prishtinës,Financimi nga Huamarrja,,0.0,0.0,,,0.0,,0.0,0.0,0.0,Financimi nga Huamarrja 0 0 0 0 0 0
3.1,83,532,source,,,Universiteti i Prishtinës,Të Hyrat nga AKP,,,,,,0.0,,0.0,0.0,0.0,Të Hyrat nga AKP 0 0 0 0
3.1,84,91,sub,90400,0941,Universiteti i Prishtinës,,2081.0,23562238.0,4200000.0,1020000.0,1744000.0,5400000.0,,35926238.0,37722161.0,39339360.0,"90400 0941 Universiteti i Prishtinës 2,081 23,562,238 4,200,000 1,020,000 1,744,000 5,400,000 35,926,238 37,722,161 39,339,360"
3.1,84,100,source,90400,,Universiteti i Prishtinës,Grantet Qeveritare,,22962238.0,3900000.0,1020000.0,939000.0,5400000.0,,34221238.0,36017161.0,37634360.0,"Grantet Qeveritare 22,962,238 3,900,000 1,020,000 939,000 5,400,000 34,221,238 36,017,161 37,634,360"
3.1,84,109,source,90400,,Universiteti i Prishtinës,Të Hyrat vetanake,,600000.0,300000.0,,805000.0,0.0,,1705000.0,1705000.0,1705000.0,"Të Hyrat vetanake 600,000 300,000 805,000 0 1,705,000 1,705,000 1,705,000"
3.1,84,118,source,90400,,Universiteti i Prishtinës,Financimi nga Huamarrja,,0.0,0.0,,,0.0,,0.0,0.0,0.0,Financimi nga Huamarrja 0 0 0 0 0 0
3.1,84,127,source,90400,,Universiteti i Prishtinës,Të Hyrat nga AKP,,,,,,0.0,,0.0,0.0,0.0,Të Hyrat nga AKP 0 0 0 0
3.1,84,136,org,243,,Gjykata Kushtetuese e Kosovës,,72.0,1446766.0,705000.0,10800.0,165080.0,110000.0,,2437646.0,2517218.0,2601166.0,"243 Gjykata Kushtetuese e Kosovës 72 1,446,766 705,000 10,800 165,080 110,000 2,437,646 2,517,218 2,601,166"
3.1,84,145,source,243,,Gjykata Kushtetuese e Kosovës,Grantet Qeveritare,,1446766.0,705000.0,10800.0,165080.0,110000.0,,2437646.0,2517218.0,2601166.0,"Grantet Qeveritare 1,446,766 705,000 10,800 165,080 110,000 2,437,646 2,517,218 2,601,166"
3.1,84,154,source,243,,Gjykata Kushtetuese e Kosovës,Të Hyrat vetanake,,0.0,0.0,,,0.0,,0.0,0.0,0.0,Të Hyrat vetanake 0 0 0 0 0 0
3.1,84,163,source,243,,Gjykata Kushtetuese e Kosovës,Financimi nga Huamarrja,,0.0,0.0,,,0.0,,0.0,0.0,0.0,Financimi nga Huamarrja 0 0 0 0 0 0
3.1,84,172,source,243,,Gjykata Kushtetuese e Kosovës,Të Hyrat nga AKP,,,,,,0.0,,0.0,0.0,0.0,Të Hyrat nga AKP 0 0 0 0
3.1,84,181,prog,,,Gjykata Kushtetuese e Ko,,72.0,1446766.0,705000.0,10800.0,165080.0,110000.0,,2437646.0,2517218.0,2601166.0,"Gjykata Kushtetuese e Ko 72 1,446,766 705,000 10,800 165,080 110,000 2,437,646 2,517,218 2,601,166"
3.1,84,190,source,,,Gjykata Kushtetuese e Ko,Grantet Qeveritare,,1446766.0,705000.0,10800.0,165080.0,110000.0,,2437646.0,2517218.0,2601166.0,"Grantet Qeveritare 1,446,766 705,000 10,800 165,080 110,000 2,437,646 2,517,218 2,601,166"
3.1,84,199,source,,,Gjykata Kushtetuese e Ko,Të Hyrat vetanake,,0.0,0.0,,,0.0,,0.0,0.0,0.0,Të Hyrat vetanake 0 0 0 0 0 0
3.1,84,208,source,,,Gjykata Kushtetuese e Ko,Financimi nga Huamarrja,,0.0,0.0,,,0.0,,0.0,0.0,0.0,Financimi nga Huamarrja 0 0 0 0 0 0
3.1,84,217,source,,,Gjykata Kushtetuese e Ko,Të Hyrat nga AKP,,,,,,0.0,,0.0,0.0,0.0,Të Hyrat nga AKP 0 0 0 0
3.1,84,226,sub,23800,0330,Gjykata Kushtetuese e Kosovës,,72.0,1446766.0,705000.0,10800.0,165080.0,110000.0,,2437646.0,2517218.0,2601166.0,"23800 0330 Gjykata Kushtetuese e Kosovës 72 1,446,766 705,000 10,800 165,080 110,000 2,437,646 2,517,218 2,601,166"
3.1,84,235,source,23800,,Gjykata Kushtetuese e Kosovës,Grantet Qeveritare,,1446766.0,705000.0,10800.0,165080.0,110000.0,,2437646.0,2517218.0,2601166.0,"Grantet Qeveritare 1,446,766 705,000 10,800 165,080 110,000 2,437,646 2,517,218 2,601,166"
3.1,84,244,source,23800,,Gjykata Kushtetuese e Kosovës,Të Hyrat vetanake,,0.0,0.0,,,0.0,,0.0,0.0,0.0,Të Hyrat vetanake 0 0 0 0 0 0
3.1,84,253,source,23800,,Gjykata Kushtetuese e Kosovës,Financimi nga Huamarrja,,0.0,0.0,,,0.0,,0.0,0.0,0.0,Financimi nga Huamarrja 0 0 0 0 0 0
3.1,84,262,source,23800,,Gjykata Kushtetuese e Kosovës,Të Hyrat nga AKP,,,,,,0.0,,0.0,0.0,0.0,Të Hyrat nga AKP 0 0 0 0
3.1,84,271,org,244,,Autoriteti i Konkurrencës i Republikë,,30.0,393188.0,77000.0,2000.0,,,,472188.0,496813.0,521628.0,"244 Autoriteti i Konkurrencës i Republikë 30 393,188 77,000 2,000 472,188 496,813 521,628"
3.1,84,280,source,244,,Autoriteti i Konkurrencës i Republikë,Grantet Qeveritare,,393188.0,77000.0,2000.0,,,,472188.0,496813.0,521628.0,"Grantet Qeveritare 393,188 77,000 2,000 472,188 496,813 521,628"
3.1,84,289,source,244,,Autoriteti i Konkurrencës i Republikë,Të Hyrat vetanake,,0.0,0.0,,,,,,,,Të Hyrat vetanake 0 0
3.1,84,298,source,244,,Autoriteti i Konkurrencës i Republikë,Financimi nga Huamarrja,,0.0,0.0,,,,,,,,Financimi nga Huamarrja 0 0
3.1,84,307,source,244,,Autoriteti i Konkurrencës i Republikë,Të Hyrat nga AKP,,,,,,,,,,,Të Hyrat nga AKP
3.1,84,316,prog,,,Autoriteti i Konkurrencës,,30.0,393188.0,77000.0,2000.0,,,,472188.0,496813.0,521628.0,"Autoriteti i Konkurrencës 30 393,188 77,000 2,000 472,188 496,813 521,628"
3.1,84,325,source,,,Autoriteti i Konkurrencës,Grantet Qeveritare,,393188.0,77000.0,2000.0,,,,472188.0,496813.0,521628.0,"Grantet Qeveritare 393,188 77,000 2,000 472,188 496,813 521,628"
3.1,84,334,source,,,Autoriteti i Konkurrencës,Të Hyrat vetanake,,0.0,0.0,,,,,,,,Të Hyrat vetanake 0 0
3.1,84,343,source,,,Autoriteti i Konkurrencës,Financimi nga Huamarrja,,0.0,0.0,,,,,,,,Financimi nga Huamarrja 0 0
3.1,84,352,source,,,Autoriteti i Konkurrencës,Të Hyrat nga AKP,,,,,,,,,,,Të Hyrat nga AKP
3.1,84,361,sub,25000,0411,Autoriteti i Konkurrencës i Republikës,,30.0,393188.0,77000.0,2000.0,,,,472188.0,496813.0,521628.0,"25000 0411 Autoriteti i Konkurrencës i Republikës së Ko 30 393,188 77,000 2,000 472,188 496,813 521,628"
3.1,84,370,source,25000,,Autoriteti i Konkurrencës i Republikës,Grantet Qeveritare,,393188.0,77000.0,2000.0,,,,472188.0,496813.0,521628.0,"Grantet Qeveritare 393,188 77,000 2,000 472,188 496,813 521,628"
3.1,84,379,source,25000,,Autoriteti i Konkurrencës i Republikës,Të Hyrat vetanake,,0.0,0.0,,,,,,,,Të Hyrat vetanake 0 0
3.1,84,388,source,25000,,Autoriteti i Konkurrencës i Republikës,Financimi nga Huamarrja,,0.0,0.0,,,,,,,,Financimi nga Huamarrja 0 0
3.1,84,397,source,25000,,Autoriteti i Konkurrencës i Republikës,Të Hyrat nga AKP,,,,,,,,,,,Të Hyrat nga AKP
3.1,84,406,org,245,,Agjencioni Kosovar i Intelegjencës,,190.0,8215730.0,4000000.0,45000.0,700000.0,4270000.0,,17230730.0,17682595.0,18539313.0,"245 Agjencioni Kosovar i Intelegjencës 190 8,215,730 4,000,000 45,000 700,000 4,270,000 17,230,730 17,682,595 18,539,313"
3.1,84,415,source,245,,Agjencioni Kosovar i Intelegjencës,Grantet Qeveritare,,8215730.0,4000000.0,45000.0,700000.0,4270000.0,,17230730.0,17682595.0,18539313.0,"Grantet Qeveritare 8,215,730 4,000,000 45,000 700,000 4,270,000 17,230,730 17,682,595 18,539,313"
3.1,84,424,source,245,,Agjencioni Kosovar i Intelegjencës,Të Hyrat vetanake,,0.0,0.0,,,0.0,,0.0,0.0,0.0,Të Hyrat vetanake 0 0 0 0 0 0
3.1,84,433,source,245,,Agjencioni Kosovar i Intelegjencës,Financimi nga Huamarrja,,0.0,0.0,,,0.0,,0.0,0.0,0.0,Financimi nga Huamarrja 0 0 0 0 0 0
3.1,84,442,source,245,,Agjencioni Kosovar i Intelegjencës,Të Hyrat nga AKP,,,,,,0.0,,0.0,0.0,0.0,Të Hyrat nga AKP 0 0 0 0
3.1,84,451,prog,,,Agjencioni Kosovar i Inte,,190.0,8215730.0,4000000.0,45000.0,700000.0,4270000.0,,17230730.0,17682595.0,18539313.0,"Agjencioni Kosovar i Inte 190 8,215,730 4,000,000 45,000 700,000 4,270,000 17,230,730 17,682,595 18,539,313"
3.1,84,460,source,,,Agjencioni Kosovar i Inte,Grantet Qeveritare,,8215730.0,4000000.0,45000.0,700000.0,4270000.0,,17230730.0,17682595.0,18539313.0,"Grantet Qeveritare 8,215,730 4,000,000 45,000 700,000 4,270,000 17,230,730 17,682,595 18,539,313"
3.1,84,469,source,,,Agjencioni Kosovar i Inte,Të Hyrat vetanake,,0.0,0.0,,,0.0,,0.0,0.0,0.0,Të Hyrat vetanake 0 0 0 0 0 0
3.1,84,478,source,,,Agjencioni Kosovar i Inte,Financimi nga Huamarrja,,0.0,0.0,,,0.0,,0.0,0.0,0.0,Financimi nga Huamarrja 0 0 0 0 0 0
3.1,84,487,source,,,Agjencioni Kosovar i Inte,Të Hyrat nga AKP,,,,,,0.0,,0.0,0.0,0.0,Të Hyrat nga AKP 0 0 0 0
3.1,84,496,sub,25500,0360,Agjencioni Kosovar i Intelegjencës,,190.0,8215730.0,4000000.0,45000.0,700000.0,4270000.0,,17230730.0,17682595.0,18539313.0,"25500 0360 Agjencioni Kosovar i Intelegjencës 190 8,215,730 4,000,000 45,000 700,000 4,270,000 17,230,730 17,682,595 18,539,313"
3.1,84,505,source,25500,,Agjencioni Kosovar i Intelegjencës,Grantet Qeveritare,,8215730.0,4000000.0,45000.0,700000.0,4270000.0,,17230730.0,17682595.0,18539313.0,"Grantet Qeveritare 8,215,730 4,000,000 45,000 700,000 4,270,000 17,230,730 17,682,595 18,539,313"
3.1,84,514,source,25500,,Agjencioni Kosovar i Intelegjencës,Të Hyrat vetanake,,0.0,0.0,,,0.0,,0.0,0.0,0.0,Të Hyrat vetanake 0 0 0 0 0 0
3.1,84,523,source,25500,,Agjencioni Kosovar i Intelegjencës,Financimi nga Huamarrja,,0.0,0.0,,,0.0,,0.0,0.0,0.0,Financimi nga Huamarrja 0 0 0 0 0 0
3.1,84,532,source,25500,,Agjencioni Kosovar i Intelegjencës,Të Hyrat nga AKP,,,,,,0.0,,0.0,0.0,0.0,Të Hyrat nga AKP 0 0 0 0
3.1,85,91,org,246,,Këshilli i Kosovës për Trashigimi Ku,,18.0,275445.0,107000.0,2550.0,,,,384995.0,400144.0,416127.0,"246 Këshilli i Kosovës për Trashigimi Ku 18 275,445 107,000 2,550 384,995 400,144 416,127"
3.1,85,100,source,246,,Këshilli i Kosovës për Trashigimi Ku,Grantet Qeveritare,,275445.0,107000.0,2550.0,,,,384995.0,400144.0,416127.0,"Grantet Qeveritare 275,445 107,000 2,550 384,995 400,144 416,127"
3.1,85,109,source,246,,Këshilli i Kosovës për Trashigimi Ku,Të Hyrat vetanake,,0.0,0.0,,,,,,,,Të Hyrat vetanake 0 0
3.1,85,118,source,246,,Këshilli i Kosovës për Trashigimi Ku,Financimi nga Huamarrja,,0.0,0.0,,,,,,,,Financimi nga Huamarrja 0 0
3.1,85,127,source,246,,Këshilli i Kosovës për Trashigimi Ku,Të Hyrat nga AKP,,,,,,,,,,,Të Hyrat nga AKP
3.1,85,136,prog,,,Këshilli i Kosovës për Tra,,18.0,275445.0,107000.0,2550.0,,,,384995.0,400144.0,416127.0,"Këshilli i Kosovës për Tra 18 275,445 107,000 2,550 384,995 400,144 416,127"
3.1,85,145,source,,,Këshilli i Kosovës për Tra,Grantet Qeveritare,,275445.0,107000.0,2550.0,,,,384995.0,400144.0,416127.0,"Grantet Qeveritare 275,445 107,000 2,550 384,995 400,144 416,127"
3.1,85,154,source,,,Këshilli i Kosovës për Tra,Të Hyrat vetanake,,0.0,0.0,,,,,,,,Të Hyrat vetanake 0 0
3.1,85,163,source,,,Këshilli i Kosovës për Tra,Financimi nga Huamarrja,,0.0,0.0,,,,,,,,Financimi nga Huamarrja 0 0
3.1,85,172,source,,,Këshilli i Kosovës për Tra,Të Hyrat nga AKP,,,,,,,,,,,Të Hyrat nga AKP
3.1,85,181,sub,25600,0820,Këshilli i Kosovës për Trashigimi Kulturore,,18.0,275445.0,107000.0,2550.0,,,,384995.0,400144.0,416127.0,"25600 0820 Këshilli i Kosovës për Trashigimi Kulturore 18 275,445 107,000 2,550 384,995 400,144 416,127"
3.1,85,190,source,25600,,Këshilli i Kosovës për Trashigimi Kulturore,Grantet Qeveritare,,275445.0,107000.0,2550.0,,,,384995.0,400144.0,416127.0,"Grantet Qeveritare 275,445 107,000 2,550 384,995 400,144 416,127"
3.1,85,199,source,25600,,Këshilli i Kosovës për Trashigimi Kulturore,Të Hyrat vetanake,,0.0,0.0,,,,,,,,Të Hyrat vetanake 0 0
3.1,85,208,source,25600,,Këshilli i Kosovës për Trashigimi Kulturore,Financimi nga Huamarrja,,0.0,0.0,,,,,,,,Financimi nga Huamarrja 0 0
3.1,85,217,source,25600,,Këshilli i Kosovës për Trashigimi Kulturore,Të Hyrat nga AKP,,,,,,,,,,,Të Hyrat nga AKP
3.1,85,226,org,247,,Paneli Zgjedhor për Ankesa dhe Para,,21.0,311805.0,58000.0,7820.0,,,,377625.0,396775.0,414867.0,"247 Paneli Zgjedhor për Ankesa dhe Para 21 311,805 58,000 7,820 377,625 396,775 414,867"
3.1,85,235,source,247,,Paneli Zgjedhor për Ankesa dhe Para,Grantet Qeveritare,,311805.0,58000.0,7820.0,,,,377625.0,396775.0,414867.0,"Grantet Qeveritare 311,805 58,000 7,820 377,625 396,775 414,867"
3.1,85,244,source,247,,Paneli Zgjedhor për Ankesa dhe Para,Të Hyrat vetanake,,0.0,0.0,,,,,,,,Të Hyrat vetanake 0 0
3.1,85,253,source,247,,Paneli Zgjedhor për Ankesa dhe Para,Financimi nga Huamarrja,,0.0,0.0,,,,,,,,Financimi nga Huamarrja 0 0
3.1,85,262,source,247,,Paneli Zgjedhor për Ankesa dhe Para,Të Hyrat nga AKP,,,,,,,,,,,Të Hyrat nga AKP
3.1,85,271,prog,,,Paneli Zgjedhor për Anke,,21.0,311805.0,58000.0,7820.0,,,,377625.0,396775.0,414867.0,"Paneli Zgjedhor për Anke 21 311,805 58,000 7,820 377,625 396,775 414,867"
3.1,85,280,source,,,Paneli Zgjedhor për Anke,Grantet Qeveritare,,311805.0,58000.0,7820.0,,,,377625.0,396775.0,414867.0,"Grantet Qeveritare 311,805 58,000 7,820 377,625 396,775 414,867"
3.1,85,289,source,,,Paneli Zgjedhor për Anke,Të Hyrat vetanake,,0.0,0.0,,,,,,,,Të Hyrat vetanake 0 0
3.1,85,298,source,,,Paneli Zgjedhor për Anke,Financimi nga Huamarrja,,0.0,0.0,,,,,,,,Financimi nga Huamarrja 0 0
3.1,85,307,source,,,Paneli Zgjedhor për Anke,Të Hyrat nga AKP,,,,,,,,,,,Të Hyrat nga AKP
3.1,85,316,sub,25700,0160,Paneli Zgjedhor për Ankesa dhe Parashtresa,,21.0,311805.0,58000.0,7820.0,,,,377625.0,396775.0,414867.0,"25700 0160 Paneli Zgjedhor për Ankesa dhe Parashtresa 21 311,805 58,000 7,820 377,625 396,775 414,867"
3.1,85,325,source,25700,,Paneli Zgjedhor për Ankesa dhe Parashtresa,Grantet Qeveritare,,311805.0,58000.0,7820.0,,,,377625.0,396775.0,414867.0,"Grantet Qeveritare 311,805 58,000 7,820 377,625 396,775 414,867"
3.1,85,334,source,25700,,Paneli Zgjedhor për Ankesa dhe Parashtresa,Të Hyrat vetanake,,0.0,0.0,,,,,,,,Të Hyrat vetanake 0 0
3.1,85,343,source,25700,,Paneli Zgjedhor për Ankesa dhe Parashtresa,Financimi nga Huamarrja,,0.0,0.0,,,,,,,,Financimi nga Huamarrja 0 0
3.1,85,352,source,25700,,Paneli Zgjedhor për Ankesa dhe Parashtresa,Të Hyrat nga AKP,,,,,,,,,,,Të Hyrat nga AKP
3.1,85,361,org,248,,Radio Televizioni i Kosovës,,,,,,8960000.0,,,8960000.0,8960000.0,8960000.0,"248 Radio Televizioni i Kosovës 8,960,000 8,960,000 8,960,000 8,960,000"
3.1,85,370,source,248,,Radio Televizioni i Kosovës,Grantet Qeveritare,,,,,8960000.0,,,8960000.0,8960000.0,8960000.0,"Grantet Qeveritare 8,960,000 8,960,000 8,960,000 8,960,000"
3.1,85,379,source,248,,Radio Televizioni i Kosovës,Të Hyrat vetanake,,,,,,,,,,,Të Hyrat vetanake
3.1,85,388,source,248,,Radio Televizioni i Kosovës,Financimi nga Huamarrja,,,,,,,,,,,Financimi nga Huamarrja
3.1,85,397,source,248,,Radio Televizioni i Kosovës,Të Hyrat nga AKP,,,,,,,,,,,Të Hyrat nga AKP
3.1,85,406,prog,,,Radio Televizioni i Kosov,,,,,,8960000.0,,,8960000.0,8960000.0,8960000.0,"Radio Televizioni i Kosov 8,960,000 8,960,000 8,960,000 8,960,000"
3.1,85,415,source,,,Radio Televizioni i Kosov,Grantet Qeveritare,,,,,8960000.0,,,8960000.0,8960000.0,8960000.0,"Grantet Qeveritare 8,960,000 8,960,000 8,960,000 8,960,000"
3.1,85,424,source,,,Radio Televizioni i Kosov,Të Hyrat vetanake,,,,,,,,,,,Të Hyrat vetanake
3.1,85,433,source,,,Radio Televizioni i Kosov,Financimi nga Huamarrja,,,,,,,,,,,Financimi nga Huamarrja
3.1,85,442,source,,,Radio Televizioni i Kosov,Të Hyrat nga AKP,,,,,,,,,,,Të Hyrat nga AKP
3.1,85,451,sub,25900,0830,Radio Televizioni i Kosovës,,,,,,8960000.0,,,8960000.0,8960000.0,8960000.0,"25900 0830 Radio Televizioni i Kosovës 8,960,000 8,960,000 8,960,000 8,960,000"
3.1,85,460,source,25900,,Radio Televizioni i Kosovës,Grantet Qeveritare,,,,,8960000.0,,,8960000.0,8960000.0,8960000.0,"Grantet Qeveritare 8,960,000 8,960,000 8,960,000 8,960,000"
3.1,85,469,source,25900,,Radio Televizioni i Kosovës,Të Hyrat vetanake,,,,,,,,,,,Të Hyrat vetanake
3.1,85,478,source,25900,,Radio Televizioni i Kosovës,Financimi nga Huamarrja,,,,,,,,,,,Financimi nga Huamarrja
3.1,85,487,source,25900,,Radio Televizioni i Kosovës,Të Hyrat nga AKP,,,,,,,,,,,Të Hyrat nga AKP
3.1,85,496,org,249,,Këshilli Pavarur Mbikqyrës për Shërb,,38.0,502628.0,160000.0,3825.0,,,,666453.0,694098.0,743263.0,"249 Këshilli Pavarur Mbikqyrës për Shërb 38 502,628 160,000 3,825 666,453 694,098 743,263"
3.1,85,505,source,249,,Këshilli Pavarur Mbikqyrës për Shërb,Grantet Qeveritare,,502628.0,160000.0,3825.0,,,,666453.0,694098.0,743263.0,"Grantet Qeveritare 502,628 160,000 3,825 666,453 694,098 743,263"
3.1,85,514,source,249,,Këshilli Pavarur Mbikqyrës për Shërb,Të Hyrat vetanake,,0.0,0.0,,,,,,,,Të Hyrat vetanake 0 0
3.1,85,523,source,249,,Këshilli Pavarur Mbikqyrës për Shërb,Financimi nga Huamarrja,,0.0,0.0,,,,,,,,Financimi nga Huamarrja 0 0
3.1,85,532,source,249,,Këshilli Pavarur Mbikqyrës për Shërb,Të Hyrat nga AKP,,,,,,,,,,,Të Hyrat nga AKP
3.1,86,91,prog,,,Këshilli Pavarur Mbikqyrë,,38.0,502628.0,160000.0,3825.0,,,,666453.0,694098.0,743263.0,"Këshilli Pavarur Mbikqyrë 38 502,628 160,000 3,825 666,453 694,098 743,263"
3.1,86,100,source,,,Këshilli Pavarur Mbikqyrë,Grantet Qeveritare,,502628.0,160000.0,3825.0,,,,666453.0,694098.0,743263.0,"Grantet Qeveritare 502,628 160,000 3,825 666,453 694,098 743,263"
3.1,86,109,source,,,Këshilli Pavarur Mbikqyrë,Të Hyrat vetanake,,0.0,0.0,,,,,,,,Të Hyrat vetanake 0 0
3.1,86,118,source,,,Këshilli Pavarur Mbikqyrë,Financimi nga Huamarrja,,0.0,0.0,,,,,,,,Financimi nga Huamarrja 0 0
3.1,86,127,source,,,Këshilli Pavarur Mbikqyrë,Të Hyrat nga AKP,,,,,,,,,,,Të Hyrat nga AKP
3.1,86,136,sub,12200,0131,Këshilli Pavarur Mbikqyrës për Shërb.Civil,,38.0,502628.0,160000.0,3825.0,,,,666453.0,694098.0,743263.0,"12200 0131 Këshilli Pavarur Mbikqyrës për Shërb.Civil K 38 502,628 160,000 3,825 666,453 694,098 743,263"
3.1,86,145,source,12200,,Këshilli Pavarur Mbikqyrës për Shërb.Civil,Grantet Qeveritare,,502628.0,160000.0,3825.0,,,,666453.0,694098.0,743263.0,"Grantet Qeveritare 502,628 160,000 3,825 666,453 694,098 743,263"
3.1,86,154,source,12200,,Këshilli Pavarur Mbikqyrës për Shërb.Civil,Të Hyrat vetanake,,0.0,0.0,,,,,,,,Të Hyrat vetanake 0 0
3.1,86,163,source,12200,,Këshilli Pavarur Mbikqyrës për Shërb.Civil,Financimi nga Huamarrja,,0.0,0.0,,,,,,,,Financimi nga Huamarrja 0 0
3.1,86,172,source,12200,,Këshilli Pavarur Mbikqyrës për Shërb.Civil,Të Hyrat nga AKP,,,,,,,,,,,Të Hyrat nga AKP
3.1,86,181,org,250,,Këshilli Prokurorial i Kosovës,,969.0,13837463.0,3450000.0,199630.0,,2134500.0,,19621593.0,20382653.0,21185572.0,"250 Këshilli Prokurorial i Kosovës 969 13,837,463 3,450,000 199,630 2,134,500 19,621,593 20,382,653 21,185,572"
3.1,86,190,source,250,,Këshilli Prokurorial i Kosovës,Grantet Qeveritare,,13837463.0,3450000.0,199630.0,,2134500.0,,19621593.0,20382653.0,21185572.0,"Grantet Qeveritare 13,837,463 3,450,000 199,630 2,134,500 19,621,593 20,382,653 21,185,572"
3.1,86,199,source,250,,Këshilli Prokurorial i Kosovës,Të Hyrat vetanake,,0.0,0.0,,,0.0,,0.0,0.0,0.0,Të Hyrat vetanake 0 0 0 0 0 0
3.1,86,208,source,250,,Këshilli Prokurorial i Kosovës,Financimi nga Huamarrja,,0.0,0.0,,,0.0,,0.0,0.0,0.0,Financimi nga Huamarrja 0 0 0 0 0 0
3.1,86,217,source,250,,Këshilli Prokurorial i Kosovës,Të Hyrat nga AKP,,,,,,0.0,,0.0,0.0,0.0,Të Hyrat nga AKP 0 0 0 0
3.1,86,226,prog,,,Prokurorët dhe Administ,,820.0,11474479.0,3092840.0,140371.0,,2134500.0,,16842190.0,17387691.0,18186430.0,"Prokurorët dhe Administ 820 11,474,479 3,092,840 140,371 2,134,500 16,842,190 17,387,691 18,186,430"
3.1,86,235,source,,,Prokurorët dhe Administ,Grantet Qeveritare,,11474479.0,3092840.0,140371.0,,2134500.0,,16842190.0,17387691.0,18186430.0,"Grantet Qeveritare 11,474,479 3,092,840 140,371 2,134,500 16,842,190 17,387,691 18,186,430"
3.1,86,244,source,,,Prokurorët dhe Administ,Të Hyrat vetanake,,0.0,0.0,,,0.0,,0.0,0.0,0.0,Të Hyrat vetanake 0 0 0 0 0 0
3.1,86,253,source,,,Prokurorët dhe Administ,Financimi nga Huamarrja,,0.0,0.0,,,0.0,,0.0,0.0,0.0,Financimi nga Huamarrja 0 0 0 0 0 0
3.1,86,262,source,,,Prokurorët dhe Administ,Të Hyrat nga AKP,,,,,,0.0,,0.0,0.0,0.0,Të Hyrat nga AKP 0 0 0 0
3.1,86,271,sub,33500,0330,Prokurorët dhe Administrata,,820.0,11474479.0,3092840.0,140371.0,,2134500.0,,16842190.0,17387691.0,18186430.0,"33500 0330 Prokurorët dhe Administrata 820 11,474,479 3,092,840 140,371 2,134,500 16,842,190 17,387,691 18,186,430"
3.1,86,280,source,33500,,Prokurorët dhe Administrata,Grantet Qeveritare,,11474479.0,3092840.0,140371.0,,2134500.0,,16842190.0,17387691.0,18186430.0,"Grantet Qeveritare 11,474,479 3,092,840 140,371 2,134,500 16,842,190 17,387,691 18,186,430"
3.1,86,289,source,33500,,Prokurorët dhe Administrata,Të Hyrat vetanake,,0.0,0.0,,,0.0,,0.0,0.0,0.0,Të Hyrat vetanake 0 0 0 0 0 0
3.1,86,298,source,33500,,Prokurorët dhe Administrata,Financimi nga Huamarrja,,0.0,0.0,,,0.0,,0.0,0.0,0.0,Financimi nga Huamarrja 0 0 0 0 0 0
3.1,86,307,source,33500,,Prokurorët dhe Administrata,Të Hyrat nga AKP,,,,,,0.0,,0.0,0.0,0.0,Të Hyrat nga AKP 0 0 0 0
3.1,86,316,prog,,,Prokurorët Special,,103.0,1797763.0,281100.0,57259.0,,,,2136122.0,2341073.0,2344314.0,"Prokurorët Special 103 1,797,763 281,100 57,259 2,136,122 2,341,073 2,344,314"
3.1,86,325,source,,,Prokurorët Special,Grantet Qeveritare,,1797763.0,281100.0,57259.0,,,,2136122.0,2341073.0,2344314.0,"Grantet Qeveritare 1,797,763 281,100 57,259 2,136,122 2,341,073 2,344,314"
3.1,86,334,source,,,Prokurorët Special,Të Hyrat vetanake,,0.0,0.0,,,,,,,,Të Hyrat vetanake 0 0
3.1,86,343,source,,,Prokurorët Special,Financimi nga Huamarrja,,0.0,0.0,,,,,,,,Financimi nga Huamarrja 0 0
3.1,86,352,source,,,Prokurorët Special,Të Hyrat nga AKP,,,,,,,,,,,Të Hyrat nga AKP
3.1,86,361,sub,32200,0330,Prokurorët Special,,103.0,1797763.0,281100.0,57259.0,,,,2136122.0,2341073.0,2344314.0,"32200 0330 Prokurorët Special 103 1,797,763 281,100 57,259 2,136,122 2,341,073 2,344,314"
3.1,86,370,source,32200,,Prokurorët Special,Grantet Qeveritare,,1797763.0,281100.0,57259.0,,,,2136122.0,2341073.0,2344314.0,"Grantet Qeveritare 1,797,763 281,100 57,259 2,136,122 2,341,073 2,344,314"
3.1,86,379,source,32200,,Prokurorët Special,Të Hyrat vetanake,,0.0,0.0,,,,,,,,Të Hyrat vetanake 0 0
3.1,86,388,source,32200,,Prokurorët Special,Financimi nga Huamarrja,,0.0,0.0,,,,,,,,Financimi nga Huamarrja 0 0
3.1,86,397,source,32200,,Prokurorët Special,Të Hyrat nga AKP,,,,,,,,,,,Të Hyrat nga AKP
3.1,86,406,prog,,,Njësia për Mbrojtje dhe N,,46.0,550731.0,58620.0,2000.0,,,,611351.0,622059.0,622998.0,"Njësia për Mbrojtje dhe N 46 550,731 58,620 2,000 611,351 622,059 622,998"
3.1,86,415,source,,,Njësia për Mbrojtje dhe N,Grantet Qeveritare,,550731.0,58620.0,2000.0,,,,611351.0,622059.0,622998.0,"Grantet Qeveritare 550,731 58,620 2,000 611,351 622,059 622,998"
3.1,86,424,source,,,Njësia për Mbrojtje dhe N,Të Hyrat vetanake,,0.0,0.0,,,,,,,,Të Hyrat vetanake 0 0
3.1,86,433,source,,,Njësia për Mbrojtje dhe N,Financimi nga Huamarrja,,0.0,0.0,,,,,,,,Financimi nga Huamarrja 0 0
3.1,86,442,source,,,Njësia për Mbrojtje dhe N,Të Hyrat nga AKP,,,,,,,,,,,Të Hyrat nga AKP
3.1,86,451,sub,33000,0330,Njësia për Mbrojtje dhe Ndihmë Viktimave,,46.0,550731.0,58620.0,2000.0,,,,611351.0,622059.0,622998.0,"33000 0330 Njësia për Mbrojtje dhe Ndihmë Viktimave 46 550,731 58,620 2,000 611,351 622,059 622,998"
3.1,86,460,source,33000,,Njësia për Mbrojtje dhe Ndihmë Viktimave,Grantet Qeveritare,,550731.0,58620.0,2000.0,,,,611351.0,622059.0,622998.0,"Grantet Qeveritare 550,731 58,620 2,000 611,351 622,059 622,998"
3.1,86,469,source,33000,,Njësia për Mbrojtje dhe Ndihmë Viktimave,Të Hyrat vetanake,,0.0,0.0,,,,,,,,Të Hyrat vetanake 0 0
3.1,86,478,source,33000,,Njësia për Mbrojtje dhe Ndihmë Viktimave,Financimi nga Huamarrja,,0.0,0.0,,,,,,,,Financimi nga Huamarrja 0 0
3.1,86,487,source,33000,,Njësia për Mbrojtje dhe Ndihmë Viktimave,Të Hyrat nga AKP,,,,,,,,,,,Të Hyrat nga AKP
3.1,86,496,prog,,,Njësia Kundër Krimeve E,,0.0,14490.0,17440.0,,,,,31930.0,31830.0,31830.0,"Njësia Kundër Krimeve E 0 14,490 17,440 31,930 31,830 31,830"
3.1,86,505,source,,,Njësia Kundër Krimeve E,Grantet Qeveritare,,14490.0,17440.0,,,,,31930.0,31830.0,31830.0,"Grantet Qeveritare 14,490 17,440 31,930 31,830 31,830"
3.1,86,514,source,,,Njësia Kundër Krimeve E,Të Hyrat vetanake,,0.0,0.0,,,,,,,,Të Hyrat vetanake 0 0
3.1,86,523,source,,,Njësia Kundër Krimeve E,Financimi nga Huamarrja,,0.0,0.0,,,,,,,,Financimi nga Huamarrja 0 0
3.1,86,532,source,,,Njësia Kundër Krimeve E,Të Hyrat nga AKP,,,,,,,,,,,Të Hyrat nga AKP
3.1,87,91,sub,37500,0112,Njësia Kundër Krimeve Ekonomike,,0.0,14490.0,17440.0,,,,,31930.0,31830.0,31830.0,"37500 0112 Njësia Kundër Krimeve Ekonomike 0 14,490 17,440 31,930 31,830 31,830"
3.1,87,100,source,37500,,Njësia Kundër Krimeve Ekonomike,Grantet Qeveritare,,14490.0,17440.0,,,,,31930.0,31830.0,31830.0,"Grantet Qeveritare 14,490 17,440 31,930 31,830 31,830"
3.1,87,109,source,37500,,Njësia Kundër Krimeve Ekonomike,Të Hyrat vetanake,,0.0,0.0,,,,,,,,Të Hyrat vetanake 0 0
3.1,87,118,source,37500,,Njësia Kundër Krimeve Ekonomike,Financimi nga Huamarrja,,0.0,0.0,,,,,,,,Financimi nga Huamarrja 0 0
3.1,87,127,source,37500,,Njësia Kundër Krimeve Ekonomike,Të Hyrat nga AKP,,,,,,,,,,,Të Hyrat nga AKP
3.1,87,136,org,251,,Agjencia për Informim dhe Privatësi,,34.0,388748.0,144000.0,2450.0,,,,535198.0,556580.0,579137.0,"251 Agjencia për Informim dhe Privatësi 34 388,748 144,000 2,450 535,198 556,580 579,137"
3.1,87,145,source,251,,Agjencia për Informim dhe Privatësi,Grantet Qeveritare,,388748.0,144000.0,2450.0,,,,535198.0,556580.0,579137.0,"Grantet Qeveritare 388,748 144,000 2,450 535,198 556,580 579,137"
3.1,87,154,source,251,,Agjencia për Informim dhe Privatësi,Të Hyrat vetanake,,0.0,0.0,,,,,,,,Të Hyrat vetanake 0 0
3.1,87,163,source,251,,Agjencia për Informim dhe Privatësi,Financimi nga Huamarrja,,0.0,0.0,,,,,,,,Financimi nga Huamarrja 0 0
3.1,87,172,source,251,,Agjencia për Informim dhe Privatësi,Të Hyrat nga AKP,,,,,,,,,,,Të Hyrat nga AKP
3.1,87,181,prog,,,Agjencia për Informim dh,,34.0,388748.0,144000.0,2450.0,,,,535198.0,556580.0,579137.0,"Agjencia për Informim dh 34 388,748 144,000 2,450 535,198 556,580 579,137"
3.1,87,190,source,,,Agjencia për Informim dh,Grantet Qeveritare,,388748.0,144000.0,2450.0,,,,535198.0,556580.0,579137.0,"Grantet Qeveritare 388,748 144,000 2,450 535,198 556,580 579,137"
3.1,87,199,source,,,Agjencia për Informim dh,Të Hyrat vetanake,,0.0,0.0,,,,,,,,Të Hyrat vetanake 0 0
3.1,87,208,source,,,Agjencia për Informim dh,Financimi nga Huamarrja,,0.0,0.0,,,,,,,,Financimi nga Huamarrja 0 0
3.1,87,217,source,,,Agjencia për Informim dh,Të Hyrat nga AKP,,,,,,,,,,,Të Hyrat nga AKP
3.1,87,226,sub,26100,0133,Agjencia për Informim dhe Privatësi,,34.0,388748.0,144000.0,2450.0,,,,535198.0,556580.0,579137.0,"26100 0133 Agjencia për Informim dhe Privatësi 34 388,748 144,000 2,450 535,198 556,580 579,137"
3.1,87,235,source,26100,,Agjencia për Informim dhe Privatësi,Grantet Qeveritare,,388748.0,144000.0,2450.0,,,,535198.0,556580.0,579137.0,"Grantet Qeveritare 388,748 144,000 2,450 535,198 556,580 579,137"
3.1,87,244,source,26100,,Agjencia për Informim dhe Privatësi,Të Hyrat vetanake,,0.0,0.0,,,,,,,,Të Hyrat vetanake 0 0
3.1,87,253,source,26100,,Agjencia për Informim dhe Privatësi,Financimi nga Huamarrja,,0.0,0.0,,,,,,,,Financimi nga Huamarrja 0 0
3.1,87,262,source,26100,,Agjencia për Informim dhe Privatësi,Të Hyrat nga AKP,,,,,,,,,,,Të Hyrat nga AKP
3.1,87,271,org,255,,Agjencia për Mbrojtjen e Informacion,,25.0,416362.0,280000.0,10000.0,,200000.0,,906362.0,886262.0,910422.0,"255 Agjencia për Mbrojtjen e Informacion 25 416,362 280,000 10,000 200,000 906,362 886,262 910,422"
3.1,87,280,source,255,,Agjencia për Mbrojtjen e Informacion,Grantet Qeveritare,,416362.0,280000.0,10000.0,,200000.0,,906362.0,886262.0,910422.0,"Grantet Qeveritare 416,362 280,000 10,000 200,000 906,362 886,262 910,422"
3.1,87,289,source,255,,Agjencia për Mbrojtjen e Informacion,Të Hyrat vetanake,,0.0,0.0,,,0.0,,0.0,0.0,0.0,Të Hyrat vetanake 0 0 0 0 0 0
3.1,87,298,source,255,,Agjencia për Mbrojtjen e Informacion,Financimi nga Huamarrja,,0.0,0.0,,,0.0,,0.0,0.0,0.0,Financimi nga Huamarrja 0 0 0 0 0 0
3.1,87,307,source,255,,Agjencia për Mbrojtjen e Informacion,Të Hyrat nga AKP,,,,,,0.0,,0.0,0.0,0.0,Të Hyrat nga AKP 0 0 0 0
3.1,87,316,prog,,,Agjencia për Mbrojtjen e,,25.0,416362.0,280000.0,10000.0,,200000.0,,906362.0,886262.0,910422.0,"Agjencia për Mbrojtjen e 25 416,362 280,000 10,000 200,000 906,362 886,262 910,422"
3.1,87,325,source,,,Agjencia për Mbrojtjen e,Grantet Qeveritare,,416362.0,280000.0,10000.0,,200000.0,,906362.0,886262.0,910422.0,"Grantet Qeveritare 416,362 280,000 10,000 200,000 906,362 886,262 910,422"
3.1,87,334,source,,,Agjencia për Mbrojtjen e,Të Hyrat vetanake,,0.0,0.0,,,0.0,,0.0,0.0,0.0,Të Hyrat vetanake 0 0 0 0 0 0
3.1,87,343,source,,,Agjencia për Mbrojtjen e,Financimi nga Huamarrja,,0.0,0.0,,,0.0,,0.0,0.0,0.0,Financimi nga Huamarrja 0 0 0 0 0 0
3.1,87,352,source,,,Agjencia për Mbrojtjen e,Të Hyrat nga AKP,,,,,,0.0,,0.0,0.0,0.0,Të Hyrat nga AKP 0 0 0 0
3.1,87,361,sub,35500,0360,Agjencia për Mbrojtjen e Informacionit,,25.0,416362.0,280000.0,10000.0,,200000.0,,906362.0,886262.0,910422.0,"35500 0360 Agjencia për Mbrojtjen e Informacionit të Kla 25 416,362 280,000 10,000 200,000 906,362 886,262 910,422"
3.1,87,370,source,35500,,Agjencia për Mbrojtjen e Informacionit,Grantet Qeveritare,,416362.0,280000.0,10000.0,,200000.0,,906362.0,886262.0,910422.0,"Grantet Qeveritare 416,362 280,000 10,000 200,000 906,362 886,262 910,422"
3.1,87,379,source,35500,,Agjencia për Mbrojtjen e Informacionit,Të Hyrat vetanake,,0.0,0.0,,,0.0,,0.0,0.0,0.0,Të Hyrat vetanake 0 0 0 0 0 0
3.1,87,388,source,35500,,Agjencia për Mbrojtjen e Informacionit,Financimi nga Huamarrja,,0.0,0.0,,,0.0,,0.0,0.0,0.0,Financimi nga Huamarrja 0 0 0 0 0 0
3.1,87,397,source,35500,,Agjencia për Mbrojtjen e Informacionit,Të Hyrat nga AKP,,,,,,0.0,,0.0,0.0,0.0,Të Hyrat nga AKP 0 0 0 0
3.1,87,406,org,313,,Autoriteti Rregullator për Shërbimet e,,21.0,260678.0,143000.0,6503.0,,,,410181.0,424518.0,439644.0,"313 Autoriteti Rregullator për Shërbimet e 21 260,678 143,000 6,503 410,181 424,518 439,644"
3.1,87,415,source,313,,Autoriteti Rregullator për Shërbimet e,Grantet Qeveritare,,260678.0,143000.0,6503.0,,,,410181.0,424518.0,439644.0,"Grantet Qeveritare 260,678 143,000 6,503 410,181 424,518 439,644"
3.1,87,424,source,313,,Autoriteti Rregullator për Shërbimet e,Të Hyrat vetanake,,0.0,0.0,,,,,,,,Të Hyrat vetanake 0 0
3.1,87,433,source,313,,Autoriteti Rregullator për Shërbimet e,Financimi nga Huamarrja,,0.0,0.0,,,,,,,,Financimi nga Huamarrja 0 0
3.1,87,442,source,313,,Autoriteti Rregullator për Shërbimet e,Të Hyrat nga AKP,,,,,,,,,,,Të Hyrat nga AKP
3.1,87,451,prog,,,Autoriteti Rregullator për,,21.0,260678.0,143000.0,6503.0,,,,410181.0,424518.0,439644.0,"Autoriteti Rregullator për 21 260,678 143,000 6,503 410,181 424,518 439,644"
3.1,87,460,source,,,Autoriteti Rregullator për,Grantet Qeveritare,,260678.0,143000.0,6503.0,,,,410181.0,424518.0,439644.0,"Grantet Qeveritare 260,678 143,000 6,503 410,181 424,518 439,644"
3.1,87,469,source,,,Autoriteti Rregullator për,Të Hyrat vetanake,,0.0,0.0,,,,,,,,Të Hyrat vetanake 0 0
3.1,87,478,source,,,Autoriteti Rregullator për,Financimi nga Huamarrja,,0.0,0.0,,,,,,,,Financimi nga Huamarrja 0 0
3.1,87,487,source,,,Autoriteti Rregullator për,Të Hyrat nga AKP,,,,,,,,,,,Të Hyrat nga AKP
3.1,87,496,sub,50200,0520,Autoriteti Rregullator për Shërbimet,,21.0,260678.0,143000.0,6503.0,,,,410181.0,424518.0,439644.0,"50200 0520 Autoriteti Rregullator për Shërbimet e Ujit 21 260,678 143,000 6,503 410,181 424,518 439,644"
3.1,87,505,source,50200,,Autoriteti Rregullator për Shërbimet,Grantet Qeveritare,,260678.0,143000.0,6503.0,,,,410181.0,424518.0,439644.0,"Grantet Qeveritare 260,678 143,000 6,503 410,181 424,518 439,644"
3.1,87,514,source,50200,,Autoriteti Rregullator për Shërbimet,Të Hyrat vetanake,,0.0,0.0,,,,,,,,Të Hyrat vetanake 0 0
3.1,87,523,source,50200,,Autoriteti Rregullator për Shërbimet,Financimi nga Huamarrja,,0.0,0.0,,,,,,,,Financimi nga Huamarrja 0 0
3.1,87,532,source,50200,,Autoriteti Rregullator për Shërbimet,Të Hyrat nga AKP,,,,,,,,,,,Të Hyrat nga AKP
3.1,88,91,org,314,,Autoriteti Rregullativ i Hekurudhave,,29.0,303789.0,127000.0,6400.0,,10000.0,,447189.0,453898.0,471525.0,"314 Autoriteti Rregullativ i Hekurudhave 29 303,789 127,000 6,400 10,000 447,189 453,898 471,525"
3.1,88,100,source,314,,Autoriteti Rregullativ i Hekurudhave,Grantet Qeveritare,,303789.0,127000.0,6400.0,,10000.0,,447189.0,453898.0,471525.0,"Grantet Qeveritare 303,789 127,000 6,400 10,000 447,189 453,898 471,525"
3.1,88,109,source,314,,Autoriteti Rregullativ i Hekurudhave,Të Hyrat vetanake,,0.0,0.0,,,0.0,,0.0,0.0,0.0,Të Hyrat vetanake 0 0 0 0 0 0
3.1,88,118,source,314,,Autoriteti Rregullativ i Hekurudhave,Financimi nga Huamarrja,,0.0,0.0,,,0.0,,0.0,0.0,0.0,Financimi nga Huamarrja 0 0 0 0 0 0
3.1,88,127,source,314,,Autoriteti Rregullativ i Hekurudhave,Të Hyrat nga AKP,,,,,,0.0,,0.0,0.0,0.0,Të Hyrat nga AKP 0 0 0 0
3.1,88,136,prog,,,Autoriteti Rregullativ i He,,29.0,303789.0,127000.0,6400.0,,10000.0,,447189.0,453898.0,471525.0,"Autoriteti Rregullativ i He 29 303,789 127,000 6,400 10,000 447,189 453,898 471,525"
3.1,88,145,source,,,Autoriteti Rregullativ i He,Grantet Qeveritare,,303789.0,127000.0,6400.0,,10000.0,,447189.0,453898.0,471525.0,"Grantet Qeveritare 303,789 127,000 6,400 10,000 447,189 453,898 471,525"
3.1,88,154,source,,,Autoriteti Rregullativ i He,Të Hyrat vetanake,,0.0,0.0,,,0.0,,0.0,0.0,0.0,Të Hyrat vetanake 0 0 0 0 0 0
3.1,88,163,source,,,Autoriteti Rregullativ i He,Financimi nga Huamarrja,,0.0,0.0,,,0.0,,0.0,0.0,0.0,Financimi nga Huamarrja 0 0 0 0 0 0
3.1,88,172,source,,,Autoriteti Rregullativ i He,Të Hyrat nga AKP,,,,,,0.0,,0.0,0.0,0.0,Të Hyrat nga AKP 0 0 0 0
3.1,88,181,sub,45500,0453,Autoriteti Rregullativ i Hekurudhave,,29.0,303789.0,127000.0,6400.0,,10000.0,,447189.0,453898.0,471525.0,"45500 0453 Autoriteti Rregullativ i Hekurudhave 29 303,789 127,000 6,400 10,000 447,189 453,898 471,525"
3.1,88,190,source,45500,,Autoriteti Rregullativ i Hekurudhave,Grantet Qeveritare,,303789.0,127000.0,6400.0,,10000.0,,447189.0,453898.0,471525.0,"Grantet Qeveritare 303,789 127,000 6,400 10,000 447,189 453,898 471,525"
3.1,88,199,source,45500,,Autoriteti Rregullativ i Hekurudhave,Të Hyrat vetanake,,0.0,0.0,,,0.0,,0.0,0.0,0.0,Të Hyrat vetanake 0 0 0 0 0 0
3.1,88,208,source,45500,,Autoriteti Rregullativ i Hekurudhave,Financimi nga Huamarrja,,0.0,0.0,,,0.0,,0.0,0.0,0.0,Financimi nga Huamarrja 0 0 0 0 0 0
3.1,88,217,source,45500,,Autoriteti Rregullativ i Hekurudhave,Të Hyrat nga AKP,,,,,,0.0,,0.0,0.0,0.0,Të Hyrat nga AKP 0 0 0 0
3.1,88,226,org,317,,Autoriteti i Aviacionit Civil,,31.0,717138.0,150000.0,3738.0,,,,870876.0,910319.0,948148.0,"317 Autoriteti i Aviacionit Civil 31 717,138 150,000 3,738 870,876 910,319 948,148"
3.1,88,235,source,317,,Autoriteti i Aviacionit Civil,Grantet Qeveritare,,717138.0,150000.0,3738.0,,,,870876.0,910319.0,948148.0,"Grantet Qeveritare 717,138 150,000 3,738 870,876 910,319 948,148"
3.1,88,244,source,317,,Autoriteti i Aviacionit Civil,Të Hyrat vetanake,,0.0,0.0,,,,,,,,Të Hyrat vetanake 0 0
3.1,88,253,source,317,,Autoriteti i Aviacionit Civil,Financimi nga Huamarrja,,0.0,0.0,,,,,,,,Financimi nga Huamarrja 0 0
3.1,88,262,source,317,,Autoriteti i Aviacionit Civil,Të Hyrat nga AKP,,,,,,,,,,,Të Hyrat nga AKP
3.1,88,271,prog,,,Autoriteti i Aviacionit Civ,,31.0,717138.0,150000.0,3738.0,,,,870876.0,910319.0,948148.0,"Autoriteti i Aviacionit Civ 31 717,138 150,000 3,738 870,876 910,319 948,148"
3.1,88,280,source,,,Autoriteti i Aviacionit Civ,Grantet Qeveritare,,717138.0,150000.0,3738.0,,,,870876.0,910319.0,948148.0,"Grantet Qeveritare 717,138 150,000 3,738 870,876 910,319 948,148"
3.1,88,289,source,,,Autoriteti i Aviacionit Civ,Të Hyrat vetanake,,0.0,0.0,,,,,,,,Të Hyrat vetanake 0 0
3.1,88,298,source,,,Autoriteti i Aviacionit Civ,Financimi nga Huamarrja,,0.0,0.0,,,,,,,,Financimi nga Huamarrja 0 0
3.1,88,307,source,,,Autoriteti i Aviacionit Civ,Të Hyrat nga AKP,,,,,,,,,,,Të Hyrat nga AKP
3.1,88,316,sub,45400,0454,Autoriteti i Aviacionit Civil,,31.0,717138.0,150000.0,3738.0,,,,870876.0,910319.0,948148.0,"45400 0454 Autoriteti i Aviacionit Civil 31 717,138 150,000 3,738 870,876 910,319 948,148"
3.1,88,325,source,45400,,Autoriteti i Aviacionit Civil,Grantet Qeveritare,,717138.0,150000.0,3738.0,,,,870876.0,910319.0,948148.0,"Grantet Qeveritare 717,138 150,000 3,738 870,876 910,319 948,148"
3.1,88,334,source,45400,,Autoriteti i Aviacionit Civil,Të Hyrat vetanake,,0.0,0.0,,,,,,,,Të Hyrat vetanake 0 0
3.1,88,343,source,45400,,Autoriteti i Aviacionit Civil,Financimi nga Huamarrja,,0.0,0.0,,,,,,,,Financimi nga Huamarrja 0 0
3.1,88,352,source,45400,,Autoriteti i Aviacionit Civil,Të Hyrat nga AKP,,,,,,,,,,,Të Hyrat nga AKP
3.1,88,361,org,318,,Komisioni i Pavarur i Minierave dhe M,,77.0,964054.0,409281.0,20600.0,,200000.0,,1593935.0,1646958.0,1702897.0,"318 Komisioni i Pavarur i Minierave dhe M 77 964,054 409,281 20,600 200,000 1,593,935 1,646,958 1,702,897"
3.1,88,370,source,318,,Komisioni i Pavarur i Minierave dhe M,Grantet Qeveritare,,964054.0,409281.0,20600.0,,200000.0,,1593935.0,1646958.0,1702897.0,"Grantet Qeveritare 964,054 409,281 20,600 200,000 1,593,935 1,646,958 1,702,897"
3.1,88,379,source,318,,Komisioni i Pavarur i Minierave dhe M,Të Hyrat vetanake,,0.0,0.0,,,0.0,,0.0,0.0,0.0,Të Hyrat vetanake 0 0 0 0 0 0
3.1,88,388,source,318,,Komisioni i Pavarur i Minierave dhe M,Financimi nga Huamarrja,,0.0,0.0,,,0.0,,0.0,0.0,0.0,Financimi nga Huamarrja 0 0 0 0 0 0
3.1,88,397,source,318,,Komisioni i Pavarur i Minierave dhe M,Të Hyrat nga AKP,,,,,,0.0,,0.0,0.0,0.0,Të Hyrat nga AKP 0 0 0 0
3.1,88,406,prog,,,Komisioni i Pavarur i Min,,77.0,964054.0,409281.0,20600.0,,200000.0,,1593935.0,1646958.0,1702897.0,"Komisioni i Pavarur i Min 77 964,054 409,281 20,600 200,000 1,593,935 1,646,958 1,702,897"
3.1,88,415,source,,,Komisioni i Pavarur i Min,Grantet Qeveritare,,964054.0,409281.0,20600.0,,200000.0,,1593935.0,1646958.0,1702897.0,"Grantet Qeveritare 964,054 409,281 20,600 200,000 1,593,935 1,646,958 1,702,897"
3.1,88,424,source,,,Komisioni i Pavarur i Min,Të Hyrat vetanake,,0.0,0.0,,,0.0,,0.0,0.0,0.0,Të Hyrat vetanake 0 0 0 0 0 0
3.1,88,433,source,,,Komisioni i Pavarur i Min,Financimi nga Huamarrja,,0.0,0.0,,,0.0,,0.0,0.0,0.0,Financimi nga Huamarrja 0 0 0 0 0 0
3.1,88,442,source,,,Komisioni i Pavarur i Min,Të Hyrat nga AKP,,,,,,0.0,,0.0,0.0,0.0,Të Hyrat nga AKP 0 0 0 0
3.1,88,451,sub,81200,0431,Komsioni i Pavarur i Minierave dhe,,77.0,964054.0,409281.0,20600.0,,200000.0,,1593935.0,1646958.0,1702897.0,"81200 0431 Komsioni i Pavarur i Minierave dhe Minerale 77 964,054 409,281 20,600 200,000 1,593,935 1,646,958 1,702,897"
3.1,88,460,source,81200,,Komsioni i Pavarur i Minierave dhe,Grantet Qeveritare,,964054.0,409281.0,20600.0,,200000.0,,1593935.0,1646958.0,1702897.0,"Grantet Qeveritare 964,054 409,281 20,600 200,000 1,593,935 1,646,958 1,702,897"
3.1,88,469,source,81200,,Komsioni i Pavarur i Minierave dhe,Të Hyrat vetanake,,0.0,0.0,,,0.0,,0.0,0.0,0.0,Të Hyrat vetanake 0 0 0 0 0 0
3.1,88,478,source,81200,,Komsioni i Pavarur i Minierave dhe,Financimi nga Huamarrja,,0.0,0.0,,,0.0,,0.0,0.0,0.0,Financimi nga Huamarrja 0 0 0 0 0 0
3.1,88,487,source,81200,,Komsioni i Pavarur i Minierave dhe,Të Hyrat nga AKP,,,,,,0.0,,0.0,0.0,0.0,Të Hyrat nga AKP 0 0 0 0
3.1,88,496,org,302,,Zyra Kombëtare e Auditimit,,185.0,2666915.0,826100.0,40000.0,,,,3533015.0,3679695.0,3834443.0,"302 Zyra Kombëtare e Auditimit 185 2,666,915 826,100 40,000 3,533,015 3,679,695 3,834,443"
3.1,88,505,source,302,,Zyra Kombëtare e Auditimit,Grantet Qeveritare,,2666915.0,826100.0,40000.0,,,,3533015.0,3679695.0,3834443.0,"Grantet Qeveritare 2,666,915 826,100 40,000 3,533,015 3,679,695 3,834,443"
3.1,88,514,source,302,,Zyra Kombëtare e Auditimit,Të Hyrat vetanake,,0.0,0.0,,,,,,,,Të Hyrat vetanake 0 0
3.1,88,523,source,302,,Zyra Kombëtare e Auditimit,Financimi nga Huamarrja,,0.0,0.0,,,,,,,,Financimi nga Huamarrja 0 0
3.1,88,532,source,302,,Zyra Kombëtare e Auditimit,Të Hyrat nga AKP,,,,,,,,,,,Të Hyrat nga AKP
3.1,89,91,prog,,,Departamenti i Auditorëv,,185.0,2666915.0,826100.0,40000.0,,,,3533015.0,3679695.0,3834443.0,"Departamenti i Auditorëv 185 2,666,915 826,100 40,000 3,533,015 3,679,695 3,834,443"
3.1,89,100,source,,,Departamenti i Auditorëv,Grantet Qeveritare,,2666915.0,826100.0,40000.0,,,,3533015.0,3679695.0,3834443.0,"Grantet Qeveritare 2,666,915 826,100 40,000 3,533,015 3,679,695 3,834,443"
3.1,89,109,source,,,Departamenti i Auditorëv,Të Hyrat vetanake,,0.0,0.0,,,,,,,,Të Hyrat vetanake 0 0
3.1,89,118,source,,,Departamenti i Auditorëv,Financimi nga Huamarrja,,0.0,0.0,,,,,,,,Financimi nga Huamarrja 0 0
3.1,89,127,source,,,Departamenti i Auditorëv,Të Hyrat nga AKP,,,,,,,,,,,Të Hyrat nga AKP
3.1,89,136,sub,13400,0112,Departamenti i Auditorëve,,185.0,2666915.0,826100.0,40000.0,,,,3533015.0,3679695.0,3834443.0,"13400 0112 Departamenti i Auditorëve 185 2,666,915 826,100 40,000 3,533,015 3,679,695 3,834,443"
3.1,89,145,source,13400,,Departamenti i Auditorëve,Grantet Qeveritare,,2666915.0,826100.0,40000.0,,,,3533015.0,3679695.0,3834443.0,"Grantet Qeveritare 2,666,915 826,100 40,000 3,533,015 3,679,695 3,834,443"
3.1,89,154,source,13400,,Departamenti i Auditorëve,Të Hyrat vetanake,,0.0,0.0,,,,,,,,Të Hyrat vetanake 0 0
3.1,89,163,source,13400,,Departamenti i Auditorëve,Financimi nga Huamarrja,,0.0,0.0,,,,,,,,Financimi nga Huamarrja 0 0
3.1,89,172,source,13400,,Departamenti i Auditorëve,Të Hyrat nga AKP,,,,,,,,,,,Të Hyrat nga AKP
3.1,89,181,org,319,,Komisioni i Pavarur i Mediave,,44.0,556650.0,409883.0,28000.0,,400000.0,,1394533.0,1025149.0,1057449.0,"319 Komisioni i Pavarur i Mediave 44 556,650 409,883 28,000 400,000 1,394,533 1,025,149 1,057,449"
3.1,89,190,source,319,,Komisioni i Pavarur i Mediave,Grantet Qeveritare,,556650.0,409883.0,28000.0,,400000.0,,1394533.0,1025149.0,1057449.0,"Grantet Qeveritare 556,650 409,883 28,000 400,000 1,394,533 1,025,149 1,057,449"
3.1,89,199,source,319,,Komisioni i Pavarur i Mediave,Të Hyrat vetanake,,0.0,0.0,,,0.0,,0.0,0.0,0.0,Të Hyrat vetanake 0 0 0 0 0 0
3.1,89,208,source,319,,Komisioni i Pavarur i Mediave,Financimi nga Huamarrja,,0.0,0.0,,,0.0,,0.0,0.0,0.0,Financimi nga Huamarrja 0 0 0 0 0 0
3.1,89,217,source,319,,Komisioni i Pavarur i Mediave,Të Hyrat nga AKP,,,,,,0.0,,0.0,0.0,0.0,Të Hyrat nga AKP 0 0 0 0
3.1,89,226,prog,,,Komisioni i Pavarur i Med,,44.0,556650.0,409883.0,28000.0,,400000.0,,1394533.0,1025149.0,1057449.0,"Komisioni i Pavarur i Med 44 556,650 409,883 28,000 400,000 1,394,533 1,025,149 1,057,449"
3.1,89,235,source,,,Komisioni i Pavarur i Med,Grantet Qeveritare,,556650.0,409883.0,28000.0,,400000.0,,1394533.0,1025149.0,1057449.0,"Grantet Qeveritare 556,650 409,883 28,000 400,000 1,394,533 1,025,149 1,057,449"
3.1,89,244,source,,,Komisioni i Pavarur i Med,Të Hyrat vetanake,,0.0,0.0,,,0.0,,0.0,0.0,0.0,Të Hyrat vetanake 0 0 0 0 0 0
3.1,89,253,source,,,Komisioni i Pavarur i Med,Financimi nga Huamarrja,,0.0,0.0,,,0.0,,0.0,0.0,0.0,Financimi nga Huamarrja 0 0 0 0 0 0
3.1,89,262,source,,,Komisioni i Pavarur i Med,Të Hyrat nga AKP,,,,,,0.0,,0.0,0.0,0.0,Të Hyrat nga AKP 0 0 0 0
3.1,89,271,sub,81100,0830,Komisioni i Pavarur i Mediave,,44.0,556650.0,409883.0,28000.0,,400000.0,,1394533.0,1025149.0,1057449.0,"81100 0830 Komisioni i Pavarur i Mediave 44 556,650 409,883 28,000 400,000 1,394,533 1,025,149 1,057,449"
3.1,89,280,source,81100,,Komisioni i Pavarur i Mediave,Grantet Qeveritare,,556650.0,409883.0,28000.0,,400000.0,,1394533.0,1025149.0,1057449.0,"Grantet Qeveritare 556,650 409,883 28,000 400,000 1,394,533 1,025,149 1,057,449"
3.1,89,289,source,81100,,Komisioni i Pavarur i Mediave,Të Hyrat vetanake,,0.0,0.0,,,0.0,,0.0,0.0,0.0,Të Hyrat vetanake 0 0 0 0 0 0
3.1,89,298,source,81100,,Komisioni i Pavarur i Mediave,Financimi nga Huamarrja,,0.0,0.0,,,0.0,,0.0,0.0,0.0,Financimi nga Huamarrja 0 0 0 0 0 0
3.1,89,307,source,81100,,Komisioni i Pavarur i Mediave,Të Hyrat nga AKP,,,,,,0.0,,0.0,0.0,0.0,Të Hyrat nga AKP 0 0 0 0
3.1,89,316,org,320,,Komisioni Qendror i Zgjedhjeve,,93.0,1267441.0,700000.0,28100.0,4800000.0,,,6795541.0,6865250.0,6958793.0,"320 Komisioni Qendror i Zgjedhjeve 93 1,267,441 700,000 28,100 4,800,000 6,795,541 6,865,250 6,958,793"
3.1,89,325,source,320,,Komisioni Qendror i Zgjedhjeve,Grantet Qeveritare,,1267441.0,700000.0,28100.0,4800000.0,,,6795541.0,6865250.0,6958793.0,"Grantet Qeveritare 1,267,441 700,000 28,100 4,800,000 6,795,541 6,865,250 6,958,793"
3.1,89,334,source,320,,Komisioni Qendror i Zgjedhjeve,Të Hyrat vetanake,,0.0,0.0,,,,,,,,Të Hyrat vetanake 0 0
3.1,89,343,source,320,,Komisioni Qendror i Zgjedhjeve,Financimi nga Huamarrja,,0.0,0.0,,,,,,,,Financimi nga Huamarrja 0 0
3.1,89,352,source,320,,Komisioni Qendror i Zgjedhjeve,Të Hyrat nga AKP,,,,,,,,,,,Të Hyrat nga AKP
3.1,89,361,prog,,,Sekretariati,,93.0,1267441.0,700000.0,28100.0,,,,1995541.0,2065250.0,2158793.0,"Sekretariati 93 1,267,441 700,000 28,100 1,995,541 2,065,250 2,158,793"
3.1,89,370,source,,,Sekretariati,Grantet Qeveritare,,1267441.0,700000.0,28100.0,,,,1995541.0,2065250.0,2158793.0,"Grantet Qeveritare 1,267,441 700,000 28,100 1,995,541 2,065,250 2,158,793"
3.1,89,379,source,,,Sekretariati,Të Hyrat vetanake,,0.0,0.0,,,,,,,,Të Hyrat vetanake 0 0
3.1,89,388,source,,,Sekretariati,Financimi nga Huamarrja,,0.0,0.0,,,,,,,,Financimi nga Huamarrja 0 0
3.1,89,397,source,,,Sekretariati,Të Hyrat nga AKP,,,,,,,,,,,Të Hyrat nga AKP
3.1,89,406,sub,14100,0160,Sekretariati,,93.0,1267441.0,700000.0,28100.0,,,,1995541.0,2065250.0,2158793.0,"14100 0160 Sekretariati 93 1,267,441 700,000 28,100 1,995,541 2,065,250 2,158,793"
3.1,89,415,source,14100,,Sekretariati,Grantet Qeveritare,,1267441.0,700000.0,28100.0,,,,1995541.0,2065250.0,2158793.0,"Grantet Qeveritare 1,267,441 700,000 28,100 1,995,541 2,065,250 2,158,793"
3.1,89,424,source,14100,,Sekretariati,Të Hyrat vetanake,,0.0,0.0,,,,,,,,Të Hyrat vetanake 0 0
3.1,89,433,source,14100,,Sekretariati,Financimi nga Huamarrja,,0.0,0.0,,,,,,,,Financimi nga Huamarrja 0 0
3.1,89,442,source,14100,,Sekretariati,Të Hyrat nga AKP,,,,,,,,,,,Të Hyrat nga AKP
3.1,89,451,prog,,,Zgjedhjet,,,,,,,,,,,,Zgjedhjet
3.1,89,460,source,,,Zgjedhjet,Grantet Qeveritare,,,0.0,,,,,,,,Grantet Qeveritare 0
3.1,89,469,source,,,Zgjedhjet,Të Hyrat vetanake,,,0.0,,,,,,,,Të Hyrat vetanake 0
3.1,89,478,source,,,Zgjedhjet,Financimi nga Huamarrja,,,0.0,,,,,,,,Financimi nga Huamarrja 0
3.1,89,487,source,,,Zgjedhjet,Të Hyrat nga AKP,,,,,,,,,,,Të Hyrat nga AKP
3.1,89,496,sub,14200,0160,Zgjedhjet,,,,,,,,,,,,14200 0160 Zgjedhjet
3.1,89,505,source,14200,,Zgjedhjet,Grantet Qeveritare,,,0.0,,,,,,,,Grantet Qeveritare 0
3.1,89,514,source,14200,,Zgjedhjet,Të Hyrat vetanake,,,0.0,,,,,,,,Të Hyrat vetanake 0
3.1,89,523,source,14200,,Zgjedhjet,Financimi nga Huamarrja,,,0.0,,,,,,,,Financimi nga Huamarrja 0
3.1,89,532,source,14200,,Zgjedhjet,Të Hyrat nga AKP,,,,,,,,,,,Të Hyrat nga AKP
3.1,90,91,prog,,,Fondi për Mbështetje e D,,,,,,4800000.0,,,4800000.0,4800000.0,4800000.0,"Fondi për Mbështetje e D 4,800,000 4,800,000 4,800,000 4,800,000"
3.1,90,100,source,,,Fondi për Mbështetje e D,Grantet Qeveritare,,,,,4800000.0,,,4800000.0,4800000.0,4800000.0,"Grantet Qeveritare 4,800,000 4,800,000 4,800,000 4,800,000"
3.1,90,109,source,,,Fondi për Mbështetje e D,Të Hyrat vetanake,,,,,,,,,,,Të Hyrat vetanake
3.1,90,118,source,,,Fondi për Mbështetje e D,Financimi nga Huamarrja,,,,,,,,,,,Financimi nga Huamarrja
3.1,90,127,source,,,Fondi për Mbështetje e D,Të Hyrat nga AKP,,,,,,,,,,,Të Hyrat nga AKP
3.1,90,136,sub,10400,0160,Mbështetja për Partitë Politike,,,,,,4800000.0,,,4800000.0,4800000.0,4800000.0,"10400 0160 Mbështetja për Partitë Politike 4,800,000 4,800,000 4,800,000 4,800,000"
3.1,90,145,source,10400,,Mbështetja për Partitë Politike,Grantet Qeveritare,,,,,4800000.0,,,4800000.0,4800000.0,4800000.0,"Grantet Qeveritare 4,800,000 4,800,000 4,800,000 4,800,000"
3.1,90,154,source,10400,,Mbështetja për Partitë Politike,Të Hyrat vetanake,,,,,,,,,,,Të Hyrat vetanake
3.1,90,163,source,10400,,Mbështetja për Partitë Politike,Financimi nga Huamarrja,,,,,,,,,,,Financimi nga Huamarrja
3.1,90,172,source,10400,,Mbështetja për Partitë Politike,Të Hyrat nga AKP,,,,,,,,,,,Të Hyrat nga AKP
3.1,90,181,org,321,,Institucioni i Avokatit të Popullit,,78.0,1066535.0,355000.0,8000.0,,60000.0,,1489535.0,1549194.0,1611080.0,"321 Institucioni i Avokatit të Popullit 78 1,066,535 355,000 8,000 60,000 1,489,535 1,549,194 1,611,080"
3.1,90,190,source,321,,Institucioni i Avokatit të Popullit,Grantet Qeveritare,,1066535.0,355000.0,8000.0,,60000.0,,1489535.0,1549194.0,1611080.0,"Grantet Qeveritare 1,066,535 355,000 8,000 60,000 1,489,535 1,549,194 1,611,080"
3.1,90,199,source,321,,Institucioni i Avokatit të Popullit,Të Hyrat vetanake,,0.0,0.0,,,0.0,,0.0,0.0,0.0,Të Hyrat vetanake 0 0 0 0 0 0
3.1,90,208,source,321,,Institucioni i Avokatit të Popullit,Financimi nga Huamarrja,,0.0,0.0,,,0.0,,0.0,0.0,0.0,Financimi nga Huamarrja 0 0 0 0 0 0
3.1,90,217,source,321,,Institucioni i Avokatit të Popullit,Të Hyrat nga AKP,,,,,,0.0,,0.0,0.0,0.0,Të Hyrat nga AKP 0 0 0 0
3.1,90,226,prog,,,Institucioni i Avokatit te P,,78.0,1066535.0,355000.0,8000.0,,60000.0,,1489535.0,1549194.0,1611080.0,"Institucioni i Avokatit te P 78 1,066,535 355,000 8,000 60,000 1,489,535 1,549,194 1,611,080"
3.1,90,235,source,,,Institucioni i Avokatit te P,Grantet Qeveritare,,1066535.0,355000.0,8000.0,,60000.0,,1489535.0,1549194.0,1611080.0,"Grantet Qeveritare 1,066,535 355,000 8,000 60,000 1,489,535 1,549,194 1,611,080"
3.1,90,244,source,,,Institucioni i Avokatit te P,Të Hyrat vetanake,,0.0,0.0,,,0.0,,0.0,0.0,0.0,Të Hyrat vetanake 0 0 0 0 0 0
3.1,90,253,source,,,Institucioni i Avokatit te P,Financimi nga Huamarrja,,0.0,0.0,,,0.0,,0.0,0.0,0.0,Financimi nga Huamarrja 0 0 0 0 0 0
3.1,90,262,source,,,Institucioni i Avokatit te P,Të Hyrat nga AKP,,,,,,0.0,,0.0,0.0,0.0,Të Hyrat nga AKP 0 0 0 0
3.1,90,271,sub,32400,0330,Institucioni i Avokatit të Popullit,,78.0,1066535.0,355000.0,8000.0,,60000.0,,1489535.0,1549194.0,1611080.0,"32400 0330 Institucioni i Avokatit të Popullit 78 1,066,535 355,000 8,000 60,000 1,489,535 1,549,194 1,611,080"
3.1,90,280,source,32400,,Institucioni i Avokatit të Popullit,Grantet Qeveritare,,1066535.0,355000.0,8000.0,,60000.0,,1489535.0,1549194.0,1611080.0,"Grantet Qeveritare 1,066,535 355,000 8,000 60,000 1,489,535 1,549,194 1,611,080"
3.1,90,289,source,32400,,Institucioni i Avokatit të Popullit,Të Hyrat vetanake,,0.0,0.0,,,0.0,,0.0,0.0,0.0,Të Hyrat vetanake 0 0 0 0 0 0
3.1,90,298,source,32400,,Institucioni i Avokatit të Popullit,Financimi nga Huamarrja,,0.0,0.0,,,0.0,,0.0,0.0,0.0,Financimi nga Huamarrja 0 0 0 0 0 0
3.1,90,307,source,32400,,Institucioni i Avokatit të Popullit,Të Hyrat nga AKP,,,,,,0.0,,0.0,0.0,0.0,Të Hyrat nga AKP 0 0 0 0
3.1,90,316,org,322,,Akademia e Drejtësisë,,32.0,336504.0,535000.0,16500.0,,,,888004.0,906511.0,926037.0,"322 Akademia e Drejtësisë 32 336,504 535,000 16,500 888,004 906,511 926,037"
3.1,90,325,source,322,,Akademia e Drejtësisë,Grantet Qeveritare,,336504.0,535000.0,16500.0,,,,888004.0,906511.0,926037.0,"Grantet Qeveritare 336,504 535,000 16,500 888,004 906,511 926,037"
3.1,90,334,source,322,,Akademia e Drejtësisë,Të Hyrat vetanake,,0.0,0.0,,,,,,,,Të Hyrat vetanake 0 0
3.1,90,343,source,322,,Akademia e Drejtësisë,Financimi nga Huamarrja,,0.0,0.0,,,,,,,,Financimi nga Huamarrja 0 0
3.1,90,352,source,322,,Akademia e Drejtësisë,Të Hyrat nga AKP,,,,,,,,,,,Të Hyrat nga AKP
3.1,90,361,prog,,,Akademia e Drejtësisë,,32.0,336504.0,535000.0,16500.0,,,,888004.0,906511.0,926037.0,"Akademia e Drejtësisë 32 336,504 535,000 16,500 888,004 906,511 926,037"
3.1,90,370,source,,,Akademia e Drejtësisë,Grantet Qeveritare,,336504.0,535000.0,16500.0,,,,888004.0,906511.0,926037.0,"Grantet Qeveritare 336,504 535,000 16,500 888,004 906,511 926,037"
3.1,90,379,source,,,Akademia e Drejtësisë,Të Hyrat vetanake,,0.0,0.0,,,,,,,,Të Hyrat vetanake 0 0
3.1,90,388,source,,,Akademia e Drejtësisë,Financimi nga Huamarrja,,0.0,0.0,,,,,,,,Financimi nga Huamarrja 0 0
3.1,90,397,source,,,Akademia e Drejtësisë,Të Hyrat nga AKP,,,,,,,,,,,Të Hyrat nga AKP
3.1,90,406,sub,91600,0970,Akademia e Drejtësisë,,32.0,336504.0,535000.0,16500.0,,,,888004.0,906511.0,926037.0,"91600 0970 Akademia e Drejtësisë 32 336,504 535,000 16,500 888,004 906,511 926,037"
3.1,90,415,source,91600,,Akademia e Drejtësisë,Grantet Qeveritare,,336504.0,535000.0,16500.0,,,,888004.0,906511.0,926037.0,"Grantet Qeveritare 336,504 535,000 16,500 888,004 906,511 926,037"
3.1,90,424,source,91600,,Akademia e Drejtësisë,Të Hyrat vetanake,,0.0,0.0,,,,,,,,Të Hyrat vetanake 0 0
3.1,90,433,source,91600,,Akademia e Drejtësisë,Financimi nga Huamarrja,,0.0,0.0,,,,,,,,Financimi nga Huamarrja 0 0
3.1,90,442,source,91600,,Akademia e Drejtësisë,Të Hyrat nga AKP,,,,,,,,,,,Të Hyrat nga AKP
3.1,90,451,org,328,,Këshilli Gjyqësor i Kosovës,,2321.0,28251055.0,5193000.0,650000.0,500000.0,3920000.0,,38514055.0,40067863.0,41707131.0,"328 Këshilli Gjyqësor i Kosovës 2,321 28,251,055 5,193,000 650,000 500,000 3,920,000 38,514,055 40,067,863 41,707,131"
3.1,90,460,source,328,,Këshilli Gjyqësor i Kosovës,Grantet Qeveritare,,28251055.0,5193000.0,650000.0,,3920000.0,,38014055.0,39567863.0,41207131.0,"Grantet Qeveritare 28,251,055 5,193,000 650,000 3,920,000 38,014,055 39,567,863 41,207,131"
3.1,90,469,source,328,,Këshilli Gjyqësor i Kosovës,Të Hyrat vetanake,,0.0,0.0,,500000.0,0.0,,500000.0,500000.0,500000.0,"Të Hyrat vetanake 0 0 500,000 0 500,000 500,000 500,000"
3.1,90,478,source,328,,Këshilli Gjyqësor i Kosovës,Financimi nga Huamarrja,,0.0,0.0,,,0.0,,0.0,0.0,0.0,Financimi nga Huamarrja 0 0 0 0 0 0
3.1,90,487,source,328,,Këshilli Gjyqësor i Kosovës,Të Hyrat nga AKP,,,,,,0.0,,0.0,0.0,0.0,Të Hyrat nga AKP 0 0 0 0
3.1,90,496,prog,,,Gjykata Supreme dhe Dh,,,,164505.0,39000.0,,,,203505.0,203505.0,203505.0,"Gjykata Supreme dhe Dh 164,505 39,000 203,505 203,505 203,505"
3.1,90,505,source,,,Gjykata Supreme dhe Dh,Grantet Qeveritare,,,164505.0,39000.0,,,,203505.0,203505.0,203505.0,"Grantet Qeveritare 164,505 39,000 203,505 203,505 203,505"
3.1,90,514,source,,,Gjykata Supreme dhe Dh,Të Hyrat vetanake,,,0.0,,,,,,,,Të Hyrat vetanake 0
3.1,90,523,source,,,Gjykata Supreme dhe Dh,Financimi nga Huamarrja,,,0.0,,,,,,,,Financimi nga Huamarrja 0
3.1,90,532,source,,,Gjykata Supreme dhe Dh,Të Hyrat nga AKP,,,,,,,,,,,Të Hyrat nga AKP
3.1,91,91,sub,31600,0330,Gjykata Supreme dhe Dhoma e Posaçme,,,,164505.0,39000.0,,,,203505.0,203505.0,203505.0,"31600 0330 Gjykata Supreme dhe Dhoma e Posaçme 164,505 39,000 203,505 203,505 203,505"
3.1,91,100,source,31600,,Gjykata Supreme dhe Dhoma e Posaçme,Grantet Qeveritare,,,164505.0,39000.0,,,,203505.0,203505.0,203505.0,"Grantet Qeveritare 164,505 39,000 203,505 203,505 203,505"
3.1,91,109,source,31600,,Gjykata Supreme dhe Dhoma e Posaçme,Të Hyrat vetanake,,,0.0,,,,,,,,Të Hyrat vetanake 0
3.1,91,118,source,31600,,Gjykata Supreme dhe Dhoma e Posaçme,Financimi nga Huamarrja,,,0.0,,,,,,,,Financimi nga Huamarrja 0
3.1,91,127,source,31600,,Gjykata Supreme dhe Dhoma e Posaçme,Të Hyrat nga AKP,,,,,,,,,,,Të Hyrat nga AKP
3.1,91,136,prog,,,Sekretariati i KGJK-së,,2294.0,27820483.0,2476795.0,50000.0,500000.0,3920000.0,,34767278.0,36320086.0,37959354.0,"Sekretariati i KGJK-së 2,294 27,820,483 2,476,795 50,000 500,000 3,920,000 34,767,278 36,320,086 37,959,354"
3.1,91,145,source,,,Sekretariati i KGJK-së,Grantet Qeveritare,,27820483.0,2476795.0,50000.0,,3920000.0,,34267278.0,35820086.0,37459354.0,"Grantet Qeveritare 27,820,483 2,476,795 50,000 3,920,000 34,267,278 35,820,086 37,459,354"
3.1,91,154,source,,,Sekretariati i KGJK-së,Të Hyrat vetanake,,0.0,0.0,,500000.0,0.0,,500000.0,500000.0,500000.0,"Të Hyrat vetanake 0 0 500,000 0 500,000 500,000 500,000"
3.1,91,163,source,,,Sekretariati i KGJK-së,Financimi nga Huamarrja,,0.0,0.0,,,0.0,,0.0,0.0,0.0,Financimi nga Huamarrja 0 0 0 0 0 0
3.1,91,172,source,,,Sekretariati i KGJK-së,Të Hyrat nga AKP,,,,,,0.0,,0.0,0.0,0.0,Të Hyrat nga AKP 0 0 0 0
3.1,91,181,sub,33300,0330,Sekretariati i KGJK-së,,2294.0,27820483.0,2476795.0,50000.0,500000.0,3920000.0,,34767278.0,36320086.0,37959354.0,"33300 0330 Sekretariati i KGJK-së 2,294 27,820,483 2,476,795 50,000 500,000 3,920,000 34,767,278 36,320,086 37,959,354"
3.1,91,190,source,33300,,Sekretariati i KGJK-së,Grantet Qeveritare,,27820483.0,2476795.0,50000.0,,3920000.0,,34267278.0,35820086.0,37459354.0,"Grantet Qeveritare 27,820,483 2,476,795 50,000 3,920,000 34,267,278 35,820,086 37,459,354"
3.1,91,199,source,33300,,Sekretariati i KGJK-së,Të Hyrat vetanake,,0.0,0.0,,500000.0,0.0,,500000.0,500000.0,500000.0,"Të Hyrat vetanake 0 0 500,000 0 500,000 500,000 500,000"
3.1,91,208,source,33300,,Sekretariati i KGJK-së,Financimi nga Huamarrja,,0.0,0.0,,,0.0,,0.0,0.0,0.0,Financimi nga Huamarrja 0 0 0 0 0 0
3.1,91,217,source,33300,,Sekretariati i KGJK-së,Të Hyrat nga AKP,,,,,,0.0,,0.0,0.0,0.0,Të Hyrat nga AKP 0 0 0 0
3.1,91,226,prog,,,Njësia për Inspektim Gjyq,,27.0,430572.0,43100.0,2500.0,,,,476172.0,477172.0,477172.0,"Njësia për Inspektim Gjyq 27 430,572 43,100 2,500 476,172 477,172 477,172"
3.1,91,235,source,,,Njësia për Inspektim Gjyq,Grantet Qeveritare,,430572.0,43100.0,2500.0,,,,476172.0,477172.0,477172.0,"Grantet Qeveritare 430,572 43,100 2,500 476,172 477,172 477,172"
3.1,91,244,source,,,Njësia për Inspektim Gjyq,Të Hyrat vetanake,,0.0,0.0,,,,,,,,Të Hyrat vetanake 0 0
3.1,91,253,source,,,Njësia për Inspektim Gjyq,Financimi nga Huamarrja,,0.0,0.0,,,,,,,,Financimi nga Huamarrja 0 0
3.1,91,262,source,,,Njësia për Inspektim Gjyq,Të Hyrat nga AKP,,,,,,,,,,,Të Hyrat nga AKP
3.1,91,271,sub,33800,0330,Njësia për Inspektim Gjyqësor,,27.0,430572.0,43100.0,2500.0,,,,476172.0,477172.0,477172.0,"33800 0330 Njësia për Inspektim Gjyqësor 27 430,572 43,100 2,500 476,172 477,172 477,172"
3.1,91,280,source,33800,,Njësia për Inspektim Gjyqësor,Grantet Qeveritare,,430572.0,43100.0,2500.0,,,,476172.0,477172.0,477172.0,"Grantet Qeveritare 430,572 43,100 2,500 476,172 477,172 477,172"
3.1,91,289,source,33800,,Njësia për Inspektim Gjyqësor,Të Hyrat vetanake,,0.0,0.0,,,,,,,,Të Hyrat vetanake 0 0
3.1,91,298,source,33800,,Njësia për Inspektim Gjyqësor,Financimi nga Huamarrja,,0.0,0.0,,,,,,,,Financimi nga Huamarrja 0 0
3.1,91,307,source,33800,,Njësia për Inspektim Gjyqësor,Të Hyrat nga AKP,,,,,,,,,,,Të Hyrat nga AKP
3.1,91,316,prog,,,Gjykata e Apelit,,,,58000.0,14000.0,,,,72000.0,72000.0,72000.0,"Gjykata e Apelit 58,000 14,000 72,000 72,000 72,000"
3.1,91,325,source,,,Gjykata e Apelit,Grantet Qeveritare,,,58000.0,14000.0,,,,72000.0,72000.0,72000.0,"Grantet Qeveritare 58,000 14,000 72,000 72,000 72,000"
3.1,91,334,source,,,Gjykata e Apelit,Të Hyrat vetanake,,,0.0,,,,,,,,Të Hyrat vetanake 0
3.1,91,343,source,,,Gjykata e Apelit,Financimi nga Huamarrja,,,0.0,,,,,,,,Financimi nga Huamarrja 0
3.1,91,352,source,,,Gjykata e Apelit,Të Hyrat nga AKP,,,,,,,,,,,Të Hyrat nga AKP
3.1,91,361,sub,38000,0330,Gjykata e Apelit,,,,58000.0,14000.0,,,,72000.0,72000.0,72000.0,"38000 0330 Gjykata e Apelit 58,000 14,000 72,000 72,000 72,000"
3.1,91,370,source,38000,,Gjykata e Apelit,Grantet Qeveritare,,,58000.0,14000.0,,,,72000.0,72000.0,72000.0,"Grantet Qeveritare 58,000 14,000 72,000 72,000 72,000"
3.1,91,379,source,38000,,Gjykata e Apelit,Të Hyrat vetanake,,,0.0,,,,,,,,Të Hyrat vetanake 0
3.1,91,388,source,38000,,Gjykata e Apelit,Financimi nga Huamarrja,,,0.0,,,,,,,,Financimi nga Huamarrja 0
3.1,91,397,source,38000,,Gjykata e Apelit,Të Hyrat nga AKP,,,,,,,,,,,Të Hyrat nga AKP
3.1,91,406,prog,,,Gjykata Themelore në Pr,,,,793100.0,200000.0,,,,993100.0,993100.0,993100.0,"Gjykata Themelore në Pr 793,100 200,000 993,100 993,100 993,100"
3.1,91,415,source,,,Gjykata Themelore në Pr,Grantet Qeveritare,,,793100.0,200000.0,,,,993100.0,993100.0,993100.0,"Grantet Qeveritare 793,100 200,000 993,100 993,100 993,100"
3.1,91,424,source,,,Gjykata Themelore në Pr,Të Hyrat vetanake,,,0.0,,,,,,,,Të Hyrat vetanake 0
3.1,91,433,source,,,Gjykata Themelore në Pr,Financimi nga Huamarrja,,,0.0,,,,,,,,Financimi nga Huamarrja 0
3.1,91,442,source,,,Gjykata Themelore në Pr,Të Hyrat nga AKP,,,,,,,,,,,Të Hyrat nga AKP
3.1,91,451,sub,38100,0330,Gjykata Themelore në Prishtinë,,,,793100.0,200000.0,,,,993100.0,993100.0,993100.0,"38100 0330 Gjykata Themelore në Prishtinë 793,100 200,000 993,100 993,100 993,100"
3.1,91,460,source,38100,,Gjykata Themelore në Prishtinë,Grantet Qeveritare,,,793100.0,200000.0,,,,993100.0,993100.0,993100.0,"Grantet Qeveritare 793,100 200,000 993,100 993,100 993,100"
3.1,91,469,source,38100,,Gjykata Themelore në Prishtinë,Të Hyrat vetanake,,,0.0,,,,,,,,Të Hyrat vetanake 0
3.1,91,478,source,38100,,Gjykata Themelore në Prishtinë,Financimi nga Huamarrja,,,0.0,,,,,,,,Financimi nga Huamarrja 0
3.1,91,487,source,38100,,Gjykata Themelore në Prishtinë,Të Hyrat nga AKP,,,,,,,,,,,Të Hyrat nga AKP
3.1,91,496,prog,,,Gjykata Themelore në Pr,,,,332000.0,46000.0,,,,378000.0,378000.0,378000.0,"Gjykata Themelore në Pr 332,000 46,000 378,000 378,000 378,000"
3.1,91,505,source,,,Gjykata Themelore në Pr,Grantet Qeveritare,,,332000.0,46000.0,,,,378000.0,378000.0,378000.0,"Grantet Qeveritare 332,000 46,000 378,000 378,000 378,000"
3.1,91,514,source,,,Gjykata Themelore në Pr,Të Hyrat vetanake,,,0.0,,,,,,,,Të Hyrat vetanake 0
3.1,91,523,source,,,Gjykata Themelore në Pr,Financimi nga Huamarrja,,,0.0,,,,,,,,Financimi nga Huamarrja 0
3.1,91,532,source,,,Gjykata Themelore në Pr,Të Hyrat nga AKP,,,,,,,,,,,Të Hyrat nga AKP
3.1,92,91,sub,38200,0330,Gjykata Themelore në Prizren,,,,332000.0,46000.0,,,,378000.0,378000.0,378000.0,"38200 0330 Gjykata Themelore në Prizren 332,000 46,000 378,000 378,000 378,000"
3.1,92,100,source,38200,,Gjykata Themelore në Prizren,Grantet Qeveritare,,,332000.0,46000.0,,,,378000.0,378000.0,378000.0,"Grantet Qeveritare 332,000 46,000 378,000 378,000 378,000"
3.1,92,109,source,38200,,Gjykata Themelore në Prizren,Të Hyrat vetanake,,,0.0,,,,,,,,Të Hyrat vetanake 0
3.1,92,118,source,38200,,Gjykata Themelore në Prizren,Financimi nga Huamarrja,,,0.0,,,,,,,,Financimi nga Huamarrja 0
3.1,92,127,source,38200,,Gjykata Themelore në Prizren,Të Hyrat nga AKP,,,,,,,,,,,Të Hyrat nga AKP
3.1,92,136,prog,,,Gjykata Themelore në Gji,,,,302000.0,50000.0,,,,352000.0,352000.0,352000.0,"Gjykata Themelore në Gji 302,000 50,000 352,000 352,000 352,000"
3.1,92,145,source,,,Gjykata Themelore në Gji,Grantet Qeveritare,,,302000.0,50000.0,,,,352000.0,352000.0,352000.0,"Grantet Qeveritare 302,000 50,000 352,000 352,000 352,000"
3.1,92,154,source,,,Gjykata Themelore në Gji,Të Hyrat vetanake,,,0.0,,,,,,,,Të Hyrat vetanake 0
3.1,92,163,source,,,Gjykata Themelore në Gji,Financimi nga Huamarrja,,,0.0,,,,,,,,Financimi nga Huamarrja 0
3.1,92,172,source,,,Gjykata Themelore në Gji,Të Hyrat nga AKP,,,,,,,,,,,Të Hyrat nga AKP
3.1,92,181,sub,38300,0330,Gjykata Themelore në Gjilan,,,,302000.0,50000.0,,,,352000.0,352000.0,352000.0,"38300 0330 Gjykata Themelore në Gjilan 302,000 50,000 352,000 352,000 352,000"
3.1,92,190,source,38300,,Gjykata Themelore në Gjilan,Grantet Qeveritare,,,302000.0,50000.0,,,,352000.0,352000.0,352000.0,"Grantet Qeveritare 302,000 50,000 352,000 352,000 352,000"
3.1,92,199,source,38300,,Gjykata Themelore në Gjilan,Të Hyrat vetanake,,,0.0,,,,,,,,Të Hyrat vetanake 0
3.1,92,208,source,38300,,Gjykata Themelore në Gjilan,Financimi nga Huamarrja,,,0.0,,,,,,,,Financimi nga Huamarrja 0
3.1,92,217,source,38300,,Gjykata Themelore në Gjilan,Të Hyrat nga AKP,,,,,,,,,,,Të Hyrat nga AKP
3.1,92,226,prog,,,Gjykata Themelore në Fe,,,,227500.0,50000.0,,,,277500.0,277500.0,277500.0,"Gjykata Themelore në Fe 227,500 50,000 277,500 277,500 277,500"
3.1,92,235,source,,,Gjykata Themelore në Fe,Grantet Qeveritare,,,227500.0,50000.0,,,,277500.0,277500.0,277500.0,"Grantet Qeveritare 227,500 50,000 277,500 277,500 277,500"
3.1,92,244,source,,,Gjykata Themelore në Fe,Të Hyrat vetanake,,,0.0,,,,,,,,Të Hyrat vetanake 0
3.1,92,253,source,,,Gjykata Themelore në Fe,Financimi nga Huamarrja,,,0.0,,,,,,,,Financimi nga Huamarrja 0
3.1,92,262,source,,,Gjykata Themelore në Fe,Të Hyrat nga AKP,,,,,,,,,,,Të Hyrat nga AKP
3.1,92,271,sub,38400,0330,Gjykata Themelore në Ferizaj,,,,227500.0,50000.0,,,,277500.0,277500.0,277500.0,"38400 0330 Gjykata Themelore në Ferizaj 227,500 50,000 277,500 277,500 277,500"
3.1,92,280,source,38400,,Gjykata Themelore në Ferizaj,Grantet Qeveritare,,,227500.0,50000.0,,,,277500.0,277500.0,277500.0,"Grantet Qeveritare 227,500 50,000 277,500 277,500 277,500"
3.1,92,289,source,38400,,Gjykata Themelore në Ferizaj,Të Hyrat vetanake,,,0.0,,,,,,,,Të Hyrat vetanake 0
3.1,92,298,source,38400,,Gjykata Themelore në Ferizaj,Financimi nga Huamarrja,,,0.0,,,,,,,,Financimi nga Huamarrja 0
3.1,92,307,source,38400,,Gjykata Themelore në Ferizaj,Të Hyrat nga AKP,,,,,,,,,,,Të Hyrat nga AKP
3.1,92,316,prog,,,Gjykata Themelore në Pe,,,,274000.0,51000.0,,,,325000.0,325000.0,325000.0,"Gjykata Themelore në Pe 274,000 51,000 325,000 325,000 325,000"
3.1,92,325,source,,,Gjykata Themelore në Pe,Grantet Qeveritare,,,274000.0,51000.0,,,,325000.0,325000.0,325000.0,"Grantet Qeveritare 274,000 51,000 325,000 325,000 325,000"
3.1,92,334,source,,,Gjykata Themelore në Pe,Të Hyrat vetanake,,,0.0,,,,,,,,Të Hyrat vetanake 0
3.1,92,343,source,,,Gjykata Themelore në Pe,Financimi nga Huamarrja,,,0.0,,,,,,,,Financimi nga Huamarrja 0
3.1,92,352,source,,,Gjykata Themelore në Pe,Të Hyrat nga AKP,,,,,,,,,,,Të Hyrat nga AKP
3.1,92,361,sub,38500,0330,Gjykata Themelore në Pejë,,,,274000.0,51000.0,,,,325000.0,325000.0,325000.0,"38500 0330 Gjykata Themelore në Pejë 274,000 51,000 325,000 325,000 325,000"
3.1,92,370,source,38500,,Gjykata Themelore në Pejë,Grantet Qeveritare,,,274000.0,51000.0,,,,325000.0,325000.0,325000.0,"Grantet Qeveritare 274,000 51,000 325,000 325,000 325,000"
3.1,92,379,source,38500,,Gjykata Themelore në Pejë,Të Hyrat vetanake,,,0.0,,,,,,,,Të Hyrat vetanake 0
3.1,92,388,source,38500,,Gjykata Themelore në Pejë,Financimi nga Huamarrja,,,0.0,,,,,,,,Financimi nga Huamarrja 0
3.1,92,397,source,38500,,Gjykata Themelore në Pejë,Të Hyrat nga AKP,,,,,,,,,,,Të Hyrat nga AKP
3.1,92,406,prog,,,Gjykata Themelore në Gja,,,,174000.0,88000.0,,,,262000.0,262000.0,262000.0,"Gjykata Themelore në Gja 174,000 88,000 262,000 262,000 262,000"
3.1,92,415,source,,,Gjykata Themelore në Gja,Grantet Qeveritare,,,174000.0,88000.0,,,,262000.0,262000.0,262000.0,"Grantet Qeveritare 174,000 88,000 262,000 262,000 262,000"
3.1,92,424,source,,,Gjykata Themelore në Gja,Të Hyrat vetanake,,,0.0,,,,,,,,Të Hyrat vetanake 0
3.1,92,433,source,,,Gjykata Themelore në Gja,Financimi nga Huamarrja,,,0.0,,,,,,,,Financimi nga Huamarrja 0
3.1,92,442,source,,,Gjykata Themelore në Gja,Të Hyrat nga AKP,,,,,,,,,,,Të Hyrat nga AKP
3.1,92,451,sub,38600,0330,Gjykata Themelore në Gjakovë,,,,174000.0,88000.0,,,,262000.0,262000.0,262000.0,"38600 0330 Gjykata Themelore në Gjakovë 174,000 88,000 262,000 262,000 262,000"
3.1,92,460,source,38600,,Gjykata Themelore në Gjakovë,Grantet Qeveritare,,,174000.0,88000.0,,,,262000.0,262000.0,262000.0,"Grantet Qeveritare 174,000 88,000 262,000 262,000 262,000"
3.1,92,469,source,38600,,Gjykata Themelore në Gjakovë,Të Hyrat vetanake,,,0.0,,,,,,,,Të Hyrat vetanake 0
3.1,92,478,source,38600,,Gjykata Themelore në Gjakovë,Financimi nga Huamarrja,,,0.0,,,,,,,,Financimi nga Huamarrja 0
3.1,92,487,source,38600,,Gjykata Themelore në Gjakovë,Të Hyrat nga AKP,,,,,,,,,,,Të Hyrat nga AKP
3.1,92,496,prog,,,Gjykata Themelore në Mi,,,,289500.0,57000.0,,,,346500.0,346500.0,346500.0,"Gjykata Themelore në Mi 289,500 57,000 346,500 346,500 346,500"
3.1,92,505,source,,,Gjykata Themelore në Mi,Grantet Qeveritare,,,289500.0,57000.0,,,,346500.0,346500.0,346500.0,"Grantet Qeveritare 289,500 57,000 346,500 346,500 346,500"
3.1,92,514,source,,,Gjykata Themelore në Mi,Të Hyrat vetanake,,,0.0,,,,,,,,Të Hyrat vetanake 0
3.1,92,523,source,,,Gjykata Themelore në Mi,Financimi nga Huamarrja,,,0.0,,,,,,,,Financimi nga Huamarrja 0
3.1,92,532,source,,,Gjykata Themelore në Mi,Të Hyrat nga AKP,,,,,,,,,,,Të Hyrat nga AKP
3.1,93,91,sub,38700,0330,Gjykata Themelore në Mitrovicë,,,,289500.0,57000.0,,,,346500.0,346500.0,346500.0,"38700 0330 Gjykata Themelore në Mitrovicë 289,500 57,000 346,500 346,500 346,500"
3.1,93,100,source,38700,,Gjykata Themelore në Mitrovicë,Grantet Qeveritare,,,289500.0,57000.0,,,,346500.0,346500.0,346500.0,"Grantet Qeveritare 289,500 57,000 346,500 346,500 346,500"
3.1,93,109,source,38700,,Gjykata Themelore në Mitrovicë,Të Hyrat vetanake,,,0.0,,,,,,,,Të Hyrat vetanake 0
3.1,93,118,source,38700,,Gjykata Themelore në Mitrovicë,Financimi nga Huamarrja,,,0.0,,,,,,,,Financimi nga Huamarrja 0
3.1,93,127,source,38700,,Gjykata Themelore në Mitrovicë,Të Hyrat nga AKP,,,,,,,,,,,Të Hyrat nga AKP
3.1,93,136,prog,,,Gjykata Komerciale,,,,58500.0,2500.0,,,,61000.0,61000.0,61000.0,"Gjykata Komerciale 58,500 2,500 61,000 61,000 61,000"
3.1,93,145,source,,,Gjykata Komerciale,Grantet Qeveritare,,,58500.0,2500.0,,,,61000.0,61000.0,61000.0,"Grantet Qeveritare 58,500 2,500 61,000 61,000 61,000"
3.1,93,154,source,,,Gjykata Komerciale,Të Hyrat vetanake,,,0.0,,,,,,,,Të Hyrat vetanake 0
3.1,93,163,source,,,Gjykata Komerciale,Financimi nga Huamarrja,,,0.0,,,,,,,,Financimi nga Huamarrja 0
3.1,93,172,source,,,Gjykata Komerciale,Të Hyrat nga AKP,,,,,,,,,,,Të Hyrat nga AKP
3.1,93,181,sub,38900,0330,Gjykata Komerciale,,,,58500.0,2500.0,,,,61000.0,61000.0,61000.0,"38900 0330 Gjykata Komerciale 58,500 2,500 61,000 61,000 61,000"
3.1,93,190,source,38900,,Gjykata Komerciale,Grantet Qeveritare,,,58500.0,2500.0,,,,61000.0,61000.0,61000.0,"Grantet Qeveritare 58,500 2,500 61,000 61,000 61,000"
3.1,93,199,source,38900,,Gjykata Komerciale,Të Hyrat vetanake,,,0.0,,,,,,,,Të Hyrat vetanake 0
3.1,93,208,source,38900,,Gjykata Komerciale,Financimi nga Huamarrja,,,0.0,,,,,,,,Financimi nga Huamarrja 0
3.1,93,217,source,38900,,Gjykata Komerciale,Të Hyrat nga AKP,,,,,,,,,,,Të Hyrat nga AKP
3.1,93,226,org,329,,Agjencia Kosovare për Krahasim Ver,,200.0,1845875.0,851090.0,48523.0,,431500.0,,3176988.0,3278511.0,3385618.0,"329 Agjencia Kosovare për Krahasim Ver 200 1,845,875 851,090 48,523 431,500 3,176,988 3,278,511 3,385,618"
3.1,93,235,source,329,,Agjencia Kosovare për Krahasim Ver,Grantet Qeveritare,,1845875.0,851090.0,48523.0,,431500.0,,3176988.0,3278511.0,3385618.0,"Grantet Qeveritare 1,845,875 851,090 48,523 431,500 3,176,988 3,278,511 3,385,618"
3.1,93,244,source,329,,Agjencia Kosovare për Krahasim Ver,Të Hyrat vetanake,,0.0,0.0,,,0.0,,0.0,0.0,0.0,Të Hyrat vetanake 0 0 0 0 0 0
3.1,93,253,source,329,,Agjencia Kosovare për Krahasim Ver,Financimi nga Huamarrja,,0.0,0.0,,,0.0,,0.0,0.0,0.0,Financimi nga Huamarrja 0 0 0 0 0 0
3.1,93,262,source,329,,Agjencia Kosovare për Krahasim Ver,Të Hyrat nga AKP,,,,,,0.0,,0.0,0.0,0.0,Të Hyrat nga AKP 0 0 0 0
3.1,93,271,prog,,,Agjencia Kosovare për K,,200.0,1845875.0,851090.0,48523.0,,431500.0,,3176988.0,3278511.0,3385618.0,"Agjencia Kosovare për K 200 1,845,875 851,090 48,523 431,500 3,176,988 3,278,511 3,385,618"
3.1,93,280,source,,,Agjencia Kosovare për K,Grantet Qeveritare,,1845875.0,851090.0,48523.0,,431500.0,,3176988.0,3278511.0,3385618.0,"Grantet Qeveritare 1,845,875 851,090 48,523 431,500 3,176,988 3,278,511 3,385,618"
3.1,93,289,source,,,Agjencia Kosovare për K,Të Hyrat vetanake,,0.0,0.0,,,0.0,,0.0,0.0,0.0,Të Hyrat vetanake 0 0 0 0 0 0
3.1,93,298,source,,,Agjencia Kosovare për K,Financimi nga Huamarrja,,0.0,0.0,,,0.0,,0.0,0.0,0.0,Financimi nga Huamarrja 0 0 0 0 0 0
3.1,93,307,source,,,Agjencia Kosovare për K,Të Hyrat nga AKP,,,,,,0.0,,0.0,0.0,0.0,Të Hyrat nga AKP 0 0 0 0
3.1,93,316,sub,60600,0660,Agjencia Kosovare për Krahasim Verifik.të,,200.0,1845875.0,851090.0,48523.0,,431500.0,,3176988.0,3278511.0,3385618.0,"60600 0660 Agjencia Kosovare për Krahasim Verifik.të P 200 1,845,875 851,090 48,523 431,500 3,176,988 3,278,511 3,385,618"
3.1,93,325,source,60600,,Agjencia Kosovare për Krahasim Verifik.të,Grantet Qeveritare,,1845875.0,851090.0,48523.0,,431500.0,,3176988.0,3278511.0,3385618.0,"Grantet Qeveritare 1,845,875 851,090 48,523 431,500 3,176,988 3,278,511 3,385,618"
3.1,93,334,source,60600,,Agjencia Kosovare për Krahasim Verifik.të,Të Hyrat vetanake,,0.0,0.0,,,0.0,,0.0,0.0,0.0,Të Hyrat vetanake 0 0 0 0 0 0
3.1,93,343,source,60600,,Agjencia Kosovare për Krahasim Verifik.të,Financimi nga Huamarrja,,0.0,0.0,,,0.0,,0.0,0.0,0.0,Financimi nga Huamarrja 0 0 0 0 0 0
3.1,93,352,source,60600,,Agjencia Kosovare për Krahasim Verifik.të,Të Hyrat nga AKP,,,,,,0.0,,0.0,0.0,0.0,Të Hyrat nga AKP 0 0 0 0
3.1,93,370,table_total,,,Total:,,45545.0,558354078.0,370222273.0,18447735.0,1316794657.0,653551652.0,10000000.0,2927370395.0,3139750929.0,3280284836.0,"Total: 45,545 558,354,078 370,222,273 18,447,735 1,316,794,657 653,551,652 10,000,000 2,927,370,395 3,139,750,929 3,280,284,836"
3.1,93,384,table_total_src,,,,Grantet Qeveritare:,,556121632.0,343035722.0,18211645.0,1301487657.0,650901652.0,10000000.0,2879758308.0,3000537107.0,3193621572.0,"Grantet Qeveritare: 556,121,632 343,035,722 18,211,645 1,301,487,657 650,901,652 10,000,000 2,879,758,308 3,000,537,107 3,193,621,572"
3.1,93,398,table_total_src,,,,Te Hyrat Vetanake:,,2232446.0,2180105.0,236090.0,1307000.0,0.0,0.0,5955641.0,5955641.0,6152641.0,"Te Hyrat Vetanake: 2,232,446 2,180,105 236,090 1,307,000 0 0 5,955,641 5,955,641 6,152,641"
3.1,93,411,table_total_src,,,Buxheti i Përgjithshëm i Kosovës Financimi,Financimi nga Huamarrja:,,0.0,25006446.0,0.0,14000000.0,2650000.0,0.0,41656446.0,133258181.0,80510623.0,"Buxheti i Përgjithshëm i Kosovës Financimi nga Huamarrja: 0 25,006,446 0 14,000,000 2,650,000 0 41,656,446 133,258,181 80,510,623"
3.1,93,425,table_total_src,,,,Të Hyrat nga AKP:,,,,,0.0,0.0,,0.0,0.0,0.0,Të Hyrat nga AKP: 0 0 0 0 0
