table,page,top,kind,org,prog,sub,func,prop_code,proj_code,dates,name,source,flag,spent_to_2025,cont_2026,new_2026,total_2026,y2027,y2028,y2029plus,project_total,raw
3.2,97,213,project,101000 - Kuvendi i Kosovës,101002 - Administrata e Kuvendit,10200 - Personeli/Administrata e Kuvendit,0111,101002-1523431,14311,03.2023-09.2026,Pajisje tjera,,,,,,,,,,,0111 101002-1523431 14311 03.2023-09.2026 Pajisje tjera
3.2,97,228,source,101000 - Kuvendi i Kosovës,101002 - Administrata e Kuvendit,10200 - Personeli/Administrata e Kuvendit,0111,101002-1523431,14311,03.2023-09.2026,Pajisje tjera,GQ,,102628.0,10000.0,0.0,10000.0,10000.0,10000.0,0.0,132628.0,"GQ 102,628 10,000 0 10,000 10,000 10,000 0 132,628"
3.2,97,242,project,101000 - Kuvendi i Kosovës,101002 - Administrata e Kuvendit,10200 - Personeli/Administrata e Kuvendit,0111,101002-2546041,19607,02.2025-10.2027,Blerja e veturave,,,,,,,,,,,0111 101002-2546041 19607 02.2025-10.2027 Blerja e veturave
3.2,97,256,source,101000 - Kuvendi i Kosovës,101002 - Administrata e Kuvendit,10200 - Personeli/Administrata e Kuvendit,0111,101002-2546041,19607,02.2025-10.2027,Blerja e veturave,GQ,,209580.0,100000.0,0.0,100000.0,150000.0,150000.0,0.0,609580.0,"GQ 209,580 100,000 0 100,000 150,000 150,000 0 609,580"
3.2,97,270,project,101000 - Kuvendi i Kosovës,101002 - Administrata e Kuvendit,10200 - Personeli/Administrata e Kuvendit,0111,101002-2547256,19652,02.2025-09.2028,Sistemi i vrojtimit - furnizimi me kamera,,,,,,,,,,,0111 101002-2547256 19652 02.2025-09.2028 Sistemi i vrojtimit - furnizimi me kamera
3.2,97,284,source,101000 - Kuvendi i Kosovës,101002 - Administrata e Kuvendit,10200 - Personeli/Administrata e Kuvendit,0111,101002-2547256,19652,02.2025-09.2028,Sistemi i vrojtimit - furnizimi me kamera,GQ,,0.0,0.0,50000.0,50000.0,40000.0,40000.0,0.0,130000.0,"GQ 0 0 50,000 50,000 40,000 40,000 0 130,000"
3.2,97,298,project,101000 - Kuvendi i Kosovës,101002 - Administrata e Kuvendit,10200 - Personeli/Administrata e Kuvendit,0133,101002-2647711,20672,02.2026-09.2026,Sistemi i hyrje daljeve,,,,,,,,,,,0133 101002-2647711 20672 02.2026-09.2026 Sistemi i hyrje daljeve
3.2,97,313,source,101000 - Kuvendi i Kosovës,101002 - Administrata e Kuvendit,10200 - Personeli/Administrata e Kuvendit,0133,101002-2647711,20672,02.2026-09.2026,Sistemi i hyrje daljeve,GQ,,0.0,0.0,30000.0,30000.0,0.0,0.0,0.0,30000.0,"GQ 0 0 30,000 30,000 0 0 0 30,000"
3.2,97,327,project,101000 - Kuvendi i Kosovës,101002 - Administrata e Kuvendit,10200 - Personeli/Administrata e Kuvendit,0133,101002-2647713,20673,03.2026-10.2026,Printer per ID kartela,,,,,,,,,,,0133 101002-2647713 20673 03.2026-10.2026 Printer per ID kartela
3.2,97,341,source,101000 - Kuvendi i Kosovës,101002 - Administrata e Kuvendit,10200 - Personeli/Administrata e Kuvendit,0133,101002-2647713,20673,03.2026-10.2026,Printer per ID kartela,GQ,,0.0,0.0,10000.0,10000.0,0.0,0.0,0.0,10000.0,"GQ 0 0 10,000 10,000 0 0 0 10,000"
3.2,97,355,subtotal,101000 - Kuvendi i Kosovës,101002 - Administrata e Kuvendit,10200 - Personeli/Administrata e Kuvendit,,,,,Totali ( GQ ) - Personeli/Administrata e Kuvendit,GQ,,312208.0,110000.0,90000.0,200000.0,200000.0,200000.0,0.0,912208.0,"Totali ( GQ ) - Personeli/Administrata e Kuvendit 312,208 110,000 90,000 200,000 200,000 200,000 0 912,208"
3.2,97,369,subtotal,101000 - Kuvendi i Kosovës,101002 - Administrata e Kuvendit,10200 - Personeli/Administrata e Kuvendit,,,,,Totali - Personeli/Administrata e Kuvendit,,,312208.0,110000.0,90000.0,200000.0,200000.0,200000.0,0.0,912208.0,"Totali - Personeli/Administrata e Kuvendit 312,208 110,000 90,000 200,000 200,000 200,000 0 912,208"
3.2,97,383,subtotal,101000 - Kuvendi i Kosovës,101002 - Administrata e Kuvendit,10200 - Personeli/Administrata e Kuvendit,,,,,Totali ( GQ ) - Administrata e Kuvendit,GQ,,312208.0,110000.0,90000.0,200000.0,200000.0,200000.0,0.0,912208.0,"Totali ( GQ ) - Administrata e Kuvendit 312,208 110,000 90,000 200,000 200,000 200,000 0 912,208"
3.2,97,397,subtotal,101000 - Kuvendi i Kosovës,101002 - Administrata e Kuvendit,10200 - Personeli/Administrata e Kuvendit,,,,,Totali - Administrata e Kuvendit,,,312208.0,110000.0,90000.0,200000.0,200000.0,200000.0,0.0,912208.0,"Totali - Administrata e Kuvendit 312,208 110,000 90,000 200,000 200,000 200,000 0 912,208"
3.2,97,412,subtotal,101000 - Kuvendi i Kosovës,101002 - Administrata e Kuvendit,10200 - Personeli/Administrata e Kuvendit,,,,,Totali ( GQ ) - Kuvendi i Kosovës,GQ,,312208.0,110000.0,90000.0,200000.0,200000.0,200000.0,0.0,912208.0,"Totali ( GQ ) - Kuvendi i Kosovës 312,208 110,000 90,000 200,000 200,000 200,000 0 912,208"
3.2,97,426,subtotal,101000 - Kuvendi i Kosovës,101002 - Administrata e Kuvendit,10200 - Personeli/Administrata e Kuvendit,,,,,Totali - Kuvendi i Kosovës,,,312208.0,110000.0,90000.0,200000.0,200000.0,200000.0,0.0,912208.0,"Totali - Kuvendi i Kosovës 312,208 110,000 90,000 200,000 200,000 200,000 0 912,208"
3.2,97,483,project,102000 - Zyra e Presidentit,102010 - Zyra e Presidenti,10500 - Zyra e Presidentit,0111,102010-2035809,18638,01.2025-12.2026,Pajisje të TI-së,,,,,,,,,,,0111 102010-2035809 18638 01.2025-12.2026 Pajisje të TI-së
3.2,97,497,source,102000 - Zyra e Presidentit,102010 - Zyra e Presidenti,10500 - Zyra e Presidentit,0111,102010-2035809,18638,01.2025-12.2026,Pajisje të TI-së,GQ,,73717.0,15000.0,0.0,15000.0,15000.0,15000.0,0.0,118717.0,"GQ 73,717 15,000 0 15,000 15,000 15,000 0 118,717"
3.2,98,171,project,102000 - Zyra e Presidentit,102010 - Zyra e Presidenti,10500 - Zyra e Presidentit,0111,102010-2547416,19735,04.2025-11.2025,Projektimi dhe ndërtimi i ndërtesës se Presidentit,,,,,,,,,,,0111 102010-2547416 19735 04.2025-11.2025 Projektimi dhe ndërtimi i ndërtesës se Presidentit
3.2,98,185,source,102000 - Zyra e Presidentit,102010 - Zyra e Presidenti,10500 - Zyra e Presidentit,0111,102010-2547416,19735,04.2025-11.2025,Projektimi dhe ndërtimi i ndërtesës se Presidentit,GQ,,0.0,1000000.0,0.0,1000000.0,3000000.0,3000000.0,0.0,7000000.0,"GQ 0 1,000,000 0 1,000,000 3,000,000 3,000,000 0 7,000,000"
3.2,98,199,subtotal,102000 - Zyra e Presidentit,102010 - Zyra e Presidenti,10500 - Zyra e Presidentit,,,,,Totali ( GQ ) - Zyra e Presidentit,GQ,,73717.0,1015000.0,0.0,1015000.0,3015000.0,3015000.0,0.0,7118717.0,"Totali ( GQ ) - Zyra e Presidentit 73,717 1,015,000 0 1,015,000 3,015,000 3,015,000 0 7,118,717"
3.2,98,213,subtotal,102000 - Zyra e Presidentit,102010 - Zyra e Presidenti,10500 - Zyra e Presidentit,,,,,Totali - Zyra e Presidentit,,,73717.0,1015000.0,0.0,1015000.0,3015000.0,3015000.0,0.0,7118717.0,"Totali - Zyra e Presidentit 73,717 1,015,000 0 1,015,000 3,015,000 3,015,000 0 7,118,717"
3.2,98,227,subtotal,102000 - Zyra e Presidentit,102010 - Zyra e Presidenti,10500 - Zyra e Presidentit,,,,,Totali ( GQ ) - Zyra e Presidenti,GQ,,73717.0,1015000.0,0.0,1015000.0,3015000.0,3015000.0,0.0,7118717.0,"Totali ( GQ ) - Zyra e Presidenti 73,717 1,015,000 0 1,015,000 3,015,000 3,015,000 0 7,118,717"
3.2,98,242,subtotal,102000 - Zyra e Presidentit,102010 - Zyra e Presidenti,10500 - Zyra e Presidentit,,,,,Totali - Zyra e Presidenti,,,73717.0,1015000.0,0.0,1015000.0,3015000.0,3015000.0,0.0,7118717.0,"Totali - Zyra e Presidenti 73,717 1,015,000 0 1,015,000 3,015,000 3,015,000 0 7,118,717"
3.2,98,256,subtotal,102000 - Zyra e Presidentit,102010 - Zyra e Presidenti,10500 - Zyra e Presidentit,,,,,Totali ( GQ ) - Zyra e Presidentit,GQ,,73717.0,1015000.0,0.0,1015000.0,3015000.0,3015000.0,0.0,7118717.0,"Totali ( GQ ) - Zyra e Presidentit 73,717 1,015,000 0 1,015,000 3,015,000 3,015,000 0 7,118,717"
3.2,98,270,subtotal,102000 - Zyra e Presidentit,102010 - Zyra e Presidenti,10500 - Zyra e Presidentit,,,,,Totali - Zyra e Presidentit,,,73717.0,1015000.0,0.0,1015000.0,3015000.0,3015000.0,0.0,7118717.0,"Totali - Zyra e Presidentit 73,717 1,015,000 0 1,015,000 3,015,000 3,015,000 0 7,118,717"
3.2,98,327,project,104000 - Zyra e Kryeministrit,104049 - Këshilli i Sigurisë së Kosovës,31100 - Kë shilli i Sigurisë së Kosovë s,0220,104049-2444030,19300,01.2024-12.2026,Krijimi i hapsires për strukturat mbështetse të Këshillit të Sigurisë së Kosovës,,,,,,,,,,,0220 104049-2444030 19300 01.2024-12.2026 Krijimi i hapsires për strukturat mbështetse të Këshillit të Sigurisë së Kosovës
3.2,98,341,source,104000 - Zyra e Kryeministrit,104049 - Këshilli i Sigurisë së Kosovës,31100 - Kë shilli i Sigurisë së Kosovë s,0220,104049-2444030,19300,01.2024-12.2026,Krijimi i hapsires për strukturat mbështetse të Këshillit të Sigurisë së Kosovës,GQ,,0.0,1000000.0,0.0,1000000.0,1500000.0,1500000.0,0.0,4000000.0,"GQ 0 1,000,000 0 1,000,000 1,500,000 1,500,000 0 4,000,000"
3.2,98,355,subtotal,104000 - Zyra e Kryeministrit,104049 - Këshilli i Sigurisë së Kosovës,31100 - Kë shilli i Sigurisë së Kosovë s,,,,,Totali ( GQ ) - Kë shilli i Sigurisë së Kosovë s,GQ,,0.0,1000000.0,0.0,1000000.0,1500000.0,1500000.0,0.0,4000000.0,"Totali ( GQ ) - Kë shilli i Sigurisë së Kosovë s 0 1,000,000 0 1,000,000 1,500,000 1,500,000 0 4,000,000"
3.2,98,369,subtotal,104000 - Zyra e Kryeministrit,104049 - Këshilli i Sigurisë së Kosovës,31100 - Kë shilli i Sigurisë së Kosovë s,,,,,Totali - Këshilli i Sigurisë së Kosovës,,,0.0,1000000.0,0.0,1000000.0,1500000.0,1500000.0,0.0,4000000.0,"Totali - Këshilli i Sigurisë së Kosovës 0 1,000,000 0 1,000,000 1,500,000 1,500,000 0 4,000,000"
3.2,98,383,subtotal,104000 - Zyra e Kryeministrit,104049 - Këshilli i Sigurisë së Kosovës,31100 - Kë shilli i Sigurisë së Kosovë s,,,,,Totali ( GQ ) - Këshilli i Sigurisë së Kosovës,GQ,,0.0,1000000.0,0.0,1000000.0,1500000.0,1500000.0,0.0,4000000.0,"Totali ( GQ ) - Këshilli i Sigurisë së Kosovës 0 1,000,000 0 1,000,000 1,500,000 1,500,000 0 4,000,000"
3.2,98,397,subtotal,104000 - Zyra e Kryeministrit,104049 - Këshilli i Sigurisë së Kosovës,31100 - Kë shilli i Sigurisë së Kosovë s,,,,,Totali - Këshilli i Sigurisë së Kosovës,,,0.0,1000000.0,0.0,1000000.0,1500000.0,1500000.0,0.0,4000000.0,"Totali - Këshilli i Sigurisë së Kosovës 0 1,000,000 0 1,000,000 1,500,000 1,500,000 0 4,000,000"
3.2,98,412,subtotal,104000 - Zyra e Kryeministrit,104049 - Këshilli i Sigurisë së Kosovës,31100 - Kë shilli i Sigurisë së Kosovë s,,,,,Totali ( GQ ) - Zyra e Kryeministrit,GQ,,0.0,1000000.0,0.0,1000000.0,1500000.0,1500000.0,0.0,4000000.0,"Totali ( GQ ) - Zyra e Kryeministrit 0 1,000,000 0 1,000,000 1,500,000 1,500,000 0 4,000,000"
3.2,98,426,subtotal,104000 - Zyra e Kryeministrit,104049 - Këshilli i Sigurisë së Kosovës,31100 - Kë shilli i Sigurisë së Kosovë s,,,,,Totali - Zyra e Kryeministrit,,,0.0,1000000.0,0.0,1000000.0,1500000.0,1500000.0,0.0,4000000.0,"Totali - Zyra e Kryeministrit 0 1,000,000 0 1,000,000 1,500,000 1,500,000 0 4,000,000"
3.2,98,483,project,"201000 - Ministria e Financave, Punës dhe Transfereve",201024 - Thesari,11200 - Thesari,0112,201024-1420361,14008,02.2014-12.2028,Paisje te Teknologjise se Informacionit per Thesar,,,,,,,,,,,0112 201024-1420361 14008 02.2014-12.2028 Paisje te Teknologjise se Informacionit per Thesar
3.2,98,497,source,"201000 - Ministria e Financave, Punës dhe Transfereve",201024 - Thesari,11200 - Thesari,0112,201024-1420361,14008,02.2014-12.2028,Paisje te Teknologjise se Informacionit per Thesar,GQ,,847107.0,80000.0,0.0,80000.0,80000.0,80000.0,0.0,1087107.0,"GQ 847,107 80,000 0 80,000 80,000 80,000 0 1,087,107"
3.2,99,171,subtotal,"201000 - Ministria e Financave, Punës dhe Transfereve",201024 - Thesari,11200 - Thesari,,,,,Totali( GQ ) - Thesari,GQ,,847107.0,80000.0,0.0,80000.0,80000.0,80000.0,0.0,1087107.0,"Totali( GQ ) - Thesari 847,107 80,000 0 80,000 80,000 80,000 0 1,087,107"
3.2,99,185,subtotal,"201000 - Ministria e Financave, Punës dhe Transfereve",201024 - Thesari,11200 - Thesari,,,,,Totali - Thesari,,,847107.0,80000.0,0.0,80000.0,80000.0,80000.0,0.0,1087107.0,"Totali - Thesari 847,107 80,000 0 80,000 80,000 80,000 0 1,087,107"
3.2,99,199,subtotal,"201000 - Ministria e Financave, Punës dhe Transfereve",201024 - Thesari,11200 - Thesari,,,,,Totali ( GQ ) - Thesari,GQ,,847107.0,80000.0,0.0,80000.0,80000.0,80000.0,0.0,1087107.0,"Totali ( GQ ) - Thesari 847,107 80,000 0 80,000 80,000 80,000 0 1,087,107"
3.2,99,213,subtotal,"201000 - Ministria e Financave, Punës dhe Transfereve",201024 - Thesari,11200 - Thesari,,,,,Totali - Thesari,,,847107.0,80000.0,0.0,80000.0,80000.0,80000.0,0.0,1087107.0,"Totali - Thesari 847,107 80,000 0 80,000 80,000 80,000 0 1,087,107"
3.2,99,256,project,"201000 - Ministria e Financave, Punës dhe Transfereve",201027 - Administrata Tatimore,11600 - Administrata Tatimore,0112,201027-106391,12003,01.2021-12.2028,Arkiva elektronike,,,,,,,,,,,0112 201027-106391 12003 01.2021-12.2028 Arkiva elektronike
3.2,99,270,source,"201000 - Ministria e Financave, Punës dhe Transfereve",201027 - Administrata Tatimore,11600 - Administrata Tatimore,0112,201027-106391,12003,01.2021-12.2028,Arkiva elektronike,GQ,,92810.0,100000.0,0.0,100000.0,100000.0,100000.0,0.0,392810.0,"GQ 92,810 100,000 0 100,000 100,000 100,000 0 392,810"
3.2,99,284,project,"201000 - Ministria e Financave, Punës dhe Transfereve",201027 - Administrata Tatimore,11600 - Administrata Tatimore,0112,201027-106398,12004,01.2010-12.2028,Qendra e thirrjeve,,,,,,,,,,,0112 201027-106398 12004 01.2010-12.2028 Qendra e thirrjeve
3.2,99,298,source,"201000 - Ministria e Financave, Punës dhe Transfereve",201027 - Administrata Tatimore,11600 - Administrata Tatimore,0112,201027-106398,12004,01.2010-12.2028,Qendra e thirrjeve,GQ,,139410.0,100000.0,0.0,100000.0,100000.0,100000.0,0.0,439410.0,"GQ 139,410 100,000 0 100,000 100,000 100,000 0 439,410"
3.2,99,313,project,"201000 - Ministria e Financave, Punës dhe Transfereve",201027 - Administrata Tatimore,11600 - Administrata Tatimore,0112,201027-106399,12005,08.2013-12.2028,Sistemi i ri baze i tatimeve,,,,,,,,,,,0112 201027-106399 12005 08.2013-12.2028 Sistemi i ri baze i tatimeve
3.2,99,327,source,"201000 - Ministria e Financave, Punës dhe Transfereve",201027 - Administrata Tatimore,11600 - Administrata Tatimore,0112,201027-106399,12005,08.2013-12.2028,Sistemi i ri baze i tatimeve,GQ,,1525616.0,2091607.0,0.0,2091607.0,2712271.0,2712271.0,0.0,9041765.0,"GQ 1,525,616 2,091,607 0 2,091,607 2,712,271 2,712,271 0 9,041,765"
3.2,99,341,project,"201000 - Ministria e Financave, Punës dhe Transfereve",201027 - Administrata Tatimore,11600 - Administrata Tatimore,0112,201027-106915,12605,01.2011-12.2028,Furnizimi me pajisje te TI-se,,,,,,,,,,,0112 201027-106915 12605 01.2011-12.2028 Furnizimi me pajisje te TI-se
3.2,99,355,source,"201000 - Ministria e Financave, Punës dhe Transfereve",201027 - Administrata Tatimore,11600 - Administrata Tatimore,0112,201027-106915,12605,01.2011-12.2028,Furnizimi me pajisje te TI-se,GQ,,658952.0,20000.0,0.0,20000.0,200000.0,200000.0,0.0,1078952.0,"GQ 658,952 20,000 0 20,000 200,000 200,000 0 1,078,952"
3.2,99,369,project,"201000 - Ministria e Financave, Punës dhe Transfereve",201027 - Administrata Tatimore,11600 - Administrata Tatimore,0112,201027-119570,12617,01.2011-12.2028,Softuer,,,,,,,,,,,0112 201027-119570 12617 01.2011-12.2028 Softuer
3.2,99,383,source,"201000 - Ministria e Financave, Punës dhe Transfereve",201027 - Administrata Tatimore,11600 - Administrata Tatimore,0112,201027-119570,12617,01.2011-12.2028,Softuer,GQ,,445135.0,150000.0,0.0,150000.0,150000.0,150000.0,0.0,895135.0,"GQ 445,135 150,000 0 150,000 150,000 150,000 0 895,135"
3.2,99,398,project,"201000 - Ministria e Financave, Punës dhe Transfereve",201027 - Administrata Tatimore,11600 - Administrata Tatimore,0112,201027-1317702,13435,01.2014-12.2028,Pajisje me hardver shtese ( Bled server me storadge ),,,,,,,,,,,0112 201027-1317702 13435 01.2014-12.2028 Pajisje me hardver shtese ( Bled server me storadge )
3.2,99,412,source,"201000 - Ministria e Financave, Punës dhe Transfereve",201027 - Administrata Tatimore,11600 - Administrata Tatimore,0112,201027-1317702,13435,01.2014-12.2028,Pajisje me hardver shtese ( Bled server me storadge ),GQ,,4142858.0,200664.0,0.0,200664.0,400000.0,400000.0,0.0,5143522.0,"GQ 4,142,858 200,664 0 200,664 400,000 400,000 0 5,143,522"
3.2,99,426,project,"201000 - Ministria e Financave, Punës dhe Transfereve",201027 - Administrata Tatimore,11600 - Administrata Tatimore,0112,201027-1935138,18253,02.2019-12.2028,"Renovimi I objekteve te ATK-se Gjilan, Ferizaj, Prizeren, Gjakove, Mitrovic, si dhe mbindertimi I objktit ne zyren qendrore ne Prishtinë.",,,,,,,,,,,"0112 201027-1935138 18253 02.2019-12.2028 Renovimi I objekteve te ATK-se Gjilan, Ferizaj, Prizeren, Gjakove, Mitrovic, si dhe mbindertimi I objktit ne zyren qendrore ne Prishtinë."
3.2,99,440,source,"201000 - Ministria e Financave, Punës dhe Transfereve",201027 - Administrata Tatimore,11600 - Administrata Tatimore,0112,201027-1935138,18253,02.2019-12.2028,"Renovimi I objekteve te ATK-se Gjilan, Ferizaj, Prizeren, Gjakove, Mitrovic, si dhe mbindertimi I objktit ne zyren qendrore ne Prishtinë.",GQ,,112218.0,150000.0,0.0,150000.0,150000.0,150000.0,0.0,562218.0,"GQ 112,218 150,000 0 150,000 150,000 150,000 0 562,218"
3.2,99,454,project,"201000 - Ministria e Financave, Punës dhe Transfereve",201027 - Administrata Tatimore,11600 - Administrata Tatimore,0112,201027-1935146,18261,02.2019-12.2028,Ngritja e kapaciteteve dhe menaxhimi i sigurisë kibernetike,,,,,,,,,,,0112 201027-1935146 18261 02.2019-12.2028 Ngritja e kapaciteteve dhe menaxhimi i sigurisë kibernetike
3.2,99,469,source,"201000 - Ministria e Financave, Punës dhe Transfereve",201027 - Administrata Tatimore,11600 - Administrata Tatimore,0112,201027-1935146,18261,02.2019-12.2028,Ngritja e kapaciteteve dhe menaxhimi i sigurisë kibernetike,GQ,,646486.0,200000.0,0.0,200000.0,200000.0,200000.0,0.0,1246486.0,"GQ 646,486 200,000 0 200,000 200,000 200,000 0 1,246,486"
3.2,99,483,project,"201000 - Ministria e Financave, Punës dhe Transfereve",201027 - Administrata Tatimore,11600 - Administrata Tatimore,0112,201027-2341310,19088,02.2023-12.2028,Sistemi i Kamerave të Sigurisë - ATK,,,,,,,,,,,0112 201027-2341310 19088 02.2023-12.2028 Sistemi i Kamerave të Sigurisë - ATK
3.2,99,497,source,"201000 - Ministria e Financave, Punës dhe Transfereve",201027 - Administrata Tatimore,11600 - Administrata Tatimore,0112,201027-2341310,19088,02.2023-12.2028,Sistemi i Kamerave të Sigurisë - ATK,GQ,,0.0,40000.0,0.0,40000.0,40000.0,40000.0,0.0,120000.0,"GQ 0 40,000 0 40,000 40,000 40,000 0 120,000"
3.2,100,171,project,"201000 - Ministria e Financave, Punës dhe Transfereve",201027 - Administrata Tatimore,11600 - Administrata Tatimore,0112,201027-2341311,19104,01.2023-01.2028,Sistemi per menaxhimin e hyrje daljeve - ATK,,,,,,,,,,,0112 201027-2341311 19104 01.2023-01.2028 Sistemi per menaxhimin e hyrje daljeve - ATK
3.2,100,185,source,"201000 - Ministria e Financave, Punës dhe Transfereve",201027 - Administrata Tatimore,11600 - Administrata Tatimore,0112,201027-2341311,19104,01.2023-01.2028,Sistemi per menaxhimin e hyrje daljeve - ATK,GQ,,0.0,40000.0,0.0,40000.0,40000.0,40000.0,0.0,120000.0,"GQ 0 40,000 0 40,000 40,000 40,000 0 120,000"
3.2,100,199,project,"201000 - Ministria e Financave, Punës dhe Transfereve",201027 - Administrata Tatimore,11600 - Administrata Tatimore,0112,201027-2341334,19106,01.2023-12.2027,Blerja e veturave për nevoja të Administratës Tatimore të Kosoves,,,,,,,,,,,0112 201027-2341334 19106 01.2023-12.2027 Blerja e veturave për nevoja të Administratës Tatimore të Kosoves
3.2,100,213,source,"201000 - Ministria e Financave, Punës dhe Transfereve",201027 - Administrata Tatimore,11600 - Administrata Tatimore,0112,201027-2341334,19106,01.2023-12.2027,Blerja e veturave për nevoja të Administratës Tatimore të Kosoves,GQ,,2321482.0,107729.0,0.0,107729.0,107729.0,107729.0,0.0,2644669.0,"GQ 2,321,482 107,729 0 107,729 107,729 107,729 0 2,644,669"
3.2,100,228,subtotal,"201000 - Ministria e Financave, Punës dhe Transfereve",201027 - Administrata Tatimore,11600 - Administrata Tatimore,,,,,Totali( GQ ) - Administrata Tatimore,GQ,,10084966.0,3200000.0,0.0,3200000.0,4200000.0,4200000.0,0.0,21684966.0,"Totali( GQ ) - Administrata Tatimore 10,084,966 3,200,000 0 3,200,000 4,200,000 4,200,000 0 21,684,966"
3.2,100,242,subtotal,"201000 - Ministria e Financave, Punës dhe Transfereve",201027 - Administrata Tatimore,11600 - Administrata Tatimore,,,,,Totali - Administrata Tatimore,,,10084966.0,3200000.0,0.0,3200000.0,4200000.0,4200000.0,0.0,21684966.0,"Totali - Administrata Tatimore 10,084,966 3,200,000 0 3,200,000 4,200,000 4,200,000 0 21,684,966"
3.2,100,256,subtotal,"201000 - Ministria e Financave, Punës dhe Transfereve",201027 - Administrata Tatimore,11600 - Administrata Tatimore,,,,,Totali ( GQ ) - Administrata Tatimore,GQ,,10084966.0,3200000.0,0.0,3200000.0,4200000.0,4200000.0,0.0,21684966.0,"Totali ( GQ ) - Administrata Tatimore 10,084,966 3,200,000 0 3,200,000 4,200,000 4,200,000 0 21,684,966"
3.2,100,270,subtotal,"201000 - Ministria e Financave, Punës dhe Transfereve",201027 - Administrata Tatimore,11600 - Administrata Tatimore,,,,,Totali - Administrata Tatimore,,,10084966.0,3200000.0,0.0,3200000.0,4200000.0,4200000.0,0.0,21684966.0,"Totali - Administrata Tatimore 10,084,966 3,200,000 0 3,200,000 4,200,000 4,200,000 0 21,684,966"
3.2,100,313,project,"201000 - Ministria e Financave, Punës dhe Transfereve",201048 - Dogana e Kosovës,13300 - Dogana e Kosovës,0112,201048-1213712,12989,06.2017-12.2028,Sistemi per menaxhimin e permbajtjes  (Enterprise Content Management),,,,,,,,,,,0112 201048-1213712 12989 06.2017-12.2028 Sistemi per menaxhimin e permbajtjes (Enterprise Content Management)
3.2,100,327,source,"201000 - Ministria e Financave, Punës dhe Transfereve",201048 - Dogana e Kosovës,13300 - Dogana e Kosovës,0112,201048-1213712,12989,06.2017-12.2028,Sistemi per menaxhimin e permbajtjes  (Enterprise Content Management),GQ,,795804.0,120000.0,0.0,120000.0,200000.0,200000.0,0.0,1315804.0,"GQ 795,804 120,000 0 120,000 200,000 200,000 0 1,315,804"
3.2,100,341,project,"201000 - Ministria e Financave, Punës dhe Transfereve",201048 - Dogana e Kosovës,13300 - Dogana e Kosovës,0112,201048-1317612,14011,02.2013-12.2028,Rregullimi i PKK-ve ne kuader te MIK-ut,,,,,,,,,,,0112 201048-1317612 14011 02.2013-12.2028 Rregullimi i PKK-ve ne kuader te MIK-ut
3.2,100,355,source,"201000 - Ministria e Financave, Punës dhe Transfereve",201048 - Dogana e Kosovës,13300 - Dogana e Kosovës,0112,201048-1317612,14011,02.2013-12.2028,Rregullimi i PKK-ve ne kuader te MIK-ut,GQ,,399231.0,300000.0,0.0,300000.0,100000.0,100000.0,0.0,899231.0,"GQ 399,231 300,000 0 300,000 100,000 100,000 0 899,231"
3.2,100,369,project,"201000 - Ministria e Financave, Punës dhe Transfereve",201048 - Dogana e Kosovës,13300 - Dogana e Kosovës,0112,201048-1420358,14013,01.2019-12.2028,Furnizim me pajisje te Teknologjise Informative,,,,,,,,,,,0112 201048-1420358 14013 01.2019-12.2028 Furnizim me pajisje te Teknologjise Informative
3.2,100,383,source,"201000 - Ministria e Financave, Punës dhe Transfereve",201048 - Dogana e Kosovës,13300 - Dogana e Kosovës,0112,201048-1420358,14013,01.2019-12.2028,Furnizim me pajisje te Teknologjise Informative,GQ,,1077995.0,242000.0,0.0,242000.0,122000.0,122000.0,0.0,1563995.0,"GQ 1,077,995 242,000 0 242,000 122,000 122,000 0 1,563,995"
3.2,100,398,project,"201000 - Ministria e Financave, Punës dhe Transfereve",201048 - Dogana e Kosovës,13300 - Dogana e Kosovës,0112,201048-1523262,15503,02.2015-12.2027,Furnizim i laboratorit  Doganor me pajisje analizuese,,,,,,,,,,,0112 201048-1523262 15503 02.2015-12.2027 Furnizim i laboratorit Doganor me pajisje analizuese
3.2,100,412,source,"201000 - Ministria e Financave, Punës dhe Transfereve",201048 - Dogana e Kosovës,13300 - Dogana e Kosovës,0112,201048-1523262,15503,02.2015-12.2027,Furnizim i laboratorit  Doganor me pajisje analizuese,GQ,,624883.0,100000.0,0.0,100000.0,100000.0,50000.0,0.0,874883.0,"GQ 624,883 100,000 0 100,000 100,000 50,000 0 874,883"
3.2,100,426,project,"201000 - Ministria e Financave, Punës dhe Transfereve",201048 - Dogana e Kosovës,13300 - Dogana e Kosovës,0112,201048-1625848,14529,01.2016-12.2028,Aplikacioni per menaxhimin e buxhetit te DK-se,,,,,,,,,,,0112 201048-1625848 14529 01.2016-12.2028 Aplikacioni per menaxhimin e buxhetit te DK-se
3.2,100,440,source,"201000 - Ministria e Financave, Punës dhe Transfereve",201048 - Dogana e Kosovës,13300 - Dogana e Kosovës,0112,201048-1625848,14529,01.2016-12.2028,Aplikacioni per menaxhimin e buxhetit te DK-se,GQ,,45499.0,80000.0,0.0,80000.0,20000.0,20000.0,0.0,165499.0,"GQ 45,499 80,000 0 80,000 20,000 20,000 0 165,499"
3.2,100,454,project,"201000 - Ministria e Financave, Punës dhe Transfereve",201048 - Dogana e Kosovës,13300 - Dogana e Kosovës,0112,201048-2035592,18549,01.2020-05.2027,Furnizim me automjete te reja,,,,,,,,,,,0112 201048-2035592 18549 01.2020-05.2027 Furnizim me automjete te reja
3.2,100,469,source,"201000 - Ministria e Financave, Punës dhe Transfereve",201048 - Dogana e Kosovës,13300 - Dogana e Kosovës,0112,201048-2035592,18549,01.2020-05.2027,Furnizim me automjete te reja,GQ,,1220646.0,300000.0,0.0,300000.0,250000.0,300000.0,0.0,2070646.0,"GQ 1,220,646 300,000 0 300,000 250,000 300,000 0 2,070,646"
3.2,100,483,project,"201000 - Ministria e Financave, Punës dhe Transfereve",201048 - Dogana e Kosovës,13300 - Dogana e Kosovës,0133,201048-2139639,15918,06.2021-12.2028,Renovimi i terminaleve doganore,,,,,,,,,,,0133 201048-2139639 15918 06.2021-12.2028 Renovimi i terminaleve doganore
3.2,100,497,source,"201000 - Ministria e Financave, Punës dhe Transfereve",201048 - Dogana e Kosovës,13300 - Dogana e Kosovës,0133,201048-2139639,15918,06.2021-12.2028,Renovimi i terminaleve doganore,GQ,,125936.0,3050000.0,0.0,3050000.0,2250000.0,2250000.0,0.0,7675936.0,"GQ 125,936 3,050,000 0 3,050,000 2,250,000 2,250,000 0 7,675,936"
3.2,101,171,project,"201000 - Ministria e Financave, Punës dhe Transfereve",201048 - Dogana e Kosovës,13300 - Dogana e Kosovës,0112,201048-2239567,18932,01.2022-12.2027,Furnizim me Gjenerator,,,,,,,,,,,0112 201048-2239567 18932 01.2022-12.2027 Furnizim me Gjenerator
3.2,101,185,source,"201000 - Ministria e Financave, Punës dhe Transfereve",201048 - Dogana e Kosovës,13300 - Dogana e Kosovës,0112,201048-2239567,18932,01.2022-12.2027,Furnizim me Gjenerator,GQ,,85467.0,130000.0,0.0,130000.0,100000.0,100000.0,0.0,415467.0,"GQ 85,467 130,000 0 130,000 100,000 100,000 0 415,467"
3.2,101,199,project,"201000 - Ministria e Financave, Punës dhe Transfereve",201048 - Dogana e Kosovës,13300 - Dogana e Kosovës,0112,301301-106476,12015,02.2010-12.2028,Sistemi Softverik i Doganave te Kosoves sipas Standardeve,,,,,,,,,,,0112 301301-106476 12015 02.2010-12.2028 Sistemi Softverik i Doganave te Kosoves sipas Standardeve
3.2,101,213,source,"201000 - Ministria e Financave, Punës dhe Transfereve",201048 - Dogana e Kosovës,13300 - Dogana e Kosovës,0112,301301-106476,12015,02.2010-12.2028,Sistemi Softverik i Doganave te Kosoves sipas Standardeve,GQ,,2307001.0,180000.0,0.0,180000.0,180000.0,180000.0,0.0,2847001.0,"GQ 2,307,001 180,000 0 180,000 180,000 180,000 0 2,847,001"
3.2,101,228,project,"201000 - Ministria e Financave, Punës dhe Transfereve",201048 - Dogana e Kosovës,13300 - Dogana e Kosovës,0112,301301-119487,12625,07.2010-12.2028,"Furnizim me harduer per Asycuda, Law Enforcment dhe pajisje tjera te IT-se",,,,,,,,,,,"0112 301301-119487 12625 07.2010-12.2028 Furnizim me harduer per Asycuda, Law Enforcment dhe pajisje tjera te IT-se"
3.2,101,242,source,"201000 - Ministria e Financave, Punës dhe Transfereve",201048 - Dogana e Kosovës,13300 - Dogana e Kosovës,0112,301301-119487,12625,07.2010-12.2028,"Furnizim me harduer per Asycuda, Law Enforcment dhe pajisje tjera te IT-se",GQ,,2537809.0,300000.0,0.0,300000.0,150000.0,150000.0,0.0,3137809.0,"GQ 2,537,809 300,000 0 300,000 150,000 150,000 0 3,137,809"
3.2,101,256,project,"201000 - Ministria e Financave, Punës dhe Transfereve",201048 - Dogana e Kosovës,13300 - Dogana e Kosovës,0112,301301-119533,12624,02.2011-12.2028,"Furnizim me licenca per AW, BI, Oracle Software, Red-Hat, Linux, Antivirus, etj (3 vjecare)",,,,,,,,,,,"0112 301301-119533 12624 02.2011-12.2028 Furnizim me licenca per AW, BI, Oracle Software, Red-Hat, Linux, Antivirus, etj (3 vjecare)"
3.2,101,270,source,"201000 - Ministria e Financave, Punës dhe Transfereve",201048 - Dogana e Kosovës,13300 - Dogana e Kosovës,0112,301301-119533,12624,02.2011-12.2028,"Furnizim me licenca per AW, BI, Oracle Software, Red-Hat, Linux, Antivirus, etj (3 vjecare)",GQ,,3649035.0,250000.0,0.0,250000.0,330000.0,330000.0,0.0,4559035.0,"GQ 3,649,035 250,000 0 250,000 330,000 330,000 0 4,559,035"
3.2,101,284,subtotal,"201000 - Ministria e Financave, Punës dhe Transfereve",201048 - Dogana e Kosovës,13300 - Dogana e Kosovës,,,,,Totali( GQ ) - Dogana e Kosovës,GQ,,12869305.0,5052000.0,0.0,5052000.0,3802000.0,3802000.0,0.0,25525305.0,"Totali( GQ ) - Dogana e Kosovës 12,869,305 5,052,000 0 5,052,000 3,802,000 3,802,000 0 25,525,305"
3.2,101,298,subtotal,"201000 - Ministria e Financave, Punës dhe Transfereve",201048 - Dogana e Kosovës,13300 - Dogana e Kosovës,,,,,Totali - Dogana e Kosovës,,,12869305.0,5052000.0,0.0,5052000.0,3802000.0,3802000.0,0.0,25525305.0,"Totali - Dogana e Kosovës 12,869,305 5,052,000 0 5,052,000 3,802,000 3,802,000 0 25,525,305"
3.2,101,313,subtotal,"201000 - Ministria e Financave, Punës dhe Transfereve",201048 - Dogana e Kosovës,13300 - Dogana e Kosovës,,,,,Totali ( GQ ) - Dogana e Kosovës,GQ,,12869305.0,5052000.0,0.0,5052000.0,3802000.0,3802000.0,0.0,25525305.0,"Totali ( GQ ) - Dogana e Kosovës 12,869,305 5,052,000 0 5,052,000 3,802,000 3,802,000 0 25,525,305"
3.2,101,327,subtotal,"201000 - Ministria e Financave, Punës dhe Transfereve",201048 - Dogana e Kosovës,13300 - Dogana e Kosovës,,,,,Totali - Dogana e Kosovës,,,12869305.0,5052000.0,0.0,5052000.0,3802000.0,3802000.0,0.0,25525305.0,"Totali - Dogana e Kosovës 12,869,305 5,052,000 0 5,052,000 3,802,000 3,802,000 0 25,525,305"
3.2,101,369,project,"201000 - Ministria e Financave, Punës dhe Transfereve",201055 - Njësia e Inteligjencës Financiare,30900 - Një sia e Inteligjencë s Financiare,0112,201042-1113593,12790,01.2017-12.2028,Ngritja dhe Implementimi ne fushen e paisjeve te IT,,,,,,,,,,,0112 201042-1113593 12790 01.2017-12.2028 Ngritja dhe Implementimi ne fushen e paisjeve te IT
3.2,101,383,source,"201000 - Ministria e Financave, Punës dhe Transfereve",201055 - Njësia e Inteligjencës Financiare,30900 - Një sia e Inteligjencë s Financiare,0112,201042-1113593,12790,01.2017-12.2028,Ngritja dhe Implementimi ne fushen e paisjeve te IT,GQ,,487913.0,30000.0,0.0,30000.0,30000.0,30000.0,0.0,577913.0,"GQ 487,913 30,000 0 30,000 30,000 30,000 0 577,913"
3.2,101,398,subtotal,"201000 - Ministria e Financave, Punës dhe Transfereve",201055 - Njësia e Inteligjencës Financiare,30900 - Një sia e Inteligjencë s Financiare,,,,,Totali( GQ ) - Një sia e Inteligjencë s Financiare,GQ,,487913.0,30000.0,0.0,30000.0,30000.0,30000.0,0.0,577913.0,"Totali( GQ ) - Një sia e Inteligjencë s Financiare 487,913 30,000 0 30,000 30,000 30,000 0 577,913"
3.2,101,412,subtotal,"201000 - Ministria e Financave, Punës dhe Transfereve",201055 - Njësia e Inteligjencës Financiare,30900 - Një sia e Inteligjencë s Financiare,,,,,Totali - Një sia e Inteligjencë s Financiare,,,487913.0,30000.0,0.0,30000.0,30000.0,30000.0,0.0,577913.0,"Totali - Një sia e Inteligjencë s Financiare 487,913 30,000 0 30,000 30,000 30,000 0 577,913"
3.2,101,426,subtotal,"201000 - Ministria e Financave, Punës dhe Transfereve",201055 - Njësia e Inteligjencës Financiare,30900 - Një sia e Inteligjencë s Financiare,,,,,Totali ( GQ ) - Njësia e Inteligjencës Financiare,GQ,,487913.0,30000.0,0.0,30000.0,30000.0,30000.0,0.0,577913.0,"Totali ( GQ ) - Njësia e Inteligjencës Financiare 487,913 30,000 0 30,000 30,000 30,000 0 577,913"
3.2,101,440,subtotal,"201000 - Ministria e Financave, Punës dhe Transfereve",201055 - Njësia e Inteligjencës Financiare,30900 - Një sia e Inteligjencë s Financiare,,,,,Totali - Njësia e Inteligjencës Financiare,,,487913.0,30000.0,0.0,30000.0,30000.0,30000.0,0.0,577913.0,"Totali - Njësia e Inteligjencës Financiare 487,913 30,000 0 30,000 30,000 30,000 0 577,913"
3.2,101,483,project,"201000 - Ministria e Financave, Punës dhe Transfereve",201081 - Departamenti për Menaxhimin e Sistemeve të Teknologjisë Informative,26500 - Departamenti për Menaxhimin e Sistemeve të Teknologjisë Informative,0133,201081-1935107,18231,01.2019-12.2028,Avancimi i Infrastruktures se TI-se ne Qendren e Rimekembjes,,,,,,,,,,,0133 201081-1935107 18231 01.2019-12.2028 Avancimi i Infrastruktures se TI-se ne Qendren e Rimekembjes
3.2,101,497,source,"201000 - Ministria e Financave, Punës dhe Transfereve",201081 - Departamenti për Menaxhimin e Sistemeve të Teknologjisë Informative,26500 - Departamenti për Menaxhimin e Sistemeve të Teknologjisë Informative,0133,201081-1935107,18231,01.2019-12.2028,Avancimi i Infrastruktures se TI-se ne Qendren e Rimekembjes,GQ,,341266.0,600000.0,0.0,600000.0,825000.0,825000.0,0.0,2591266.0,"GQ 341,266 600,000 0 600,000 825,000 825,000 0 2,591,266"
3.2,102,171,project,"201000 - Ministria e Financave, Punës dhe Transfereve",201081 - Departamenti për Menaxhimin e Sistemeve të Teknologjisë Informative,26500 - Departamenti për Menaxhimin e Sistemeve të Teknologjisë Informative,0133,201081-1935156,18267,02.2019-12.2028,"Avancimi i proceve te TI-se, sigurise,sistemi i monitorimit dhe regjistrimit te logave",,,,,,,,,,,"0133 201081-1935156 18267 02.2019-12.2028 Avancimi i proceve te TI-se, sigurise,sistemi i monitorimit dhe regjistrimit te logave"
3.2,102,185,source,"201000 - Ministria e Financave, Punës dhe Transfereve",201081 - Departamenti për Menaxhimin e Sistemeve të Teknologjisë Informative,26500 - Departamenti për Menaxhimin e Sistemeve të Teknologjisë Informative,0133,201081-1935156,18267,02.2019-12.2028,"Avancimi i proceve te TI-se, sigurise,sistemi i monitorimit dhe regjistrimit te logave",GQ,,47731.0,100000.0,0.0,100000.0,225000.0,225000.0,0.0,597731.0,"GQ 47,731 100,000 0 100,000 225,000 225,000 0 597,731"
3.2,102,199,project,"201000 - Ministria e Financave, Punës dhe Transfereve",201081 - Departamenti për Menaxhimin e Sistemeve të Teknologjisë Informative,26500 - Departamenti për Menaxhimin e Sistemeve të Teknologjisë Informative,0133,201081-2445506,19538,03.2024-11.2028,Avancimi  i Data Warehouse dhe Power BI,,,,,,,,,,,0133 201081-2445506 19538 03.2024-11.2028 Avancimi i Data Warehouse dhe Power BI
3.2,102,213,source,"201000 - Ministria e Financave, Punës dhe Transfereve",201081 - Departamenti për Menaxhimin e Sistemeve të Teknologjisë Informative,26500 - Departamenti për Menaxhimin e Sistemeve të Teknologjisë Informative,0133,201081-2445506,19538,03.2024-11.2028,Avancimi  i Data Warehouse dhe Power BI,GQ,,0.0,0.0,200000.0,200000.0,250000.0,250000.0,0.0,700000.0,"GQ 0 0 200,000 200,000 250,000 250,000 0 700,000"
3.2,102,228,project,"201000 - Ministria e Financave, Punës dhe Transfereve",201081 - Departamenti për Menaxhimin e Sistemeve të Teknologjisë Informative,26500 - Departamenti për Menaxhimin e Sistemeve të Teknologjisë Informative,0133,201081-2445542,19346,02.2024-11.2028,Avancimi i Sistemit të Tatimit në Pronë dhe Vlersimeve,,,,,,,,,,,0133 201081-2445542 19346 02.2024-11.2028 Avancimi i Sistemit të Tatimit në Pronë dhe Vlersimeve
3.2,102,242,source,"201000 - Ministria e Financave, Punës dhe Transfereve",201081 - Departamenti për Menaxhimin e Sistemeve të Teknologjisë Informative,26500 - Departamenti për Menaxhimin e Sistemeve të Teknologjisë Informative,0133,201081-2445542,19346,02.2024-11.2028,Avancimi i Sistemit të Tatimit në Pronë dhe Vlersimeve,GQ,,286000.0,200000.0,0.0,200000.0,150000.0,150000.0,0.0,786000.0,"GQ 286,000 200,000 0 200,000 150,000 150,000 0 786,000"
3.2,102,256,subtotal,"201000 - Ministria e Financave, Punës dhe Transfereve",201081 - Departamenti për Menaxhimin e Sistemeve të Teknologjisë Informative,26500 - Departamenti për Menaxhimin e Sistemeve të Teknologjisë Informative,,,,,Totali( GQ ) - Departamenti për Menaxhimin e Sistemeve të Teknologjisë Informative,GQ,,674997.0,900000.0,200000.0,1100000.0,1450000.0,1450000.0,0.0,4674997.0,"Totali( GQ ) - Departamenti për Menaxhimin e Sistemeve të Teknologjisë Informative 674,997 900,000 200,000 1,100,000 1,450,000 1,450,000 0 4,674,997"
3.2,102,270,subtotal,"201000 - Ministria e Financave, Punës dhe Transfereve",201081 - Departamenti për Menaxhimin e Sistemeve të Teknologjisë Informative,26500 - Departamenti për Menaxhimin e Sistemeve të Teknologjisë Informative,,,,,Totali - Departamenti për Menaxhimin e Sistemeve të Teknologjisë Informative,,,674997.0,900000.0,200000.0,1100000.0,1450000.0,1450000.0,0.0,4674997.0,"Totali - Departamenti për Menaxhimin e Sistemeve të Teknologjisë Informative 674,997 900,000 200,000 1,100,000 1,450,000 1,450,000 0 4,674,997"
3.2,102,284,subtotal,"201000 - Ministria e Financave, Punës dhe Transfereve",201081 - Departamenti për Menaxhimin e Sistemeve të Teknologjisë Informative,26500 - Departamenti për Menaxhimin e Sistemeve të Teknologjisë Informative,,,,,Totali ( GQ ) - Departamenti për Menaxhimin e Sistemeve të Teknologjisë Informative,GQ,,674997.0,900000.0,200000.0,1100000.0,1450000.0,1450000.0,0.0,4674997.0,"Totali ( GQ ) - Departamenti për Menaxhimin e Sistemeve të Teknologjisë Informative 674,997 900,000 200,000 1,100,000 1,450,000 1,450,000 0 4,674,997"
3.2,102,298,subtotal,"201000 - Ministria e Financave, Punës dhe Transfereve",201081 - Departamenti për Menaxhimin e Sistemeve të Teknologjisë Informative,26500 - Departamenti për Menaxhimin e Sistemeve të Teknologjisë Informative,,,,,Totali - Departamenti për Menaxhimin e Sistemeve të Teknologjisë Informative,,,674997.0,900000.0,200000.0,1100000.0,1450000.0,1450000.0,0.0,4674997.0,"Totali - Departamenti për Menaxhimin e Sistemeve të Teknologjisë Informative 674,997 900,000 200,000 1,100,000 1,450,000 1,450,000 0 4,674,997"
3.2,102,341,project,"201000 - Ministria e Financave, Punës dhe Transfereve",201097 - Kontigjencat në Ministrinë e Financave,28900 - Kontigjenca ne MF,0112,201097-1933063,18546,02.2019-12.2026,Projekti kapital/Kontigjenca në MF,,,,,,,,,,,0112 201097-1933063 18546 02.2019-12.2026 Projekti kapital/Kontigjenca në MF
3.2,102,355,source,"201000 - Ministria e Financave, Punës dhe Transfereve",201097 - Kontigjencat në Ministrinë e Financave,28900 - Kontigjenca ne MF,0112,201097-1933063,18546,02.2019-12.2026,Projekti kapital/Kontigjenca në MF,GQ,,0.0,0.0,0.0,0.0,0.0,28224089.0,0.0,28224089.0,"GQ 0 0 0 0 0 28,224,089 0 28,224,089"
3.2,102,369,subtotal,"201000 - Ministria e Financave, Punës dhe Transfereve",201097 - Kontigjencat në Ministrinë e Financave,28900 - Kontigjenca ne MF,,,,,Totali( GQ ) - Kontigjenca ne MF,GQ,,0.0,0.0,0.0,0.0,0.0,28224089.0,0.0,28224089.0,"Totali( GQ ) - Kontigjenca ne MF 0 0 0 0 0 28,224,089 0 28,224,089"
3.2,102,383,subtotal,"201000 - Ministria e Financave, Punës dhe Transfereve",201097 - Kontigjencat në Ministrinë e Financave,28900 - Kontigjenca ne MF,,,,,Totali - Kontigjenca ne MF,,,0.0,0.0,0.0,0.0,0.0,28224089.0,0.0,28224089.0,"Totali - Kontigjenca ne MF 0 0 0 0 0 28,224,089 0 28,224,089"
3.2,102,398,subtotal,"201000 - Ministria e Financave, Punës dhe Transfereve",201097 - Kontigjencat në Ministrinë e Financave,28900 - Kontigjenca ne MF,,,,,Totali ( GQ ) - Kontigjencat në Ministrinë e Financave,GQ,,0.0,0.0,0.0,0.0,0.0,28224089.0,0.0,28224089.0,"Totali ( GQ ) - Kontigjencat në Ministrinë e Financave 0 0 0 0 0 28,224,089 0 28,224,089"
3.2,102,412,subtotal,"201000 - Ministria e Financave, Punës dhe Transfereve",201097 - Kontigjencat në Ministrinë e Financave,28900 - Kontigjenca ne MF,,,,,Totali - Kontigjencat në Ministrinë e Financave,,,0.0,0.0,0.0,0.0,0.0,28224089.0,0.0,28224089.0,"Totali - Kontigjencat në Ministrinë e Financave 0 0 0 0 0 28,224,089 0 28,224,089"
3.2,102,454,project,"201000 - Ministria e Financave, Punës dhe Transfereve",201107 - Departamenti i Financimit,29550 - Departamenti i Financimit,0133,201107-2647587,20638,06.2026-12.2028,Lehtësimi i tregtisë dhe transportit në Ballkanin Perëndimor 2.0,,,,,,,,,,,0133 201107-2647587 20638 06.2026-12.2028 Lehtësimi i tregtisë dhe transportit në Ballkanin Perëndimor 2.0
3.2,102,469,source,"201000 - Ministria e Financave, Punës dhe Transfereve",201107 - Departamenti i Financimit,29550 - Departamenti i Financimit,0133,201107-2647587,20638,06.2026-12.2028,Lehtësimi i tregtisë dhe transportit në Ballkanin Perëndimor 2.0,FH,,0.0,0.0,0.0,0.0,5000000.0,8000000.0,0.0,13000000.0,"FH 0 0 0 0 5,000,000 8,000,000 0 13,000,000"
3.2,102,483,project,"201000 - Ministria e Financave, Punës dhe Transfereve",201107 - Departamenti i Financimit,29550 - Departamenti i Financimit,0112,201107-2647595,20639,02.2026-12.2028,Zhvillimi i Sektorit Financiar të Kosovës,,,,,,,,,,,0112 201107-2647595 20639 02.2026-12.2028 Zhvillimi i Sektorit Financiar të Kosovës
3.2,102,497,source,"201000 - Ministria e Financave, Punës dhe Transfereve",201107 - Departamenti i Financimit,29550 - Departamenti i Financimit,0112,201107-2647595,20639,02.2026-12.2028,Zhvillimi i Sektorit Financiar të Kosovës,FH,,0.0,0.0,0.0,0.0,7000000.0,10000000.0,0.0,17000000.0,"FH 0 0 0 0 7,000,000 10,000,000 0 17,000,000"
3.2,103,171,subtotal,"201000 - Ministria e Financave, Punës dhe Transfereve",201107 - Departamenti i Financimit,29550 - Departamenti i Financimit,,,,,Totali ( Financimi nga Huamarrja ) - Departamenti i Financimit,,,0.0,0.0,0.0,0.0,12000000.0,18000000.0,0.0,30000000.0,"Totali ( Financimi nga Huamarrja ) - Departamenti i Financimit 0 0 0 0 12,000,000 18,000,000 0 30,000,000"
3.2,103,185,subtotal,"201000 - Ministria e Financave, Punës dhe Transfereve",201107 - Departamenti i Financimit,29550 - Departamenti i Financimit,,,,,Totali - Departamenti i Financimit,,,0.0,0.0,0.0,0.0,12000000.0,18000000.0,0.0,30000000.0,"Totali - Departamenti i Financimit 0 0 0 0 12,000,000 18,000,000 0 30,000,000"
3.2,103,199,subtotal,"201000 - Ministria e Financave, Punës dhe Transfereve",201107 - Departamenti i Financimit,29550 - Departamenti i Financimit,,,,,Totali ( Financimi nga Huamarrja ) - Departamenti i Financimit,,,0.0,0.0,0.0,0.0,12000000.0,18000000.0,0.0,30000000.0,"Totali ( Financimi nga Huamarrja ) - Departamenti i Financimit 0 0 0 0 12,000,000 18,000,000 0 30,000,000"
3.2,103,213,subtotal,"201000 - Ministria e Financave, Punës dhe Transfereve",201107 - Departamenti i Financimit,29550 - Departamenti i Financimit,,,,,Totali - Departamenti i Financimit,,,0.0,0.0,0.0,0.0,12000000.0,18000000.0,0.0,30000000.0,"Totali - Departamenti i Financimit 0 0 0 0 12,000,000 18,000,000 0 30,000,000"
3.2,103,256,project,"201000 - Ministria e Financave, Punës dhe Transfereve",201155 - Departamenti i Shërbimeve të Përgjithshme,11301 - Departamenti i Shërbimeve të Përgjithshme,0112,201027-096371,11286,05.2016-12.2028,Ndertimin  i  objektit te ATK-Dogan ne Prishtine,,,,,,,,,,,0112 201027-096371 11286 05.2016-12.2028 Ndertimin i objektit te ATK-Dogan ne Prishtine
3.2,103,270,source,"201000 - Ministria e Financave, Punës dhe Transfereve",201155 - Departamenti i Shërbimeve të Përgjithshme,11301 - Departamenti i Shërbimeve të Përgjithshme,0112,201027-096371,11286,05.2016-12.2028,Ndertimin  i  objektit te ATK-Dogan ne Prishtine,GQ,,1387220.0,1800548.0,0.0,1800548.0,6773480.0,2500000.0,0.0,12461248.0,"GQ 1,387,220 1,800,548 0 1,800,548 6,773,480 2,500,000 0 12,461,248"
3.2,103,284,project,"201000 - Ministria e Financave, Punës dhe Transfereve",201155 - Departamenti i Shërbimeve të Përgjithshme,11301 - Departamenti i Shërbimeve të Përgjithshme,0133,201081-2445496,19537,02.2024-11.2028,Zhvillimi dhe Avancimi i  Sistemit të Buxhetit,,,,,,,,,,,0133 201081-2445496 19537 02.2024-11.2028 Zhvillimi dhe Avancimi i Sistemit të Buxhetit
3.2,103,298,source,"201000 - Ministria e Financave, Punës dhe Transfereve",201155 - Departamenti i Shërbimeve të Përgjithshme,11301 - Departamenti i Shërbimeve të Përgjithshme,0133,201081-2445496,19537,02.2024-11.2028,Zhvillimi dhe Avancimi i  Sistemit të Buxhetit,GQ,,0.0,500000.0,0.0,500000.0,200000.0,200000.0,0.0,900000.0,"GQ 0 500,000 0 500,000 200,000 200,000 0 900,000"
3.2,103,313,project,"201000 - Ministria e Financave, Punës dhe Transfereve",201155 - Departamenti i Shërbimeve të Përgjithshme,11301 - Departamenti i Shërbimeve të Përgjithshme,0133,201081-2445538,19539,02.2024-10.2028,Zhvillimi dhe Avancimi i Sistemit të Pensioneve,,,,,,,,,,,0133 201081-2445538 19539 02.2024-10.2028 Zhvillimi dhe Avancimi i Sistemit të Pensioneve
3.2,103,327,source,"201000 - Ministria e Financave, Punës dhe Transfereve",201155 - Departamenti i Shërbimeve të Përgjithshme,11301 - Departamenti i Shërbimeve të Përgjithshme,0133,201081-2445538,19539,02.2024-10.2028,Zhvillimi dhe Avancimi i Sistemit të Pensioneve,GQ,,108490.0,300000.0,0.0,300000.0,100000.0,100000.0,0.0,608490.0,"GQ 108,490 300,000 0 300,000 100,000 100,000 0 608,490"
3.2,103,341,project,"201000 - Ministria e Financave, Punës dhe Transfereve",201155 - Departamenti i Shërbimeve të Përgjithshme,11301 - Departamenti i Shërbimeve të Përgjithshme,0133,201155-1113307,13616,03.2016-12.2028,"Zhvillimi i sistemit për deponimin e te dhenave (datawarehouse), integrimin e sistemeve te MF",,,,,,,,,,,"0133 201155-1113307 13616 03.2016-12.2028 Zhvillimi i sistemit për deponimin e te dhenave (datawarehouse), integrimin e sistemeve te MF"
3.2,103,355,source,"201000 - Ministria e Financave, Punës dhe Transfereve",201155 - Departamenti i Shërbimeve të Përgjithshme,11301 - Departamenti i Shërbimeve të Përgjithshme,0133,201155-1113307,13616,03.2016-12.2028,"Zhvillimi i sistemit për deponimin e te dhenave (datawarehouse), integrimin e sistemeve te MF",GQ,,3134065.0,834452.0,0.0,834452.0,8111520.0,2035000.0,0.0,14115037.0,"GQ 3,134,065 834,452 0 834,452 8,111,520 2,035,000 0 14,115,037"
3.2,103,369,subtotal,"201000 - Ministria e Financave, Punës dhe Transfereve",201155 - Departamenti i Shërbimeve të Përgjithshme,11301 - Departamenti i Shërbimeve të Përgjithshme,,,,,Totali( GQ ) - Departamenti i Shërbimeve të Përgjithshme,GQ,,4629775.0,3435000.0,0.0,3435000.0,15185000.0,4835000.0,0.0,28084775.0,"Totali( GQ ) - Departamenti i Shërbimeve të Përgjithshme 4,629,775 3,435,000 0 3,435,000 15,185,000 4,835,000 0 28,084,775"
3.2,103,383,subtotal,"201000 - Ministria e Financave, Punës dhe Transfereve",201155 - Departamenti i Shërbimeve të Përgjithshme,11301 - Departamenti i Shërbimeve të Përgjithshme,,,,,Totali - Departamenti i Shërbimeve të Përgjithshme,,,4629775.0,3435000.0,0.0,3435000.0,15185000.0,4835000.0,0.0,28084775.0,"Totali - Departamenti i Shërbimeve të Përgjithshme 4,629,775 3,435,000 0 3,435,000 15,185,000 4,835,000 0 28,084,775"
3.2,103,398,subtotal,"201000 - Ministria e Financave, Punës dhe Transfereve",201155 - Departamenti i Shërbimeve të Përgjithshme,11301 - Departamenti i Shërbimeve të Përgjithshme,,,,,Totali ( GQ ) - Departamenti i Shërbimeve të Përgjithshme,GQ,,4629775.0,3435000.0,0.0,3435000.0,15185000.0,4835000.0,0.0,28084775.0,"Totali ( GQ ) - Departamenti i Shërbimeve të Përgjithshme 4,629,775 3,435,000 0 3,435,000 15,185,000 4,835,000 0 28,084,775"
3.2,103,412,subtotal,"201000 - Ministria e Financave, Punës dhe Transfereve",201155 - Departamenti i Shërbimeve të Përgjithshme,11301 - Departamenti i Shërbimeve të Përgjithshme,,,,,Totali - Departamenti i Shërbimeve të Përgjithshme,,,4629775.0,3435000.0,0.0,3435000.0,15185000.0,4835000.0,0.0,28084775.0,"Totali - Departamenti i Shërbimeve të Përgjithshme 4,629,775 3,435,000 0 3,435,000 15,185,000 4,835,000 0 28,084,775"
3.2,103,454,project,"201000 - Ministria e Financave, Punës dhe Transfereve",209120 - Pensionet dhe Kompenzimet,00100 - Departamenti i Pensioneve,1020,209120-1317691,13484,01.2013-12.2028,Renovimi i objekteve ekzistuese te DAPK-se,,,,,,,,,,,1020 209120-1317691 13484 01.2013-12.2028 Renovimi i objekteve ekzistuese te DAPK-se
3.2,103,469,source,"201000 - Ministria e Financave, Punës dhe Transfereve",209120 - Pensionet dhe Kompenzimet,00100 - Departamenti i Pensioneve,1020,209120-1317691,13484,01.2013-12.2028,Renovimi i objekteve ekzistuese te DAPK-se,GQ,,656430.0,655000.0,0.0,655000.0,1655000.0,1655000.0,0.0,4621430.0,"GQ 656,430 655,000 0 655,000 1,655,000 1,655,000 0 4,621,430"
3.2,103,483,subtotal,"201000 - Ministria e Financave, Punës dhe Transfereve",209120 - Pensionet dhe Kompenzimet,00100 - Departamenti i Pensioneve,,,,,Totali( GQ ) - Departamenti i Pensioneve,GQ,,656430.0,655000.0,0.0,655000.0,1655000.0,1655000.0,0.0,4621430.0,"Totali( GQ ) - Departamenti i Pensioneve 656,430 655,000 0 655,000 1,655,000 1,655,000 0 4,621,430"
3.2,103,497,subtotal,"201000 - Ministria e Financave, Punës dhe Transfereve",209120 - Pensionet dhe Kompenzimet,00100 - Departamenti i Pensioneve,,,,,Totali - Departamenti i Pensioneve,,,656430.0,655000.0,0.0,655000.0,1655000.0,1655000.0,0.0,4621430.0,"Totali - Departamenti i Pensioneve 656,430 655,000 0 655,000 1,655,000 1,655,000 0 4,621,430"
3.2,104,171,subtotal,"201000 - Ministria e Financave, Punës dhe Transfereve",209120 - Pensionet dhe Kompenzimet,00100 - Departamenti i Pensioneve,,,,,Totali ( GQ ) - Pensionet dhe Kompenzimet,GQ,,656430.0,655000.0,0.0,655000.0,1655000.0,1655000.0,0.0,4621430.0,"Totali ( GQ ) - Pensionet dhe Kompenzimet 656,430 655,000 0 655,000 1,655,000 1,655,000 0 4,621,430"
3.2,104,185,subtotal,"201000 - Ministria e Financave, Punës dhe Transfereve",209120 - Pensionet dhe Kompenzimet,00100 - Departamenti i Pensioneve,,,,,Totali - Pensionet dhe Kompenzimet,,,656430.0,655000.0,0.0,655000.0,1655000.0,1655000.0,0.0,4621430.0,"Totali - Pensionet dhe Kompenzimet 656,430 655,000 0 655,000 1,655,000 1,655,000 0 4,621,430"
3.2,104,228,project,"201000 - Ministria e Financave, Punës dhe Transfereve",209121 - Politikat Sociale dhe Ndihmat Sociale,01700 - Departmenti i Skemave Sociale,1090,209121-2545960,19570,03.2025-10.2028,Renovimi i objekteve te institucioneve te mireqenies sociale,,,,,,,,,,,1090 209121-2545960 19570 03.2025-10.2028 Renovimi i objekteve te institucioneve te mireqenies sociale
3.2,104,242,source,"201000 - Ministria e Financave, Punës dhe Transfereve",209121 - Politikat Sociale dhe Ndihmat Sociale,01700 - Departmenti i Skemave Sociale,1090,209121-2545960,19570,03.2025-10.2028,Renovimi i objekteve te institucioneve te mireqenies sociale,GQ,,0.0,500000.0,0.0,500000.0,500000.0,500000.0,0.0,1500000.0,"GQ 0 500,000 0 500,000 500,000 500,000 0 1,500,000"
3.2,104,256,subtotal,"201000 - Ministria e Financave, Punës dhe Transfereve",209121 - Politikat Sociale dhe Ndihmat Sociale,01700 - Departmenti i Skemave Sociale,,,,,Totali( GQ ) - Departmenti i Skemave Sociale,GQ,,0.0,500000.0,0.0,500000.0,500000.0,500000.0,0.0,1500000.0,"Totali( GQ ) - Departmenti i Skemave Sociale 0 500,000 0 500,000 500,000 500,000 0 1,500,000"
3.2,104,270,subtotal,"201000 - Ministria e Financave, Punës dhe Transfereve",209121 - Politikat Sociale dhe Ndihmat Sociale,01700 - Departmenti i Skemave Sociale,,,,,Totali - Departmenti i Skemave Sociale,,,0.0,500000.0,0.0,500000.0,500000.0,500000.0,0.0,1500000.0,"Totali - Departmenti i Skemave Sociale 0 500,000 0 500,000 500,000 500,000 0 1,500,000"
3.2,104,284,subtotal,"201000 - Ministria e Financave, Punës dhe Transfereve",209121 - Politikat Sociale dhe Ndihmat Sociale,01700 - Departmenti i Skemave Sociale,,,,,Totali ( GQ ) - Politikat Sociale dhe Ndihmat Sociale,GQ,,0.0,500000.0,0.0,500000.0,500000.0,500000.0,0.0,1500000.0,"Totali ( GQ ) - Politikat Sociale dhe Ndihmat Sociale 0 500,000 0 500,000 500,000 500,000 0 1,500,000"
3.2,104,298,subtotal,"201000 - Ministria e Financave, Punës dhe Transfereve",209121 - Politikat Sociale dhe Ndihmat Sociale,01700 - Departmenti i Skemave Sociale,,,,,Totali - Politikat Sociale dhe Ndihmat Sociale,,,0.0,500000.0,0.0,500000.0,500000.0,500000.0,0.0,1500000.0,"Totali - Politikat Sociale dhe Ndihmat Sociale 0 500,000 0 500,000 500,000 500,000 0 1,500,000"
3.2,104,341,project,"201000 - Ministria e Financave, Punës dhe Transfereve",209122 - Agjencia e Punesimit,43100 - Sherbimet e Punë simit,1050,209122-1933230,18182,01.2020-12.2026,Blerja e dy automjeteve të APRK-së dhe Departamentit të Analizave të Tregut të Punës,,,,,,,,,,,1050 209122-1933230 18182 01.2020-12.2026 Blerja e dy automjeteve të APRK-së dhe Departamentit të Analizave të Tregut të Punës
3.2,104,355,source,"201000 - Ministria e Financave, Punës dhe Transfereve",209122 - Agjencia e Punesimit,43100 - Sherbimet e Punë simit,1050,209122-1933230,18182,01.2020-12.2026,Blerja e dy automjeteve të APRK-së dhe Departamentit të Analizave të Tregut të Punës,GQ,,9885.0,40000.0,0.0,40000.0,20000.0,20000.0,0.0,89885.0,"GQ 9,885 40,000 0 40,000 20,000 20,000 0 89,885"
3.2,104,369,project,"201000 - Ministria e Financave, Punës dhe Transfereve",209122 - Agjencia e Punesimit,43100 - Sherbimet e Punë simit,1050,209122-2137817,18826,01.2021-12.2026,Brandimi i ZP-ve,,,,,,,,,,,1050 209122-2137817 18826 01.2021-12.2026 Brandimi i ZP-ve
3.2,104,383,source,"201000 - Ministria e Financave, Punës dhe Transfereve",209122 - Agjencia e Punesimit,43100 - Sherbimet e Punë simit,1050,209122-2137817,18826,01.2021-12.2026,Brandimi i ZP-ve,GQ,,113223.0,130000.0,0.0,130000.0,150000.0,150000.0,0.0,543223.0,"GQ 113,223 130,000 0 130,000 150,000 150,000 0 543,223"
3.2,104,398,subtotal,"201000 - Ministria e Financave, Punës dhe Transfereve",209122 - Agjencia e Punesimit,43100 - Sherbimet e Punë simit,,,,,Totali ( GQ ) - Sherbimet e Punë simit,GQ,,123108.0,170000.0,0.0,170000.0,170000.0,170000.0,0.0,633108.0,"Totali ( GQ ) - Sherbimet e Punë simit 123,108 170,000 0 170,000 170,000 170,000 0 633,108"
3.2,104,412,subtotal,"201000 - Ministria e Financave, Punës dhe Transfereve",209122 - Agjencia e Punesimit,43100 - Sherbimet e Punë simit,,,,,Totali - Divizioni për Punësim,,,123108.0,170000.0,0.0,170000.0,170000.0,170000.0,0.0,633108.0,"Totali - Divizioni për Punësim 123,108 170,000 0 170,000 170,000 170,000 0 633,108"
3.2,104,440,project,"201000 - Ministria e Financave, Punës dhe Transfereve",209122 - Agjencia e Punesimit,91200 - Trainimi Profesional,0412,209122-1317746,13489,01.2013-12.2027,"Pajisja me mjete e objektit te ri te QAP-it Ferizaj, Gjilan, Mitrovice, Gjakove dhe qendrave tjera",,,,,,,,,,,"0412 209122-1317746 13489 01.2013-12.2027 Pajisja me mjete e objektit te ri te QAP-it Ferizaj, Gjilan, Mitrovice, Gjakove dhe qendrave tjera"
3.2,104,454,source,"201000 - Ministria e Financave, Punës dhe Transfereve",209122 - Agjencia e Punesimit,91200 - Trainimi Profesional,0412,209122-1317746,13489,01.2013-12.2027,"Pajisja me mjete e objektit te ri te QAP-it Ferizaj, Gjilan, Mitrovice, Gjakove dhe qendrave tjera",GQ,,519159.0,50000.0,0.0,50000.0,50000.0,50000.0,0.0,669159.0,"GQ 519,159 50,000 0 50,000 50,000 50,000 0 669,159"
3.2,104,469,project,"201000 - Ministria e Financave, Punës dhe Transfereve",209122 - Agjencia e Punesimit,91200 - Trainimi Profesional,1050,209122-1933227,19082,01.2023-12.2027,Blerja e dy automjeteve per QAP-at,,,,,,,,,,,1050 209122-1933227 19082 01.2023-12.2027 Blerja e dy automjeteve per QAP-at
3.2,104,483,source,"201000 - Ministria e Financave, Punës dhe Transfereve",209122 - Agjencia e Punesimit,91200 - Trainimi Profesional,1050,209122-1933227,19082,01.2023-12.2027,Blerja e dy automjeteve per QAP-at,GQ,,63143.0,50000.0,0.0,50000.0,50000.0,50000.0,0.0,213143.0,"GQ 63,143 50,000 0 50,000 50,000 50,000 0 213,143"
3.2,104,497,project,"201000 - Ministria e Financave, Punës dhe Transfereve",209122 - Agjencia e Punesimit,91200 - Trainimi Profesional,1050,209122-2035882,18677,01.2021-12.2027,"Renovimi i QAP-ave dhe venia e kamerave te sigurise Ferizaj, Prishtine, Peje, Mitrovice",,,,,,,,,,,"1050 209122-2035882 18677 01.2021-12.2027 Renovimi i QAP-ave dhe venia e kamerave te sigurise Ferizaj, Prishtine, Peje, Mitrovice"
3.2,104,511,source,"201000 - Ministria e Financave, Punës dhe Transfereve",209122 - Agjencia e Punesimit,91200 - Trainimi Profesional,1050,209122-2035882,18677,01.2021-12.2027,"Renovimi i QAP-ave dhe venia e kamerave te sigurise Ferizaj, Prishtine, Peje, Mitrovice",GQ,,76018.0,53000.0,0.0,53000.0,53000.0,53000.0,0.0,235018.0,"GQ 76,018 53,000 0 53,000 53,000 53,000 0 235,018"
3.2,105,171,subtotal,"201000 - Ministria e Financave, Punës dhe Transfereve",209122 - Agjencia e Punesimit,91200 - Trainimi Profesional,,,,,Totali( GQ ) - Trainimi Profesional,GQ,,658320.0,153000.0,0.0,153000.0,153000.0,153000.0,0.0,1117320.0,"Totali( GQ ) - Trainimi Profesional 658,320 153,000 0 153,000 153,000 153,000 0 1,117,320"
3.2,105,185,subtotal,"201000 - Ministria e Financave, Punës dhe Transfereve",209122 - Agjencia e Punesimit,91200 - Trainimi Profesional,,,,,Totali - Trainimi Profesional,,,658320.0,153000.0,0.0,153000.0,153000.0,153000.0,0.0,1117320.0,"Totali - Trainimi Profesional 658,320 153,000 0 153,000 153,000 153,000 0 1,117,320"
3.2,105,199,subtotal,"201000 - Ministria e Financave, Punës dhe Transfereve",209122 - Agjencia e Punesimit,91200 - Trainimi Profesional,,,,,Totali ( GQ ) - Agjencia e Punesimit,GQ,,781428.0,323000.0,0.0,323000.0,323000.0,323000.0,0.0,1750428.0,"Totali ( GQ ) - Agjencia e Punesimit 781,428 323,000 0 323,000 323,000 323,000 0 1,750,428"
3.2,105,213,subtotal,"201000 - Ministria e Financave, Punës dhe Transfereve",209122 - Agjencia e Punesimit,91200 - Trainimi Profesional,,,,,Totali - Agjencia e Punesimit,,,781428.0,323000.0,0.0,323000.0,323000.0,323000.0,0.0,1750428.0,"Totali - Agjencia e Punesimit 781,428 323,000 0 323,000 323,000 323,000 0 1,750,428"
3.2,105,256,project,"201000 - Ministria e Financave, Punës dhe Transfereve",209127 - Agjencia e Inspektorat të Punës,43200 - Inspektoriati i Punë s,1050,209122-119860,12178,01.2011-12.2028,Renovimi i objektit egzistues dhe neper Komuna te AIP,,,,,,,,,,,1050 209122-119860 12178 01.2011-12.2028 Renovimi i objektit egzistues dhe neper Komuna te AIP
3.2,105,270,source,"201000 - Ministria e Financave, Punës dhe Transfereve",209127 - Agjencia e Inspektorat të Punës,43200 - Inspektoriati i Punë s,1050,209122-119860,12178,01.2011-12.2028,Renovimi i objektit egzistues dhe neper Komuna te AIP,GQ,,140095.0,20000.0,0.0,20000.0,20000.0,20000.0,0.0,200095.0,"GQ 140,095 20,000 0 20,000 20,000 20,000 0 200,095"
3.2,105,284,project,"201000 - Ministria e Financave, Punës dhe Transfereve",209127 - Agjencia e Inspektorat të Punës,43200 - Inspektoriati i Punë s,1050,209122-1317731,13889,01.2015-12.2028,Blerja e veturave,,,,,,,,,,,1050 209122-1317731 13889 01.2015-12.2028 Blerja e veturave
3.2,105,298,source,"201000 - Ministria e Financave, Punës dhe Transfereve",209127 - Agjencia e Inspektorat të Punës,43200 - Inspektoriati i Punë s,1050,209122-1317731,13889,01.2015-12.2028,Blerja e veturave,GQ,,278360.0,105000.0,0.0,105000.0,105000.0,105000.0,0.0,593360.0,"GQ 278,360 105,000 0 105,000 105,000 105,000 0 593,360"
3.2,105,312,subtotal,"201000 - Ministria e Financave, Punës dhe Transfereve",209127 - Agjencia e Inspektorat të Punës,43200 - Inspektoriati i Punë s,,,,,Totali ( GQ ) - Inspektoriati i Punë s,GQ,,418455.0,125000.0,0.0,125000.0,125000.0,125000.0,0.0,793455.0,"Totali ( GQ ) - Inspektoriati i Punë s 418,455 125,000 0 125,000 125,000 125,000 0 793,455"
3.2,105,327,subtotal,"201000 - Ministria e Financave, Punës dhe Transfereve",209127 - Agjencia e Inspektorat të Punës,43200 - Inspektoriati i Punë s,,,,,Totali - Autoriteti i Inspekcionit të Punës,,,418455.0,125000.0,0.0,125000.0,125000.0,125000.0,0.0,793455.0,"Totali - Autoriteti i Inspekcionit të Punës 418,455 125,000 0 125,000 125,000 125,000 0 793,455"
3.2,105,341,subtotal,"201000 - Ministria e Financave, Punës dhe Transfereve",209127 - Agjencia e Inspektorat të Punës,43200 - Inspektoriati i Punë s,,,,,Totali ( GQ ) - Agjencia e Inspektorat të Punës,GQ,,418455.0,125000.0,0.0,125000.0,125000.0,125000.0,0.0,793455.0,"Totali ( GQ ) - Agjencia e Inspektorat të Punës 418,455 125,000 0 125,000 125,000 125,000 0 793,455"
3.2,105,355,subtotal,"201000 - Ministria e Financave, Punës dhe Transfereve",209127 - Agjencia e Inspektorat të Punës,43200 - Inspektoriati i Punë s,,,,,Totali - Agjencia e Inspektorat të Punës,,,418455.0,125000.0,0.0,125000.0,125000.0,125000.0,0.0,793455.0,"Totali - Agjencia e Inspektorat të Punës 418,455 125,000 0 125,000 125,000 125,000 0 793,455"
3.2,105,369,subtotal,"201000 - Ministria e Financave, Punës dhe Transfereve",209127 - Agjencia e Inspektorat të Punës,43200 - Inspektoriati i Punë s,,,,,"Totali ( GQ ) - Ministria e Financave, Punës dhe Transfereve",GQ,,31450376.0,14300000.0,200000.0,14500000.0,27350000.0,45224089.0,0.0,118524465.0,"Totali ( GQ ) - Ministria e Financave, Punës dhe Transfereve 31,450,376 14,300,000 200,000 14,500,000 27,350,000 45,224,089 0 118,524,465"
3.2,105,383,subtotal,"201000 - Ministria e Financave, Punës dhe Transfereve",209127 - Agjencia e Inspektorat të Punës,43200 - Inspektoriati i Punë s,,,,,"Totali ( FH ) - Ministria e Financave, Punës dhe Transfereve",FH,,0.0,0.0,0.0,0.0,12000000.0,18000000.0,0.0,30000000.0,"Totali ( FH ) - Ministria e Financave, Punës dhe Transfereve 0 0 0 0 12,000,000 18,000,000 0 30,000,000"
3.2,105,397,subtotal,"201000 - Ministria e Financave, Punës dhe Transfereve",209127 - Agjencia e Inspektorat të Punës,43200 - Inspektoriati i Punë s,,,,,"Totali - Ministria e Financave, Punës dhe Transfereve",,,31450376.0,14300000.0,200000.0,14500000.0,39350000.0,63224089.0,0.0,148524465.0,"Totali - Ministria e Financave, Punës dhe Transfereve 31,450,376 14,300,000 200,000 14,500,000 39,350,000 63,224,089 0 148,524,465"
3.2,105,454,project,"203000 - Ministria e Bujqësisë, Pylltarisë dhe Zhvillimit Rural",203052 - Agjencia Pyjore e Kosovës,40300 - Agjencia Pyjore e Kosovë s,0422,203052-071514,10592,01.2025-12.20268,Hartimi i planeve menaxhuese,,,,,,,,,,,0422 203052-071514 10592 01.2025-12.20268 Hartimi i planeve menaxhuese
3.2,105,469,source,"203000 - Ministria e Bujqësisë, Pylltarisë dhe Zhvillimit Rural",203052 - Agjencia Pyjore e Kosovës,40300 - Agjencia Pyjore e Kosovë s,0422,203052-071514,10592,01.2025-12.20268,Hartimi i planeve menaxhuese,GQ,,2145569.0,250000.0,0.0,250000.0,250000.0,250000.0,0.0,2895569.0,"GQ 2,145,569 250,000 0 250,000 250,000 250,000 0 2,895,569"
3.2,105,483,project,"203000 - Ministria e Bujqësisë, Pylltarisë dhe Zhvillimit Rural",203052 - Agjencia Pyjore e Kosovës,40300 - Agjencia Pyjore e Kosovë s,0422,203052-071518,10023,01.2025-12.2028,Pyllzimi i siperfaqeve te zhveshura,,,,,,,,,,,0422 203052-071518 10023 01.2025-12.2028 Pyllzimi i siperfaqeve te zhveshura
3.2,105,497,source,"203000 - Ministria e Bujqësisë, Pylltarisë dhe Zhvillimit Rural",203052 - Agjencia Pyjore e Kosovës,40300 - Agjencia Pyjore e Kosovë s,0422,203052-071518,10023,01.2025-12.2028,Pyllzimi i siperfaqeve te zhveshura,GQ,,3472053.0,320000.0,0.0,320000.0,320000.0,320000.0,0.0,4432053.0,"GQ 3,472,053 320,000 0 320,000 320,000 320,000 0 4,432,053"
3.2,106,171,project,"203000 - Ministria e Bujqësisë, Pylltarisë dhe Zhvillimit Rural",203052 - Agjencia Pyjore e Kosovës,40300 - Agjencia Pyjore e Kosovë s,0133,203052-2443903,19261,01.2025-12.2028,Kadastrit Pyjor   -Reegjistri i Fondit Pyjor të Kosovës,,,,,,,,,,,0133 203052-2443903 19261 01.2025-12.2028 Kadastrit Pyjor -Reegjistri i Fondit Pyjor të Kosovës
3.2,106,185,source,"203000 - Ministria e Bujqësisë, Pylltarisë dhe Zhvillimit Rural",203052 - Agjencia Pyjore e Kosovës,40300 - Agjencia Pyjore e Kosovë s,0133,203052-2443903,19261,01.2025-12.2028,Kadastrit Pyjor   -Reegjistri i Fondit Pyjor të Kosovës,GQ,,0.0,500000.0,0.0,500000.0,500000.0,500000.0,0.0,1500000.0,"GQ 0 500,000 0 500,000 500,000 500,000 0 1,500,000"
3.2,106,199,subtotal,"203000 - Ministria e Bujqësisë, Pylltarisë dhe Zhvillimit Rural",203052 - Agjencia Pyjore e Kosovës,40300 - Agjencia Pyjore e Kosovë s,,,,,Totali( GQ ) - Agjencia Pyjore e Kosovë s,GQ,,5617622.0,1070000.0,0.0,1070000.0,1070000.0,1070000.0,0.0,8827622.0,"Totali( GQ ) - Agjencia Pyjore e Kosovë s 5,617,622 1,070,000 0 1,070,000 1,070,000 1,070,000 0 8,827,622"
3.2,106,213,subtotal,"203000 - Ministria e Bujqësisë, Pylltarisë dhe Zhvillimit Rural",203052 - Agjencia Pyjore e Kosovës,40300 - Agjencia Pyjore e Kosovë s,,,,,Totali - Agjencia Pyjore e Kosovë s,,,5617622.0,1070000.0,0.0,1070000.0,1070000.0,1070000.0,0.0,8827622.0,"Totali - Agjencia Pyjore e Kosovë s 5,617,622 1,070,000 0 1,070,000 1,070,000 1,070,000 0 8,827,622"
3.2,106,228,subtotal,"203000 - Ministria e Bujqësisë, Pylltarisë dhe Zhvillimit Rural",203052 - Agjencia Pyjore e Kosovës,40300 - Agjencia Pyjore e Kosovë s,,,,,Totali ( GQ ) - Agjencia Pyjore e Kosovës,GQ,,5617622.0,1070000.0,0.0,1070000.0,1070000.0,1070000.0,0.0,8827622.0,"Totali ( GQ ) - Agjencia Pyjore e Kosovës 5,617,622 1,070,000 0 1,070,000 1,070,000 1,070,000 0 8,827,622"
3.2,106,242,subtotal,"203000 - Ministria e Bujqësisë, Pylltarisë dhe Zhvillimit Rural",203052 - Agjencia Pyjore e Kosovës,40300 - Agjencia Pyjore e Kosovë s,,,,,Totali - Agjencia Pyjore e Kosovës,,,5617622.0,1070000.0,0.0,1070000.0,1070000.0,1070000.0,0.0,8827622.0,"Totali - Agjencia Pyjore e Kosovës 5,617,622 1,070,000 0 1,070,000 1,070,000 1,070,000 0 8,827,622"
3.2,106,284,project,"203000 - Ministria e Bujqësisë, Pylltarisë dhe Zhvillimit Rural",203059 - Departamenti I Vreshtarisë dhe Verëtarisë,45800 - Departamenti I Vreshtarisë dhe Verë tarisë,0421,203059-1728074,15066,01.2017-12.2026,Rehabilitimi i Rrjetit  rrugorë në zonat vreshtare të Kosovës,,,,,,,,,,,0421 203059-1728074 15066 01.2017-12.2026 Rehabilitimi i Rrjetit rrugorë në zonat vreshtare të Kosovës
3.2,106,298,source,"203000 - Ministria e Bujqësisë, Pylltarisë dhe Zhvillimit Rural",203059 - Departamenti I Vreshtarisë dhe Verëtarisë,45800 - Departamenti I Vreshtarisë dhe Verë tarisë,0421,203059-1728074,15066,01.2017-12.2026,Rehabilitimi i Rrjetit  rrugorë në zonat vreshtare të Kosovës,GQ,,984708.0,350000.0,0.0,350000.0,350000.0,350000.0,0.0,2034708.0,"GQ 984,708 350,000 0 350,000 350,000 350,000 0 2,034,708"
3.2,106,313,project,"203000 - Ministria e Bujqësisë, Pylltarisë dhe Zhvillimit Rural",203059 - Departamenti I Vreshtarisë dhe Verëtarisë,45800 - Departamenti I Vreshtarisë dhe Verë tarisë,0421,203059-2444013,19293,02.2024-06.2024,Pajisje me ebuliomter elektronik,,,,,,,,,,,0421 203059-2444013 19293 02.2024-06.2024 Pajisje me ebuliomter elektronik
3.2,106,327,source,"203000 - Ministria e Bujqësisë, Pylltarisë dhe Zhvillimit Rural",203059 - Departamenti I Vreshtarisë dhe Verëtarisë,45800 - Departamenti I Vreshtarisë dhe Verë tarisë,0421,203059-2444013,19293,02.2024-06.2024,Pajisje me ebuliomter elektronik,GQ,,0.0,5000.0,0.0,5000.0,0.0,0.0,0.0,5000.0,"GQ 0 5,000 0 5,000 0 0 0 5,000"
3.2,106,341,subtotal,"203000 - Ministria e Bujqësisë, Pylltarisë dhe Zhvillimit Rural",203059 - Departamenti I Vreshtarisë dhe Verëtarisë,45800 - Departamenti I Vreshtarisë dhe Verë tarisë,,,,,Totali( GQ ) - Departamenti I Vreshtarisë dhe Verë tarisë,GQ,,984708.0,355000.0,0.0,355000.0,350000.0,350000.0,0.0,2039708.0,"Totali( GQ ) - Departamenti I Vreshtarisë dhe Verë tarisë 984,708 355,000 0 355,000 350,000 350,000 0 2,039,708"
3.2,106,355,subtotal,"203000 - Ministria e Bujqësisë, Pylltarisë dhe Zhvillimit Rural",203059 - Departamenti I Vreshtarisë dhe Verëtarisë,45800 - Departamenti I Vreshtarisë dhe Verë tarisë,,,,,Totali - Departamenti I Vreshtarisë dhe Verë tarisë,,,984708.0,355000.0,0.0,355000.0,350000.0,350000.0,0.0,2039708.0,"Totali - Departamenti I Vreshtarisë dhe Verë tarisë 984,708 355,000 0 355,000 350,000 350,000 0 2,039,708"
3.2,106,369,subtotal,"203000 - Ministria e Bujqësisë, Pylltarisë dhe Zhvillimit Rural",203059 - Departamenti I Vreshtarisë dhe Verëtarisë,45800 - Departamenti I Vreshtarisë dhe Verë tarisë,,,,,Totali ( GQ ) - Departamenti I Vreshtarisë dhe Verëtarisë,GQ,,984708.0,355000.0,0.0,355000.0,350000.0,350000.0,0.0,2039708.0,"Totali ( GQ ) - Departamenti I Vreshtarisë dhe Verëtarisë 984,708 355,000 0 355,000 350,000 350,000 0 2,039,708"
3.2,106,383,subtotal,"203000 - Ministria e Bujqësisë, Pylltarisë dhe Zhvillimit Rural",203059 - Departamenti I Vreshtarisë dhe Verëtarisë,45800 - Departamenti I Vreshtarisë dhe Verë tarisë,,,,,Totali - Departamenti I Vreshtarisë dhe Verëtarisë,,,984708.0,355000.0,0.0,355000.0,350000.0,350000.0,0.0,2039708.0,"Totali - Departamenti I Vreshtarisë dhe Verëtarisë 984,708 355,000 0 355,000 350,000 350,000 0 2,039,708"
3.2,106,426,project,"203000 - Ministria e Bujqësisë, Pylltarisë dhe Zhvillimit Rural",203077 - Instituti Bujqësor i Kosovës,40500 - Instituti Bujqë sor i Kosovë s,0482,203054-1317676,13446,01.2013-12.2026,Ngritja e Kapaciteteve Laboratorike ne IBK,,,,,,,,,,,0482 203054-1317676 13446 01.2013-12.2026 Ngritja e Kapaciteteve Laboratorike ne IBK
3.2,106,440,source,"203000 - Ministria e Bujqësisë, Pylltarisë dhe Zhvillimit Rural",203077 - Instituti Bujqësor i Kosovës,40500 - Instituti Bujqë sor i Kosovë s,0482,203054-1317676,13446,01.2013-12.2026,Ngritja e Kapaciteteve Laboratorike ne IBK,GQ,,1469293.0,200000.0,0.0,200000.0,200000.0,200000.0,0.0,2069293.0,"GQ 1,469,293 200,000 0 200,000 200,000 200,000 0 2,069,293"
3.2,106,454,project,"203000 - Ministria e Bujqësisë, Pylltarisë dhe Zhvillimit Rural",203077 - Instituti Bujqësor i Kosovës,40500 - Instituti Bujqë sor i Kosovë s,0421,203054-1317683,13448,01.2013-12.2026,Krijimi i kapaciteteve hulumtuese dhe prodhuese te pronave- tokave bujqesore te IBK-es,,,,,,,,,,,0421 203054-1317683 13448 01.2013-12.2026 Krijimi i kapaciteteve hulumtuese dhe prodhuese te pronave- tokave bujqesore te IBK-es
3.2,106,469,source,"203000 - Ministria e Bujqësisë, Pylltarisë dhe Zhvillimit Rural",203077 - Instituti Bujqësor i Kosovës,40500 - Instituti Bujqë sor i Kosovë s,0421,203054-1317683,13448,01.2013-12.2026,Krijimi i kapaciteteve hulumtuese dhe prodhuese te pronave- tokave bujqesore te IBK-es,GQ,,274414.0,80000.0,0.0,80000.0,40000.0,40000.0,0.0,434414.0,"GQ 274,414 80,000 0 80,000 40,000 40,000 0 434,414"
3.2,106,483,project,"203000 - Ministria e Bujqësisë, Pylltarisë dhe Zhvillimit Rural",203077 - Instituti Bujqësor i Kosovës,40500 - Instituti Bujqë sor i Kosovë s,0150,203077-1830722,15522,01.2018-12.2026,Programi Kombëtar i Inventarit të Tokave Bujqësore të Republikës së Kosovës,,,,,,,,,,,0150 203077-1830722 15522 01.2018-12.2026 Programi Kombëtar i Inventarit të Tokave Bujqësore të Republikës së Kosovës
3.2,106,497,source,"203000 - Ministria e Bujqësisë, Pylltarisë dhe Zhvillimit Rural",203077 - Instituti Bujqësor i Kosovës,40500 - Instituti Bujqë sor i Kosovë s,0150,203077-1830722,15522,01.2018-12.2026,Programi Kombëtar i Inventarit të Tokave Bujqësore të Republikës së Kosovës,GQ,,1783694.0,130000.0,0.0,130000.0,460000.0,460000.0,0.0,2833694.0,"GQ 1,783,694 130,000 0 130,000 460,000 460,000 0 2,833,694"
3.2,107,171,project,"203000 - Ministria e Bujqësisë, Pylltarisë dhe Zhvillimit Rural",203077 - Instituti Bujqësor i Kosovës,40500 - Instituti Bujqë sor i Kosovë s,0421,203077-2545889,19546,03.2025-12.2025,Ndertimi i objektit adminsitrativ dhe funskionalizimi i hangarit ekzistues ne fermen hulumtuese ne Institutin Bujqesore te Kosoves,,,,,,,,,,,0421 203077-2545889 19546 03.2025-12.2025 Ndertimi i objektit adminsitrativ dhe funskionalizimi i hangarit ekzistues ne fermen hulumtuese ne Institutin Bujqesore te Kosoves
3.2,107,185,source,"203000 - Ministria e Bujqësisë, Pylltarisë dhe Zhvillimit Rural",203077 - Instituti Bujqësor i Kosovës,40500 - Instituti Bujqë sor i Kosovë s,0421,203077-2545889,19546,03.2025-12.2025,Ndertimi i objektit adminsitrativ dhe funskionalizimi i hangarit ekzistues ne fermen hulumtuese ne Institutin Bujqesore te Kosoves,GQ,,0.0,160000.0,0.0,160000.0,0.0,0.0,0.0,160000.0,"GQ 0 160,000 0 160,000 0 0 0 160,000"
3.2,107,199,project,"203000 - Ministria e Bujqësisë, Pylltarisë dhe Zhvillimit Rural",203077 - Instituti Bujqësor i Kosovës,40500 - Instituti Bujqë sor i Kosovë s,0421,203077-2545890,19547,01.2026-12.2026,Blerja dhe vendosja e trafostacionit me kapacitet 160KW,,,,,,,,,,,0421 203077-2545890 19547 01.2026-12.2026 Blerja dhe vendosja e trafostacionit me kapacitet 160KW
3.2,107,213,source,"203000 - Ministria e Bujqësisë, Pylltarisë dhe Zhvillimit Rural",203077 - Instituti Bujqësor i Kosovës,40500 - Instituti Bujqë sor i Kosovë s,0421,203077-2545890,19547,01.2026-12.2026,Blerja dhe vendosja e trafostacionit me kapacitet 160KW,GQ,,0.0,60000.0,0.0,60000.0,0.0,0.0,0.0,60000.0,"GQ 0 60,000 0 60,000 0 0 0 60,000"
3.2,107,228,project,"203000 - Ministria e Bujqësisë, Pylltarisë dhe Zhvillimit Rural",203077 - Instituti Bujqësor i Kosovës,40500 - Instituti Bujqë sor i Kosovë s,0421,203077-2545891,19548,01.2026-12.2026,Ndertimi i murit ne objektin ne seline e IBK-se,,,,,,,,,,,0421 203077-2545891 19548 01.2026-12.2026 Ndertimi i murit ne objektin ne seline e IBK-se
3.2,107,242,source,"203000 - Ministria e Bujqësisë, Pylltarisë dhe Zhvillimit Rural",203077 - Instituti Bujqësor i Kosovës,40500 - Instituti Bujqë sor i Kosovë s,0421,203077-2545891,19548,01.2026-12.2026,Ndertimi i murit ne objektin ne seline e IBK-se,GQ,,0.0,60000.0,0.0,60000.0,0.0,0.0,0.0,60000.0,"GQ 0 60,000 0 60,000 0 0 0 60,000"
3.2,107,256,subtotal,"203000 - Ministria e Bujqësisë, Pylltarisë dhe Zhvillimit Rural",203077 - Instituti Bujqësor i Kosovës,40500 - Instituti Bujqë sor i Kosovë s,,,,,Totali( GQ ) - Instituti Bujqë sor i Kosovë s,GQ,,3527401.0,690000.0,0.0,690000.0,700000.0,700000.0,0.0,5617401.0,"Totali( GQ ) - Instituti Bujqë sor i Kosovë s 3,527,401 690,000 0 690,000 700,000 700,000 0 5,617,401"
3.2,107,270,subtotal,"203000 - Ministria e Bujqësisë, Pylltarisë dhe Zhvillimit Rural",203077 - Instituti Bujqësor i Kosovës,40500 - Instituti Bujqë sor i Kosovë s,,,,,Totali - Instituti Bujqë sor i Kosovë s,,,3527401.0,690000.0,0.0,690000.0,700000.0,700000.0,0.0,5617401.0,"Totali - Instituti Bujqë sor i Kosovë s 3,527,401 690,000 0 690,000 700,000 700,000 0 5,617,401"
3.2,107,284,subtotal,"203000 - Ministria e Bujqësisë, Pylltarisë dhe Zhvillimit Rural",203077 - Instituti Bujqësor i Kosovës,40500 - Instituti Bujqë sor i Kosovë s,,,,,Totali ( GQ ) - Instituti Bujqësor i Kosovës,GQ,,3527401.0,690000.0,0.0,690000.0,700000.0,700000.0,0.0,5617401.0,"Totali ( GQ ) - Instituti Bujqësor i Kosovës 3,527,401 690,000 0 690,000 700,000 700,000 0 5,617,401"
3.2,107,298,subtotal,"203000 - Ministria e Bujqësisë, Pylltarisë dhe Zhvillimit Rural",203077 - Instituti Bujqësor i Kosovës,40500 - Instituti Bujqë sor i Kosovë s,,,,,Totali - Instituti Bujqësor i Kosovës,,,3527401.0,690000.0,0.0,690000.0,700000.0,700000.0,0.0,5617401.0,"Totali - Instituti Bujqësor i Kosovës 3,527,401 690,000 0 690,000 700,000 700,000 0 5,617,401"
3.2,107,341,project,"203000 - Ministria e Bujqësisë, Pylltarisë dhe Zhvillimit Rural",203085 - Agjencia e Ushqimit dhe Veterinarisë e Kosovë,40800 - Agjencia e Ushqimit dhe Veterinarisë e Kosovë,0421,104021-1320443,13801,01.2021-12.2027,Blerja e veturave speciale per mostrim,,,,,,,,,,,0421 104021-1320443 13801 01.2021-12.2027 Blerja e veturave speciale per mostrim
3.2,107,355,source,"203000 - Ministria e Bujqësisë, Pylltarisë dhe Zhvillimit Rural",203085 - Agjencia e Ushqimit dhe Veterinarisë e Kosovë,40800 - Agjencia e Ushqimit dhe Veterinarisë e Kosovë,0421,104021-1320443,13801,01.2021-12.2027,Blerja e veturave speciale per mostrim,GQ,,72332.0,10000.0,0.0,10000.0,10000.0,10000.0,0.0,102332.0,"GQ 72,332 10,000 0 10,000 10,000 10,000 0 102,332"
3.2,107,369,project,"203000 - Ministria e Bujqësisë, Pylltarisë dhe Zhvillimit Rural",203085 - Agjencia e Ushqimit dhe Veterinarisë e Kosovë,40800 - Agjencia e Ushqimit dhe Veterinarisë e Kosovë,0421,104021-1420659,13880,01.2021-12.2028,Furnizimi me pajisje te TI,,,,,,,,,,,0421 104021-1420659 13880 01.2021-12.2028 Furnizimi me pajisje te TI
3.2,107,383,source,"203000 - Ministria e Bujqësisë, Pylltarisë dhe Zhvillimit Rural",203085 - Agjencia e Ushqimit dhe Veterinarisë e Kosovë,40800 - Agjencia e Ushqimit dhe Veterinarisë e Kosovë,0421,104021-1420659,13880,01.2021-12.2028,Furnizimi me pajisje te TI,GQ,,217113.0,100000.0,0.0,100000.0,100000.0,100000.0,0.0,517113.0,"GQ 217,113 100,000 0 100,000 100,000 100,000 0 517,113"
3.2,107,398,project,"203000 - Ministria e Bujqësisë, Pylltarisë dhe Zhvillimit Rural",203085 - Agjencia e Ushqimit dhe Veterinarisë e Kosovë,40800 - Agjencia e Ushqimit dhe Veterinarisë e Kosovë,0421,104068-2240816,19002,01.2022-12.2027,Ndërtimi i zyrës regjionale  për Inspektoratin e AUV së në Ferizaj,,,,,,,,,,,0421 104068-2240816 19002 01.2022-12.2027 Ndërtimi i zyrës regjionale për Inspektoratin e AUV së në Ferizaj
3.2,107,412,source,"203000 - Ministria e Bujqësisë, Pylltarisë dhe Zhvillimit Rural",203085 - Agjencia e Ushqimit dhe Veterinarisë e Kosovë,40800 - Agjencia e Ushqimit dhe Veterinarisë e Kosovë,0421,104068-2240816,19002,01.2022-12.2027,Ndërtimi i zyrës regjionale  për Inspektoratin e AUV së në Ferizaj,GQ,,74887.0,10000.0,0.0,10000.0,10000.0,10000.0,0.0,104887.0,"GQ 74,887 10,000 0 10,000 10,000 10,000 0 104,887"
3.2,107,426,project,"203000 - Ministria e Bujqësisë, Pylltarisë dhe Zhvillimit Rural",203085 - Agjencia e Ushqimit dhe Veterinarisë e Kosovë,40800 - Agjencia e Ushqimit dhe Veterinarisë e Kosovë,0421,104068-2240817,19003,01.2022-12.2027,Ndertimi i zyrës regjionale për inspektoratit e AUV-së në Gjakovë,,,,,,,,,,,0421 104068-2240817 19003 01.2022-12.2027 Ndertimi i zyrës regjionale për inspektoratit e AUV-së në Gjakovë
3.2,107,440,source,"203000 - Ministria e Bujqësisë, Pylltarisë dhe Zhvillimit Rural",203085 - Agjencia e Ushqimit dhe Veterinarisë e Kosovë,40800 - Agjencia e Ushqimit dhe Veterinarisë e Kosovë,0421,104068-2240817,19003,01.2022-12.2027,Ndertimi i zyrës regjionale për inspektoratit e AUV-së në Gjakovë,GQ,,0.0,10000.0,0.0,10000.0,10000.0,10000.0,0.0,30000.0,"GQ 0 10,000 0 10,000 10,000 10,000 0 30,000"
3.2,107,454,project,"203000 - Ministria e Bujqësisë, Pylltarisë dhe Zhvillimit Rural",203085 - Agjencia e Ushqimit dhe Veterinarisë e Kosovë,40800 - Agjencia e Ushqimit dhe Veterinarisë e Kosovë,0421,104068-2240818,19004,01.2022-12.2027,Blerja e veturave për Inspektoratin e AUV-së,,,,,,,,,,,0421 104068-2240818 19004 01.2022-12.2027 Blerja e veturave për Inspektoratin e AUV-së
3.2,107,469,source,"203000 - Ministria e Bujqësisë, Pylltarisë dhe Zhvillimit Rural",203085 - Agjencia e Ushqimit dhe Veterinarisë e Kosovë,40800 - Agjencia e Ushqimit dhe Veterinarisë e Kosovë,0421,104068-2240818,19004,01.2022-12.2027,Blerja e veturave për Inspektoratin e AUV-së,GQ,,100300.0,54000.0,0.0,54000.0,54000.0,54000.0,0.0,262300.0,"GQ 100,300 54,000 0 54,000 54,000 54,000 0 262,300"
3.2,107,483,project,"203000 - Ministria e Bujqësisë, Pylltarisë dhe Zhvillimit Rural",203085 - Agjencia e Ushqimit dhe Veterinarisë e Kosovë,40800 - Agjencia e Ushqimit dhe Veterinarisë e Kosovë,0421,203058-071455,10013,01.2021-12.2026,Pajisje e Laboratorit  veterinar dhe ushqimit si dhe laboratorit nacional te gripit te shpezeve,,,,,,,,,,,0421 203058-071455 10013 01.2021-12.2026 Pajisje e Laboratorit veterinar dhe ushqimit si dhe laboratorit nacional te gripit te shpezeve
3.2,107,497,source,"203000 - Ministria e Bujqësisë, Pylltarisë dhe Zhvillimit Rural",203085 - Agjencia e Ushqimit dhe Veterinarisë e Kosovë,40800 - Agjencia e Ushqimit dhe Veterinarisë e Kosovë,0421,203058-071455,10013,01.2021-12.2026,Pajisje e Laboratorit  veterinar dhe ushqimit si dhe laboratorit nacional te gripit te shpezeve,GQ,,5017048.0,240000.0,0.0,240000.0,240000.0,240000.0,0.0,5737048.0,"GQ 5,017,048 240,000 0 240,000 240,000 240,000 0 5,737,048"
3.2,108,171,subtotal,"203000 - Ministria e Bujqësisë, Pylltarisë dhe Zhvillimit Rural",203085 - Agjencia e Ushqimit dhe Veterinarisë e Kosovë,40800 - Agjencia e Ushqimit dhe Veterinarisë e Kosovë,,,,,Totali( GQ ) - Agjencia e Ushqimit dhe Veterinarisë e Kosovë,GQ,,5481680.0,424000.0,0.0,424000.0,424000.0,424000.0,0.0,6753680.0,"Totali( GQ ) - Agjencia e Ushqimit dhe Veterinarisë e Kosovë 5,481,680 424,000 0 424,000 424,000 424,000 0 6,753,680"
3.2,108,185,subtotal,"203000 - Ministria e Bujqësisë, Pylltarisë dhe Zhvillimit Rural",203085 - Agjencia e Ushqimit dhe Veterinarisë e Kosovë,40800 - Agjencia e Ushqimit dhe Veterinarisë e Kosovë,,,,,Totali - Agjencia e Ushqimit dhe Veterinarisë e Kosovë,,,5481680.0,424000.0,0.0,424000.0,424000.0,424000.0,0.0,6753680.0,"Totali - Agjencia e Ushqimit dhe Veterinarisë e Kosovë 5,481,680 424,000 0 424,000 424,000 424,000 0 6,753,680"
3.2,108,199,subtotal,"203000 - Ministria e Bujqësisë, Pylltarisë dhe Zhvillimit Rural",203085 - Agjencia e Ushqimit dhe Veterinarisë e Kosovë,40800 - Agjencia e Ushqimit dhe Veterinarisë e Kosovë,,,,,Totali ( GQ ) - Agjencia e Ushqimit dhe Veterinarisë e Kosovë,GQ,,5481680.0,424000.0,0.0,424000.0,424000.0,424000.0,0.0,6753680.0,"Totali ( GQ ) - Agjencia e Ushqimit dhe Veterinarisë e Kosovë 5,481,680 424,000 0 424,000 424,000 424,000 0 6,753,680"
3.2,108,213,subtotal,"203000 - Ministria e Bujqësisë, Pylltarisë dhe Zhvillimit Rural",203085 - Agjencia e Ushqimit dhe Veterinarisë e Kosovë,40800 - Agjencia e Ushqimit dhe Veterinarisë e Kosovë,,,,,Totali - Agjencia e Ushqimit dhe Veterinarisë e Kosovë,,,5481680.0,424000.0,0.0,424000.0,424000.0,424000.0,0.0,6753680.0,"Totali - Agjencia e Ushqimit dhe Veterinarisë e Kosovë 5,481,680 424,000 0 424,000 424,000 424,000 0 6,753,680"
3.2,108,256,project,"203000 - Ministria e Bujqësisë, Pylltarisë dhe Zhvillimit Rural",203155 - Sherbimet e Administrates,11303 - Departamenti pë r Financa dhe Shë rbime të Pë rbashkë ta,0421,203155-2343570,19184,01.2026-12.2026,Ndërtimi i Objektit të MBPZHR,,,,,,,,,,,0421 203155-2343570 19184 01.2026-12.2026 Ndërtimi i Objektit të MBPZHR
3.2,108,270,source,"203000 - Ministria e Bujqësisë, Pylltarisë dhe Zhvillimit Rural",203155 - Sherbimet e Administrates,11303 - Departamenti pë r Financa dhe Shë rbime të Pë rbashkë ta,0421,203155-2343570,19184,01.2026-12.2026,Ndërtimi i Objektit të MBPZHR,GQ,,218820.0,1000000.0,0.0,1000000.0,3000000.0,3000000.0,0.0,7218820.0,"GQ 218,820 1,000,000 0 1,000,000 3,000,000 3,000,000 0 7,218,820"
3.2,108,284,project,"203000 - Ministria e Bujqësisë, Pylltarisë dhe Zhvillimit Rural",203155 - Sherbimet e Administrates,11303 - Departamenti pë r Financa dhe Shë rbime të Pë rbashkë ta,0421,203155-2444040,19301,02.2024-04.2024,Aparat fotografik,,,,,,,,,,,0421 203155-2444040 19301 02.2024-04.2024 Aparat fotografik
3.2,108,298,source,"203000 - Ministria e Bujqësisë, Pylltarisë dhe Zhvillimit Rural",203155 - Sherbimet e Administrates,11303 - Departamenti pë r Financa dhe Shë rbime të Pë rbashkë ta,0421,203155-2444040,19301,02.2024-04.2024,Aparat fotografik,GQ,,4459.0,5000.0,0.0,5000.0,0.0,0.0,0.0,9459.0,"GQ 4,459 5,000 0 5,000 0 0 0 9,459"
3.2,108,312,subtotal,"203000 - Ministria e Bujqësisë, Pylltarisë dhe Zhvillimit Rural",203155 - Sherbimet e Administrates,11303 - Departamenti pë r Financa dhe Shë rbime të Pë rbashkë ta,,,,,Totali ( GQ ) - Departamenti pë r Financa dhe Shë rbime të Pë rbashkë ta,GQ,,223279.0,1005000.0,0.0,1005000.0,3000000.0,3000000.0,0.0,7228279.0,"Totali ( GQ ) - Departamenti pë r Financa dhe Shë rbime të Pë rbashkë ta 223,279 1,005,000 0 1,005,000 3,000,000 3,000,000 0 7,228,279"
3.2,108,327,subtotal,"203000 - Ministria e Bujqësisë, Pylltarisë dhe Zhvillimit Rural",203155 - Sherbimet e Administrates,11303 - Departamenti pë r Financa dhe Shë rbime të Pë rbashkë ta,,,,,Totali - Departamenti për Financa dhe Shërbime të Përbashkëta,,,223279.0,1005000.0,0.0,1005000.0,3000000.0,3000000.0,0.0,7228279.0,"Totali - Departamenti për Financa dhe Shërbime të Përbashkëta 223,279 1,005,000 0 1,005,000 3,000,000 3,000,000 0 7,228,279"
3.2,108,341,subtotal,"203000 - Ministria e Bujqësisë, Pylltarisë dhe Zhvillimit Rural",203155 - Sherbimet e Administrates,11303 - Departamenti pë r Financa dhe Shë rbime të Pë rbashkë ta,,,,,Totali ( GQ ) - Sherbimet e Administrates,GQ,,223279.0,1005000.0,0.0,1005000.0,3000000.0,3000000.0,0.0,7228279.0,"Totali ( GQ ) - Sherbimet e Administrates 223,279 1,005,000 0 1,005,000 3,000,000 3,000,000 0 7,228,279"
3.2,108,355,subtotal,"203000 - Ministria e Bujqësisë, Pylltarisë dhe Zhvillimit Rural",203155 - Sherbimet e Administrates,11303 - Departamenti pë r Financa dhe Shë rbime të Pë rbashkë ta,,,,,Totali - Sherbimet e Administrates,,,223279.0,1005000.0,0.0,1005000.0,3000000.0,3000000.0,0.0,7228279.0,"Totali - Sherbimet e Administrates 223,279 1,005,000 0 1,005,000 3,000,000 3,000,000 0 7,228,279"
3.2,108,369,subtotal,"203000 - Ministria e Bujqësisë, Pylltarisë dhe Zhvillimit Rural",203155 - Sherbimet e Administrates,11303 - Departamenti pë r Financa dhe Shë rbime të Pë rbashkë ta,,,,,"Totali ( GQ ) - Ministria e Bujqësisë, Pylltarisë dhe Zhvillimit Rural",GQ,,15834689.0,3544000.0,0.0,3544000.0,5544000.0,5544000.0,0.0,30466689.0,"Totali ( GQ ) - Ministria e Bujqësisë, Pylltarisë dhe Zhvillimit Rural 15,834,689 3,544,000 0 3,544,000 5,544,000 5,544,000 0 30,466,689"
3.2,108,383,subtotal,"203000 - Ministria e Bujqësisë, Pylltarisë dhe Zhvillimit Rural",203155 - Sherbimet e Administrates,11303 - Departamenti pë r Financa dhe Shë rbime të Pë rbashkë ta,,,,,"Totali - Ministria e Bujqësisë, Pylltarisë dhe Zhvillimit Rural",,,15834689.0,3544000.0,0.0,3544000.0,5544000.0,5544000.0,0.0,30466689.0,"Totali - Ministria e Bujqësisë, Pylltarisë dhe Zhvillimit Rural 15,834,689 3,544,000 0 3,544,000 5,544,000 5,544,000 0 30,466,689"
3.2,108,440,project,"204000 - Ministria e Industrisë, Ndërmarrësisë dhe Tregtisë",204065 - Zhvillimi Ekonomik,46500 - Agjencia e Metrologjisë së Kosovë s,0411,204065-1213862,13449,02.2012-12.2028,Zhvillimi i fushave te reja te metrologjise - pajisja me etalone dhe pajime tjera matese,,,,,,,,,,,0411 204065-1213862 13449 02.2012-12.2028 Zhvillimi i fushave te reja te metrologjise - pajisja me etalone dhe pajime tjera matese
3.2,108,454,source,"204000 - Ministria e Industrisë, Ndërmarrësisë dhe Tregtisë",204065 - Zhvillimi Ekonomik,46500 - Agjencia e Metrologjisë së Kosovë s,0411,204065-1213862,13449,02.2012-12.2028,Zhvillimi i fushave te reja te metrologjise - pajisja me etalone dhe pajime tjera matese,GQ,,1940193.0,600000.0,0.0,600000.0,700000.0,700000.0,0.0,3940193.0,"GQ 1,940,193 600,000 0 600,000 700,000 700,000 0 3,940,193"
3.2,108,469,subtotal,"204000 - Ministria e Industrisë, Ndërmarrësisë dhe Tregtisë",204065 - Zhvillimi Ekonomik,46500 - Agjencia e Metrologjisë së Kosovë s,,,,,Totali ( GQ ) - Agjencia e Metrologjisë së Kosovë s,GQ,,1940193.0,600000.0,0.0,600000.0,700000.0,700000.0,0.0,3940193.0,"Totali ( GQ ) - Agjencia e Metrologjisë së Kosovë s 1,940,193 600,000 0 600,000 700,000 700,000 0 3,940,193"
3.2,108,483,subtotal,"204000 - Ministria e Industrisë, Ndërmarrësisë dhe Tregtisë",204065 - Zhvillimi Ekonomik,46500 - Agjencia e Metrologjisë së Kosovë s,,,,,Totali - Agjencia e Metrologjisë së Kosovës,,,1940193.0,600000.0,0.0,600000.0,700000.0,700000.0,0.0,3940193.0,"Totali - Agjencia e Metrologjisë së Kosovës 1,940,193 600,000 0 600,000 700,000 700,000 0 3,940,193"
3.2,109,171,project,"204000 - Ministria e Industrisë, Ndërmarrësisë dhe Tregtisë",204065 - Zhvillimi Ekonomik,46600 - Inspektoriati i Tregut,0411,204065-2545978,19575,02.2026-12.2026,Blerja e veturave per nevojat e Inspektoratit te Tregut,,,,,,,,,,,0411 204065-2545978 19575 02.2026-12.2026 Blerja e veturave per nevojat e Inspektoratit te Tregut
3.2,109,185,source,"204000 - Ministria e Industrisë, Ndërmarrësisë dhe Tregtisë",204065 - Zhvillimi Ekonomik,46600 - Inspektoriati i Tregut,0411,204065-2545978,19575,02.2026-12.2026,Blerja e veturave per nevojat e Inspektoratit te Tregut,GQ,,0.0,0.0,400000.0,400000.0,0.0,0.0,0.0,400000.0,"GQ 0 0 400,000 400,000 0 0 0 400,000"
3.2,109,199,subtotal,"204000 - Ministria e Industrisë, Ndërmarrësisë dhe Tregtisë",204065 - Zhvillimi Ekonomik,46600 - Inspektoriati i Tregut,,,,,Totali ( GQ ) - Inspektoriati i Tregut,GQ,,0.0,0.0,400000.0,400000.0,0.0,0.0,0.0,400000.0,"Totali ( GQ ) - Inspektoriati i Tregut 0 0 400,000 400,000 0 0 0 400,000"
3.2,109,213,subtotal,"204000 - Ministria e Industrisë, Ndërmarrësisë dhe Tregtisë",204065 - Zhvillimi Ekonomik,46600 - Inspektoriati i Tregut,,,,,Totali - Inspektoriati i Tregut,,,0.0,0.0,400000.0,400000.0,0.0,0.0,0.0,400000.0,"Totali - Inspektoriati i Tregut 0 0 400,000 400,000 0 0 0 400,000"
3.2,109,242,project,"204000 - Ministria e Industrisë, Ndërmarrësisë dhe Tregtisë",204065 - Zhvillimi Ekonomik,49000 - Agjencioni per Inv. dhe Perkrahjen. e Nderm. ne KS,0411,204065-071734,10428,01.2024-12.2028,Inkubatoret e Biznesit,,,,,,,,,,,0411 204065-071734 10428 01.2024-12.2028 Inkubatoret e Biznesit
3.2,109,256,source,"204000 - Ministria e Industrisë, Ndërmarrësisë dhe Tregtisë",204065 - Zhvillimi Ekonomik,49000 - Agjencioni per Inv. dhe Perkrahjen. e Nderm. ne KS,0411,204065-071734,10428,01.2024-12.2028,Inkubatoret e Biznesit,GQ,,1311949.0,1500000.0,0.0,1500000.0,500000.0,500000.0,0.0,3811949.0,"GQ 1,311,949 1,500,000 0 1,500,000 500,000 500,000 0 3,811,949"
3.2,109,270,project,"204000 - Ministria e Industrisë, Ndërmarrësisë dhe Tregtisë",204065 - Zhvillimi Ekonomik,49000 - Agjencioni per Inv. dhe Perkrahjen. e Nderm. ne KS,0411,204065-119667,12664,01.2024-12.2028,Ndertimi i Zonave Ekonomike neper Kosove,,,,,,,,,,,0411 204065-119667 12664 01.2024-12.2028 Ndertimi i Zonave Ekonomike neper Kosove
3.2,109,284,source,"204000 - Ministria e Industrisë, Ndërmarrësisë dhe Tregtisë",204065 - Zhvillimi Ekonomik,49000 - Agjencioni per Inv. dhe Perkrahjen. e Nderm. ne KS,0411,204065-119667,12664,01.2024-12.2028,Ndertimi i Zonave Ekonomike neper Kosove,GQ,,9963941.0,7470000.0,0.0,7470000.0,12870000.0,12870000.0,0.0,43173941.0,"GQ 9,963,941 7,470,000 0 7,470,000 12,870,000 12,870,000 0 43,173,941"
3.2,109,298,subtotal,"204000 - Ministria e Industrisë, Ndërmarrësisë dhe Tregtisë",204065 - Zhvillimi Ekonomik,49000 - Agjencioni per Inv. dhe Perkrahjen. e Nderm. ne KS,,,,,Totali( GQ ) - Agjencioni per Inv. dhe Perkrahjen. e Nderm. ne KS,GQ,,11275890.0,8970000.0,0.0,8970000.0,13370000.0,13370000.0,0.0,46985890.0,"Totali( GQ ) - Agjencioni per Inv. dhe Perkrahjen. e Nderm. ne KS 11,275,890 8,970,000 0 8,970,000 13,370,000 13,370,000 0 46,985,890"
3.2,109,313,subtotal,"204000 - Ministria e Industrisë, Ndërmarrësisë dhe Tregtisë",204065 - Zhvillimi Ekonomik,49000 - Agjencioni per Inv. dhe Perkrahjen. e Nderm. ne KS,,,,,Totali - Agjencioni per Inv. dhe Perkrahjen. e Nderm. ne KS,,,11275890.0,8970000.0,0.0,8970000.0,13370000.0,13370000.0,0.0,46985890.0,"Totali - Agjencioni per Inv. dhe Perkrahjen. e Nderm. ne KS 11,275,890 8,970,000 0 8,970,000 13,370,000 13,370,000 0 46,985,890"
3.2,109,327,subtotal,"204000 - Ministria e Industrisë, Ndërmarrësisë dhe Tregtisë",204065 - Zhvillimi Ekonomik,49000 - Agjencioni per Inv. dhe Perkrahjen. e Nderm. ne KS,,,,,Totali ( GQ ) - Zhvillimi Ekonomik,GQ,,13216084.0,9570000.0,400000.0,9970000.0,14070000.0,14070000.0,0.0,51326084.0,"Totali ( GQ ) - Zhvillimi Ekonomik 13,216,084 9,570,000 400,000 9,970,000 14,070,000 14,070,000 0 51,326,084"
3.2,109,341,subtotal,"204000 - Ministria e Industrisë, Ndërmarrësisë dhe Tregtisë",204065 - Zhvillimi Ekonomik,49000 - Agjencioni per Inv. dhe Perkrahjen. e Nderm. ne KS,,,,,Totali - Zhvillimi Ekonomik,,,13216084.0,9570000.0,400000.0,9970000.0,14070000.0,14070000.0,0.0,51326084.0,"Totali - Zhvillimi Ekonomik 13,216,084 9,570,000 400,000 9,970,000 14,070,000 14,070,000 0 51,326,084"
3.2,109,383,project,"204000 - Ministria e Industrisë, Ndërmarrësisë dhe Tregtisë",204067 - Rexhistrimi i Bizneseve,41400 - Regjistri Kosovar i Bizneseve,0411,204065-1216975,13351,05.2019-12.2028,Softveri i Programit te ARBK-se,,,,,,,,,,,0411 204065-1216975 13351 05.2019-12.2028 Softveri i Programit te ARBK-se
3.2,109,398,source,"204000 - Ministria e Industrisë, Ndërmarrësisë dhe Tregtisë",204067 - Rexhistrimi i Bizneseve,41400 - Regjistri Kosovar i Bizneseve,0411,204065-1216975,13351,05.2019-12.2028,Softveri i Programit te ARBK-se,GQ,,113728.0,50000.0,0.0,50000.0,50000.0,50000.0,0.0,263728.0,"GQ 113,728 50,000 0 50,000 50,000 50,000 0 263,728"
3.2,109,412,subtotal,"204000 - Ministria e Industrisë, Ndërmarrësisë dhe Tregtisë",204067 - Rexhistrimi i Bizneseve,41400 - Regjistri Kosovar i Bizneseve,,,,,Totali( GQ ) - Regjistri Kosovar i Bizneseve,GQ,,113728.0,50000.0,0.0,50000.0,50000.0,50000.0,0.0,263728.0,"Totali( GQ ) - Regjistri Kosovar i Bizneseve 113,728 50,000 0 50,000 50,000 50,000 0 263,728"
3.2,109,426,subtotal,"204000 - Ministria e Industrisë, Ndërmarrësisë dhe Tregtisë",204067 - Rexhistrimi i Bizneseve,41400 - Regjistri Kosovar i Bizneseve,,,,,Totali - Regjistri Kosovar i Bizneseve,,,113728.0,50000.0,0.0,50000.0,50000.0,50000.0,0.0,263728.0,"Totali - Regjistri Kosovar i Bizneseve 113,728 50,000 0 50,000 50,000 50,000 0 263,728"
3.2,109,440,subtotal,"204000 - Ministria e Industrisë, Ndërmarrësisë dhe Tregtisë",204067 - Rexhistrimi i Bizneseve,41400 - Regjistri Kosovar i Bizneseve,,,,,Totali ( GQ ) - Rexhistrimi i Bizneseve,GQ,,113728.0,50000.0,0.0,50000.0,50000.0,50000.0,0.0,263728.0,"Totali ( GQ ) - Rexhistrimi i Bizneseve 113,728 50,000 0 50,000 50,000 50,000 0 263,728"
3.2,109,454,subtotal,"204000 - Ministria e Industrisë, Ndërmarrësisë dhe Tregtisë",204067 - Rexhistrimi i Bizneseve,41400 - Regjistri Kosovar i Bizneseve,,,,,Totali - Rexhistrimi i Bizneseve,,,113728.0,50000.0,0.0,50000.0,50000.0,50000.0,0.0,263728.0,"Totali - Rexhistrimi i Bizneseve 113,728 50,000 0 50,000 50,000 50,000 0 263,728"
3.2,109,497,project,"204000 - Ministria e Industrisë, Ndërmarrësisë dhe Tregtisë",204155 - Shërbimet e Administratës Qendrore,11304 - Departamenti i Financave dhe Shë rbimeve te Pë rgjithshme,0411,204155-1217458,13349,10.2026-12.2028,Renovimi i Objektit te MTI-se,,,,,,,,,,,0411 204155-1217458 13349 10.2026-12.2028 Renovimi i Objektit te MTI-se
3.2,109,511,source,"204000 - Ministria e Industrisë, Ndërmarrësisë dhe Tregtisë",204155 - Shërbimet e Administratës Qendrore,11304 - Departamenti i Financave dhe Shë rbimeve te Pë rgjithshme,0411,204155-1217458,13349,10.2026-12.2028,Renovimi i Objektit te MTI-se,GQ,,662576.0,150000.0,0.0,150000.0,50000.0,50000.0,0.0,912576.0,"GQ 662,576 150,000 0 150,000 50,000 50,000 0 912,576"
3.2,110,171,subtotal,"204000 - Ministria e Industrisë, Ndërmarrësisë dhe Tregtisë",204155 - Shërbimet e Administratës Qendrore,11304 - Departamenti i Financave dhe Shë rbimeve te Pë rgjithshme,,,,,Totali( GQ ) - Departamenti i Financave dhe Shë rbimeve te Pë rgjithshme,GQ,,662576.0,150000.0,0.0,150000.0,50000.0,50000.0,0.0,912576.0,"Totali( GQ ) - Departamenti i Financave dhe Shë rbimeve te Pë rgjithshme 662,576 150,000 0 150,000 50,000 50,000 0 912,576"
3.2,110,185,subtotal,"204000 - Ministria e Industrisë, Ndërmarrësisë dhe Tregtisë",204155 - Shërbimet e Administratës Qendrore,11304 - Departamenti i Financave dhe Shë rbimeve te Pë rgjithshme,,,,,Totali - Departamenti i Financave dhe Shë rbimeve te Pë rgjithshme,,,662576.0,150000.0,0.0,150000.0,50000.0,50000.0,0.0,912576.0,"Totali - Departamenti i Financave dhe Shë rbimeve te Pë rgjithshme 662,576 150,000 0 150,000 50,000 50,000 0 912,576"
3.2,110,199,subtotal,"204000 - Ministria e Industrisë, Ndërmarrësisë dhe Tregtisë",204155 - Shërbimet e Administratës Qendrore,11304 - Departamenti i Financave dhe Shë rbimeve te Pë rgjithshme,,,,,Totali ( GQ ) - Shërbimet e Administratës Qendrore,GQ,,662576.0,150000.0,0.0,150000.0,50000.0,50000.0,0.0,912576.0,"Totali ( GQ ) - Shërbimet e Administratës Qendrore 662,576 150,000 0 150,000 50,000 50,000 0 912,576"
3.2,110,213,subtotal,"204000 - Ministria e Industrisë, Ndërmarrësisë dhe Tregtisë",204155 - Shërbimet e Administratës Qendrore,11304 - Departamenti i Financave dhe Shë rbimeve te Pë rgjithshme,,,,,Totali - Shërbimet e Administratës Qendrore,,,662576.0,150000.0,0.0,150000.0,50000.0,50000.0,0.0,912576.0,"Totali - Shërbimet e Administratës Qendrore 662,576 150,000 0 150,000 50,000 50,000 0 912,576"
3.2,110,256,project,"204000 - Ministria e Industrisë, Ndërmarrësisë dhe Tregtisë",213183 - Departamenti I Inovacionit,29600 - Departamenti I Inovacionit,0411,222010-1832674,15654,02.2025-12.2028,Ndertimi dhe pajisja e Qendrave  Rajonale të Inovacionit dhe Ndërmarrësisë,,,,,,,,,,,0411 222010-1832674 15654 02.2025-12.2028 Ndertimi dhe pajisja e Qendrave Rajonale të Inovacionit dhe Ndërmarrësisë
3.2,110,270,source,"204000 - Ministria e Industrisë, Ndërmarrësisë dhe Tregtisë",213183 - Departamenti I Inovacionit,29600 - Departamenti I Inovacionit,0411,222010-1832674,15654,02.2025-12.2028,Ndertimi dhe pajisja e Qendrave  Rajonale të Inovacionit dhe Ndërmarrësisë,GQ,,552986.0,150000.0,0.0,150000.0,150000.0,150000.0,0.0,1002986.0,"GQ 552,986 150,000 0 150,000 150,000 150,000 0 1,002,986"
3.2,110,284,subtotal,"204000 - Ministria e Industrisë, Ndërmarrësisë dhe Tregtisë",213183 - Departamenti I Inovacionit,29600 - Departamenti I Inovacionit,,,,,Totali ( GQ ) - Departamenti I Inovacionit,GQ,,552986.0,150000.0,0.0,150000.0,150000.0,150000.0,0.0,1002986.0,"Totali ( GQ ) - Departamenti I Inovacionit 552,986 150,000 0 150,000 150,000 150,000 0 1,002,986"
3.2,110,298,subtotal,"204000 - Ministria e Industrisë, Ndërmarrësisë dhe Tregtisë",213183 - Departamenti I Inovacionit,29600 - Departamenti I Inovacionit,,,,,Totali - Departamenti I Inovacionit,,,552986.0,150000.0,0.0,150000.0,150000.0,150000.0,0.0,1002986.0,"Totali - Departamenti I Inovacionit 552,986 150,000 0 150,000 150,000 150,000 0 1,002,986"
3.2,110,312,subtotal,"204000 - Ministria e Industrisë, Ndërmarrësisë dhe Tregtisë",213183 - Departamenti I Inovacionit,29600 - Departamenti I Inovacionit,,,,,Totali ( GQ ) - Departamenti I Inovacionit,GQ,,552986.0,150000.0,0.0,150000.0,150000.0,150000.0,0.0,1002986.0,"Totali ( GQ ) - Departamenti I Inovacionit 552,986 150,000 0 150,000 150,000 150,000 0 1,002,986"
3.2,110,327,subtotal,"204000 - Ministria e Industrisë, Ndërmarrësisë dhe Tregtisë",213183 - Departamenti I Inovacionit,29600 - Departamenti I Inovacionit,,,,,Totali - Departamenti I Inovacionit,,,552986.0,150000.0,0.0,150000.0,150000.0,150000.0,0.0,1002986.0,"Totali - Departamenti I Inovacionit 552,986 150,000 0 150,000 150,000 150,000 0 1,002,986"
3.2,110,341,subtotal,"204000 - Ministria e Industrisë, Ndërmarrësisë dhe Tregtisë",213183 - Departamenti I Inovacionit,29600 - Departamenti I Inovacionit,,,,,"Totali ( GQ ) - Ministria e Industrisë, Ndërmarrësisë dhe Tregtisë",GQ,,14545374.0,9920000.0,400000.0,10320000.0,14320000.0,14320000.0,0.0,53505374.0,"Totali ( GQ ) - Ministria e Industrisë, Ndërmarrësisë dhe Tregtisë 14,545,374 9,920,000 400,000 10,320,000 14,320,000 14,320,000 0 53,505,374"
3.2,110,355,subtotal,"204000 - Ministria e Industrisë, Ndërmarrësisë dhe Tregtisë",213183 - Departamenti I Inovacionit,29600 - Departamenti I Inovacionit,,,,,"Totali - Ministria e Industrisë, Ndërmarrësisë dhe Tregtisë",,,14545374.0,9920000.0,400000.0,10320000.0,14320000.0,14320000.0,0.0,53505374.0,"Totali - Ministria e Industrisë, Ndërmarrësisë dhe Tregtisë 14,545,374 9,920,000 400,000 10,320,000 14,320,000 14,320,000 0 53,505,374"
3.2,110,412,project,"205000 - Ministria e Mjedisit, Planifikimit Hapësinor dhe Infrastrukturës",205070 - Departamenti I Infrastrukturës Rrugore,41700 - Ndë rtimi i Urave,0451,205070-1832794,15748,03.2018-09.2026,Ndertimi i mbikalimit në Klinë të Epërme,,,,,,,,,,,0451 205070-1832794 15748 03.2018-09.2026 Ndertimi i mbikalimit në Klinë të Epërme
3.2,110,426,source,"205000 - Ministria e Mjedisit, Planifikimit Hapësinor dhe Infrastrukturës",205070 - Departamenti I Infrastrukturës Rrugore,41700 - Ndë rtimi i Urave,0451,205070-1832794,15748,03.2018-09.2026,Ndertimi i mbikalimit në Klinë të Epërme,GQ,,0.0,4235.0,0.0,4235.0,0.0,0.0,0.0,4235.0,"GQ 0 4,235 0 4,235 0 0 0 4,235"
3.2,110,440,project,"205000 - Ministria e Mjedisit, Planifikimit Hapësinor dhe Infrastrukturës",205070 - Departamenti I Infrastrukturës Rrugore,41700 - Ndë rtimi i Urave,0443,205070-2343583,19193,03.2023-12.2028,Ndërtimi i mbikalimeve dhe nënkalimeve në rrugët Nacionale dhe Regjionale,,,,,,,,,,,0443 205070-2343583 19193 03.2023-12.2028 Ndërtimi i mbikalimeve dhe nënkalimeve në rrugët Nacionale dhe Regjionale
3.2,110,454,source,"205000 - Ministria e Mjedisit, Planifikimit Hapësinor dhe Infrastrukturës",205070 - Departamenti I Infrastrukturës Rrugore,41700 - Ndë rtimi i Urave,0443,205070-2343583,19193,03.2023-12.2028,Ndërtimi i mbikalimeve dhe nënkalimeve në rrugët Nacionale dhe Regjionale,GQ,,3888542.0,1000000.0,0.0,1000000.0,1000000.0,1000000.0,0.0,6888542.0,"GQ 3,888,542 1,000,000 0 1,000,000 1,000,000 1,000,000 0 6,888,542"
3.2,110,469,project,"205000 - Ministria e Mjedisit, Planifikimit Hapësinor dhe Infrastrukturës",205070 - Departamenti I Infrastrukturës Rrugore,41700 - Ndë rtimi i Urave,0443,205070-2445667,19409,07.2024-11.2026,Ndërtimi i urës në rrugën Rajonale R123a në fshatin Hajnoc,,,,,,,,,,,0443 205070-2445667 19409 07.2024-11.2026 Ndërtimi i urës në rrugën Rajonale R123a në fshatin Hajnoc
3.2,110,483,source,"205000 - Ministria e Mjedisit, Planifikimit Hapësinor dhe Infrastrukturës",205070 - Departamenti I Infrastrukturës Rrugore,41700 - Ndë rtimi i Urave,0443,205070-2445667,19409,07.2024-11.2026,Ndërtimi i urës në rrugën Rajonale R123a në fshatin Hajnoc,GQ,,299926.0,109630.0,0.0,109630.0,0.0,0.0,0.0,409556.0,"GQ 299,926 109,630 0 109,630 0 0 0 409,556"
3.2,110,497,project,"205000 - Ministria e Mjedisit, Planifikimit Hapësinor dhe Infrastrukturës",205070 - Departamenti I Infrastrukturës Rrugore,41700 - Ndë rtimi i Urave,0443,205070-2546020,19594,07.2025-12.2028,"Rehabilitimi I urave në rrugët Rajonale: R 106, R 101, R126, R 129, R 220",,,,,,,,,,,"0443 205070-2546020 19594 07.2025-12.2028 Rehabilitimi I urave në rrugët Rajonale: R 106, R 101, R126, R 129, R 220"
3.2,110,511,source,"205000 - Ministria e Mjedisit, Planifikimit Hapësinor dhe Infrastrukturës",205070 - Departamenti I Infrastrukturës Rrugore,41700 - Ndë rtimi i Urave,0443,205070-2546020,19594,07.2025-12.2028,"Rehabilitimi I urave në rrugët Rajonale: R 106, R 101, R126, R 129, R 220",GQ,,0.0,500000.0,0.0,500000.0,500000.0,500000.0,0.0,1500000.0,"GQ 0 500,000 0 500,000 500,000 500,000 0 1,500,000"
3.2,111,171,project,"205000 - Ministria e Mjedisit, Planifikimit Hapësinor dhe Infrastrukturës",205070 - Departamenti I Infrastrukturës Rrugore,41700 - Ndë rtimi i Urave,0443,205070-2546023,19597,05.2025-11.2028,"Rehabilitimi I urave në rrugët Nacionale: N25.2,N2, N9, N25",,,,,,,,,,,"0443 205070-2546023 19597 05.2025-11.2028 Rehabilitimi I urave në rrugët Nacionale: N25.2,N2, N9, N25"
3.2,111,185,source,"205000 - Ministria e Mjedisit, Planifikimit Hapësinor dhe Infrastrukturës",205070 - Departamenti I Infrastrukturës Rrugore,41700 - Ndë rtimi i Urave,0443,205070-2546023,19597,05.2025-11.2028,"Rehabilitimi I urave në rrugët Nacionale: N25.2,N2, N9, N25",GQ,,0.0,500000.0,0.0,500000.0,500000.0,500000.0,0.0,1500000.0,"GQ 0 500,000 0 500,000 500,000 500,000 0 1,500,000"
3.2,111,199,project,"205000 - Ministria e Mjedisit, Planifikimit Hapësinor dhe Infrastrukturës",205070 - Departamenti I Infrastrukturës Rrugore,41700 - Ndë rtimi i Urave,0443,205070-2547251,19649,05.2025-08.2027,Ndërtimi I urës në fshatin Dugajevë,,,,,,,,,,,0443 205070-2547251 19649 05.2025-08.2027 Ndërtimi I urës në fshatin Dugajevë
3.2,111,213,source,"205000 - Ministria e Mjedisit, Planifikimit Hapësinor dhe Infrastrukturës",205070 - Departamenti I Infrastrukturës Rrugore,41700 - Ndë rtimi i Urave,0443,205070-2547251,19649,05.2025-08.2027,Ndërtimi I urës në fshatin Dugajevë,GQ,,67005.0,0.0,315043.0,315043.0,0.0,0.0,0.0,382048.0,"GQ 67,005 0 315,043 315,043 0 0 0 382,048"
3.2,111,228,subtotal,"205000 - Ministria e Mjedisit, Planifikimit Hapësinor dhe Infrastrukturës",205070 - Departamenti I Infrastrukturës Rrugore,41700 - Ndë rtimi i Urave,,,,,Totali ( GQ ) - Ndë rtimi i Urave,GQ,,4255473.0,2113865.0,315043.0,2428908.0,2000000.0,2000000.0,0.0,10684381.0,"Totali ( GQ ) - Ndë rtimi i Urave 4,255,473 2,113,865 315,043 2,428,908 2,000,000 2,000,000 0 10,684,381"
3.2,111,242,subtotal,"205000 - Ministria e Mjedisit, Planifikimit Hapësinor dhe Infrastrukturës",205070 - Departamenti I Infrastrukturës Rrugore,41700 - Ndë rtimi i Urave,,,,,Totali - Ndërtimi i Urave,,,4255473.0,2113865.0,315043.0,2428908.0,2000000.0,2000000.0,0.0,10684381.0,"Totali - Ndërtimi i Urave 4,255,473 2,113,865 315,043 2,428,908 2,000,000 2,000,000 0 10,684,381"
3.2,111,270,project,"205000 - Ministria e Mjedisit, Planifikimit Hapësinor dhe Infrastrukturës",205070 - Departamenti I Infrastrukturës Rrugore,41800 - Rehabilitimi i Rrugë ve,0451,205070-071994,10438,03.2010-06.2028,Zgjerimi dhe rehabilitimi i rruges Magjistrale Prishtine-Mitrovice,,,,,,,,,,,0451 205070-071994 10438 03.2010-06.2028 Zgjerimi dhe rehabilitimi i rruges Magjistrale Prishtine-Mitrovice
3.2,111,284,source,"205000 - Ministria e Mjedisit, Planifikimit Hapësinor dhe Infrastrukturës",205070 - Departamenti I Infrastrukturës Rrugore,41800 - Rehabilitimi i Rrugë ve,0451,205070-071994,10438,03.2010-06.2028,Zgjerimi dhe rehabilitimi i rruges Magjistrale Prishtine-Mitrovice,GQ,,52298775.0,1500000.0,0.0,1500000.0,500000.0,500000.0,0.0,54798775.0,"GQ 52,298,775 1,500,000 0 1,500,000 500,000 500,000 0 54,798,775"
3.2,111,298,source,"205000 - Ministria e Mjedisit, Planifikimit Hapësinor dhe Infrastrukturës",205070 - Departamenti I Infrastrukturës Rrugore,41800 - Rehabilitimi i Rrugë ve,0451,205070-071994,10438,03.2010-06.2028,Zgjerimi dhe rehabilitimi i rruges Magjistrale Prishtine-Mitrovice,FH,,45788301.0,2650000.0,0.0,2650000.0,2593000.0,0.0,0.0,51031301.0,"FH 45,788,301 2,650,000 0 2,650,000 2,593,000 0 0 51,031,301"
3.2,111,313,project,"205000 - Ministria e Mjedisit, Planifikimit Hapësinor dhe Infrastrukturës",205070 - Departamenti I Infrastrukturës Rrugore,41800 - Rehabilitimi i Rrugë ve,0443,205070-072016,10034,03.2010-10.2028,Zgjerimi dhe rehabilitimi i rruges Magjistrale M9 Prishtine-Peje,,,,,,,,,,,0443 205070-072016 10034 03.2010-10.2028 Zgjerimi dhe rehabilitimi i rruges Magjistrale M9 Prishtine-Peje
3.2,111,327,source,"205000 - Ministria e Mjedisit, Planifikimit Hapësinor dhe Infrastrukturës",205070 - Departamenti I Infrastrukturës Rrugore,41800 - Rehabilitimi i Rrugë ve,0443,205070-072016,10034,03.2010-10.2028,Zgjerimi dhe rehabilitimi i rruges Magjistrale M9 Prishtine-Peje,GQ,,140434334.0,20000000.0,0.0,20000000.0,15000000.0,15000000.0,0.0,190434334.0,"GQ 140,434,334 20,000,000 0 20,000,000 15,000,000 15,000,000 0 190,434,334"
3.2,111,341,project,"205000 - Ministria e Mjedisit, Planifikimit Hapësinor dhe Infrastrukturës",205070 - Departamenti I Infrastrukturës Rrugore,41800 - Rehabilitimi i Rrugë ve,0443,205070-1423109,14156,02.2014-07.2028,Zgjerimi i rruges   Komoran-Drenas-Skenderaj,,,,,,,,,,,0443 205070-1423109 14156 02.2014-07.2028 Zgjerimi i rruges Komoran-Drenas-Skenderaj
3.2,111,355,source,"205000 - Ministria e Mjedisit, Planifikimit Hapësinor dhe Infrastrukturës",205070 - Departamenti I Infrastrukturës Rrugore,41800 - Rehabilitimi i Rrugë ve,0443,205070-1423109,14156,02.2014-07.2028,Zgjerimi i rruges   Komoran-Drenas-Skenderaj,GQ,,19261980.0,2000000.0,0.0,2000000.0,3000000.0,3000000.0,0.0,27261980.0,"GQ 19,261,980 2,000,000 0 2,000,000 3,000,000 3,000,000 0 27,261,980"
3.2,111,369,project,"205000 - Ministria e Mjedisit, Planifikimit Hapësinor dhe Infrastrukturës",205070 - Departamenti I Infrastrukturës Rrugore,41800 - Rehabilitimi i Rrugë ve,0443,205070-1628068,15039,07.2016-10.2028,Rehabilitimi i Rrugeve Rajonale,,,,,,,,,,,0443 205070-1628068 15039 07.2016-10.2028 Rehabilitimi i Rrugeve Rajonale
3.2,111,383,source,"205000 - Ministria e Mjedisit, Planifikimit Hapësinor dhe Infrastrukturës",205070 - Departamenti I Infrastrukturës Rrugore,41800 - Rehabilitimi i Rrugë ve,0443,205070-1628068,15039,07.2016-10.2028,Rehabilitimi i Rrugeve Rajonale,GQ,,19580677.0,5000000.0,0.0,5000000.0,5000000.0,5000000.0,0.0,34580677.0,"GQ 19,580,677 5,000,000 0 5,000,000 5,000,000 5,000,000 0 34,580,677"
3.2,111,398,source,"205000 - Ministria e Mjedisit, Planifikimit Hapësinor dhe Infrastrukturës",205070 - Departamenti I Infrastrukturës Rrugore,41800 - Rehabilitimi i Rrugë ve,0443,205070-1628068,15039,07.2016-10.2028,Rehabilitimi i Rrugeve Rajonale,FH,,0.0,0.0,0.0,0.0,2000000.0,0.0,0.0,2000000.0,"FH 0 0 0 0 2,000,000 0 0 2,000,000"
3.2,111,412,project,"205000 - Ministria e Mjedisit, Planifikimit Hapësinor dhe Infrastrukturës",205070 - Departamenti I Infrastrukturës Rrugore,41800 - Rehabilitimi i Rrugë ve,0443,205070-1728254,15076,04.2017-10.2026,Rehabilitimi i rruges Doganaj-Shtërpce-Brezovice R 115,,,,,,,,,,,0443 205070-1728254 15076 04.2017-10.2026 Rehabilitimi i rruges Doganaj-Shtërpce-Brezovice R 115
3.2,111,426,source,"205000 - Ministria e Mjedisit, Planifikimit Hapësinor dhe Infrastrukturës",205070 - Departamenti I Infrastrukturës Rrugore,41800 - Rehabilitimi i Rrugë ve,0443,205070-1728254,15076,04.2017-10.2026,Rehabilitimi i rruges Doganaj-Shtërpce-Brezovice R 115,GQ,,3601410.0,400000.0,0.0,400000.0,200000.0,0.0,0.0,4201410.0,"GQ 3,601,410 400,000 0 400,000 200,000 0 0 4,201,410"
3.2,111,440,project,"205000 - Ministria e Mjedisit, Planifikimit Hapësinor dhe Infrastrukturës",205070 - Departamenti I Infrastrukturës Rrugore,41800 - Rehabilitimi i Rrugë ve,0442,205070-1730193,15078,03.2017-06.2026,Rehabilitimi i rruges regjionale R-104 Kline-Gjurakovc,,,,,,,,,,,0442 205070-1730193 15078 03.2017-06.2026 Rehabilitimi i rruges regjionale R-104 Kline-Gjurakovc
3.2,111,454,source,"205000 - Ministria e Mjedisit, Planifikimit Hapësinor dhe Infrastrukturës",205070 - Departamenti I Infrastrukturës Rrugore,41800 - Rehabilitimi i Rrugë ve,0442,205070-1730193,15078,03.2017-06.2026,Rehabilitimi i rruges regjionale R-104 Kline-Gjurakovc,GQ,,931438.0,123754.0,0.0,123754.0,0.0,0.0,0.0,1055192.0,"GQ 931,438 123,754 0 123,754 0 0 0 1,055,192"
3.2,111,469,project,"205000 - Ministria e Mjedisit, Planifikimit Hapësinor dhe Infrastrukturës",205070 - Departamenti I Infrastrukturës Rrugore,41800 - Rehabilitimi i Rrugë ve,0443,205070-1832685,15658,04.2018-07.2026,Zgjerimi i rruges Dollc - Gjakovë,,,,,,,,,,,0443 205070-1832685 15658 04.2018-07.2026 Zgjerimi i rruges Dollc - Gjakovë
3.2,111,483,source,"205000 - Ministria e Mjedisit, Planifikimit Hapësinor dhe Infrastrukturës",205070 - Departamenti I Infrastrukturës Rrugore,41800 - Rehabilitimi i Rrugë ve,0443,205070-1832685,15658,04.2018-07.2026,Zgjerimi i rruges Dollc - Gjakovë,GQ,,18787040.0,6000000.0,0.0,6000000.0,6000000.0,5000000.0,0.0,35787040.0,"GQ 18,787,040 6,000,000 0 6,000,000 6,000,000 5,000,000 0 35,787,040"
3.2,111,497,project,"205000 - Ministria e Mjedisit, Planifikimit Hapësinor dhe Infrastrukturës",205070 - Departamenti I Infrastrukturës Rrugore,41800 - Rehabilitimi i Rrugë ve,0443,205070-1832686,15659,04.2018-12.2028,Ndertimi i qarkores se Gjakoves,,,,,,,,,,,0443 205070-1832686 15659 04.2018-12.2028 Ndertimi i qarkores se Gjakoves
3.2,111,511,source,"205000 - Ministria e Mjedisit, Planifikimit Hapësinor dhe Infrastrukturës",205070 - Departamenti I Infrastrukturës Rrugore,41800 - Rehabilitimi i Rrugë ve,0443,205070-1832686,15659,04.2018-12.2028,Ndertimi i qarkores se Gjakoves,GQ,,6592477.0,2000000.0,0.0,2000000.0,1500000.0,1166000.0,0.0,11258477.0,"GQ 6,592,477 2,000,000 0 2,000,000 1,500,000 1,166,000 0 11,258,477"
3.2,112,171,project,"205000 - Ministria e Mjedisit, Planifikimit Hapësinor dhe Infrastrukturës",205070 - Departamenti I Infrastrukturës Rrugore,41800 - Rehabilitimi i Rrugë ve,0443,205070-1832688,15661,05.2018-09.2028,Riparimi i rrugës rajonale Istog-Pejë-Deqan-Gjakovë,,,,,,,,,,,0443 205070-1832688 15661 05.2018-09.2028 Riparimi i rrugës rajonale Istog-Pejë-Deqan-Gjakovë
3.2,112,185,source,"205000 - Ministria e Mjedisit, Planifikimit Hapësinor dhe Infrastrukturës",205070 - Departamenti I Infrastrukturës Rrugore,41800 - Rehabilitimi i Rrugë ve,0443,205070-1832688,15661,05.2018-09.2028,Riparimi i rrugës rajonale Istog-Pejë-Deqan-Gjakovë,GQ,,1757598.0,5000000.0,0.0,5000000.0,10000000.0,10000000.0,0.0,26757598.0,"GQ 1,757,598 5,000,000 0 5,000,000 10,000,000 10,000,000 0 26,757,598"
3.2,112,199,project,"205000 - Ministria e Mjedisit, Planifikimit Hapësinor dhe Infrastrukturës",205070 - Departamenti I Infrastrukturës Rrugore,41800 - Rehabilitimi i Rrugë ve,0443,205070-1832860,15768,05.2018-10.2027,Rikonstruimi i rruges Varosh-Gërlicë,,,,,,,,,,,0443 205070-1832860 15768 05.2018-10.2027 Rikonstruimi i rruges Varosh-Gërlicë
3.2,112,213,source,"205000 - Ministria e Mjedisit, Planifikimit Hapësinor dhe Infrastrukturës",205070 - Departamenti I Infrastrukturës Rrugore,41800 - Rehabilitimi i Rrugë ve,0443,205070-1832860,15768,05.2018-10.2027,Rikonstruimi i rruges Varosh-Gërlicë,GQ,,2908394.0,500000.0,0.0,500000.0,498000.0,0.0,0.0,3906394.0,"GQ 2,908,394 500,000 0 500,000 498,000 0 0 3,906,394"
3.2,112,228,project,"205000 - Ministria e Mjedisit, Planifikimit Hapësinor dhe Infrastrukturës",205070 - Departamenti I Infrastrukturës Rrugore,41800 - Rehabilitimi i Rrugë ve,0451,205070-2138913,18867,03.2021-10.2028,"Rehabilitimi I rrugës Nacionale N9, segmenti Pejë- Kuqishtë-Qakorr",,,,,,,,,,,"0451 205070-2138913 18867 03.2021-10.2028 Rehabilitimi I rrugës Nacionale N9, segmenti Pejë- Kuqishtë-Qakorr"
3.2,112,242,source,"205000 - Ministria e Mjedisit, Planifikimit Hapësinor dhe Infrastrukturës",205070 - Departamenti I Infrastrukturës Rrugore,41800 - Rehabilitimi i Rrugë ve,0451,205070-2138913,18867,03.2021-10.2028,"Rehabilitimi I rrugës Nacionale N9, segmenti Pejë- Kuqishtë-Qakorr",GQ,,1157147.0,3000000.0,0.0,3000000.0,3000000.0,4000000.0,0.0,11157147.0,"GQ 1,157,147 3,000,000 0 3,000,000 3,000,000 4,000,000 0 11,157,147"
3.2,112,256,project,"205000 - Ministria e Mjedisit, Planifikimit Hapësinor dhe Infrastrukturës",205070 - Departamenti I Infrastrukturës Rrugore,41800 - Rehabilitimi i Rrugë ve,0443,205070-2138918,18868,03.2021-08.2028,"Rehabilitimi I rrugës Nacionale N25, segmenti QMI - Lipjan",,,,,,,,,,,"0443 205070-2138918 18868 03.2021-08.2028 Rehabilitimi I rrugës Nacionale N25, segmenti QMI - Lipjan"
3.2,112,270,source,"205000 - Ministria e Mjedisit, Planifikimit Hapësinor dhe Infrastrukturës",205070 - Departamenti I Infrastrukturës Rrugore,41800 - Rehabilitimi i Rrugë ve,0443,205070-2138918,18868,03.2021-08.2028,"Rehabilitimi I rrugës Nacionale N25, segmenti QMI - Lipjan",GQ,,1937184.0,2500000.0,0.0,2500000.0,2000000.0,2000000.0,0.0,8437184.0,"GQ 1,937,184 2,500,000 0 2,500,000 2,000,000 2,000,000 0 8,437,184"
3.2,112,284,project,"205000 - Ministria e Mjedisit, Planifikimit Hapësinor dhe Infrastrukturës",205070 - Departamenti I Infrastrukturës Rrugore,41800 - Rehabilitimi i Rrugë ve,0443,205070-2443960,19283,05.2024-11.2026,Rehabilitimi i rrugës N25.2 segmenti Kishnic - Bresalc,,,,,,,,,,,0443 205070-2443960 19283 05.2024-11.2026 Rehabilitimi i rrugës N25.2 segmenti Kishnic - Bresalc
3.2,112,298,source,"205000 - Ministria e Mjedisit, Planifikimit Hapësinor dhe Infrastrukturës",205070 - Departamenti I Infrastrukturës Rrugore,41800 - Rehabilitimi i Rrugë ve,0443,205070-2443960,19283,05.2024-11.2026,Rehabilitimi i rrugës N25.2 segmenti Kishnic - Bresalc,GQ,,1922236.0,1000000.0,0.0,1000000.0,0.0,0.0,0.0,2922236.0,"GQ 1,922,236 1,000,000 0 1,000,000 0 0 0 2,922,236"
3.2,112,313,project,"205000 - Ministria e Mjedisit, Planifikimit Hapësinor dhe Infrastrukturës",205070 - Departamenti I Infrastrukturës Rrugore,41800 - Rehabilitimi i Rrugë ve,0443,205070-2443962,19285,04.2024-12.2027,Rehabilitimi i rrugës R129 Mitrovicë - Bajgorë - Kaqandoll - Kërpimeh,,,,,,,,,,,0443 205070-2443962 19285 04.2024-12.2027 Rehabilitimi i rrugës R129 Mitrovicë - Bajgorë - Kaqandoll - Kërpimeh
3.2,112,327,source,"205000 - Ministria e Mjedisit, Planifikimit Hapësinor dhe Infrastrukturës",205070 - Departamenti I Infrastrukturës Rrugore,41800 - Rehabilitimi i Rrugë ve,0443,205070-2443962,19285,04.2024-12.2027,Rehabilitimi i rrugës R129 Mitrovicë - Bajgorë - Kaqandoll - Kërpimeh,GQ,,2673822.0,1000000.0,0.0,1000000.0,495000.0,0.0,0.0,4168822.0,"GQ 2,673,822 1,000,000 0 1,000,000 495,000 0 0 4,168,822"
3.2,112,341,project,"205000 - Ministria e Mjedisit, Planifikimit Hapësinor dhe Infrastrukturës",205070 - Departamenti I Infrastrukturës Rrugore,41800 - Rehabilitimi i Rrugë ve,0443,205070-2443963,19286,05.2024-12.2026,Rehabilitimi dhe asfaltimi i rrugës Rajonale R124 Shipashnicë - Desivojcë - Tërstenë,,,,,,,,,,,0443 205070-2443963 19286 05.2024-12.2026 Rehabilitimi dhe asfaltimi i rrugës Rajonale R124 Shipashnicë - Desivojcë - Tërstenë
3.2,112,355,source,"205000 - Ministria e Mjedisit, Planifikimit Hapësinor dhe Infrastrukturës",205070 - Departamenti I Infrastrukturës Rrugore,41800 - Rehabilitimi i Rrugë ve,0443,205070-2443963,19286,05.2024-12.2026,Rehabilitimi dhe asfaltimi i rrugës Rajonale R124 Shipashnicë - Desivojcë - Tërstenë,GQ,,2387394.0,500000.0,0.0,500000.0,0.0,0.0,0.0,2887394.0,"GQ 2,387,394 500,000 0 500,000 0 0 0 2,887,394"
3.2,112,369,project,"205000 - Ministria e Mjedisit, Planifikimit Hapësinor dhe Infrastrukturës",205070 - Departamenti I Infrastrukturës Rrugore,41800 - Rehabilitimi i Rrugë ve,0443,205070-2445671,19410,07.2024-12.2028,Rehabilitimi i rrugës Rajonale R116 Doganaj - Glloboqicë,,,,,,,,,,,0443 205070-2445671 19410 07.2024-12.2028 Rehabilitimi i rrugës Rajonale R116 Doganaj - Glloboqicë
3.2,112,383,source,"205000 - Ministria e Mjedisit, Planifikimit Hapësinor dhe Infrastrukturës",205070 - Departamenti I Infrastrukturës Rrugore,41800 - Rehabilitimi i Rrugë ve,0443,205070-2445671,19410,07.2024-12.2028,Rehabilitimi i rrugës Rajonale R116 Doganaj - Glloboqicë,GQ,,0.0,1500000.0,0.0,1500000.0,1500000.0,1500000.0,0.0,4500000.0,"GQ 0 1,500,000 0 1,500,000 1,500,000 1,500,000 0 4,500,000"
3.2,112,398,project,"205000 - Ministria e Mjedisit, Planifikimit Hapësinor dhe Infrastrukturës",205070 - Departamenti I Infrastrukturës Rrugore,41800 - Rehabilitimi i Rrugë ve,0443,205070-2445675,19411,07.2024-11.2026,Rehabilitimi i rrugës Rajonale R105 Vushtri - Skenderaj,,,,,,,,,,,0443 205070-2445675 19411 07.2024-11.2026 Rehabilitimi i rrugës Rajonale R105 Vushtri - Skenderaj
3.2,112,412,source,"205000 - Ministria e Mjedisit, Planifikimit Hapësinor dhe Infrastrukturës",205070 - Departamenti I Infrastrukturës Rrugore,41800 - Rehabilitimi i Rrugë ve,0443,205070-2445675,19411,07.2024-11.2026,Rehabilitimi i rrugës Rajonale R105 Vushtri - Skenderaj,GQ,,699207.0,700000.0,0.0,700000.0,0.0,0.0,0.0,1399207.0,"GQ 699,207 700,000 0 700,000 0 0 0 1,399,207"
3.2,112,426,project,"205000 - Ministria e Mjedisit, Planifikimit Hapësinor dhe Infrastrukturës",205070 - Departamenti I Infrastrukturës Rrugore,41800 - Rehabilitimi i Rrugë ve,0443,205070-2445893,19549,04.2025-12.2028,"Rehabilitimi i rrugës Rajonale R119, segmenti Kijevë - Malishevë",,,,,,,,,,,"0443 205070-2445893 19549 04.2025-12.2028 Rehabilitimi i rrugës Rajonale R119, segmenti Kijevë - Malishevë"
3.2,112,440,source,"205000 - Ministria e Mjedisit, Planifikimit Hapësinor dhe Infrastrukturës",205070 - Departamenti I Infrastrukturës Rrugore,41800 - Rehabilitimi i Rrugë ve,0443,205070-2445893,19549,04.2025-12.2028,"Rehabilitimi i rrugës Rajonale R119, segmenti Kijevë - Malishevë",GQ,,0.0,1000000.0,0.0,1000000.0,1000000.0,1500000.0,0.0,3500000.0,"GQ 0 1,000,000 0 1,000,000 1,000,000 1,500,000 0 3,500,000"
3.2,112,454,project,"205000 - Ministria e Mjedisit, Planifikimit Hapësinor dhe Infrastrukturës",205070 - Departamenti I Infrastrukturës Rrugore,41800 - Rehabilitimi i Rrugë ve,0443,205070-2445894,19550,04.2025-12.2028,"Rehabilitimi i rrugës Rajonale R 106, segmenti Radavc - Kufiri me Malin e Zi",,,,,,,,,,,"0443 205070-2445894 19550 04.2025-12.2028 Rehabilitimi i rrugës Rajonale R 106, segmenti Radavc - Kufiri me Malin e Zi"
3.2,112,469,source,"205000 - Ministria e Mjedisit, Planifikimit Hapësinor dhe Infrastrukturës",205070 - Departamenti I Infrastrukturës Rrugore,41800 - Rehabilitimi i Rrugë ve,0443,205070-2445894,19550,04.2025-12.2028,"Rehabilitimi i rrugës Rajonale R 106, segmenti Radavc - Kufiri me Malin e Zi",GQ,,0.0,1000000.0,0.0,1000000.0,1000000.0,1500000.0,0.0,3500000.0,"GQ 0 1,000,000 0 1,000,000 1,000,000 1,500,000 0 3,500,000"
3.2,112,483,project,"205000 - Ministria e Mjedisit, Planifikimit Hapësinor dhe Infrastrukturës",205070 - Departamenti I Infrastrukturës Rrugore,41800 - Rehabilitimi i Rrugë ve,0443,205070-2445895,19551,04.2025-12.2028,"Rehabilitimi i rrugës Rajonale R 120, segmenti Sllatinë - Magurë",,,,,,,,,,,"0443 205070-2445895 19551 04.2025-12.2028 Rehabilitimi i rrugës Rajonale R 120, segmenti Sllatinë - Magurë"
3.2,112,497,source,"205000 - Ministria e Mjedisit, Planifikimit Hapësinor dhe Infrastrukturës",205070 - Departamenti I Infrastrukturës Rrugore,41800 - Rehabilitimi i Rrugë ve,0443,205070-2445895,19551,04.2025-12.2028,"Rehabilitimi i rrugës Rajonale R 120, segmenti Sllatinë - Magurë",GQ,,0.0,1000000.0,0.0,1000000.0,1000000.0,1000000.0,0.0,3000000.0,"GQ 0 1,000,000 0 1,000,000 1,000,000 1,000,000 0 3,000,000"
3.2,113,171,project,"205000 - Ministria e Mjedisit, Planifikimit Hapësinor dhe Infrastrukturës",205070 - Departamenti I Infrastrukturës Rrugore,41800 - Rehabilitimi i Rrugë ve,0443,205070-2445898,19552,04.2025-11.2028,Rehabilitimi i rrugës rajonale R - 105 Skenderaj - Turiqevc - Jashanicë L=18 Km,,,,,,,,,,,0443 205070-2445898 19552 04.2025-11.2028 Rehabilitimi i rrugës rajonale R - 105 Skenderaj - Turiqevc - Jashanicë L=18 Km
3.2,113,185,source,"205000 - Ministria e Mjedisit, Planifikimit Hapësinor dhe Infrastrukturës",205070 - Departamenti I Infrastrukturës Rrugore,41800 - Rehabilitimi i Rrugë ve,0443,205070-2445898,19552,04.2025-11.2028,Rehabilitimi i rrugës rajonale R - 105 Skenderaj - Turiqevc - Jashanicë L=18 Km,GQ,,0.0,600000.0,0.0,600000.0,800000.0,1000000.0,0.0,2400000.0,"GQ 0 600,000 0 600,000 800,000 1,000,000 0 2,400,000"
3.2,113,199,project,"205000 - Ministria e Mjedisit, Planifikimit Hapësinor dhe Infrastrukturës",205070 - Departamenti I Infrastrukturës Rrugore,41800 - Rehabilitimi i Rrugë ve,0443,205070-2445900,19553,05.2025-12.2028,Rehabilitimi i rrugës Nacionale N 25.3 kryqëzimi Sojevë - Kllokot - Viti,,,,,,,,,,,0443 205070-2445900 19553 05.2025-12.2028 Rehabilitimi i rrugës Nacionale N 25.3 kryqëzimi Sojevë - Kllokot - Viti
3.2,113,213,source,"205000 - Ministria e Mjedisit, Planifikimit Hapësinor dhe Infrastrukturës",205070 - Departamenti I Infrastrukturës Rrugore,41800 - Rehabilitimi i Rrugë ve,0443,205070-2445900,19553,05.2025-12.2028,Rehabilitimi i rrugës Nacionale N 25.3 kryqëzimi Sojevë - Kllokot - Viti,GQ,,0.0,1000000.0,0.0,1000000.0,1000000.0,2500000.0,0.0,4500000.0,"GQ 0 1,000,000 0 1,000,000 1,000,000 2,500,000 0 4,500,000"
3.2,113,228,project,"205000 - Ministria e Mjedisit, Planifikimit Hapësinor dhe Infrastrukturës",205070 - Departamenti I Infrastrukturës Rrugore,41800 - Rehabilitimi i Rrugë ve,0443,205070-2445903,19555,05.2025-07.2028,Ndërtimi i dy rrethrrotullimeve në kryqëzimin e rrugës nacionale N2 me R116/115 (Kryqëzimi Fusha e Pajtimit - Doganaj),,,,,,,,,,,0443 205070-2445903 19555 05.2025-07.2028 Ndërtimi i dy rrethrrotullimeve në kryqëzimin e rrugës nacionale N2 me R116/115 (Kryqëzimi Fusha e Pajtimit - Doganaj)
3.2,113,242,source,"205000 - Ministria e Mjedisit, Planifikimit Hapësinor dhe Infrastrukturës",205070 - Departamenti I Infrastrukturës Rrugore,41800 - Rehabilitimi i Rrugë ve,0443,205070-2445903,19555,05.2025-07.2028,Ndërtimi i dy rrethrrotullimeve në kryqëzimin e rrugës nacionale N2 me R116/115 (Kryqëzimi Fusha e Pajtimit - Doganaj),GQ,,0.0,500000.0,0.0,500000.0,400000.0,400000.0,0.0,1300000.0,"GQ 0 500,000 0 500,000 400,000 400,000 0 1,300,000"
3.2,113,256,project,"205000 - Ministria e Mjedisit, Planifikimit Hapësinor dhe Infrastrukturës",205070 - Departamenti I Infrastrukturës Rrugore,41800 - Rehabilitimi i Rrugë ve,0443,205070-2445905,19556,05.2025-08.2028,"Rruga Rajonale R - 119 (Jashanicë - Ujmir - Kijevë), L=15.75 Km",,,,,,,,,,,"0443 205070-2445905 19556 05.2025-08.2028 Rruga Rajonale R - 119 (Jashanicë - Ujmir - Kijevë), L=15.75 Km"
3.2,113,270,source,"205000 - Ministria e Mjedisit, Planifikimit Hapësinor dhe Infrastrukturës",205070 - Departamenti I Infrastrukturës Rrugore,41800 - Rehabilitimi i Rrugë ve,0443,205070-2445905,19556,05.2025-08.2028,"Rruga Rajonale R - 119 (Jashanicë - Ujmir - Kijevë), L=15.75 Km",GQ,,0.0,500000.0,0.0,500000.0,500000.0,500000.0,0.0,1500000.0,"GQ 0 500,000 0 500,000 500,000 500,000 0 1,500,000"
3.2,113,284,project,"205000 - Ministria e Mjedisit, Planifikimit Hapësinor dhe Infrastrukturës",205070 - Departamenti I Infrastrukturës Rrugore,41800 - Rehabilitimi i Rrugë ve,0443,205070-2445906,19557,06.2025-09.2028,"Rruga rajonale R - 221 (Zallq - Osojan - Rakosh), L= 15.75 Km",,,,,,,,,,,"0443 205070-2445906 19557 06.2025-09.2028 Rruga rajonale R - 221 (Zallq - Osojan - Rakosh), L= 15.75 Km"
3.2,113,298,source,"205000 - Ministria e Mjedisit, Planifikimit Hapësinor dhe Infrastrukturës",205070 - Departamenti I Infrastrukturës Rrugore,41800 - Rehabilitimi i Rrugë ve,0443,205070-2445906,19557,06.2025-09.2028,"Rruga rajonale R - 221 (Zallq - Osojan - Rakosh), L= 15.75 Km",GQ,,0.0,300000.0,0.0,300000.0,500000.0,500000.0,0.0,1300000.0,"GQ 0 300,000 0 300,000 500,000 500,000 0 1,300,000"
3.2,113,313,project,"205000 - Ministria e Mjedisit, Planifikimit Hapësinor dhe Infrastrukturës",205070 - Departamenti I Infrastrukturës Rrugore,41800 - Rehabilitimi i Rrugë ve,0443,205070-2445907,19558,05.2025-10.2028,Rehabilitimi i rrugës R.M - 25 Caralevë - Prizren - Vërmicë,,,,,,,,,,,0443 205070-2445907 19558 05.2025-10.2028 Rehabilitimi i rrugës R.M - 25 Caralevë - Prizren - Vërmicë
3.2,113,327,source,"205000 - Ministria e Mjedisit, Planifikimit Hapësinor dhe Infrastrukturës",205070 - Departamenti I Infrastrukturës Rrugore,41800 - Rehabilitimi i Rrugë ve,0443,205070-2445907,19558,05.2025-10.2028,Rehabilitimi i rrugës R.M - 25 Caralevë - Prizren - Vërmicë,GQ,,0.0,0.0,800000.0,800000.0,800000.0,1100000.0,0.0,2700000.0,"GQ 0 0 800,000 800,000 800,000 1,100,000 0 2,700,000"
3.2,113,341,project,"205000 - Ministria e Mjedisit, Planifikimit Hapësinor dhe Infrastrukturës",205070 - Departamenti I Infrastrukturës Rrugore,41800 - Rehabilitimi i Rrugë ve,0443,205070-2445911,19559,06.2025-11.2028,Rehabilitimi i rrugës R. R 204 Krushë e Madhe - Rahovec,,,,,,,,,,,0443 205070-2445911 19559 06.2025-11.2028 Rehabilitimi i rrugës R. R 204 Krushë e Madhe - Rahovec
3.2,113,355,source,"205000 - Ministria e Mjedisit, Planifikimit Hapësinor dhe Infrastrukturës",205070 - Departamenti I Infrastrukturës Rrugore,41800 - Rehabilitimi i Rrugë ve,0443,205070-2445911,19559,06.2025-11.2028,Rehabilitimi i rrugës R. R 204 Krushë e Madhe - Rahovec,GQ,,0.0,600000.0,0.0,600000.0,500000.0,900000.0,0.0,2000000.0,"GQ 0 600,000 0 600,000 500,000 900,000 0 2,000,000"
3.2,113,369,project,"205000 - Ministria e Mjedisit, Planifikimit Hapësinor dhe Infrastrukturës",205070 - Departamenti I Infrastrukturës Rrugore,41800 - Rehabilitimi i Rrugë ve,0443,205070-2445917,19560,08.2025-08.2028,Rehabilitimi i rrugës R.R - 113 Dragash - Restelicë,,,,,,,,,,,0443 205070-2445917 19560 08.2025-08.2028 Rehabilitimi i rrugës R.R - 113 Dragash - Restelicë
3.2,113,383,source,"205000 - Ministria e Mjedisit, Planifikimit Hapësinor dhe Infrastrukturës",205070 - Departamenti I Infrastrukturës Rrugore,41800 - Rehabilitimi i Rrugë ve,0443,205070-2445917,19560,08.2025-08.2028,Rehabilitimi i rrugës R.R - 113 Dragash - Restelicë,GQ,,0.0,350000.0,0.0,350000.0,400000.0,500000.0,0.0,1250000.0,"GQ 0 350,000 0 350,000 400,000 500,000 0 1,250,000"
3.2,113,398,project,"205000 - Ministria e Mjedisit, Planifikimit Hapësinor dhe Infrastrukturës",205070 - Departamenti I Infrastrukturës Rrugore,41800 - Rehabilitimi i Rrugë ve,0443,205070-2547236,19640,08.2025-10.2028,Rehabilitimi I rrugës Rajonale R304 Gjakovë kusar Kufiri me Shqipëri,,,,,,,,,,,0443 205070-2547236 19640 08.2025-10.2028 Rehabilitimi I rrugës Rajonale R304 Gjakovë kusar Kufiri me Shqipëri
3.2,113,412,source,"205000 - Ministria e Mjedisit, Planifikimit Hapësinor dhe Infrastrukturës",205070 - Departamenti I Infrastrukturës Rrugore,41800 - Rehabilitimi i Rrugë ve,0443,205070-2547236,19640,08.2025-10.2028,Rehabilitimi I rrugës Rajonale R304 Gjakovë kusar Kufiri me Shqipëri,GQ,,0.0,400000.0,0.0,400000.0,400000.0,400000.0,0.0,1200000.0,"GQ 0 400,000 0 400,000 400,000 400,000 0 1,200,000"
3.2,113,426,project,"205000 - Ministria e Mjedisit, Planifikimit Hapësinor dhe Infrastrukturës",205070 - Departamenti I Infrastrukturës Rrugore,41800 - Rehabilitimi i Rrugë ve,0443,205070-2547238,19642,04.2025-11.2028,Rehabilitimi I rrugës Rajonale R112 Gjonaj - Bishtazhin,,,,,,,,,,,0443 205070-2547238 19642 04.2025-11.2028 Rehabilitimi I rrugës Rajonale R112 Gjonaj - Bishtazhin
3.2,113,440,source,"205000 - Ministria e Mjedisit, Planifikimit Hapësinor dhe Infrastrukturës",205070 - Departamenti I Infrastrukturës Rrugore,41800 - Rehabilitimi i Rrugë ve,0443,205070-2547238,19642,04.2025-11.2028,Rehabilitimi I rrugës Rajonale R112 Gjonaj - Bishtazhin,GQ,,0.0,800000.0,0.0,800000.0,850000.0,1250000.0,0.0,2900000.0,"GQ 0 800,000 0 800,000 850,000 1,250,000 0 2,900,000"
3.2,113,454,project,"205000 - Ministria e Mjedisit, Planifikimit Hapësinor dhe Infrastrukturës",205070 - Departamenti I Infrastrukturës Rrugore,41800 - Rehabilitimi i Rrugë ve,0443,205070-2547239,19643,03.2025-12.2028,"Rehabilitimi I Rrugëve Nacionale (N2,Na,N9,N9a,N9.1, N25, N25.2,N25.3,N22.3,N2.1.",,,,,,,,,,,"0443 205070-2547239 19643 03.2025-12.2028 Rehabilitimi I Rrugëve Nacionale (N2,Na,N9,N9a,N9.1, N25, N25.2,N25.3,N22.3,N2.1."
3.2,113,469,source,"205000 - Ministria e Mjedisit, Planifikimit Hapësinor dhe Infrastrukturës",205070 - Departamenti I Infrastrukturës Rrugore,41800 - Rehabilitimi i Rrugë ve,0443,205070-2547239,19643,03.2025-12.2028,"Rehabilitimi I Rrugëve Nacionale (N2,Na,N9,N9a,N9.1, N25, N25.2,N25.3,N22.3,N2.1.",GQ,,230629.0,3000000.0,0.0,3000000.0,4000000.0,5000000.0,0.0,12230629.0,"GQ 230,629 3,000,000 0 3,000,000 4,000,000 5,000,000 0 12,230,629"
3.2,113,483,project,"205000 - Ministria e Mjedisit, Planifikimit Hapësinor dhe Infrastrukturës",205070 - Departamenti I Infrastrukturës Rrugore,41800 - Rehabilitimi i Rrugë ve,0443,205070-2547253,19650,04.2025-09.2028,"Rehabilitimi i rrugës Rajonale R 110, segmenti Arllat - Malishevë",,,,,,,,,,,"0443 205070-2547253 19650 04.2025-09.2028 Rehabilitimi i rrugës Rajonale R 110, segmenti Arllat - Malishevë"
3.2,113,497,source,"205000 - Ministria e Mjedisit, Planifikimit Hapësinor dhe Infrastrukturës",205070 - Departamenti I Infrastrukturës Rrugore,41800 - Rehabilitimi i Rrugë ve,0443,205070-2547253,19650,04.2025-09.2028,"Rehabilitimi i rrugës Rajonale R 110, segmenti Arllat - Malishevë",GQ,,0.0,1000000.0,0.0,1000000.0,1000000.0,1000000.0,0.0,3000000.0,"GQ 0 1,000,000 0 1,000,000 1,000,000 1,000,000 0 3,000,000"
3.2,114,171,project,"205000 - Ministria e Mjedisit, Planifikimit Hapësinor dhe Infrastrukturës",205070 - Departamenti I Infrastrukturës Rrugore,41800 - Rehabilitimi i Rrugë ve,0443,205070-2647537,20623,03.2026-12.2028,Rehabilitimi dhe Zgjerimi i rruges N25.2 segmenti Bresalc - Gjilan,,,,,,,,,,,0443 205070-2647537 20623 03.2026-12.2028 Rehabilitimi dhe Zgjerimi i rruges N25.2 segmenti Bresalc - Gjilan
3.2,114,185,source,"205000 - Ministria e Mjedisit, Planifikimit Hapësinor dhe Infrastrukturës",205070 - Departamenti I Infrastrukturës Rrugore,41800 - Rehabilitimi i Rrugë ve,0443,205070-2647537,20623,03.2026-12.2028,Rehabilitimi dhe Zgjerimi i rruges N25.2 segmenti Bresalc - Gjilan,GQ,,0.0,0.0,1000000.0,1000000.0,2000000.0,2000000.0,0.0,5000000.0,"GQ 0 0 1,000,000 1,000,000 2,000,000 2,000,000 0 5,000,000"
3.2,114,199,subtotal,"205000 - Ministria e Mjedisit, Planifikimit Hapësinor dhe Infrastrukturës",205070 - Departamenti I Infrastrukturës Rrugore,41800 - Rehabilitimi i Rrugë ve,,,,,Totali ( GQ ) - Rehabilitimi i Rrugë ve,GQ,,277161739.0,64773754.0,1800000.0,66573754.0,64843000.0,68216000.0,0.0,476794493.0,"Totali ( GQ ) - Rehabilitimi i Rrugë ve 277,161,739 64,773,754 1,800,000 66,573,754 64,843,000 68,216,000 0 476,794,493"
3.2,114,213,subtotal,"205000 - Ministria e Mjedisit, Planifikimit Hapësinor dhe Infrastrukturës",205070 - Departamenti I Infrastrukturës Rrugore,41800 - Rehabilitimi i Rrugë ve,,,,,Totali ( Financimi nga Huamarrja ) - Rehabilitimi i Rrugë ve,,,45788301.0,2650000.0,0.0,2650000.0,4593000.0,0.0,0.0,53031301.0,"Totali ( Financimi nga Huamarrja ) - Rehabilitimi i Rrugë ve 45,788,301 2,650,000 0 2,650,000 4,593,000 0 0 53,031,301"
3.2,114,228,subtotal,"205000 - Ministria e Mjedisit, Planifikimit Hapësinor dhe Infrastrukturës",205070 - Departamenti I Infrastrukturës Rrugore,41800 - Rehabilitimi i Rrugë ve,,,,,Totali - Rehabilitimi i Rrugëve,,,322950040.0,67423754.0,1800000.0,69223754.0,69436000.0,68216000.0,0.0,529825794.0,"Totali - Rehabilitimi i Rrugëve 322,950,040 67,423,754 1,800,000 69,223,754 69,436,000 68,216,000 0 529,825,794"
3.2,114,256,project,"205000 - Ministria e Mjedisit, Planifikimit Hapësinor dhe Infrastrukturës",205070 - Departamenti I Infrastrukturës Rrugore,42000 - Projektet e Bashkfinancimit me Kuvendet Komunale,0443,205070-082749,10041,03.2010-12.2028,Programi I bashkefinancimit me kuvendin komunale,,,,,,,,,,,0443 205070-082749 10041 03.2010-12.2028 Programi I bashkefinancimit me kuvendin komunale
3.2,114,270,source,"205000 - Ministria e Mjedisit, Planifikimit Hapësinor dhe Infrastrukturës",205070 - Departamenti I Infrastrukturës Rrugore,42000 - Projektet e Bashkfinancimit me Kuvendet Komunale,0443,205070-082749,10041,03.2010-12.2028,Programi I bashkefinancimit me kuvendin komunale,GQ,,1030009.0,8000000.0,0.0,8000000.0,13000000.0,8000000.0,0.0,30030009.0,"GQ 1,030,009 8,000,000 0 8,000,000 13,000,000 8,000,000 0 30,030,009"
3.2,114,284,project,"205000 - Ministria e Mjedisit, Planifikimit Hapësinor dhe Infrastrukturës",205070 - Departamenti I Infrastrukturës Rrugore,42000 - Projektet e Bashkfinancimit me Kuvendet Komunale,0443,205070-1730325,15290,04.2017-10.2027,Asfaltimi i rruges Pleshine-Kashtanjeve te Ferizajit,,,,,,,,,,,0443 205070-1730325 15290 04.2017-10.2027 Asfaltimi i rruges Pleshine-Kashtanjeve te Ferizajit
3.2,114,298,source,"205000 - Ministria e Mjedisit, Planifikimit Hapësinor dhe Infrastrukturës",205070 - Departamenti I Infrastrukturës Rrugore,42000 - Projektet e Bashkfinancimit me Kuvendet Komunale,0443,205070-1730325,15290,04.2017-10.2027,Asfaltimi i rruges Pleshine-Kashtanjeve te Ferizajit,GQ,,3780283.0,500000.0,0.0,500000.0,877250.0,0.0,0.0,5157533.0,"GQ 3,780,283 500,000 0 500,000 877,250 0 0 5,157,533"
3.2,114,313,project,"205000 - Ministria e Mjedisit, Planifikimit Hapësinor dhe Infrastrukturës",205070 - Departamenti I Infrastrukturës Rrugore,42000 - Projektet e Bashkfinancimit me Kuvendet Komunale,0451,205070-1730335,15298,04.2017-12.2027,Zgjerimi i rruges nga Ura Veternikut Deri me Hyrje te Graqanices,,,,,,,,,,,0451 205070-1730335 15298 04.2017-12.2027 Zgjerimi i rruges nga Ura Veternikut Deri me Hyrje te Graqanices
3.2,114,327,source,"205000 - Ministria e Mjedisit, Planifikimit Hapësinor dhe Infrastrukturës",205070 - Departamenti I Infrastrukturës Rrugore,42000 - Projektet e Bashkfinancimit me Kuvendet Komunale,0451,205070-1730335,15298,04.2017-12.2027,Zgjerimi i rruges nga Ura Veternikut Deri me Hyrje te Graqanices,GQ,,4575522.0,500000.0,0.0,500000.0,500000.0,0.0,0.0,5575522.0,"GQ 4,575,522 500,000 0 500,000 500,000 0 0 5,575,522"
3.2,114,341,project,"205000 - Ministria e Mjedisit, Planifikimit Hapësinor dhe Infrastrukturës",205070 - Departamenti I Infrastrukturës Rrugore,42000 - Projektet e Bashkfinancimit me Kuvendet Komunale,0451,205070-1730354,15320,03.2019-12.2026,Asfaltimi i rruges Drekoc- Izhance- Ura e Haxhisë ne Shetrpce,,,,,,,,,,,0451 205070-1730354 15320 03.2019-12.2026 Asfaltimi i rruges Drekoc- Izhance- Ura e Haxhisë ne Shetrpce
3.2,114,355,source,"205000 - Ministria e Mjedisit, Planifikimit Hapësinor dhe Infrastrukturës",205070 - Departamenti I Infrastrukturës Rrugore,42000 - Projektet e Bashkfinancimit me Kuvendet Komunale,0451,205070-1730354,15320,03.2019-12.2026,Asfaltimi i rruges Drekoc- Izhance- Ura e Haxhisë ne Shetrpce,GQ,,1239664.0,56621.0,0.0,56621.0,0.0,0.0,0.0,1296285.0,"GQ 1,239,664 56,621 0 56,621 0 0 0 1,296,285"
3.2,114,369,project,"205000 - Ministria e Mjedisit, Planifikimit Hapësinor dhe Infrastrukturës",205070 - Departamenti I Infrastrukturës Rrugore,42000 - Projektet e Bashkfinancimit me Kuvendet Komunale,0443,205070-1730376,15342,03.2017-10.2028,Ndertimi i rruges Mushtisht - Shterpce,,,,,,,,,,,0443 205070-1730376 15342 03.2017-10.2028 Ndertimi i rruges Mushtisht - Shterpce
3.2,114,383,source,"205000 - Ministria e Mjedisit, Planifikimit Hapësinor dhe Infrastrukturës",205070 - Departamenti I Infrastrukturës Rrugore,42000 - Projektet e Bashkfinancimit me Kuvendet Komunale,0443,205070-1730376,15342,03.2017-10.2028,Ndertimi i rruges Mushtisht - Shterpce,GQ,,2376602.0,2000000.0,0.0,2000000.0,2000000.0,1500000.0,0.0,7876602.0,"GQ 2,376,602 2,000,000 0 2,000,000 2,000,000 1,500,000 0 7,876,602"
3.2,114,398,project,"205000 - Ministria e Mjedisit, Planifikimit Hapësinor dhe Infrastrukturës",205070 - Departamenti I Infrastrukturës Rrugore,42000 - Projektet e Bashkfinancimit me Kuvendet Komunale,0443,205070-1933211,18170,03.2019-12.2026,Ndertimi I Unazëx - Krahu I djathtë - Suharek (L - 4590 M),,,,,,,,,,,0443 205070-1933211 18170 03.2019-12.2026 Ndertimi I Unazëx - Krahu I djathtë - Suharek (L - 4590 M)
3.2,114,412,source,"205000 - Ministria e Mjedisit, Planifikimit Hapësinor dhe Infrastrukturës",205070 - Departamenti I Infrastrukturës Rrugore,42000 - Projektet e Bashkfinancimit me Kuvendet Komunale,0443,205070-1933211,18170,03.2019-12.2026,Ndertimi I Unazëx - Krahu I djathtë - Suharek (L - 4590 M),GQ,,1335145.0,290000.0,0.0,290000.0,0.0,0.0,0.0,1625145.0,"GQ 1,335,145 290,000 0 290,000 0 0 0 1,625,145"
3.2,114,426,project,"205000 - Ministria e Mjedisit, Planifikimit Hapësinor dhe Infrastrukturës",205070 - Departamenti I Infrastrukturës Rrugore,42000 - Projektet e Bashkfinancimit me Kuvendet Komunale,0443,205070-1933229,18181,05.2019-12.2026,Rruga ne Qyettin e Gjlanit Enver Miftari të Morave e Binqes,,,,,,,,,,,0443 205070-1933229 18181 05.2019-12.2026 Rruga ne Qyettin e Gjlanit Enver Miftari të Morave e Binqes
3.2,114,440,source,"205000 - Ministria e Mjedisit, Planifikimit Hapësinor dhe Infrastrukturës",205070 - Departamenti I Infrastrukturës Rrugore,42000 - Projektet e Bashkfinancimit me Kuvendet Komunale,0443,205070-1933229,18181,05.2019-12.2026,Rruga ne Qyettin e Gjlanit Enver Miftari të Morave e Binqes,GQ,,939033.0,107075.0,0.0,107075.0,0.0,0.0,0.0,1046108.0,"GQ 939,033 107,075 0 107,075 0 0 0 1,046,108"
3.2,114,454,project,"205000 - Ministria e Mjedisit, Planifikimit Hapësinor dhe Infrastrukturës",205070 - Departamenti I Infrastrukturës Rrugore,42000 - Projektet e Bashkfinancimit me Kuvendet Komunale,0443,205070-1933240,18189,05.2019-12.2028,Ndertimi I Rrugës kater Korsi nga Rahoveci - deri në Xërxe,,,,,,,,,,,0443 205070-1933240 18189 05.2019-12.2028 Ndertimi I Rrugës kater Korsi nga Rahoveci - deri në Xërxe
3.2,114,469,source,"205000 - Ministria e Mjedisit, Planifikimit Hapësinor dhe Infrastrukturës",205070 - Departamenti I Infrastrukturës Rrugore,42000 - Projektet e Bashkfinancimit me Kuvendet Komunale,0443,205070-1933240,18189,05.2019-12.2028,Ndertimi I Rrugës kater Korsi nga Rahoveci - deri në Xërxe,GQ,,3146137.0,2000000.0,0.0,2000000.0,2000000.0,2000000.0,0.0,9146137.0,"GQ 3,146,137 2,000,000 0 2,000,000 2,000,000 2,000,000 0 9,146,137"
3.2,114,483,project,"205000 - Ministria e Mjedisit, Planifikimit Hapësinor dhe Infrastrukturës",205070 - Departamenti I Infrastrukturës Rrugore,42000 - Projektet e Bashkfinancimit me Kuvendet Komunale,0443,205070-1935149,18263,04.2019-12.2027,Asfaltimi I Rrugës Lokale nga Kryqezimi I Rugës Nacionale N25 - Grejkoc-Rrafshi i Livadheve,,,,,,,,,,,0443 205070-1935149 18263 04.2019-12.2027 Asfaltimi I Rrugës Lokale nga Kryqezimi I Rugës Nacionale N25 - Grejkoc-Rrafshi i Livadheve
3.2,114,497,source,"205000 - Ministria e Mjedisit, Planifikimit Hapësinor dhe Infrastrukturës",205070 - Departamenti I Infrastrukturës Rrugore,42000 - Projektet e Bashkfinancimit me Kuvendet Komunale,0443,205070-1935149,18263,04.2019-12.2027,Asfaltimi I Rrugës Lokale nga Kryqezimi I Rugës Nacionale N25 - Grejkoc-Rrafshi i Livadheve,GQ,,1731596.0,500000.0,0.0,500000.0,329000.0,0.0,0.0,2560596.0,"GQ 1,731,596 500,000 0 500,000 329,000 0 0 2,560,596"
3.2,115,171,project,"205000 - Ministria e Mjedisit, Planifikimit Hapësinor dhe Infrastrukturës",205070 - Departamenti I Infrastrukturës Rrugore,42000 - Projektet e Bashkfinancimit me Kuvendet Komunale,0443,205070-1935154,18265,03.2019-12.2026,Ndertimi I Rrugës se Kumanoves me kyqje ne rrugën e Zhegres,,,,,,,,,,,0443 205070-1935154 18265 03.2019-12.2026 Ndertimi I Rrugës se Kumanoves me kyqje ne rrugën e Zhegres
3.2,115,185,source,"205000 - Ministria e Mjedisit, Planifikimit Hapësinor dhe Infrastrukturës",205070 - Departamenti I Infrastrukturës Rrugore,42000 - Projektet e Bashkfinancimit me Kuvendet Komunale,0443,205070-1935154,18265,03.2019-12.2026,Ndertimi I Rrugës se Kumanoves me kyqje ne rrugën e Zhegres,GQ,,2169619.0,146000.0,0.0,146000.0,0.0,0.0,0.0,2315619.0,"GQ 2,169,619 146,000 0 146,000 0 0 0 2,315,619"
3.2,115,199,project,"205000 - Ministria e Mjedisit, Planifikimit Hapësinor dhe Infrastrukturës",205070 - Departamenti I Infrastrukturës Rrugore,42000 - Projektet e Bashkfinancimit me Kuvendet Komunale,0451,205070-1935334,18391,03.2019-07.2026,"Rregullimi i rrugeve ne Malesin e Kamenices, Asfaltimi rruges Feriqev-Gjyryshevc,",,,,,,,,,,,"0451 205070-1935334 18391 03.2019-07.2026 Rregullimi i rrugeve ne Malesin e Kamenices, Asfaltimi rruges Feriqev-Gjyryshevc,"
3.2,115,213,source,"205000 - Ministria e Mjedisit, Planifikimit Hapësinor dhe Infrastrukturës",205070 - Departamenti I Infrastrukturës Rrugore,42000 - Projektet e Bashkfinancimit me Kuvendet Komunale,0451,205070-1935334,18391,03.2019-07.2026,"Rregullimi i rrugeve ne Malesin e Kamenices, Asfaltimi rruges Feriqev-Gjyryshevc,",GQ,,953083.0,595000.0,0.0,595000.0,0.0,0.0,0.0,1548083.0,"GQ 953,083 595,000 0 595,000 0 0 0 1,548,083"
3.2,115,228,project,"205000 - Ministria e Mjedisit, Planifikimit Hapësinor dhe Infrastrukturës",205070 - Departamenti I Infrastrukturës Rrugore,42000 - Projektet e Bashkfinancimit me Kuvendet Komunale,0451,205070-1935351,18392,02.2019-11.2027,Asfaltimi i rrugës Livadhet e Istogut- Mokën,,,,,,,,,,,0451 205070-1935351 18392 02.2019-11.2027 Asfaltimi i rrugës Livadhet e Istogut- Mokën
3.2,115,242,source,"205000 - Ministria e Mjedisit, Planifikimit Hapësinor dhe Infrastrukturës",205070 - Departamenti I Infrastrukturës Rrugore,42000 - Projektet e Bashkfinancimit me Kuvendet Komunale,0451,205070-1935351,18392,02.2019-11.2027,Asfaltimi i rrugës Livadhet e Istogut- Mokën,GQ,,2586744.0,980500.0,0.0,980500.0,0.0,0.0,0.0,3567244.0,"GQ 2,586,744 980,500 0 980,500 0 0 0 3,567,244"
3.2,115,256,project,"205000 - Ministria e Mjedisit, Planifikimit Hapësinor dhe Infrastrukturës",205070 - Departamenti I Infrastrukturës Rrugore,42000 - Projektet e Bashkfinancimit me Kuvendet Komunale,0133,205070-1935419,18414,03.2019-11.2028,"Ndërtimi i qendres së Istogut rruga Ibrahim Rugova, Fadil Ferati dhe UÇK",,,,,,,,,,,"0133 205070-1935419 18414 03.2019-11.2028 Ndërtimi i qendres së Istogut rruga Ibrahim Rugova, Fadil Ferati dhe UÇK"
3.2,115,270,source,"205000 - Ministria e Mjedisit, Planifikimit Hapësinor dhe Infrastrukturës",205070 - Departamenti I Infrastrukturës Rrugore,42000 - Projektet e Bashkfinancimit me Kuvendet Komunale,0133,205070-1935419,18414,03.2019-11.2028,"Ndërtimi i qendres së Istogut rruga Ibrahim Rugova, Fadil Ferati dhe UÇK",GQ,,527982.0,1000000.0,0.0,1000000.0,1000000.0,1201180.0,0.0,3729162.0,"GQ 527,982 1,000,000 0 1,000,000 1,000,000 1,201,180 0 3,729,162"
3.2,115,284,project,"205000 - Ministria e Mjedisit, Planifikimit Hapësinor dhe Infrastrukturës",205070 - Departamenti I Infrastrukturës Rrugore,42000 - Projektet e Bashkfinancimit me Kuvendet Komunale,0451,205070-1935433,18423,03.2019-11.2026,"Ndertimi i rruges Planej-Pashtrik, Prizren",,,,,,,,,,,"0451 205070-1935433 18423 03.2019-11.2026 Ndertimi i rruges Planej-Pashtrik, Prizren"
3.2,115,298,source,"205000 - Ministria e Mjedisit, Planifikimit Hapësinor dhe Infrastrukturës",205070 - Departamenti I Infrastrukturës Rrugore,42000 - Projektet e Bashkfinancimit me Kuvendet Komunale,0451,205070-1935433,18423,03.2019-11.2026,"Ndertimi i rruges Planej-Pashtrik, Prizren",GQ,,439140.0,227300.0,0.0,227300.0,0.0,0.0,0.0,666440.0,"GQ 439,140 227,300 0 227,300 0 0 0 666,440"
3.2,115,313,project,"205000 - Ministria e Mjedisit, Planifikimit Hapësinor dhe Infrastrukturës",205070 - Departamenti I Infrastrukturës Rrugore,42000 - Projektet e Bashkfinancimit me Kuvendet Komunale,0451,205070-1935435,18425,03.2019-11.2026,"Ndertimi dhe asfaltimi i rruges, rruga prej Anton Qeta deri te rruga Sejdiu, fshati Stubell e Eperme, Viti",,,,,,,,,,,"0451 205070-1935435 18425 03.2019-11.2026 Ndertimi dhe asfaltimi i rruges, rruga prej Anton Qeta deri te rruga Sejdiu, fshati Stubell e Eperme, Viti"
3.2,115,327,source,"205000 - Ministria e Mjedisit, Planifikimit Hapësinor dhe Infrastrukturës",205070 - Departamenti I Infrastrukturës Rrugore,42000 - Projektet e Bashkfinancimit me Kuvendet Komunale,0451,205070-1935435,18425,03.2019-11.2026,"Ndertimi dhe asfaltimi i rruges, rruga prej Anton Qeta deri te rruga Sejdiu, fshati Stubell e Eperme, Viti",GQ,,1007038.0,20000.0,0.0,20000.0,0.0,0.0,0.0,1027038.0,"GQ 1,007,038 20,000 0 20,000 0 0 0 1,027,038"
3.2,115,341,project,"205000 - Ministria e Mjedisit, Planifikimit Hapësinor dhe Infrastrukturës",205070 - Departamenti I Infrastrukturës Rrugore,42000 - Projektet e Bashkfinancimit me Kuvendet Komunale,0451,205070-1935442,18430,03.2019-11.2028,"Asfaltimi i rrugeve ne fshatin Jezerc, Ferizaj",,,,,,,,,,,"0451 205070-1935442 18430 03.2019-11.2028 Asfaltimi i rrugeve ne fshatin Jezerc, Ferizaj"
3.2,115,355,source,"205000 - Ministria e Mjedisit, Planifikimit Hapësinor dhe Infrastrukturës",205070 - Departamenti I Infrastrukturës Rrugore,42000 - Projektet e Bashkfinancimit me Kuvendet Komunale,0451,205070-1935442,18430,03.2019-11.2028,"Asfaltimi i rrugeve ne fshatin Jezerc, Ferizaj",GQ,,5246113.0,500000.0,0.0,500000.0,1000000.0,1000000.0,0.0,7746113.0,"GQ 5,246,113 500,000 0 500,000 1,000,000 1,000,000 0 7,746,113"
3.2,115,369,project,"205000 - Ministria e Mjedisit, Planifikimit Hapësinor dhe Infrastrukturës",205070 - Departamenti I Infrastrukturës Rrugore,42000 - Projektet e Bashkfinancimit me Kuvendet Komunale,0451,205070-1935443,18431,03.2019-11.2028,"Zgjerimi i rruges ne fshatin Bibaj-kyqja ne autostraden ""Arber Xhaferi""",,,,,,,,,,,"0451 205070-1935443 18431 03.2019-11.2028 Zgjerimi i rruges ne fshatin Bibaj-kyqja ne autostraden ""Arber Xhaferi"""
3.2,115,383,source,"205000 - Ministria e Mjedisit, Planifikimit Hapësinor dhe Infrastrukturës",205070 - Departamenti I Infrastrukturës Rrugore,42000 - Projektet e Bashkfinancimit me Kuvendet Komunale,0451,205070-1935443,18431,03.2019-11.2028,"Zgjerimi i rruges ne fshatin Bibaj-kyqja ne autostraden ""Arber Xhaferi""",GQ,,990932.0,875500.0,0.0,875500.0,500000.0,500000.0,0.0,2866432.0,"GQ 990,932 875,500 0 875,500 500,000 500,000 0 2,866,432"
3.2,115,398,project,"205000 - Ministria e Mjedisit, Planifikimit Hapësinor dhe Infrastrukturës",205070 - Departamenti I Infrastrukturës Rrugore,42000 - Projektet e Bashkfinancimit me Kuvendet Komunale,0451,205070-1935536,18445,05.2019-11.2026,Rregullimi i rruges ne lagjene Jeta e Re ne Prizren,,,,,,,,,,,0451 205070-1935536 18445 05.2019-11.2026 Rregullimi i rruges ne lagjene Jeta e Re ne Prizren
3.2,115,412,source,"205000 - Ministria e Mjedisit, Planifikimit Hapësinor dhe Infrastrukturës",205070 - Departamenti I Infrastrukturës Rrugore,42000 - Projektet e Bashkfinancimit me Kuvendet Komunale,0451,205070-1935536,18445,05.2019-11.2026,Rregullimi i rruges ne lagjene Jeta e Re ne Prizren,GQ,,350000.0,50000.0,0.0,50000.0,0.0,0.0,0.0,400000.0,"GQ 350,000 50,000 0 50,000 0 0 0 400,000"
3.2,115,426,project,"205000 - Ministria e Mjedisit, Planifikimit Hapësinor dhe Infrastrukturës",205070 - Departamenti I Infrastrukturës Rrugore,42000 - Projektet e Bashkfinancimit me Kuvendet Komunale,0443,205070-2037552,18723,06.2020-12.2026,"Ndërtimi I rrugës Peklenë - Shtypeq I vogël - Varri I Sykut, faza e dytë",,,,,,,,,,,"0443 205070-2037552 18723 06.2020-12.2026 Ndërtimi I rrugës Peklenë - Shtypeq I vogël - Varri I Sykut, faza e dytë"
3.2,115,440,source,"205000 - Ministria e Mjedisit, Planifikimit Hapësinor dhe Infrastrukturës",205070 - Departamenti I Infrastrukturës Rrugore,42000 - Projektet e Bashkfinancimit me Kuvendet Komunale,0443,205070-2037552,18723,06.2020-12.2026,"Ndërtimi I rrugës Peklenë - Shtypeq I vogël - Varri I Sykut, faza e dytë",GQ,,302538.0,344000.0,0.0,344000.0,0.0,0.0,0.0,646538.0,"GQ 302,538 344,000 0 344,000 0 0 0 646,538"
3.2,115,454,project,"205000 - Ministria e Mjedisit, Planifikimit Hapësinor dhe Infrastrukturës",205070 - Departamenti I Infrastrukturës Rrugore,42000 - Projektet e Bashkfinancimit me Kuvendet Komunale,0443,205070-2037556,18727,06.2020-10.2026,Ndërtimi I rrugës  Drelaj - Leqinat,,,,,,,,,,,0443 205070-2037556 18727 06.2020-10.2026 Ndërtimi I rrugës Drelaj - Leqinat
3.2,115,469,source,"205000 - Ministria e Mjedisit, Planifikimit Hapësinor dhe Infrastrukturës",205070 - Departamenti I Infrastrukturës Rrugore,42000 - Projektet e Bashkfinancimit me Kuvendet Komunale,0443,205070-2037556,18727,06.2020-10.2026,Ndërtimi I rrugës  Drelaj - Leqinat,GQ,,729385.0,246777.0,0.0,246777.0,0.0,0.0,0.0,976162.0,"GQ 729,385 246,777 0 246,777 0 0 0 976,162"
3.2,115,483,project,"205000 - Ministria e Mjedisit, Planifikimit Hapësinor dhe Infrastrukturës",205070 - Departamenti I Infrastrukturës Rrugore,42000 - Projektet e Bashkfinancimit me Kuvendet Komunale,0443,205070-2037558,18729,04.2020-11.2026,"Ndërtimi I rrugës "" Brigada 123 "" - Sheshi në Suharekë",,,,,,,,,,,"0443 205070-2037558 18729 04.2020-11.2026 Ndërtimi I rrugës "" Brigada 123 "" - Sheshi në Suharekë"
3.2,115,497,source,"205000 - Ministria e Mjedisit, Planifikimit Hapësinor dhe Infrastrukturës",205070 - Departamenti I Infrastrukturës Rrugore,42000 - Projektet e Bashkfinancimit me Kuvendet Komunale,0443,205070-2037558,18729,04.2020-11.2026,"Ndërtimi I rrugës "" Brigada 123 "" - Sheshi në Suharekë",GQ,,866827.0,463500.0,0.0,463500.0,0.0,0.0,0.0,1330327.0,"GQ 866,827 463,500 0 463,500 0 0 0 1,330,327"
3.2,116,171,project,"205000 - Ministria e Mjedisit, Planifikimit Hapësinor dhe Infrastrukturës",205070 - Departamenti I Infrastrukturës Rrugore,42000 - Projektet e Bashkfinancimit me Kuvendet Komunale,0451,205070-2138938,18841,04.2021-11.2028,Rehabilitimi I rrugës Prekoc - Krilevë,,,,,,,,,,,0451 205070-2138938 18841 04.2021-11.2028 Rehabilitimi I rrugës Prekoc - Krilevë
3.2,116,185,source,"205000 - Ministria e Mjedisit, Planifikimit Hapësinor dhe Infrastrukturës",205070 - Departamenti I Infrastrukturës Rrugore,42000 - Projektet e Bashkfinancimit me Kuvendet Komunale,0451,205070-2138938,18841,04.2021-11.2028,Rehabilitimi I rrugës Prekoc - Krilevë,GQ,,1126998.0,1000000.0,0.0,1000000.0,1000000.0,1500000.0,0.0,4626998.0,"GQ 1,126,998 1,000,000 0 1,000,000 1,000,000 1,500,000 0 4,626,998"
3.2,116,199,project,"205000 - Ministria e Mjedisit, Planifikimit Hapësinor dhe Infrastrukturës",205070 - Departamenti I Infrastrukturës Rrugore,42000 - Projektet e Bashkfinancimit me Kuvendet Komunale,0443,205070-2139236,18850,04.2021-12.2026,Asfaltimi i rrges Mjak- Doboldeh,,,,,,,,,,,0443 205070-2139236 18850 04.2021-12.2026 Asfaltimi i rrges Mjak- Doboldeh
3.2,116,213,source,"205000 - Ministria e Mjedisit, Planifikimit Hapësinor dhe Infrastrukturës",205070 - Departamenti I Infrastrukturës Rrugore,42000 - Projektet e Bashkfinancimit me Kuvendet Komunale,0443,205070-2139236,18850,04.2021-12.2026,Asfaltimi i rrges Mjak- Doboldeh,GQ,,526703.0,300000.0,0.0,300000.0,302785.0,0.0,0.0,1129488.0,"GQ 526,703 300,000 0 300,000 302,785 0 0 1,129,488"
3.2,116,228,project,"205000 - Ministria e Mjedisit, Planifikimit Hapësinor dhe Infrastrukturës",205070 - Departamenti I Infrastrukturës Rrugore,42000 - Projektet e Bashkfinancimit me Kuvendet Komunale,0443,205070-2139261,18890,04.2021-11.2026,"""Ndërtimi i rrugës në Rahovec, nga rrethrrotullimi Rija  deri ne dalje të rrugës për Xërxë""",,,,,,,,,,,"0443 205070-2139261 18890 04.2021-11.2026 ""Ndërtimi i rrugës në Rahovec, nga rrethrrotullimi Rija deri ne dalje të rrugës për Xërxë"""
3.2,116,242,source,"205000 - Ministria e Mjedisit, Planifikimit Hapësinor dhe Infrastrukturës",205070 - Departamenti I Infrastrukturës Rrugore,42000 - Projektet e Bashkfinancimit me Kuvendet Komunale,0443,205070-2139261,18890,04.2021-11.2026,"""Ndërtimi i rrugës në Rahovec, nga rrethrrotullimi Rija  deri ne dalje të rrugës për Xërxë""",GQ,,1283855.0,283200.0,0.0,283200.0,0.0,0.0,0.0,1567055.0,"GQ 1,283,855 283,200 0 283,200 0 0 0 1,567,055"
3.2,116,256,project,"205000 - Ministria e Mjedisit, Planifikimit Hapësinor dhe Infrastrukturës",205070 - Departamenti I Infrastrukturës Rrugore,42000 - Projektet e Bashkfinancimit me Kuvendet Komunale,0443,205070-2241486,16065,08.2022-10.2026,"Ndërtimi i rrugëve në fshatrat: Sllovi, Gadime, Smalluzhë, Gomnasellë, Llugaxhi dhe Babush-komuna e Lipjanit",,,,,,,,,,,"0443 205070-2241486 16065 08.2022-10.2026 Ndërtimi i rrugëve në fshatrat: Sllovi, Gadime, Smalluzhë, Gomnasellë, Llugaxhi dhe Babush-komuna e Lipjanit"
3.2,116,270,source,"205000 - Ministria e Mjedisit, Planifikimit Hapësinor dhe Infrastrukturës",205070 - Departamenti I Infrastrukturës Rrugore,42000 - Projektet e Bashkfinancimit me Kuvendet Komunale,0443,205070-2241486,16065,08.2022-10.2026,"Ndërtimi i rrugëve në fshatrat: Sllovi, Gadime, Smalluzhë, Gomnasellë, Llugaxhi dhe Babush-komuna e Lipjanit",GQ,,265411.0,216000.0,0.0,216000.0,0.0,0.0,0.0,481411.0,"GQ 265,411 216,000 0 216,000 0 0 0 481,411"
3.2,116,284,project,"205000 - Ministria e Mjedisit, Planifikimit Hapësinor dhe Infrastrukturës",205070 - Departamenti I Infrastrukturës Rrugore,42000 - Projektet e Bashkfinancimit me Kuvendet Komunale,0443,205070-2241501,16079,08.2022-12.2027,Asfaltimi i rrugës kryesore në Zllatar dhe trotuari deri te shkolla (Aksi 1 L=2915 m)-komuna e Ferizajt,,,,,,,,,,,0443 205070-2241501 16079 08.2022-12.2027 Asfaltimi i rrugës kryesore në Zllatar dhe trotuari deri te shkolla (Aksi 1 L=2915 m)-komuna e Ferizajt
3.2,116,298,source,"205000 - Ministria e Mjedisit, Planifikimit Hapësinor dhe Infrastrukturës",205070 - Departamenti I Infrastrukturës Rrugore,42000 - Projektet e Bashkfinancimit me Kuvendet Komunale,0443,205070-2241501,16079,08.2022-12.2027,Asfaltimi i rrugës kryesore në Zllatar dhe trotuari deri te shkolla (Aksi 1 L=2915 m)-komuna e Ferizajt,GQ,,2099861.0,1000000.0,0.0,1000000.0,1330100.0,0.0,0.0,4429961.0,"GQ 2,099,861 1,000,000 0 1,000,000 1,330,100 0 0 4,429,961"
3.2,116,313,project,"205000 - Ministria e Mjedisit, Planifikimit Hapësinor dhe Infrastrukturës",205070 - Departamenti I Infrastrukturës Rrugore,42000 - Projektet e Bashkfinancimit me Kuvendet Komunale,0443,205070-2241506,16083,08.2022-10.2026,"Projekti kryesor për rrugët në lagjen ""Livadhet e Arapit"" -komuna e Gjilanit",,,,,,,,,,,"0443 205070-2241506 16083 08.2022-10.2026 Projekti kryesor për rrugët në lagjen ""Livadhet e Arapit"" -komuna e Gjilanit"
3.2,116,327,source,"205000 - Ministria e Mjedisit, Planifikimit Hapësinor dhe Infrastrukturës",205070 - Departamenti I Infrastrukturës Rrugore,42000 - Projektet e Bashkfinancimit me Kuvendet Komunale,0443,205070-2241506,16083,08.2022-10.2026,"Projekti kryesor për rrugët në lagjen ""Livadhet e Arapit"" -komuna e Gjilanit",GQ,,87315.0,62786.0,0.0,62786.0,0.0,0.0,0.0,150101.0,"GQ 87,315 62,786 0 62,786 0 0 0 150,101"
3.2,116,341,project,"205000 - Ministria e Mjedisit, Planifikimit Hapësinor dhe Infrastrukturës",205070 - Departamenti I Infrastrukturës Rrugore,42000 - Projektet e Bashkfinancimit me Kuvendet Komunale,0443,205070-2241509,16086,08.2022-11.2026,Projektimi dhe ndertimi i rruges - Nëna Terezë -komuna e Gjilanit,,,,,,,,,,,0443 205070-2241509 16086 08.2022-11.2026 Projektimi dhe ndertimi i rruges - Nëna Terezë -komuna e Gjilanit
3.2,116,355,source,"205000 - Ministria e Mjedisit, Planifikimit Hapësinor dhe Infrastrukturës",205070 - Departamenti I Infrastrukturës Rrugore,42000 - Projektet e Bashkfinancimit me Kuvendet Komunale,0443,205070-2241509,16086,08.2022-11.2026,Projektimi dhe ndertimi i rruges - Nëna Terezë -komuna e Gjilanit,GQ,,0.0,200000.0,0.0,200000.0,0.0,0.0,0.0,200000.0,"GQ 0 200,000 0 200,000 0 0 0 200,000"
3.2,116,369,project,"205000 - Ministria e Mjedisit, Planifikimit Hapësinor dhe Infrastrukturës",205070 - Departamenti I Infrastrukturës Rrugore,42000 - Projektet e Bashkfinancimit me Kuvendet Komunale,0443,205070-2343860,16191,09.2023-09.2026,"Zgjerimi dhe asfaltimi i rrugës Vërbovc, Lagja Dobra-përmendorja e ""Ilaz Kodrës"", Drenas",,,,,,,,,,,"0443 205070-2343860 16191 09.2023-09.2026 Zgjerimi dhe asfaltimi i rrugës Vërbovc, Lagja Dobra-përmendorja e ""Ilaz Kodrës"", Drenas"
3.2,116,383,source,"205000 - Ministria e Mjedisit, Planifikimit Hapësinor dhe Infrastrukturës",205070 - Departamenti I Infrastrukturës Rrugore,42000 - Projektet e Bashkfinancimit me Kuvendet Komunale,0443,205070-2343860,16191,09.2023-09.2026,"Zgjerimi dhe asfaltimi i rrugës Vërbovc, Lagja Dobra-përmendorja e ""Ilaz Kodrës"", Drenas",GQ,,320560.0,35190.0,0.0,35190.0,0.0,0.0,0.0,355750.0,"GQ 320,560 35,190 0 35,190 0 0 0 355,750"
3.2,116,398,project,"205000 - Ministria e Mjedisit, Planifikimit Hapësinor dhe Infrastrukturës",205070 - Departamenti I Infrastrukturës Rrugore,42000 - Projektet e Bashkfinancimit me Kuvendet Komunale,0443,205070-2343861,16192,09.2023-10.2026,"Rregullimi i infrastrukturës në rrugën kryesore dhe tranzitin e qytetit, Kamenicë",,,,,,,,,,,"0443 205070-2343861 16192 09.2023-10.2026 Rregullimi i infrastrukturës në rrugën kryesore dhe tranzitin e qytetit, Kamenicë"
3.2,116,412,source,"205000 - Ministria e Mjedisit, Planifikimit Hapësinor dhe Infrastrukturës",205070 - Departamenti I Infrastrukturës Rrugore,42000 - Projektet e Bashkfinancimit me Kuvendet Komunale,0443,205070-2343861,16192,09.2023-10.2026,"Rregullimi i infrastrukturës në rrugën kryesore dhe tranzitin e qytetit, Kamenicë",GQ,,575469.0,339921.0,0.0,339921.0,0.0,0.0,0.0,915390.0,"GQ 575,469 339,921 0 339,921 0 0 0 915,390"
3.2,116,426,project,"205000 - Ministria e Mjedisit, Planifikimit Hapësinor dhe Infrastrukturës",205070 - Departamenti I Infrastrukturës Rrugore,42000 - Projektet e Bashkfinancimit me Kuvendet Komunale,0443,205070-2343864,16195,09.2023-10.2026,"Ndërtimi i rrugës Kozhicë - Qyqavicë, Skenderaj",,,,,,,,,,,"0443 205070-2343864 16195 09.2023-10.2026 Ndërtimi i rrugës Kozhicë - Qyqavicë, Skenderaj"
3.2,116,440,source,"205000 - Ministria e Mjedisit, Planifikimit Hapësinor dhe Infrastrukturës",205070 - Departamenti I Infrastrukturës Rrugore,42000 - Projektet e Bashkfinancimit me Kuvendet Komunale,0443,205070-2343864,16195,09.2023-10.2026,"Ndërtimi i rrugës Kozhicë - Qyqavicë, Skenderaj",GQ,,770451.0,66516.0,0.0,66516.0,0.0,0.0,0.0,836967.0,"GQ 770,451 66,516 0 66,516 0 0 0 836,967"
3.2,116,454,project,"205000 - Ministria e Mjedisit, Planifikimit Hapësinor dhe Infrastrukturës",205070 - Departamenti I Infrastrukturës Rrugore,42000 - Projektet e Bashkfinancimit me Kuvendet Komunale,0443,205070-2343867,16186,10.2023-12.2026,"Zgjerimi i rrugës ""Hamdi Kurteshi"" - Gjilan",,,,,,,,,,,"0443 205070-2343867 16186 10.2023-12.2026 Zgjerimi i rrugës ""Hamdi Kurteshi"" - Gjilan"
3.2,116,469,source,"205000 - Ministria e Mjedisit, Planifikimit Hapësinor dhe Infrastrukturës",205070 - Departamenti I Infrastrukturës Rrugore,42000 - Projektet e Bashkfinancimit me Kuvendet Komunale,0443,205070-2343867,16186,10.2023-12.2026,"Zgjerimi i rrugës ""Hamdi Kurteshi"" - Gjilan",GQ,,1480859.0,940375.0,0.0,940375.0,0.0,0.0,0.0,2421234.0,"GQ 1,480,859 940,375 0 940,375 0 0 0 2,421,234"
3.2,116,483,project,"205000 - Ministria e Mjedisit, Planifikimit Hapësinor dhe Infrastrukturës",205070 - Departamenti I Infrastrukturës Rrugore,42000 - Projektet e Bashkfinancimit me Kuvendet Komunale,0443,205070-2343870,16200,09.2023-10.2027,Ndërtimi i rrugës Turuqicë - Herticë,,,,,,,,,,,0443 205070-2343870 16200 09.2023-10.2027 Ndërtimi i rrugës Turuqicë - Herticë
3.2,116,497,source,"205000 - Ministria e Mjedisit, Planifikimit Hapësinor dhe Infrastrukturës",205070 - Departamenti I Infrastrukturës Rrugore,42000 - Projektet e Bashkfinancimit me Kuvendet Komunale,0443,205070-2343870,16200,09.2023-10.2027,Ndërtimi i rrugës Turuqicë - Herticë,GQ,,230884.0,200000.0,0.0,200000.0,213188.0,0.0,0.0,644072.0,"GQ 230,884 200,000 0 200,000 213,188 0 0 644,072"
3.2,117,171,project,"205000 - Ministria e Mjedisit, Planifikimit Hapësinor dhe Infrastrukturës",205070 - Departamenti I Infrastrukturës Rrugore,42000 - Projektet e Bashkfinancimit me Kuvendet Komunale,0443,205070-2343874,16204,10.2023-11.2027,Rekonstruimi i rrugës Reçan - Ljubinë e Epërme - Ljubinë e Poshtme,,,,,,,,,,,0443 205070-2343874 16204 10.2023-11.2027 Rekonstruimi i rrugës Reçan - Ljubinë e Epërme - Ljubinë e Poshtme
3.2,117,185,source,"205000 - Ministria e Mjedisit, Planifikimit Hapësinor dhe Infrastrukturës",205070 - Departamenti I Infrastrukturës Rrugore,42000 - Projektet e Bashkfinancimit me Kuvendet Komunale,0443,205070-2343874,16204,10.2023-11.2027,Rekonstruimi i rrugës Reçan - Ljubinë e Epërme - Ljubinë e Poshtme,GQ,,400000.0,400000.0,0.0,400000.0,400000.0,0.0,0.0,1200000.0,"GQ 400,000 400,000 0 400,000 400,000 0 0 1,200,000"
3.2,117,199,project,"205000 - Ministria e Mjedisit, Planifikimit Hapësinor dhe Infrastrukturës",205070 - Departamenti I Infrastrukturës Rrugore,42000 - Projektet e Bashkfinancimit me Kuvendet Komunale,0443,205070-2343875,16205,10.2023-10.2027,Projektet infrastrukturore të Zhupës dhe Podgurit,,,,,,,,,,,0443 205070-2343875 16205 10.2023-10.2027 Projektet infrastrukturore të Zhupës dhe Podgurit
3.2,117,213,source,"205000 - Ministria e Mjedisit, Planifikimit Hapësinor dhe Infrastrukturës",205070 - Departamenti I Infrastrukturës Rrugore,42000 - Projektet e Bashkfinancimit me Kuvendet Komunale,0443,205070-2343875,16205,10.2023-10.2027,Projektet infrastrukturore të Zhupës dhe Podgurit,GQ,,0.0,300000.0,0.0,300000.0,300000.0,0.0,0.0,600000.0,"GQ 0 300,000 0 300,000 300,000 0 0 600,000"
3.2,117,228,project,"205000 - Ministria e Mjedisit, Planifikimit Hapësinor dhe Infrastrukturës",205070 - Departamenti I Infrastrukturës Rrugore,42000 - Projektet e Bashkfinancimit me Kuvendet Komunale,0443,205070-2343883,16208,09.2023-11.2028,"Rekonstruimi dhe zgjerimi i rrugës Junik - Rastovicë, Faza 1",,,,,,,,,,,"0443 205070-2343883 16208 09.2023-11.2028 Rekonstruimi dhe zgjerimi i rrugës Junik - Rastovicë, Faza 1"
3.2,117,242,source,"205000 - Ministria e Mjedisit, Planifikimit Hapësinor dhe Infrastrukturës",205070 - Departamenti I Infrastrukturës Rrugore,42000 - Projektet e Bashkfinancimit me Kuvendet Komunale,0443,205070-2343883,16208,09.2023-11.2028,"Rekonstruimi dhe zgjerimi i rrugës Junik - Rastovicë, Faza 1",GQ,,1976598.0,500000.0,0.0,500000.0,300000.0,266315.0,0.0,3042913.0,"GQ 1,976,598 500,000 0 500,000 300,000 266,315 0 3,042,913"
3.2,117,256,project,"205000 - Ministria e Mjedisit, Planifikimit Hapësinor dhe Infrastrukturës",205070 - Departamenti I Infrastrukturës Rrugore,42000 - Projektet e Bashkfinancimit me Kuvendet Komunale,0443,205070-2343900,16210,10.2023-10.2026,"Zgjerimi i rrugës ""Adem Jashari"" - 11 Qershori",,,,,,,,,,,"0443 205070-2343900 16210 10.2023-10.2026 Zgjerimi i rrugës ""Adem Jashari"" - 11 Qershori"
3.2,117,270,source,"205000 - Ministria e Mjedisit, Planifikimit Hapësinor dhe Infrastrukturës",205070 - Departamenti I Infrastrukturës Rrugore,42000 - Projektet e Bashkfinancimit me Kuvendet Komunale,0443,205070-2343900,16210,10.2023-10.2026,"Zgjerimi i rrugës ""Adem Jashari"" - 11 Qershori",GQ,,207000.0,4292.0,0.0,4292.0,0.0,0.0,0.0,211292.0,"GQ 207,000 4,292 0 4,292 0 0 0 211,292"
3.2,117,284,project,"205000 - Ministria e Mjedisit, Planifikimit Hapësinor dhe Infrastrukturës",205070 - Departamenti I Infrastrukturës Rrugore,42000 - Projektet e Bashkfinancimit me Kuvendet Komunale,0443,205070-2343901,16211,10.2023-12.2026,Rrikonstruimi dhe asfaltimi i rrugës Lamë - Kllokoq,,,,,,,,,,,0443 205070-2343901 16211 10.2023-12.2026 Rrikonstruimi dhe asfaltimi i rrugës Lamë - Kllokoq
3.2,117,298,source,"205000 - Ministria e Mjedisit, Planifikimit Hapësinor dhe Infrastrukturës",205070 - Departamenti I Infrastrukturës Rrugore,42000 - Projektet e Bashkfinancimit me Kuvendet Komunale,0443,205070-2343901,16211,10.2023-12.2026,Rrikonstruimi dhe asfaltimi i rrugës Lamë - Kllokoq,GQ,,68781.0,300000.0,0.0,300000.0,426000.0,0.0,0.0,794781.0,"GQ 68,781 300,000 0 300,000 426,000 0 0 794,781"
3.2,117,313,project,"205000 - Ministria e Mjedisit, Planifikimit Hapësinor dhe Infrastrukturës",205070 - Departamenti I Infrastrukturës Rrugore,42000 - Projektet e Bashkfinancimit me Kuvendet Komunale,0443,205070-2445575,19361,05.2024-11.2026,"Ndërtimi i rrugës Shtedim Pod i Jakupit, Komuna e Pejës",,,,,,,,,,,"0443 205070-2445575 19361 05.2024-11.2026 Ndërtimi i rrugës Shtedim Pod i Jakupit, Komuna e Pejës"
3.2,117,327,source,"205000 - Ministria e Mjedisit, Planifikimit Hapësinor dhe Infrastrukturës",205070 - Departamenti I Infrastrukturës Rrugore,42000 - Projektet e Bashkfinancimit me Kuvendet Komunale,0443,205070-2445575,19361,05.2024-11.2026,"Ndërtimi i rrugës Shtedim Pod i Jakupit, Komuna e Pejës",GQ,,621067.0,598100.0,0.0,598100.0,0.0,0.0,0.0,1219167.0,"GQ 621,067 598,100 0 598,100 0 0 0 1,219,167"
3.2,117,341,project,"205000 - Ministria e Mjedisit, Planifikimit Hapësinor dhe Infrastrukturës",205070 - Departamenti I Infrastrukturës Rrugore,42000 - Projektet e Bashkfinancimit me Kuvendet Komunale,0443,205070-2445577,19362,06.2024-11.2026,"Ndërtimi i rrugës Haxhaj - Stankaj, KK Pejë",,,,,,,,,,,"0443 205070-2445577 19362 06.2024-11.2026 Ndërtimi i rrugës Haxhaj - Stankaj, KK Pejë"
3.2,117,355,source,"205000 - Ministria e Mjedisit, Planifikimit Hapësinor dhe Infrastrukturës",205070 - Departamenti I Infrastrukturës Rrugore,42000 - Projektet e Bashkfinancimit me Kuvendet Komunale,0443,205070-2445577,19362,06.2024-11.2026,"Ndërtimi i rrugës Haxhaj - Stankaj, KK Pejë",GQ,,500000.0,490390.0,0.0,490390.0,0.0,0.0,0.0,990390.0,"GQ 500,000 490,390 0 490,390 0 0 0 990,390"
3.2,117,369,project,"205000 - Ministria e Mjedisit, Planifikimit Hapësinor dhe Infrastrukturës",205070 - Departamenti I Infrastrukturës Rrugore,42000 - Projektet e Bashkfinancimit me Kuvendet Komunale,0443,205070-2445579,19363,04.2024-12.2028,"Ndërtimi I rrugëve pëgjatë brezit kufitar: segmenti Sfircë (Kapi) - Zhujë - Shahiq - Lisockë dhe Segmenti : Dragoc-Sedllar-Kranidell, KK Kamenicë",,,,,,,,,,,"0443 205070-2445579 19363 04.2024-12.2028 Ndërtimi I rrugëve pëgjatë brezit kufitar: segmenti Sfircë (Kapi) - Zhujë - Shahiq - Lisockë dhe Segmenti : Dragoc-Sedllar-Kranidell, KK Kamenicë"
3.2,117,383,source,"205000 - Ministria e Mjedisit, Planifikimit Hapësinor dhe Infrastrukturës",205070 - Departamenti I Infrastrukturës Rrugore,42000 - Projektet e Bashkfinancimit me Kuvendet Komunale,0443,205070-2445579,19363,04.2024-12.2028,"Ndërtimi I rrugëve pëgjatë brezit kufitar: segmenti Sfircë (Kapi) - Zhujë - Shahiq - Lisockë dhe Segmenti : Dragoc-Sedllar-Kranidell, KK Kamenicë",GQ,,1399999.0,2000000.0,0.0,2000000.0,1000000.0,1149000.0,0.0,5548999.0,"GQ 1,399,999 2,000,000 0 2,000,000 1,000,000 1,149,000 0 5,548,999"
3.2,117,398,project,"205000 - Ministria e Mjedisit, Planifikimit Hapësinor dhe Infrastrukturës",205070 - Departamenti I Infrastrukturës Rrugore,42000 - Projektet e Bashkfinancimit me Kuvendet Komunale,0443,205070-2445586,19364,05.2024-11.2027,"Ndërtimi i unazës së madhe: Petrovë - Reqak - Belincë, Shtime",,,,,,,,,,,"0443 205070-2445586 19364 05.2024-11.2027 Ndërtimi i unazës së madhe: Petrovë - Reqak - Belincë, Shtime"
3.2,117,412,source,"205000 - Ministria e Mjedisit, Planifikimit Hapësinor dhe Infrastrukturës",205070 - Departamenti I Infrastrukturës Rrugore,42000 - Projektet e Bashkfinancimit me Kuvendet Komunale,0443,205070-2445586,19364,05.2024-11.2027,"Ndërtimi i unazës së madhe: Petrovë - Reqak - Belincë, Shtime",GQ,,1082945.0,800000.0,0.0,800000.0,700000.0,0.0,0.0,2582945.0,"GQ 1,082,945 800,000 0 800,000 700,000 0 0 2,582,945"
3.2,117,426,project,"205000 - Ministria e Mjedisit, Planifikimit Hapësinor dhe Infrastrukturës",205070 - Departamenti I Infrastrukturës Rrugore,42000 - Projektet e Bashkfinancimit me Kuvendet Komunale,0443,205070-2445589,19365,05.2024-10.2026,"Rruga Godanc - Rashincë - Muzeqinë, Shtime",,,,,,,,,,,"0443 205070-2445589 19365 05.2024-10.2026 Rruga Godanc - Rashincë - Muzeqinë, Shtime"
3.2,117,440,source,"205000 - Ministria e Mjedisit, Planifikimit Hapësinor dhe Infrastrukturës",205070 - Departamenti I Infrastrukturës Rrugore,42000 - Projektet e Bashkfinancimit me Kuvendet Komunale,0443,205070-2445589,19365,05.2024-10.2026,"Rruga Godanc - Rashincë - Muzeqinë, Shtime",GQ,,600000.0,299000.0,0.0,299000.0,0.0,0.0,0.0,899000.0,"GQ 600,000 299,000 0 299,000 0 0 0 899,000"
3.2,117,454,project,"205000 - Ministria e Mjedisit, Planifikimit Hapësinor dhe Infrastrukturës",205070 - Departamenti I Infrastrukturës Rrugore,42000 - Projektet e Bashkfinancimit me Kuvendet Komunale,0443,205070-2445592,19366,06.2024-09.2026,"Rehabilitimi i rrugëve urbane dhe ndërurbane të dëmtuara nga peshat e rënda rr. Wiiliam Walker, rr. Anton Qeta, s. Qameria, rr Muhaxhera, rr. Shefket Muhadini, rr. Jashari, s. rr. Ali T",,,,,,,,,,,"0443 205070-2445592 19366 06.2024-09.2026 Rehabilitimi i rrugëve urbane dhe ndërurbane të dëmtuara nga peshat e rënda rr. Wiiliam Walker, rr. Anton Qeta, s. Qameria, rr Muhaxhera, rr. Shefket Muhadini, rr. Jashari, s. rr. Ali T"
3.2,117,469,source,"205000 - Ministria e Mjedisit, Planifikimit Hapësinor dhe Infrastrukturës",205070 - Departamenti I Infrastrukturës Rrugore,42000 - Projektet e Bashkfinancimit me Kuvendet Komunale,0443,205070-2445592,19366,06.2024-09.2026,"Rehabilitimi i rrugëve urbane dhe ndërurbane të dëmtuara nga peshat e rënda rr. Wiiliam Walker, rr. Anton Qeta, s. Qameria, rr Muhaxhera, rr. Shefket Muhadini, rr. Jashari, s. rr. Ali T",GQ,,899999.0,300000.0,0.0,300000.0,0.0,0.0,0.0,1199999.0,"GQ 899,999 300,000 0 300,000 0 0 0 1,199,999"
3.2,117,483,project,"205000 - Ministria e Mjedisit, Planifikimit Hapësinor dhe Infrastrukturës",205070 - Departamenti I Infrastrukturës Rrugore,42000 - Projektet e Bashkfinancimit me Kuvendet Komunale,0443,205070-2445598,19369,07.2024-11.2026,"Hapja dhe asfaltimi i rrugës Petrovë - Reqak - Rancë, Shtime",,,,,,,,,,,"0443 205070-2445598 19369 07.2024-11.2026 Hapja dhe asfaltimi i rrugës Petrovë - Reqak - Rancë, Shtime"
3.2,117,497,source,"205000 - Ministria e Mjedisit, Planifikimit Hapësinor dhe Infrastrukturës",205070 - Departamenti I Infrastrukturës Rrugore,42000 - Projektet e Bashkfinancimit me Kuvendet Komunale,0443,205070-2445598,19369,07.2024-11.2026,"Hapja dhe asfaltimi i rrugës Petrovë - Reqak - Rancë, Shtime",GQ,,414599.0,64155.0,0.0,64155.0,0.0,0.0,0.0,478754.0,"GQ 414,599 64,155 0 64,155 0 0 0 478,754"
3.2,118,171,project,"205000 - Ministria e Mjedisit, Planifikimit Hapësinor dhe Infrastrukturës",205070 - Departamenti I Infrastrukturës Rrugore,42000 - Projektet e Bashkfinancimit me Kuvendet Komunale,0443,205070-2445602,19372,07.2024-09.2026,"Ndërtimi i nënkalimit te stacioni i trenit  dhe ndërtimi i rrugës me infrastrukturë përcjellëse, Podujeve",,,,,,,,,,,"0443 205070-2445602 19372 07.2024-09.2026 Ndërtimi i nënkalimit te stacioni i trenit dhe ndërtimi i rrugës me infrastrukturë përcjellëse, Podujeve"
3.2,118,185,source,"205000 - Ministria e Mjedisit, Planifikimit Hapësinor dhe Infrastrukturës",205070 - Departamenti I Infrastrukturës Rrugore,42000 - Projektet e Bashkfinancimit me Kuvendet Komunale,0443,205070-2445602,19372,07.2024-09.2026,"Ndërtimi i nënkalimit te stacioni i trenit  dhe ndërtimi i rrugës me infrastrukturë përcjellëse, Podujeve",GQ,,62398.0,440000.0,0.0,440000.0,0.0,0.0,0.0,502398.0,"GQ 62,398 440,000 0 440,000 0 0 0 502,398"
3.2,118,199,project,"205000 - Ministria e Mjedisit, Planifikimit Hapësinor dhe Infrastrukturës",205070 - Departamenti I Infrastrukturës Rrugore,42000 - Projektet e Bashkfinancimit me Kuvendet Komunale,0443,205070-2445606,19373,08.2024-11.2026,"Ndërtimi dhe asfaltimi i rrugës lidhëse Letanc - Llaushë - Dumnicë, Podujeve",,,,,,,,,,,"0443 205070-2445606 19373 08.2024-11.2026 Ndërtimi dhe asfaltimi i rrugës lidhëse Letanc - Llaushë - Dumnicë, Podujeve"
3.2,118,213,source,"205000 - Ministria e Mjedisit, Planifikimit Hapësinor dhe Infrastrukturës",205070 - Departamenti I Infrastrukturës Rrugore,42000 - Projektet e Bashkfinancimit me Kuvendet Komunale,0443,205070-2445606,19373,08.2024-11.2026,"Ndërtimi dhe asfaltimi i rrugës lidhëse Letanc - Llaushë - Dumnicë, Podujeve",GQ,,29155.0,200000.0,0.0,200000.0,0.0,0.0,0.0,229155.0,"GQ 29,155 200,000 0 200,000 0 0 0 229,155"
3.2,118,228,project,"205000 - Ministria e Mjedisit, Planifikimit Hapësinor dhe Infrastrukturës",205070 - Departamenti I Infrastrukturës Rrugore,42000 - Projektet e Bashkfinancimit me Kuvendet Komunale,0443,205070-2445609,19374,07.2024-11.2026,"Ndërtimi, zgjerimi dhe rehabilitimi i rrugës së tranzitit Podujevë - Merdare  , Podujeve",,,,,,,,,,,"0443 205070-2445609 19374 07.2024-11.2026 Ndërtimi, zgjerimi dhe rehabilitimi i rrugës së tranzitit Podujevë - Merdare , Podujeve"
3.2,118,242,source,"205000 - Ministria e Mjedisit, Planifikimit Hapësinor dhe Infrastrukturës",205070 - Departamenti I Infrastrukturës Rrugore,42000 - Projektet e Bashkfinancimit me Kuvendet Komunale,0443,205070-2445609,19374,07.2024-11.2026,"Ndërtimi, zgjerimi dhe rehabilitimi i rrugës së tranzitit Podujevë - Merdare  , Podujeve",GQ,,593679.0,220000.0,0.0,220000.0,0.0,0.0,0.0,813679.0,"GQ 593,679 220,000 0 220,000 0 0 0 813,679"
3.2,118,256,project,"205000 - Ministria e Mjedisit, Planifikimit Hapësinor dhe Infrastrukturës",205070 - Departamenti I Infrastrukturës Rrugore,42000 - Projektet e Bashkfinancimit me Kuvendet Komunale,0443,205070-2445610,19375,08.2024-09.2026,"Ndërtimi dhe asfaltimi i rrugës Orllan - Kushevicë - Nishec (vazhdim) L=2662m, B=5.5m, Podujeve",,,,,,,,,,,"0443 205070-2445610 19375 08.2024-09.2026 Ndërtimi dhe asfaltimi i rrugës Orllan - Kushevicë - Nishec (vazhdim) L=2662m, B=5.5m, Podujeve"
3.2,118,270,source,"205000 - Ministria e Mjedisit, Planifikimit Hapësinor dhe Infrastrukturës",205070 - Departamenti I Infrastrukturës Rrugore,42000 - Projektet e Bashkfinancimit me Kuvendet Komunale,0443,205070-2445610,19375,08.2024-09.2026,"Ndërtimi dhe asfaltimi i rrugës Orllan - Kushevicë - Nishec (vazhdim) L=2662m, B=5.5m, Podujeve",GQ,,478683.0,10605.0,0.0,10605.0,0.0,0.0,0.0,489288.0,"GQ 478,683 10,605 0 10,605 0 0 0 489,288"
3.2,118,284,project,"205000 - Ministria e Mjedisit, Planifikimit Hapësinor dhe Infrastrukturës",205070 - Departamenti I Infrastrukturës Rrugore,42000 - Projektet e Bashkfinancimit me Kuvendet Komunale,0443,205070-2445613,19377,07.2024-07.2026,"Asfaltimi i rrugës Bajr - Ymeraj, KK Pejë",,,,,,,,,,,"0443 205070-2445613 19377 07.2024-07.2026 Asfaltimi i rrugës Bajr - Ymeraj, KK Pejë"
3.2,118,298,source,"205000 - Ministria e Mjedisit, Planifikimit Hapësinor dhe Infrastrukturës",205070 - Departamenti I Infrastrukturës Rrugore,42000 - Projektet e Bashkfinancimit me Kuvendet Komunale,0443,205070-2445613,19377,07.2024-07.2026,"Asfaltimi i rrugës Bajr - Ymeraj, KK Pejë",GQ,,271658.0,226070.0,0.0,226070.0,0.0,0.0,0.0,497728.0,"GQ 271,658 226,070 0 226,070 0 0 0 497,728"
3.2,118,313,project,"205000 - Ministria e Mjedisit, Planifikimit Hapësinor dhe Infrastrukturës",205070 - Departamenti I Infrastrukturës Rrugore,42000 - Projektet e Bashkfinancimit me Kuvendet Komunale,0443,205070-2445615,19378,08.2024-09.2026,"Asfaltimi i rrugës Bogë - Tbane, KK Pejë",,,,,,,,,,,"0443 205070-2445615 19378 08.2024-09.2026 Asfaltimi i rrugës Bogë - Tbane, KK Pejë"
3.2,118,327,source,"205000 - Ministria e Mjedisit, Planifikimit Hapësinor dhe Infrastrukturës",205070 - Departamenti I Infrastrukturës Rrugore,42000 - Projektet e Bashkfinancimit me Kuvendet Komunale,0443,205070-2445615,19378,08.2024-09.2026,"Asfaltimi i rrugës Bogë - Tbane, KK Pejë",GQ,,308153.0,70020.0,0.0,70020.0,0.0,0.0,0.0,378173.0,"GQ 308,153 70,020 0 70,020 0 0 0 378,173"
3.2,118,341,project,"205000 - Ministria e Mjedisit, Planifikimit Hapësinor dhe Infrastrukturës",205070 - Departamenti I Infrastrukturës Rrugore,42000 - Projektet e Bashkfinancimit me Kuvendet Komunale,0443,205070-2445623,19383,05.2024-12.2026,"Asfaltimi i rrugës Poliqkë - Desivojcë, KK Kamenicë",,,,,,,,,,,"0443 205070-2445623 19383 05.2024-12.2026 Asfaltimi i rrugës Poliqkë - Desivojcë, KK Kamenicë"
3.2,118,355,source,"205000 - Ministria e Mjedisit, Planifikimit Hapësinor dhe Infrastrukturës",205070 - Departamenti I Infrastrukturës Rrugore,42000 - Projektet e Bashkfinancimit me Kuvendet Komunale,0443,205070-2445623,19383,05.2024-12.2026,"Asfaltimi i rrugës Poliqkë - Desivojcë, KK Kamenicë",GQ,,800000.0,700000.0,0.0,700000.0,700000.0,0.0,0.0,2200000.0,"GQ 800,000 700,000 0 700,000 700,000 0 0 2,200,000"
3.2,118,369,project,"205000 - Ministria e Mjedisit, Planifikimit Hapësinor dhe Infrastrukturës",205070 - Departamenti I Infrastrukturës Rrugore,42000 - Projektet e Bashkfinancimit me Kuvendet Komunale,0443,205070-2445626,19385,06.2024-10.2028,"Ndërtimi i rrugës Korishë - Kabash - lidhja me rrugën Rajonale R118, Prizeren",,,,,,,,,,,"0443 205070-2445626 19385 06.2024-10.2028 Ndërtimi i rrugës Korishë - Kabash - lidhja me rrugën Rajonale R118, Prizeren"
3.2,118,383,source,"205000 - Ministria e Mjedisit, Planifikimit Hapësinor dhe Infrastrukturës",205070 - Departamenti I Infrastrukturës Rrugore,42000 - Projektet e Bashkfinancimit me Kuvendet Komunale,0443,205070-2445626,19385,06.2024-10.2028,"Ndërtimi i rrugës Korishë - Kabash - lidhja me rrugën Rajonale R118, Prizeren",GQ,,4528.0,1000000.0,0.0,1000000.0,2500000.0,3000000.0,0.0,6504528.0,"GQ 4,528 1,000,000 0 1,000,000 2,500,000 3,000,000 0 6,504,528"
3.2,118,398,project,"205000 - Ministria e Mjedisit, Planifikimit Hapësinor dhe Infrastrukturës",205070 - Departamenti I Infrastrukturës Rrugore,42000 - Projektet e Bashkfinancimit me Kuvendet Komunale,0443,205070-2445799,19479,06.2024-09.2026,"Rikonstruimi I rrugës Gurët e Gjatë, Komuna e Fushë Kosovës",,,,,,,,,,,"0443 205070-2445799 19479 06.2024-09.2026 Rikonstruimi I rrugës Gurët e Gjatë, Komuna e Fushë Kosovës"
3.2,118,412,source,"205000 - Ministria e Mjedisit, Planifikimit Hapësinor dhe Infrastrukturës",205070 - Departamenti I Infrastrukturës Rrugore,42000 - Projektet e Bashkfinancimit me Kuvendet Komunale,0443,205070-2445799,19479,06.2024-09.2026,"Rikonstruimi I rrugës Gurët e Gjatë, Komuna e Fushë Kosovës",GQ,,127621.0,150000.0,0.0,150000.0,0.0,0.0,0.0,277621.0,"GQ 127,621 150,000 0 150,000 0 0 0 277,621"
3.2,118,426,project,"205000 - Ministria e Mjedisit, Planifikimit Hapësinor dhe Infrastrukturës",205070 - Departamenti I Infrastrukturës Rrugore,42000 - Projektet e Bashkfinancimit me Kuvendet Komunale,0443,205070-2445800,19480,06.2024-06.2027,"Asfaltimi I rrugëve në fshatrat: Kuqicë, Qubrel, Vitak, Kastërrc, Klladërnicë, Burojë, Vajnikë, Abri, Ticë, Mikushnicë, Polac, Makërmal dhe Rakinicë, Komuna e Skenderajt",,,,,,,,,,,"0443 205070-2445800 19480 06.2024-06.2027 Asfaltimi I rrugëve në fshatrat: Kuqicë, Qubrel, Vitak, Kastërrc, Klladërnicë, Burojë, Vajnikë, Abri, Ticë, Mikushnicë, Polac, Makërmal dhe Rakinicë, Komuna e Skenderajt"
3.2,118,440,source,"205000 - Ministria e Mjedisit, Planifikimit Hapësinor dhe Infrastrukturës",205070 - Departamenti I Infrastrukturës Rrugore,42000 - Projektet e Bashkfinancimit me Kuvendet Komunale,0443,205070-2445800,19480,06.2024-06.2027,"Asfaltimi I rrugëve në fshatrat: Kuqicë, Qubrel, Vitak, Kastërrc, Klladërnicë, Burojë, Vajnikë, Abri, Ticë, Mikushnicë, Polac, Makërmal dhe Rakinicë, Komuna e Skenderajt",GQ,,740221.0,400000.0,0.0,400000.0,391105.0,0.0,0.0,1531326.0,"GQ 740,221 400,000 0 400,000 391,105 0 0 1,531,326"
3.2,118,454,project,"205000 - Ministria e Mjedisit, Planifikimit Hapësinor dhe Infrastrukturës",205070 - Departamenti I Infrastrukturës Rrugore,42000 - Projektet e Bashkfinancimit me Kuvendet Komunale,0443,205070-2445801,19482,07.2024-08.2026,"Asfaltimi I rrugës Zlipotok-Baçkë-Brod, Komuna e Dragashit",,,,,,,,,,,"0443 205070-2445801 19482 07.2024-08.2026 Asfaltimi I rrugës Zlipotok-Baçkë-Brod, Komuna e Dragashit"
3.2,118,469,source,"205000 - Ministria e Mjedisit, Planifikimit Hapësinor dhe Infrastrukturës",205070 - Departamenti I Infrastrukturës Rrugore,42000 - Projektet e Bashkfinancimit me Kuvendet Komunale,0443,205070-2445801,19482,07.2024-08.2026,"Asfaltimi I rrugës Zlipotok-Baçkë-Brod, Komuna e Dragashit",GQ,,233836.0,100000.0,0.0,100000.0,0.0,0.0,0.0,333836.0,"GQ 233,836 100,000 0 100,000 0 0 0 333,836"
3.2,118,483,project,"205000 - Ministria e Mjedisit, Planifikimit Hapësinor dhe Infrastrukturës",205070 - Departamenti I Infrastrukturës Rrugore,42000 - Projektet e Bashkfinancimit me Kuvendet Komunale,0443,205070-2445802,19484,10.2024-09.2026,"Rruga qarkore Kamenicë K1, Komuna e Kamenicës",,,,,,,,,,,"0443 205070-2445802 19484 10.2024-09.2026 Rruga qarkore Kamenicë K1, Komuna e Kamenicës"
3.2,118,497,source,"205000 - Ministria e Mjedisit, Planifikimit Hapësinor dhe Infrastrukturës",205070 - Departamenti I Infrastrukturës Rrugore,42000 - Projektet e Bashkfinancimit me Kuvendet Komunale,0443,205070-2445802,19484,10.2024-09.2026,"Rruga qarkore Kamenicë K1, Komuna e Kamenicës",GQ,,152142.0,255000.0,0.0,255000.0,0.0,0.0,0.0,407142.0,"GQ 152,142 255,000 0 255,000 0 0 0 407,142"
3.2,119,171,project,"205000 - Ministria e Mjedisit, Planifikimit Hapësinor dhe Infrastrukturës",205070 - Departamenti I Infrastrukturës Rrugore,42000 - Projektet e Bashkfinancimit me Kuvendet Komunale,0443,205070-2445803,19485,09.2024-08.2026,"Asfaltimi i rrugës Korca - Gmicë, Komuna e Kamenicës",,,,,,,,,,,"0443 205070-2445803 19485 09.2024-08.2026 Asfaltimi i rrugës Korca - Gmicë, Komuna e Kamenicës"
3.2,119,185,source,"205000 - Ministria e Mjedisit, Planifikimit Hapësinor dhe Infrastrukturës",205070 - Departamenti I Infrastrukturës Rrugore,42000 - Projektet e Bashkfinancimit me Kuvendet Komunale,0443,205070-2445803,19485,09.2024-08.2026,"Asfaltimi i rrugës Korca - Gmicë, Komuna e Kamenicës",GQ,,64740.0,155000.0,0.0,155000.0,0.0,0.0,0.0,219740.0,"GQ 64,740 155,000 0 155,000 0 0 0 219,740"
3.2,119,199,project,"205000 - Ministria e Mjedisit, Planifikimit Hapësinor dhe Infrastrukturës",205070 - Departamenti I Infrastrukturës Rrugore,42000 - Projektet e Bashkfinancimit me Kuvendet Komunale,0443,205070-2445804,19486,09.2024-06.2026,Asfaltimi i rrugës Berivojcë - Koretin (nga lagja Ibrahimi) Komuna e Kamenicës,,,,,,,,,,,0443 205070-2445804 19486 09.2024-06.2026 Asfaltimi i rrugës Berivojcë - Koretin (nga lagja Ibrahimi) Komuna e Kamenicës
3.2,119,213,source,"205000 - Ministria e Mjedisit, Planifikimit Hapësinor dhe Infrastrukturës",205070 - Departamenti I Infrastrukturës Rrugore,42000 - Projektet e Bashkfinancimit me Kuvendet Komunale,0443,205070-2445804,19486,09.2024-06.2026,Asfaltimi i rrugës Berivojcë - Koretin (nga lagja Ibrahimi) Komuna e Kamenicës,GQ,,0.0,150000.0,0.0,150000.0,0.0,0.0,0.0,150000.0,"GQ 0 150,000 0 150,000 0 0 0 150,000"
3.2,119,228,project,"205000 - Ministria e Mjedisit, Planifikimit Hapësinor dhe Infrastrukturës",205070 - Departamenti I Infrastrukturës Rrugore,42000 - Projektet e Bashkfinancimit me Kuvendet Komunale,0443,205070-2445805,19487,10.2024-08.2026,"""Ndertimi i rruges Sankoc-Harilaq (dalje ne magjistralen """"Ibrahim Rugova""""), Komuna e Drenasit""",,,,,,,,,,,"0443 205070-2445805 19487 10.2024-08.2026 ""Ndertimi i rruges Sankoc-Harilaq (dalje ne magjistralen """"Ibrahim Rugova""""), Komuna e Drenasit"""
3.2,119,242,source,"205000 - Ministria e Mjedisit, Planifikimit Hapësinor dhe Infrastrukturës",205070 - Departamenti I Infrastrukturës Rrugore,42000 - Projektet e Bashkfinancimit me Kuvendet Komunale,0443,205070-2445805,19487,10.2024-08.2026,"""Ndertimi i rruges Sankoc-Harilaq (dalje ne magjistralen """"Ibrahim Rugova""""), Komuna e Drenasit""",GQ,,497527.0,249000.0,0.0,249000.0,0.0,0.0,0.0,746527.0,"GQ 497,527 249,000 0 249,000 0 0 0 746,527"
3.2,119,256,project,"205000 - Ministria e Mjedisit, Planifikimit Hapësinor dhe Infrastrukturës",205070 - Departamenti I Infrastrukturës Rrugore,42000 - Projektet e Bashkfinancimit me Kuvendet Komunale,0443,205070-2445806,19488,09.2024-08.2026,"Rikonstruimi dhe Rehabilitimi I rrugës ""Dëshmorët Babatinca"", Komuna e Podujevës",,,,,,,,,,,"0443 205070-2445806 19488 09.2024-08.2026 Rikonstruimi dhe Rehabilitimi I rrugës ""Dëshmorët Babatinca"", Komuna e Podujevës"
3.2,119,270,source,"205000 - Ministria e Mjedisit, Planifikimit Hapësinor dhe Infrastrukturës",205070 - Departamenti I Infrastrukturës Rrugore,42000 - Projektet e Bashkfinancimit me Kuvendet Komunale,0443,205070-2445806,19488,09.2024-08.2026,"Rikonstruimi dhe Rehabilitimi I rrugës ""Dëshmorët Babatinca"", Komuna e Podujevës",GQ,,200000.0,337000.0,0.0,337000.0,0.0,0.0,0.0,537000.0,"GQ 200,000 337,000 0 337,000 0 0 0 537,000"
3.2,119,284,project,"205000 - Ministria e Mjedisit, Planifikimit Hapësinor dhe Infrastrukturës",205070 - Departamenti I Infrastrukturës Rrugore,42000 - Projektet e Bashkfinancimit me Kuvendet Komunale,0443,205070-2445807,19489,09.2024-06.2026,"Ndërtimi dhe Asfaltimi I rrugës lidhëse Sfeqël - Dumosh, Komuna e Podujevës",,,,,,,,,,,"0443 205070-2445807 19489 09.2024-06.2026 Ndërtimi dhe Asfaltimi I rrugës lidhëse Sfeqël - Dumosh, Komuna e Podujevës"
3.2,119,298,source,"205000 - Ministria e Mjedisit, Planifikimit Hapësinor dhe Infrastrukturës",205070 - Departamenti I Infrastrukturës Rrugore,42000 - Projektet e Bashkfinancimit me Kuvendet Komunale,0443,205070-2445807,19489,09.2024-06.2026,"Ndërtimi dhe Asfaltimi I rrugës lidhëse Sfeqël - Dumosh, Komuna e Podujevës",GQ,,100000.0,50000.0,0.0,50000.0,0.0,0.0,0.0,150000.0,"GQ 100,000 50,000 0 50,000 0 0 0 150,000"
3.2,119,313,project,"205000 - Ministria e Mjedisit, Planifikimit Hapësinor dhe Infrastrukturës",205070 - Departamenti I Infrastrukturës Rrugore,42000 - Projektet e Bashkfinancimit me Kuvendet Komunale,0443,205070-2445808,19490,09.2024-06.2026,"Ndërtimi dhe Asfaltimi I rrugës lidhëse Bradash - Dobratin, Komuna e Podujevës",,,,,,,,,,,"0443 205070-2445808 19490 09.2024-06.2026 Ndërtimi dhe Asfaltimi I rrugës lidhëse Bradash - Dobratin, Komuna e Podujevës"
3.2,119,327,source,"205000 - Ministria e Mjedisit, Planifikimit Hapësinor dhe Infrastrukturës",205070 - Departamenti I Infrastrukturës Rrugore,42000 - Projektet e Bashkfinancimit me Kuvendet Komunale,0443,205070-2445808,19490,09.2024-06.2026,"Ndërtimi dhe Asfaltimi I rrugës lidhëse Bradash - Dobratin, Komuna e Podujevës",GQ,,155500.0,71000.0,0.0,71000.0,0.0,0.0,0.0,226500.0,"GQ 155,500 71,000 0 71,000 0 0 0 226,500"
3.2,119,341,project,"205000 - Ministria e Mjedisit, Planifikimit Hapësinor dhe Infrastrukturës",205070 - Departamenti I Infrastrukturës Rrugore,42000 - Projektet e Bashkfinancimit me Kuvendet Komunale,0443,205070-2445809,19491,10.2024-06.2026,"Ndërtimi dhe asfaltimi i rrugës lidhëse nga Gurëthyesi deri në rrugën ?Sahit Llalloshi, Komuna e Podujevës",,,,,,,,,,,"0443 205070-2445809 19491 10.2024-06.2026 Ndërtimi dhe asfaltimi i rrugës lidhëse nga Gurëthyesi deri në rrugën ?Sahit Llalloshi, Komuna e Podujevës"
3.2,119,355,source,"205000 - Ministria e Mjedisit, Planifikimit Hapësinor dhe Infrastrukturës",205070 - Departamenti I Infrastrukturës Rrugore,42000 - Projektet e Bashkfinancimit me Kuvendet Komunale,0443,205070-2445809,19491,10.2024-06.2026,"Ndërtimi dhe asfaltimi i rrugës lidhëse nga Gurëthyesi deri në rrugën ?Sahit Llalloshi, Komuna e Podujevës",GQ,,177736.0,50000.0,0.0,50000.0,0.0,0.0,0.0,227736.0,"GQ 177,736 50,000 0 50,000 0 0 0 227,736"
3.2,119,369,project,"205000 - Ministria e Mjedisit, Planifikimit Hapësinor dhe Infrastrukturës",205070 - Departamenti I Infrastrukturës Rrugore,42000 - Projektet e Bashkfinancimit me Kuvendet Komunale,0443,205070-2445810,19492,09.2024-08.2028,"Rikonstruimi I rrugës Ferizaj - Pleshinë, Komuna e Ferizajt",,,,,,,,,,,"0443 205070-2445810 19492 09.2024-08.2028 Rikonstruimi I rrugës Ferizaj - Pleshinë, Komuna e Ferizajt"
3.2,119,383,source,"205000 - Ministria e Mjedisit, Planifikimit Hapësinor dhe Infrastrukturës",205070 - Departamenti I Infrastrukturës Rrugore,42000 - Projektet e Bashkfinancimit me Kuvendet Komunale,0443,205070-2445810,19492,09.2024-08.2028,"Rikonstruimi I rrugës Ferizaj - Pleshinë, Komuna e Ferizajt",GQ,,500000.0,800000.0,0.0,800000.0,800000.0,800000.0,0.0,2900000.0,"GQ 500,000 800,000 0 800,000 800,000 800,000 0 2,900,000"
3.2,119,398,project,"205000 - Ministria e Mjedisit, Planifikimit Hapësinor dhe Infrastrukturës",205070 - Departamenti I Infrastrukturës Rrugore,42000 - Projektet e Bashkfinancimit me Kuvendet Komunale,0443,205070-2445811,19493,09.2024-09.2028,"Asfaltimi I rrugës Babush I ri Cërnillë - Mirash, Komuna e Ferizajt",,,,,,,,,,,"0443 205070-2445811 19493 09.2024-09.2028 Asfaltimi I rrugës Babush I ri Cërnillë - Mirash, Komuna e Ferizajt"
3.2,119,412,source,"205000 - Ministria e Mjedisit, Planifikimit Hapësinor dhe Infrastrukturës",205070 - Departamenti I Infrastrukturës Rrugore,42000 - Projektet e Bashkfinancimit me Kuvendet Komunale,0443,205070-2445811,19493,09.2024-09.2028,"Asfaltimi I rrugës Babush I ri Cërnillë - Mirash, Komuna e Ferizajt",GQ,,1395104.0,800000.0,0.0,800000.0,1200000.0,1200000.0,0.0,4595104.0,"GQ 1,395,104 800,000 0 800,000 1,200,000 1,200,000 0 4,595,104"
3.2,119,426,project,"205000 - Ministria e Mjedisit, Planifikimit Hapësinor dhe Infrastrukturës",205070 - Departamenti I Infrastrukturës Rrugore,42000 - Projektet e Bashkfinancimit me Kuvendet Komunale,0443,205070-2445812,19494,10.2024-11.2026,"Asfaltimi i rrugës Crep - Ropotovë e Madhe, Komuna e Ranillugut",,,,,,,,,,,"0443 205070-2445812 19494 10.2024-11.2026 Asfaltimi i rrugës Crep - Ropotovë e Madhe, Komuna e Ranillugut"
3.2,119,440,source,"205000 - Ministria e Mjedisit, Planifikimit Hapësinor dhe Infrastrukturës",205070 - Departamenti I Infrastrukturës Rrugore,42000 - Projektet e Bashkfinancimit me Kuvendet Komunale,0443,205070-2445812,19494,10.2024-11.2026,"Asfaltimi i rrugës Crep - Ropotovë e Madhe, Komuna e Ranillugut",GQ,,260000.0,400000.0,0.0,400000.0,339000.0,0.0,0.0,999000.0,"GQ 260,000 400,000 0 400,000 339,000 0 0 999,000"
3.2,119,454,project,"205000 - Ministria e Mjedisit, Planifikimit Hapësinor dhe Infrastrukturës",205070 - Departamenti I Infrastrukturës Rrugore,42000 - Projektet e Bashkfinancimit me Kuvendet Komunale,0443,205070-2445814,19495,09.2024-08.2028,"Ndërtimi  - Zgjerimi i rrugës, urave dhe strukturave nga Deçani  dalje për Pejë, Komuna e Deçanit",,,,,,,,,,,"0443 205070-2445814 19495 09.2024-08.2028 Ndërtimi - Zgjerimi i rrugës, urave dhe strukturave nga Deçani dalje për Pejë, Komuna e Deçanit"
3.2,119,469,source,"205000 - Ministria e Mjedisit, Planifikimit Hapësinor dhe Infrastrukturës",205070 - Departamenti I Infrastrukturës Rrugore,42000 - Projektet e Bashkfinancimit me Kuvendet Komunale,0443,205070-2445814,19495,09.2024-08.2028,"Ndërtimi  - Zgjerimi i rrugës, urave dhe strukturave nga Deçani  dalje për Pejë, Komuna e Deçanit",GQ,,1400000.0,2000000.0,0.0,2000000.0,2000000.0,2417640.0,0.0,7817640.0,"GQ 1,400,000 2,000,000 0 2,000,000 2,000,000 2,417,640 0 7,817,640"
3.2,119,483,project,"205000 - Ministria e Mjedisit, Planifikimit Hapësinor dhe Infrastrukturës",205070 - Departamenti I Infrastrukturës Rrugore,42000 - Projektet e Bashkfinancimit me Kuvendet Komunale,0443,205070-2445815,19496,10.2024-10.2026,"Ndërtimi I Rrugës Unazore, Komuna e Junikut",,,,,,,,,,,"0443 205070-2445815 19496 10.2024-10.2026 Ndërtimi I Rrugës Unazore, Komuna e Junikut"
3.2,119,497,source,"205000 - Ministria e Mjedisit, Planifikimit Hapësinor dhe Infrastrukturës",205070 - Departamenti I Infrastrukturës Rrugore,42000 - Projektet e Bashkfinancimit me Kuvendet Komunale,0443,205070-2445815,19496,10.2024-10.2026,"Ndërtimi I Rrugës Unazore, Komuna e Junikut",GQ,,211075.0,250000.0,0.0,250000.0,0.0,0.0,0.0,461075.0,"GQ 211,075 250,000 0 250,000 0 0 0 461,075"
3.2,120,171,project,"205000 - Ministria e Mjedisit, Planifikimit Hapësinor dhe Infrastrukturës",205070 - Departamenti I Infrastrukturës Rrugore,42000 - Projektet e Bashkfinancimit me Kuvendet Komunale,0443,205070-2445816,19497,09.2024-08.2026,"Projekti i rehabilitimit të rrugës R220 nga Ura e Sitnicës deri te Llamkos, Komuna e Vushtrrisë",,,,,,,,,,,"0443 205070-2445816 19497 09.2024-08.2026 Projekti i rehabilitimit të rrugës R220 nga Ura e Sitnicës deri te Llamkos, Komuna e Vushtrrisë"
3.2,120,185,source,"205000 - Ministria e Mjedisit, Planifikimit Hapësinor dhe Infrastrukturës",205070 - Departamenti I Infrastrukturës Rrugore,42000 - Projektet e Bashkfinancimit me Kuvendet Komunale,0443,205070-2445816,19497,09.2024-08.2026,"Projekti i rehabilitimit të rrugës R220 nga Ura e Sitnicës deri te Llamkos, Komuna e Vushtrrisë",GQ,,463066.0,286962.0,0.0,286962.0,0.0,0.0,0.0,750028.0,"GQ 463,066 286,962 0 286,962 0 0 0 750,028"
3.2,120,199,project,"205000 - Ministria e Mjedisit, Planifikimit Hapësinor dhe Infrastrukturës",205070 - Departamenti I Infrastrukturës Rrugore,42000 - Projektet e Bashkfinancimit me Kuvendet Komunale,0443,205070-2445817,19498,09.2024-09.2027,"Projekti i Rehabilitimit të rrugëve në fshatrat Akrashticë- Balincë, Komuna e Vushtrrisë",,,,,,,,,,,"0443 205070-2445817 19498 09.2024-09.2027 Projekti i Rehabilitimit të rrugëve në fshatrat Akrashticë- Balincë, Komuna e Vushtrrisë"
3.2,120,213,source,"205000 - Ministria e Mjedisit, Planifikimit Hapësinor dhe Infrastrukturës",205070 - Departamenti I Infrastrukturës Rrugore,42000 - Projektet e Bashkfinancimit me Kuvendet Komunale,0443,205070-2445817,19498,09.2024-09.2027,"Projekti i Rehabilitimit të rrugëve në fshatrat Akrashticë- Balincë, Komuna e Vushtrrisë",GQ,,793500.0,300000.0,0.0,300000.0,264500.0,0.0,0.0,1358000.0,"GQ 793,500 300,000 0 300,000 264,500 0 0 1,358,000"
3.2,120,228,project,"205000 - Ministria e Mjedisit, Planifikimit Hapësinor dhe Infrastrukturës",205070 - Departamenti I Infrastrukturës Rrugore,42000 - Projektet e Bashkfinancimit me Kuvendet Komunale,0443,205070-2445818,19499,08.2024-12.2027,"Projekti i  rehabilitimit të  Rr. nga  magjistralja  N2 Dumnice e Ulët ?Dumnicë e Epërm, Komuna e Vushtrrisë",,,,,,,,,,,"0443 205070-2445818 19499 08.2024-12.2027 Projekti i rehabilitimit të Rr. nga magjistralja N2 Dumnice e Ulët ?Dumnicë e Epërm, Komuna e Vushtrrisë"
3.2,120,242,source,"205000 - Ministria e Mjedisit, Planifikimit Hapësinor dhe Infrastrukturës",205070 - Departamenti I Infrastrukturës Rrugore,42000 - Projektet e Bashkfinancimit me Kuvendet Komunale,0443,205070-2445818,19499,08.2024-12.2027,"Projekti i  rehabilitimit të  Rr. nga  magjistralja  N2 Dumnice e Ulët ?Dumnicë e Epërm, Komuna e Vushtrrisë",GQ,,1246417.0,500000.0,0.0,500000.0,446500.0,0.0,0.0,2192917.0,"GQ 1,246,417 500,000 0 500,000 446,500 0 0 2,192,917"
3.2,120,256,project,"205000 - Ministria e Mjedisit, Planifikimit Hapësinor dhe Infrastrukturës",205070 - Departamenti I Infrastrukturës Rrugore,42000 - Projektet e Bashkfinancimit me Kuvendet Komunale,0443,205070-2445819,19500,09.2024-08.2026,"Projekti i  rehabilitimit të  rrugës   Dëshmorët e Kombit, Komuna e Vushtrrisë",,,,,,,,,,,"0443 205070-2445819 19500 09.2024-08.2026 Projekti i rehabilitimit të rrugës Dëshmorët e Kombit, Komuna e Vushtrrisë"
3.2,120,270,source,"205000 - Ministria e Mjedisit, Planifikimit Hapësinor dhe Infrastrukturës",205070 - Departamenti I Infrastrukturës Rrugore,42000 - Projektet e Bashkfinancimit me Kuvendet Komunale,0443,205070-2445819,19500,09.2024-08.2026,"Projekti i  rehabilitimit të  rrugës   Dëshmorët e Kombit, Komuna e Vushtrrisë",GQ,,555931.0,361746.0,0.0,361746.0,0.0,0.0,0.0,917677.0,"GQ 555,931 361,746 0 361,746 0 0 0 917,677"
3.2,120,284,project,"205000 - Ministria e Mjedisit, Planifikimit Hapësinor dhe Infrastrukturës",205070 - Departamenti I Infrastrukturës Rrugore,42000 - Projektet e Bashkfinancimit me Kuvendet Komunale,0443,205070-2445820,19501,09.2024-09.2026,"Asfaltimi I rrugës Carralevë - Pjetërshticë - Dugë, Komuna e Shtimes",,,,,,,,,,,"0443 205070-2445820 19501 09.2024-09.2026 Asfaltimi I rrugës Carralevë - Pjetërshticë - Dugë, Komuna e Shtimes"
3.2,120,298,source,"205000 - Ministria e Mjedisit, Planifikimit Hapësinor dhe Infrastrukturës",205070 - Departamenti I Infrastrukturës Rrugore,42000 - Projektet e Bashkfinancimit me Kuvendet Komunale,0443,205070-2445820,19501,09.2024-09.2026,"Asfaltimi I rrugës Carralevë - Pjetërshticë - Dugë, Komuna e Shtimes",GQ,,498568.0,226850.0,0.0,226850.0,0.0,0.0,0.0,725418.0,"GQ 498,568 226,850 0 226,850 0 0 0 725,418"
3.2,120,313,project,"205000 - Ministria e Mjedisit, Planifikimit Hapësinor dhe Infrastrukturës",205070 - Departamenti I Infrastrukturës Rrugore,42000 - Projektet e Bashkfinancimit me Kuvendet Komunale,0443,205070-2445821,19502,10.2024-08.2027,"Asfaltimi I rrugës lidhja e rrugës 12 qershori me rrugën William Wolker, Komuna e Shtimes",,,,,,,,,,,"0443 205070-2445821 19502 10.2024-08.2027 Asfaltimi I rrugës lidhja e rrugës 12 qershori me rrugën William Wolker, Komuna e Shtimes"
3.2,120,327,source,"205000 - Ministria e Mjedisit, Planifikimit Hapësinor dhe Infrastrukturës",205070 - Departamenti I Infrastrukturës Rrugore,42000 - Projektet e Bashkfinancimit me Kuvendet Komunale,0443,205070-2445821,19502,10.2024-08.2027,"Asfaltimi I rrugës lidhja e rrugës 12 qershori me rrugën William Wolker, Komuna e Shtimes",GQ,,451000.0,500000.0,0.0,500000.0,500000.0,0.0,0.0,1451000.0,"GQ 451,000 500,000 0 500,000 500,000 0 0 1,451,000"
3.2,120,341,project,"205000 - Ministria e Mjedisit, Planifikimit Hapësinor dhe Infrastrukturës",205070 - Departamenti I Infrastrukturës Rrugore,42000 - Projektet e Bashkfinancimit me Kuvendet Komunale,0443,205070-2445822,19503,09.2024-09.2027,"Ndëtimi i ndërlidhjes së rrugës Kolovicë - Sofali, Komuna e Prishtinës",,,,,,,,,,,"0443 205070-2445822 19503 09.2024-09.2027 Ndëtimi i ndërlidhjes së rrugës Kolovicë - Sofali, Komuna e Prishtinës"
3.2,120,355,source,"205000 - Ministria e Mjedisit, Planifikimit Hapësinor dhe Infrastrukturës",205070 - Departamenti I Infrastrukturës Rrugore,42000 - Projektet e Bashkfinancimit me Kuvendet Komunale,0443,205070-2445822,19503,09.2024-09.2027,"Ndëtimi i ndërlidhjes së rrugës Kolovicë - Sofali, Komuna e Prishtinës",GQ,,500000.0,600000.0,0.0,600000.0,600000.0,0.0,0.0,1700000.0,"GQ 500,000 600,000 0 600,000 600,000 0 0 1,700,000"
3.2,120,369,project,"205000 - Ministria e Mjedisit, Planifikimit Hapësinor dhe Infrastrukturës",205070 - Departamenti I Infrastrukturës Rrugore,42000 - Projektet e Bashkfinancimit me Kuvendet Komunale,0443,205070-2445823,19504,09.2024-10.2027,"Vazhdimi i ndërtimit të rrugës ""Bajram Bahtiri"" me 4 korsi, Komuna e Prishtinës",,,,,,,,,,,"0443 205070-2445823 19504 09.2024-10.2027 Vazhdimi i ndërtimit të rrugës ""Bajram Bahtiri"" me 4 korsi, Komuna e Prishtinës"
3.2,120,383,source,"205000 - Ministria e Mjedisit, Planifikimit Hapësinor dhe Infrastrukturës",205070 - Departamenti I Infrastrukturës Rrugore,42000 - Projektet e Bashkfinancimit me Kuvendet Komunale,0443,205070-2445823,19504,09.2024-10.2027,"Vazhdimi i ndërtimit të rrugës ""Bajram Bahtiri"" me 4 korsi, Komuna e Prishtinës",GQ,,200000.0,600000.0,0.0,600000.0,600000.0,0.0,0.0,1400000.0,"GQ 200,000 600,000 0 600,000 600,000 0 0 1,400,000"
3.2,120,398,project,"205000 - Ministria e Mjedisit, Planifikimit Hapësinor dhe Infrastrukturës",205070 - Departamenti I Infrastrukturës Rrugore,42000 - Projektet e Bashkfinancimit me Kuvendet Komunale,0443,205070-2445824,19505,09.2024-09.2027,"Kyçja në rrethin e Lakrishtës (ndërlidhja e Unazës së qytetit me rrugën Prishtinë - Fushë Kosovë - Mitrovicë dhe rreth rrotullimin e Lakrishtës), Komuna e Prishtines",,,,,,,,,,,"0443 205070-2445824 19505 09.2024-09.2027 Kyçja në rrethin e Lakrishtës (ndërlidhja e Unazës së qytetit me rrugën Prishtinë - Fushë Kosovë - Mitrovicë dhe rreth rrotullimin e Lakrishtës), Komuna e Prishtines"
3.2,120,412,source,"205000 - Ministria e Mjedisit, Planifikimit Hapësinor dhe Infrastrukturës",205070 - Departamenti I Infrastrukturës Rrugore,42000 - Projektet e Bashkfinancimit me Kuvendet Komunale,0443,205070-2445824,19505,09.2024-09.2027,"Kyçja në rrethin e Lakrishtës (ndërlidhja e Unazës së qytetit me rrugën Prishtinë - Fushë Kosovë - Mitrovicë dhe rreth rrotullimin e Lakrishtës), Komuna e Prishtines",GQ,,200000.0,600000.0,0.0,600000.0,600000.0,0.0,0.0,1400000.0,"GQ 200,000 600,000 0 600,000 600,000 0 0 1,400,000"
3.2,120,426,project,"205000 - Ministria e Mjedisit, Planifikimit Hapësinor dhe Infrastrukturës",205070 - Departamenti I Infrastrukturës Rrugore,42000 - Projektet e Bashkfinancimit me Kuvendet Komunale,0443,205070-2445825,19506,09.2024-11.2028,"""Ndërtimi I rrugës """"Guri I Matozit - Gradancë"""" në fshatin Mushtisht, Komuna e Suharekës""",,,,,,,,,,,"0443 205070-2445825 19506 09.2024-11.2028 ""Ndërtimi I rrugës """"Guri I Matozit - Gradancë"""" në fshatin Mushtisht, Komuna e Suharekës"""
3.2,120,440,source,"205000 - Ministria e Mjedisit, Planifikimit Hapësinor dhe Infrastrukturës",205070 - Departamenti I Infrastrukturës Rrugore,42000 - Projektet e Bashkfinancimit me Kuvendet Komunale,0443,205070-2445825,19506,09.2024-11.2028,"""Ndërtimi I rrugës """"Guri I Matozit - Gradancë"""" në fshatin Mushtisht, Komuna e Suharekës""",GQ,,406285.0,500000.0,0.0,500000.0,1000000.0,0.0,0.0,1906285.0,"GQ 406,285 500,000 0 500,000 1,000,000 0 0 1,906,285"
3.2,120,454,project,"205000 - Ministria e Mjedisit, Planifikimit Hapësinor dhe Infrastrukturës",205070 - Departamenti I Infrastrukturës Rrugore,42000 - Projektet e Bashkfinancimit me Kuvendet Komunale,0443,205070-2445826,19507,09.2024-10.2026,"Rikonstruimi I rrugës ""Bahçelik"", Komuna e Mamushës",,,,,,,,,,,"0443 205070-2445826 19507 09.2024-10.2026 Rikonstruimi I rrugës ""Bahçelik"", Komuna e Mamushës"
3.2,120,469,source,"205000 - Ministria e Mjedisit, Planifikimit Hapësinor dhe Infrastrukturës",205070 - Departamenti I Infrastrukturës Rrugore,42000 - Projektet e Bashkfinancimit me Kuvendet Komunale,0443,205070-2445826,19507,09.2024-10.2026,"Rikonstruimi I rrugës ""Bahçelik"", Komuna e Mamushës",GQ,,187337.0,38500.0,0.0,38500.0,0.0,0.0,0.0,225837.0,"GQ 187,337 38,500 0 38,500 0 0 0 225,837"
3.2,120,483,project,"205000 - Ministria e Mjedisit, Planifikimit Hapësinor dhe Infrastrukturës",205070 - Departamenti I Infrastrukturës Rrugore,42000 - Projektet e Bashkfinancimit me Kuvendet Komunale,0443,205070-2445828,19510,07.2024-08.2026,"""Asfaltimi I rrugëve në fshatrat e Novobërdës: Fshati  Parallov  Lagjjet ? Jakocevi ? Zivinci-Zenaj Fshati Llabjan Lagjet : Te Fadili ,  Samia , Deli, Delovit,Zeqiraj, Gerbeshaj, dhe Ab",,,,,,,,,,,"0443 205070-2445828 19510 07.2024-08.2026 ""Asfaltimi I rrugëve në fshatrat e Novobërdës: Fshati Parallov Lagjjet ? Jakocevi ? Zivinci-Zenaj Fshati Llabjan Lagjet : Te Fadili , Samia , Deli, Delovit,Zeqiraj, Gerbeshaj, dhe Ab"
3.2,120,497,source,"205000 - Ministria e Mjedisit, Planifikimit Hapësinor dhe Infrastrukturës",205070 - Departamenti I Infrastrukturës Rrugore,42000 - Projektet e Bashkfinancimit me Kuvendet Komunale,0443,205070-2445828,19510,07.2024-08.2026,"""Asfaltimi I rrugëve në fshatrat e Novobërdës: Fshati  Parallov  Lagjjet ? Jakocevi ? Zivinci-Zenaj Fshati Llabjan Lagjet : Te Fadili ,  Samia , Deli, Delovit,Zeqiraj, Gerbeshaj, dhe Ab",GQ,,434799.0,100000.0,0.0,100000.0,0.0,0.0,0.0,534799.0,"GQ 434,799 100,000 0 100,000 0 0 0 534,799"
3.2,121,171,project,"205000 - Ministria e Mjedisit, Planifikimit Hapësinor dhe Infrastrukturës",205070 - Departamenti I Infrastrukturës Rrugore,42000 - Projektet e Bashkfinancimit me Kuvendet Komunale,0443,205070-2445830,19481,09.2024-08.2027,"Ndërtimi I urave në fshatrat: Aqarevë, Llaushë, Kuqicë, Tërrnafc, Tushilë dhe Kllodernicë, Komuna e Skenderajt",,,,,,,,,,,"0443 205070-2445830 19481 09.2024-08.2027 Ndërtimi I urave në fshatrat: Aqarevë, Llaushë, Kuqicë, Tërrnafc, Tushilë dhe Kllodernicë, Komuna e Skenderajt"
3.2,121,185,source,"205000 - Ministria e Mjedisit, Planifikimit Hapësinor dhe Infrastrukturës",205070 - Departamenti I Infrastrukturës Rrugore,42000 - Projektet e Bashkfinancimit me Kuvendet Komunale,0443,205070-2445830,19481,09.2024-08.2027,"Ndërtimi I urave në fshatrat: Aqarevë, Llaushë, Kuqicë, Tërrnafc, Tushilë dhe Kllodernicë, Komuna e Skenderajt",GQ,,340235.0,300000.0,0.0,300000.0,337300.0,0.0,0.0,977535.0,"GQ 340,235 300,000 0 300,000 337,300 0 0 977,535"
3.2,121,199,project,"205000 - Ministria e Mjedisit, Planifikimit Hapësinor dhe Infrastrukturës",205070 - Departamenti I Infrastrukturës Rrugore,42000 - Projektet e Bashkfinancimit me Kuvendet Komunale,0443,205070-2445831,19483,09.2024-09.2026,"Rikonstruimi I Trotuatit dhe shtegut për biçikleta në rrugën ""Hasan Prishtina"" deri tek Kosova A, Komuna e Obiliqit",,,,,,,,,,,"0443 205070-2445831 19483 09.2024-09.2026 Rikonstruimi I Trotuatit dhe shtegut për biçikleta në rrugën ""Hasan Prishtina"" deri tek Kosova A, Komuna e Obiliqit"
3.2,121,213,source,"205000 - Ministria e Mjedisit, Planifikimit Hapësinor dhe Infrastrukturës",205070 - Departamenti I Infrastrukturës Rrugore,42000 - Projektet e Bashkfinancimit me Kuvendet Komunale,0443,205070-2445831,19483,09.2024-09.2026,"Rikonstruimi I Trotuatit dhe shtegut për biçikleta në rrugën ""Hasan Prishtina"" deri tek Kosova A, Komuna e Obiliqit",GQ,,296474.0,118526.0,0.0,118526.0,0.0,0.0,0.0,415000.0,"GQ 296,474 118,526 0 118,526 0 0 0 415,000"
3.2,121,228,project,"205000 - Ministria e Mjedisit, Planifikimit Hapësinor dhe Infrastrukturës",205070 - Departamenti I Infrastrukturës Rrugore,42000 - Projektet e Bashkfinancimit me Kuvendet Komunale,0443,205070-2445832,19511,09.2024-09.2027,"Asfaltimi i rrugës Kllokot - Mogillë, Komuna e Kllokotit",,,,,,,,,,,"0443 205070-2445832 19511 09.2024-09.2027 Asfaltimi i rrugës Kllokot - Mogillë, Komuna e Kllokotit"
3.2,121,242,source,"205000 - Ministria e Mjedisit, Planifikimit Hapësinor dhe Infrastrukturës",205070 - Departamenti I Infrastrukturës Rrugore,42000 - Projektet e Bashkfinancimit me Kuvendet Komunale,0443,205070-2445832,19511,09.2024-09.2027,"Asfaltimi i rrugës Kllokot - Mogillë, Komuna e Kllokotit",GQ,,0.0,250000.0,0.0,250000.0,300000.0,0.0,0.0,550000.0,"GQ 0 250,000 0 250,000 300,000 0 0 550,000"
3.2,121,256,project,"205000 - Ministria e Mjedisit, Planifikimit Hapësinor dhe Infrastrukturës",205070 - Departamenti I Infrastrukturës Rrugore,42000 - Projektet e Bashkfinancimit me Kuvendet Komunale,0443,205070-2445837,19516,09.2024-12.2028,"Ndërtimi i projektit të integruar të Bulevardit të qytetit - Gjilan, Komuna e Gjilanit",,,,,,,,,,,"0443 205070-2445837 19516 09.2024-12.2028 Ndërtimi i projektit të integruar të Bulevardit të qytetit - Gjilan, Komuna e Gjilanit"
3.2,121,270,source,"205000 - Ministria e Mjedisit, Planifikimit Hapësinor dhe Infrastrukturës",205070 - Departamenti I Infrastrukturës Rrugore,42000 - Projektet e Bashkfinancimit me Kuvendet Komunale,0443,205070-2445837,19516,09.2024-12.2028,"Ndërtimi i projektit të integruar të Bulevardit të qytetit - Gjilan, Komuna e Gjilanit",GQ,,1800000.0,2000000.0,0.0,2000000.0,3000000.0,2000000.0,0.0,8800000.0,"GQ 1,800,000 2,000,000 0 2,000,000 3,000,000 2,000,000 0 8,800,000"
3.2,121,284,project,"205000 - Ministria e Mjedisit, Planifikimit Hapësinor dhe Infrastrukturës",205070 - Departamenti I Infrastrukturës Rrugore,42000 - Projektet e Bashkfinancimit me Kuvendet Komunale,0443,205070-2445838,19517,09.2024-12.2028,"Investimet në rehabilitimin e qarkores egzistuese të Gjilanit, Komuna e Gjilanit",,,,,,,,,,,"0443 205070-2445838 19517 09.2024-12.2028 Investimet në rehabilitimin e qarkores egzistuese të Gjilanit, Komuna e Gjilanit"
3.2,121,298,source,"205000 - Ministria e Mjedisit, Planifikimit Hapësinor dhe Infrastrukturës",205070 - Departamenti I Infrastrukturës Rrugore,42000 - Projektet e Bashkfinancimit me Kuvendet Komunale,0443,205070-2445838,19517,09.2024-12.2028,"Investimet në rehabilitimin e qarkores egzistuese të Gjilanit, Komuna e Gjilanit",GQ,,0.0,1000000.0,0.0,1000000.0,1000000.0,1000000.0,0.0,3000000.0,"GQ 0 1,000,000 0 1,000,000 1,000,000 1,000,000 0 3,000,000"
3.2,121,313,project,"205000 - Ministria e Mjedisit, Planifikimit Hapësinor dhe Infrastrukturës",205070 - Departamenti I Infrastrukturës Rrugore,42000 - Projektet e Bashkfinancimit me Kuvendet Komunale,0443,205070-2445839,19518,09.2024-12.2026,"Ndërtimi dhe asfaltimi i rrugës Ranatoc - Kokaj, Komuna e Gjilanit",,,,,,,,,,,"0443 205070-2445839 19518 09.2024-12.2026 Ndërtimi dhe asfaltimi i rrugës Ranatoc - Kokaj, Komuna e Gjilanit"
3.2,121,327,source,"205000 - Ministria e Mjedisit, Planifikimit Hapësinor dhe Infrastrukturës",205070 - Departamenti I Infrastrukturës Rrugore,42000 - Projektet e Bashkfinancimit me Kuvendet Komunale,0443,205070-2445839,19518,09.2024-12.2026,"Ndërtimi dhe asfaltimi i rrugës Ranatoc - Kokaj, Komuna e Gjilanit",GQ,,200000.0,86175.0,0.0,86175.0,0.0,0.0,0.0,286175.0,"GQ 200,000 86,175 0 86,175 0 0 0 286,175"
3.2,121,341,project,"205000 - Ministria e Mjedisit, Planifikimit Hapësinor dhe Infrastrukturës",205070 - Departamenti I Infrastrukturës Rrugore,42000 - Projektet e Bashkfinancimit me Kuvendet Komunale,0443,205070-2445840,19519,09.2024-12.2027,"Ndërtimi i Rrugës Nekibe Kelmendi - Gjilan, Komuna e Gjilanit",,,,,,,,,,,"0443 205070-2445840 19519 09.2024-12.2027 Ndërtimi i Rrugës Nekibe Kelmendi - Gjilan, Komuna e Gjilanit"
3.2,121,355,source,"205000 - Ministria e Mjedisit, Planifikimit Hapësinor dhe Infrastrukturës",205070 - Departamenti I Infrastrukturës Rrugore,42000 - Projektet e Bashkfinancimit me Kuvendet Komunale,0443,205070-2445840,19519,09.2024-12.2027,"Ndërtimi i Rrugës Nekibe Kelmendi - Gjilan, Komuna e Gjilanit",GQ,,0.0,150000.0,0.0,150000.0,150000.0,0.0,0.0,300000.0,"GQ 0 150,000 0 150,000 150,000 0 0 300,000"
3.2,121,369,project,"205000 - Ministria e Mjedisit, Planifikimit Hapësinor dhe Infrastrukturës",205070 - Departamenti I Infrastrukturës Rrugore,42000 - Projektet e Bashkfinancimit me Kuvendet Komunale,0443,205070-2445841,19520,08.2024-12.2027,"Ndërtimi i rrugës Fidanishte 2 - Gjilan, Komuna e Gjilanit",,,,,,,,,,,"0443 205070-2445841 19520 08.2024-12.2027 Ndërtimi i rrugës Fidanishte 2 - Gjilan, Komuna e Gjilanit"
3.2,121,383,source,"205000 - Ministria e Mjedisit, Planifikimit Hapësinor dhe Infrastrukturës",205070 - Departamenti I Infrastrukturës Rrugore,42000 - Projektet e Bashkfinancimit me Kuvendet Komunale,0443,205070-2445841,19520,08.2024-12.2027,"Ndërtimi i rrugës Fidanishte 2 - Gjilan, Komuna e Gjilanit",GQ,,0.0,200000.0,0.0,200000.0,250000.0,0.0,0.0,450000.0,"GQ 0 200,000 0 200,000 250,000 0 0 450,000"
3.2,121,398,project,"205000 - Ministria e Mjedisit, Planifikimit Hapësinor dhe Infrastrukturës",205070 - Departamenti I Infrastrukturës Rrugore,42000 - Projektet e Bashkfinancimit me Kuvendet Komunale,0443,205070-2445843,19522,09.2024-12.2026,"Ndërtimi i trotuarit në Bresalc, Komuna e Gjilanit",,,,,,,,,,,"0443 205070-2445843 19522 09.2024-12.2026 Ndërtimi i trotuarit në Bresalc, Komuna e Gjilanit"
3.2,121,412,source,"205000 - Ministria e Mjedisit, Planifikimit Hapësinor dhe Infrastrukturës",205070 - Departamenti I Infrastrukturës Rrugore,42000 - Projektet e Bashkfinancimit me Kuvendet Komunale,0443,205070-2445843,19522,09.2024-12.2026,"Ndërtimi i trotuarit në Bresalc, Komuna e Gjilanit",GQ,,130000.0,50000.0,0.0,50000.0,0.0,0.0,0.0,180000.0,"GQ 130,000 50,000 0 50,000 0 0 0 180,000"
3.2,121,426,project,"205000 - Ministria e Mjedisit, Planifikimit Hapësinor dhe Infrastrukturës",205070 - Departamenti I Infrastrukturës Rrugore,42000 - Projektet e Bashkfinancimit me Kuvendet Komunale,0443,205070-2445844,19523,09.2024-10.2027,"Ndërtimi i rrugës Gorancë - Krivenik, Komuna e Hanit të Elezit",,,,,,,,,,,"0443 205070-2445844 19523 09.2024-10.2027 Ndërtimi i rrugës Gorancë - Krivenik, Komuna e Hanit të Elezit"
3.2,121,440,source,"205000 - Ministria e Mjedisit, Planifikimit Hapësinor dhe Infrastrukturës",205070 - Departamenti I Infrastrukturës Rrugore,42000 - Projektet e Bashkfinancimit me Kuvendet Komunale,0443,205070-2445844,19523,09.2024-10.2027,"Ndërtimi i rrugës Gorancë - Krivenik, Komuna e Hanit të Elezit",GQ,,335000.0,300000.0,0.0,300000.0,475000.0,0.0,0.0,1110000.0,"GQ 335,000 300,000 0 300,000 475,000 0 0 1,110,000"
3.2,121,454,project,"205000 - Ministria e Mjedisit, Planifikimit Hapësinor dhe Infrastrukturës",205070 - Departamenti I Infrastrukturës Rrugore,42000 - Projektet e Bashkfinancimit me Kuvendet Komunale,0443,205070-2445845,19524,09.2024-09.2026,"Asfaltimi i rrugës Kodra e Minatorëve: rruge, kanalizim fekal dhe atmosferik, Komuna e Mitrovicë së Veriut",,,,,,,,,,,"0443 205070-2445845 19524 09.2024-09.2026 Asfaltimi i rrugës Kodra e Minatorëve: rruge, kanalizim fekal dhe atmosferik, Komuna e Mitrovicë së Veriut"
3.2,121,469,source,"205000 - Ministria e Mjedisit, Planifikimit Hapësinor dhe Infrastrukturës",205070 - Departamenti I Infrastrukturës Rrugore,42000 - Projektet e Bashkfinancimit me Kuvendet Komunale,0443,205070-2445845,19524,09.2024-09.2026,"Asfaltimi i rrugës Kodra e Minatorëve: rruge, kanalizim fekal dhe atmosferik, Komuna e Mitrovicë së Veriut",GQ,,0.0,20000.0,0.0,20000.0,0.0,0.0,0.0,20000.0,"GQ 0 20,000 0 20,000 0 0 0 20,000"
3.2,121,483,project,"205000 - Ministria e Mjedisit, Planifikimit Hapësinor dhe Infrastrukturës",205070 - Departamenti I Infrastrukturës Rrugore,42000 - Projektet e Bashkfinancimit me Kuvendet Komunale,0443,205070-2445846,19525,10.2024-08.2026,"Asfaltimi i rrugës Lagja Bergjani: rruge, kanalizim fekal dhe atmosferik, trotuar, Komuna e Mitrovicë së Veriu",,,,,,,,,,,"0443 205070-2445846 19525 10.2024-08.2026 Asfaltimi i rrugës Lagja Bergjani: rruge, kanalizim fekal dhe atmosferik, trotuar, Komuna e Mitrovicë së Veriu"
3.2,121,497,source,"205000 - Ministria e Mjedisit, Planifikimit Hapësinor dhe Infrastrukturës",205070 - Departamenti I Infrastrukturës Rrugore,42000 - Projektet e Bashkfinancimit me Kuvendet Komunale,0443,205070-2445846,19525,10.2024-08.2026,"Asfaltimi i rrugës Lagja Bergjani: rruge, kanalizim fekal dhe atmosferik, trotuar, Komuna e Mitrovicë së Veriu",GQ,,60167.0,24800.0,0.0,24800.0,0.0,0.0,0.0,84967.0,"GQ 60,167 24,800 0 24,800 0 0 0 84,967"
3.2,122,171,project,"205000 - Ministria e Mjedisit, Planifikimit Hapësinor dhe Infrastrukturës",205070 - Departamenti I Infrastrukturës Rrugore,42000 - Projektet e Bashkfinancimit me Kuvendet Komunale,0443,205070-2445848,19527,10.2024-08.2026,"Asfaltimi i rrugëve tek Tre Rokaqiejt: rruge, trotuare, ndriqim, kanalizim fekal dhe atmosferik, parking, Komuna e Mitrovicë së Veriut",,,,,,,,,,,"0443 205070-2445848 19527 10.2024-08.2026 Asfaltimi i rrugëve tek Tre Rokaqiejt: rruge, trotuare, ndriqim, kanalizim fekal dhe atmosferik, parking, Komuna e Mitrovicë së Veriut"
3.2,122,185,source,"205000 - Ministria e Mjedisit, Planifikimit Hapësinor dhe Infrastrukturës",205070 - Departamenti I Infrastrukturës Rrugore,42000 - Projektet e Bashkfinancimit me Kuvendet Komunale,0443,205070-2445848,19527,10.2024-08.2026,"Asfaltimi i rrugëve tek Tre Rokaqiejt: rruge, trotuare, ndriqim, kanalizim fekal dhe atmosferik, parking, Komuna e Mitrovicë së Veriut",GQ,,0.0,20000.0,0.0,20000.0,0.0,0.0,0.0,20000.0,"GQ 0 20,000 0 20,000 0 0 0 20,000"
3.2,122,199,project,"205000 - Ministria e Mjedisit, Planifikimit Hapësinor dhe Infrastrukturës",205070 - Departamenti I Infrastrukturës Rrugore,42000 - Projektet e Bashkfinancimit me Kuvendet Komunale,0443,205070-2445849,19528,09.2024-09.2026,"Ndërtimi I rrugëve ""2 Korriku dhe Liria"", Komuna e Istogut",,,,,,,,,,,"0443 205070-2445849 19528 09.2024-09.2026 Ndërtimi I rrugëve ""2 Korriku dhe Liria"", Komuna e Istogut"
3.2,122,213,source,"205000 - Ministria e Mjedisit, Planifikimit Hapësinor dhe Infrastrukturës",205070 - Departamenti I Infrastrukturës Rrugore,42000 - Projektet e Bashkfinancimit me Kuvendet Komunale,0443,205070-2445849,19528,09.2024-09.2026,"Ndërtimi I rrugëve ""2 Korriku dhe Liria"", Komuna e Istogut",GQ,,236351.0,300000.0,0.0,300000.0,250000.0,0.0,0.0,786351.0,"GQ 236,351 300,000 0 300,000 250,000 0 0 786,351"
3.2,122,228,project,"205000 - Ministria e Mjedisit, Planifikimit Hapësinor dhe Infrastrukturës",205070 - Departamenti I Infrastrukturës Rrugore,42000 - Projektet e Bashkfinancimit me Kuvendet Komunale,0443,205070-2445851,19530,10.2024-08.2027,"Ndërtimi I rrugës Sapniq - Nashpall, Komuna e Rahovecit",,,,,,,,,,,"0443 205070-2445851 19530 10.2024-08.2027 Ndërtimi I rrugës Sapniq - Nashpall, Komuna e Rahovecit"
3.2,122,242,source,"205000 - Ministria e Mjedisit, Planifikimit Hapësinor dhe Infrastrukturës",205070 - Departamenti I Infrastrukturës Rrugore,42000 - Projektet e Bashkfinancimit me Kuvendet Komunale,0443,205070-2445851,19530,10.2024-08.2027,"Ndërtimi I rrugës Sapniq - Nashpall, Komuna e Rahovecit",GQ,,408182.0,300000.0,0.0,300000.0,383670.0,0.0,0.0,1091852.0,"GQ 408,182 300,000 0 300,000 383,670 0 0 1,091,852"
3.2,122,256,project,"205000 - Ministria e Mjedisit, Planifikimit Hapësinor dhe Infrastrukturës",205070 - Departamenti I Infrastrukturës Rrugore,42000 - Projektet e Bashkfinancimit me Kuvendet Komunale,0443,205070-2445852,19531,09.2024-06.2026,"Ndërtimi i Urës mbi Lumin Sitnica, Komuna e Lipjanit",,,,,,,,,,,"0443 205070-2445852 19531 09.2024-06.2026 Ndërtimi i Urës mbi Lumin Sitnica, Komuna e Lipjanit"
3.2,122,270,source,"205000 - Ministria e Mjedisit, Planifikimit Hapësinor dhe Infrastrukturës",205070 - Departamenti I Infrastrukturës Rrugore,42000 - Projektet e Bashkfinancimit me Kuvendet Komunale,0443,205070-2445852,19531,09.2024-06.2026,"Ndërtimi i Urës mbi Lumin Sitnica, Komuna e Lipjanit",GQ,,0.0,220000.0,0.0,220000.0,0.0,0.0,0.0,220000.0,"GQ 0 220,000 0 220,000 0 0 0 220,000"
3.2,122,284,project,"205000 - Ministria e Mjedisit, Planifikimit Hapësinor dhe Infrastrukturës",205070 - Departamenti I Infrastrukturës Rrugore,42000 - Projektet e Bashkfinancimit me Kuvendet Komunale,0443,205070-2445854,19533,09.2024-09.2027,"Asfaltimi i rrugës për tek Ujëvara e Mirushës, Komuna e Malishevës",,,,,,,,,,,"0443 205070-2445854 19533 09.2024-09.2027 Asfaltimi i rrugës për tek Ujëvara e Mirushës, Komuna e Malishevës"
3.2,122,298,source,"205000 - Ministria e Mjedisit, Planifikimit Hapësinor dhe Infrastrukturës",205070 - Departamenti I Infrastrukturës Rrugore,42000 - Projektet e Bashkfinancimit me Kuvendet Komunale,0443,205070-2445854,19533,09.2024-09.2027,"Asfaltimi i rrugës për tek Ujëvara e Mirushës, Komuna e Malishevës",GQ,,230000.0,267000.0,0.0,267000.0,200000.0,0.0,0.0,697000.0,"GQ 230,000 267,000 0 267,000 200,000 0 0 697,000"
3.2,122,313,project,"205000 - Ministria e Mjedisit, Planifikimit Hapësinor dhe Infrastrukturës",205070 - Departamenti I Infrastrukturës Rrugore,42000 - Projektet e Bashkfinancimit me Kuvendet Komunale,0443,205070-2545990,19582,04.2025-11.2028,Ndërtimi i rrugës Kaçanik - Runjevë - Stagovë - Gërlicë - Lidhja me Autostradë te kyqja në Gërlicë,,,,,,,,,,,0443 205070-2545990 19582 04.2025-11.2028 Ndërtimi i rrugës Kaçanik - Runjevë - Stagovë - Gërlicë - Lidhja me Autostradë te kyqja në Gërlicë
3.2,122,327,source,"205000 - Ministria e Mjedisit, Planifikimit Hapësinor dhe Infrastrukturës",205070 - Departamenti I Infrastrukturës Rrugore,42000 - Projektet e Bashkfinancimit me Kuvendet Komunale,0443,205070-2545990,19582,04.2025-11.2028,Ndërtimi i rrugës Kaçanik - Runjevë - Stagovë - Gërlicë - Lidhja me Autostradë te kyqja në Gërlicë,GQ,,0.0,1500000.0,0.0,1500000.0,1500000.0,1700000.0,0.0,4700000.0,"GQ 0 1,500,000 0 1,500,000 1,500,000 1,700,000 0 4,700,000"
3.2,122,341,project,"205000 - Ministria e Mjedisit, Planifikimit Hapësinor dhe Infrastrukturës",205070 - Departamenti I Infrastrukturës Rrugore,42000 - Projektet e Bashkfinancimit me Kuvendet Komunale,0443,205070-2545993,19584,05.2025-08.2027,Ndertimi I rruges nga Rambuje - Bob deri ne Strazhe - Kaqanik,,,,,,,,,,,0443 205070-2545993 19584 05.2025-08.2027 Ndertimi I rruges nga Rambuje - Bob deri ne Strazhe - Kaqanik
3.2,122,355,source,"205000 - Ministria e Mjedisit, Planifikimit Hapësinor dhe Infrastrukturës",205070 - Departamenti I Infrastrukturës Rrugore,42000 - Projektet e Bashkfinancimit me Kuvendet Komunale,0443,205070-2545993,19584,05.2025-08.2027,Ndertimi I rruges nga Rambuje - Bob deri ne Strazhe - Kaqanik,GQ,,0.0,300000.0,0.0,300000.0,300000.0,190000.0,0.0,790000.0,"GQ 0 300,000 0 300,000 300,000 190,000 0 790,000"
3.2,122,369,project,"205000 - Ministria e Mjedisit, Planifikimit Hapësinor dhe Infrastrukturës",205070 - Departamenti I Infrastrukturës Rrugore,42000 - Projektet e Bashkfinancimit me Kuvendet Komunale,0443,205070-2545995,19585,07.2025-07.2027,Zgjerimi dhe rehabilitimi i rrugës Begracë - Kaqanik i vjetër,,,,,,,,,,,0443 205070-2545995 19585 07.2025-07.2027 Zgjerimi dhe rehabilitimi i rrugës Begracë - Kaqanik i vjetër
3.2,122,383,source,"205000 - Ministria e Mjedisit, Planifikimit Hapësinor dhe Infrastrukturës",205070 - Departamenti I Infrastrukturës Rrugore,42000 - Projektet e Bashkfinancimit me Kuvendet Komunale,0443,205070-2545995,19585,07.2025-07.2027,Zgjerimi dhe rehabilitimi i rrugës Begracë - Kaqanik i vjetër,GQ,,0.0,350000.0,0.0,350000.0,400000.0,0.0,0.0,750000.0,"GQ 0 350,000 0 350,000 400,000 0 0 750,000"
3.2,122,398,project,"205000 - Ministria e Mjedisit, Planifikimit Hapësinor dhe Infrastrukturës",205070 - Departamenti I Infrastrukturës Rrugore,42000 - Projektet e Bashkfinancimit me Kuvendet Komunale,0443,205070-2547255,19651,07.2025-09.2028,Asfaltimi I rrugëve Fshati I vjetër - Komogllavë - Ferizaj,,,,,,,,,,,0443 205070-2547255 19651 07.2025-09.2028 Asfaltimi I rrugëve Fshati I vjetër - Komogllavë - Ferizaj
3.2,122,412,source,"205000 - Ministria e Mjedisit, Planifikimit Hapësinor dhe Infrastrukturës",205070 - Departamenti I Infrastrukturës Rrugore,42000 - Projektet e Bashkfinancimit me Kuvendet Komunale,0443,205070-2547255,19651,07.2025-09.2028,Asfaltimi I rrugëve Fshati I vjetër - Komogllavë - Ferizaj,GQ,,200000.0,300000.0,0.0,300000.0,400000.0,400000.0,0.0,1300000.0,"GQ 200,000 300,000 0 300,000 400,000 400,000 0 1,300,000"
3.2,122,426,project,"205000 - Ministria e Mjedisit, Planifikimit Hapësinor dhe Infrastrukturës",205070 - Departamenti I Infrastrukturës Rrugore,42000 - Projektet e Bashkfinancimit me Kuvendet Komunale,0443,205070-2547257,19653,09.2025-10.2028,Asfaltimi I rrugës Tërn - Kosinë - Ferizaj,,,,,,,,,,,0443 205070-2547257 19653 09.2025-10.2028 Asfaltimi I rrugës Tërn - Kosinë - Ferizaj
3.2,122,440,source,"205000 - Ministria e Mjedisit, Planifikimit Hapësinor dhe Infrastrukturës",205070 - Departamenti I Infrastrukturës Rrugore,42000 - Projektet e Bashkfinancimit me Kuvendet Komunale,0443,205070-2547257,19653,09.2025-10.2028,Asfaltimi I rrugës Tërn - Kosinë - Ferizaj,GQ,,200000.0,800000.0,0.0,800000.0,800000.0,643000.0,0.0,2443000.0,"GQ 200,000 800,000 0 800,000 800,000 643,000 0 2,443,000"
3.2,122,454,project,"205000 - Ministria e Mjedisit, Planifikimit Hapësinor dhe Infrastrukturës",205070 - Departamenti I Infrastrukturës Rrugore,42000 - Projektet e Bashkfinancimit me Kuvendet Komunale,0443,205070-2547261,19655,08.2025-09.2027,Ndërtimi I devijimit të rrugës Magjistrale në fshatrat Duhël - Bllacë dhe rrugës për tek varrezat e reja të fshatit Bllacë - Suhareke,,,,,,,,,,,0443 205070-2547261 19655 08.2025-09.2027 Ndërtimi I devijimit të rrugës Magjistrale në fshatrat Duhël - Bllacë dhe rrugës për tek varrezat e reja të fshatit Bllacë - Suhareke
3.2,122,469,source,"205000 - Ministria e Mjedisit, Planifikimit Hapësinor dhe Infrastrukturës",205070 - Departamenti I Infrastrukturës Rrugore,42000 - Projektet e Bashkfinancimit me Kuvendet Komunale,0443,205070-2547261,19655,08.2025-09.2027,Ndërtimi I devijimit të rrugës Magjistrale në fshatrat Duhël - Bllacë dhe rrugës për tek varrezat e reja të fshatit Bllacë - Suhareke,GQ,,300000.0,500000.0,0.0,500000.0,500000.0,0.0,0.0,1300000.0,"GQ 300,000 500,000 0 500,000 500,000 0 0 1,300,000"
3.2,122,483,project,"205000 - Ministria e Mjedisit, Planifikimit Hapësinor dhe Infrastrukturës",205070 - Departamenti I Infrastrukturës Rrugore,42000 - Projektet e Bashkfinancimit me Kuvendet Komunale,0443,205070-2547265,19656,09.2025-11.2028,Asfaltimi I rrugës Talinoc I Muhaxherëve - Bibaj - Ferizaj,,,,,,,,,,,0443 205070-2547265 19656 09.2025-11.2028 Asfaltimi I rrugës Talinoc I Muhaxherëve - Bibaj - Ferizaj
3.2,122,497,source,"205000 - Ministria e Mjedisit, Planifikimit Hapësinor dhe Infrastrukturës",205070 - Departamenti I Infrastrukturës Rrugore,42000 - Projektet e Bashkfinancimit me Kuvendet Komunale,0443,205070-2547265,19656,09.2025-11.2028,Asfaltimi I rrugës Talinoc I Muhaxherëve - Bibaj - Ferizaj,GQ,,525315.0,800000.0,0.0,800000.0,1000000.0,500000.0,0.0,2825315.0,"GQ 525,315 800,000 0 800,000 1,000,000 500,000 0 2,825,315"
3.2,123,171,project,"205000 - Ministria e Mjedisit, Planifikimit Hapësinor dhe Infrastrukturës",205070 - Departamenti I Infrastrukturës Rrugore,42000 - Projektet e Bashkfinancimit me Kuvendet Komunale,0443,205070-2547266,19657,09.2025-09.2028,"Ndërtimi I rrugës së re nga rruga ""Fehmi Lladrovci"", përgjatë hekurudhës (Fushë Kosovë-Prishtinë), deri te rruga ""Dervish Çollaku"" (Në Prishtinë, pas",,,,,,,,,,,"0443 205070-2547266 19657 09.2025-09.2028 Ndërtimi I rrugës së re nga rruga ""Fehmi Lladrovci"", përgjatë hekurudhës (Fushë Kosovë-Prishtinë), deri te rruga ""Dervish Çollaku"" (Në Prishtinë, pas"
3.2,123,185,source,"205000 - Ministria e Mjedisit, Planifikimit Hapësinor dhe Infrastrukturës",205070 - Departamenti I Infrastrukturës Rrugore,42000 - Projektet e Bashkfinancimit me Kuvendet Komunale,0443,205070-2547266,19657,09.2025-09.2028,"Ndërtimi I rrugës së re nga rruga ""Fehmi Lladrovci"", përgjatë hekurudhës (Fushë Kosovë-Prishtinë), deri te rruga ""Dervish Çollaku"" (Në Prishtinë, pas",GQ,,0.0,700000.0,0.0,700000.0,700000.0,700000.0,0.0,2100000.0,"GQ 0 700,000 0 700,000 700,000 700,000 0 2,100,000"
3.2,123,199,project,"205000 - Ministria e Mjedisit, Planifikimit Hapësinor dhe Infrastrukturës",205070 - Departamenti I Infrastrukturës Rrugore,42000 - Projektet e Bashkfinancimit me Kuvendet Komunale,0443,205070-2547267,19658,10.2025-09.2028,Asfaltimi I rrugës Rahovec-Drenoc-Senoc-Pastaselë-Polluzhë,,,,,,,,,,,0443 205070-2547267 19658 10.2025-09.2028 Asfaltimi I rrugës Rahovec-Drenoc-Senoc-Pastaselë-Polluzhë
3.2,123,213,source,"205000 - Ministria e Mjedisit, Planifikimit Hapësinor dhe Infrastrukturës",205070 - Departamenti I Infrastrukturës Rrugore,42000 - Projektet e Bashkfinancimit me Kuvendet Komunale,0443,205070-2547267,19658,10.2025-09.2028,Asfaltimi I rrugës Rahovec-Drenoc-Senoc-Pastaselë-Polluzhë,GQ,,100000.0,500000.0,0.0,500000.0,400000.0,300000.0,0.0,1300000.0,"GQ 100,000 500,000 0 500,000 400,000 300,000 0 1,300,000"
3.2,123,228,project,"205000 - Ministria e Mjedisit, Planifikimit Hapësinor dhe Infrastrukturës",205070 - Departamenti I Infrastrukturës Rrugore,42000 - Projektet e Bashkfinancimit me Kuvendet Komunale,0443,205070-2547268,19659,09.2025-08.2028,"Riasfaltimi dhe rikonstruimi me infrastrukturë përcjellëse i rrugës ""28 Nëntori"" me gjatësi L?1,600.0 m - Podujeve",,,,,,,,,,,"0443 205070-2547268 19659 09.2025-08.2028 Riasfaltimi dhe rikonstruimi me infrastrukturë përcjellëse i rrugës ""28 Nëntori"" me gjatësi L?1,600.0 m - Podujeve"
3.2,123,242,source,"205000 - Ministria e Mjedisit, Planifikimit Hapësinor dhe Infrastrukturës",205070 - Departamenti I Infrastrukturës Rrugore,42000 - Projektet e Bashkfinancimit me Kuvendet Komunale,0443,205070-2547268,19659,09.2025-08.2028,"Riasfaltimi dhe rikonstruimi me infrastrukturë përcjellëse i rrugës ""28 Nëntori"" me gjatësi L?1,600.0 m - Podujeve",GQ,,20003.0,400000.0,0.0,400000.0,250000.0,250000.0,0.0,920003.0,"GQ 20,003 400,000 0 400,000 250,000 250,000 0 920,003"
3.2,123,256,project,"205000 - Ministria e Mjedisit, Planifikimit Hapësinor dhe Infrastrukturës",205070 - Departamenti I Infrastrukturës Rrugore,42000 - Projektet e Bashkfinancimit me Kuvendet Komunale,0443,205070-2547269,19660,09.2025-09.2028,"Riasfaltimi dhe rikonstruimi me infrastrukturë përcjellëse i rrugës ""Podujevë - Letanc"", me gjatüsi L=2,000.0 m",,,,,,,,,,,"0443 205070-2547269 19660 09.2025-09.2028 Riasfaltimi dhe rikonstruimi me infrastrukturë përcjellëse i rrugës ""Podujevë - Letanc"", me gjatüsi L=2,000.0 m"
3.2,123,270,source,"205000 - Ministria e Mjedisit, Planifikimit Hapësinor dhe Infrastrukturës",205070 - Departamenti I Infrastrukturës Rrugore,42000 - Projektet e Bashkfinancimit me Kuvendet Komunale,0443,205070-2547269,19660,09.2025-09.2028,"Riasfaltimi dhe rikonstruimi me infrastrukturë përcjellëse i rrugës ""Podujevë - Letanc"", me gjatüsi L=2,000.0 m",GQ,,0.0,0.0,300000.0,300000.0,250000.0,250000.0,0.0,800000.0,"GQ 0 0 300,000 300,000 250,000 250,000 0 800,000"
3.2,123,284,project,"205000 - Ministria e Mjedisit, Planifikimit Hapësinor dhe Infrastrukturës",205070 - Departamenti I Infrastrukturës Rrugore,42000 - Projektet e Bashkfinancimit me Kuvendet Komunale,0443,205070-2547270,19661,09.2025-09.2028,"Asfaltimi i rrugës ""Llapashticë-Popovë"" me gjatësi L?7400.0 m - Podujeve",,,,,,,,,,,"0443 205070-2547270 19661 09.2025-09.2028 Asfaltimi i rrugës ""Llapashticë-Popovë"" me gjatësi L?7400.0 m - Podujeve"
3.2,123,298,source,"205000 - Ministria e Mjedisit, Planifikimit Hapësinor dhe Infrastrukturës",205070 - Departamenti I Infrastrukturës Rrugore,42000 - Projektet e Bashkfinancimit me Kuvendet Komunale,0443,205070-2547270,19661,09.2025-09.2028,"Asfaltimi i rrugës ""Llapashticë-Popovë"" me gjatësi L?7400.0 m - Podujeve",GQ,,0.0,500000.0,0.0,500000.0,400000.0,500000.0,0.0,1400000.0,"GQ 0 500,000 0 500,000 400,000 500,000 0 1,400,000"
3.2,123,313,project,"205000 - Ministria e Mjedisit, Planifikimit Hapësinor dhe Infrastrukturës",205070 - Departamenti I Infrastrukturës Rrugore,42000 - Projektet e Bashkfinancimit me Kuvendet Komunale,0443,205070-2547271,19662,08.2025-10.2028,"Rivatalizimi dhe rregullimi i rrugëve ne Shtime dhe ne fshatrat Zborc, Petrovë Vojnoc Godanc Davidovc Rashinc Mollopolc Lagje e pajtimit Reçak",,,,,,,,,,,"0443 205070-2547271 19662 08.2025-10.2028 Rivatalizimi dhe rregullimi i rrugëve ne Shtime dhe ne fshatrat Zborc, Petrovë Vojnoc Godanc Davidovc Rashinc Mollopolc Lagje e pajtimit Reçak"
3.2,123,327,source,"205000 - Ministria e Mjedisit, Planifikimit Hapësinor dhe Infrastrukturës",205070 - Departamenti I Infrastrukturës Rrugore,42000 - Projektet e Bashkfinancimit me Kuvendet Komunale,0443,205070-2547271,19662,08.2025-10.2028,"Rivatalizimi dhe rregullimi i rrugëve ne Shtime dhe ne fshatrat Zborc, Petrovë Vojnoc Godanc Davidovc Rashinc Mollopolc Lagje e pajtimit Reçak",GQ,,933323.0,500000.0,0.0,500000.0,500000.0,600000.0,0.0,2533323.0,"GQ 933,323 500,000 0 500,000 500,000 600,000 0 2,533,323"
3.2,123,341,project,"205000 - Ministria e Mjedisit, Planifikimit Hapësinor dhe Infrastrukturës",205070 - Departamenti I Infrastrukturës Rrugore,42000 - Projektet e Bashkfinancimit me Kuvendet Komunale,0443,205070-2547272,19663,09.2025-06.2026,Rehabilitimi I rrugës Ura e tranzitit -Qyshk-Pavlan - Peje,,,,,,,,,,,0443 205070-2547272 19663 09.2025-06.2026 Rehabilitimi I rrugës Ura e tranzitit -Qyshk-Pavlan - Peje
3.2,123,355,source,"205000 - Ministria e Mjedisit, Planifikimit Hapësinor dhe Infrastrukturës",205070 - Departamenti I Infrastrukturës Rrugore,42000 - Projektet e Bashkfinancimit me Kuvendet Komunale,0443,205070-2547272,19663,09.2025-06.2026,Rehabilitimi I rrugës Ura e tranzitit -Qyshk-Pavlan - Peje,GQ,,100000.0,0.0,150000.0,150000.0,0.0,0.0,0.0,250000.0,"GQ 100,000 0 150,000 150,000 0 0 0 250,000"
3.2,123,369,project,"205000 - Ministria e Mjedisit, Planifikimit Hapësinor dhe Infrastrukturës",205070 - Departamenti I Infrastrukturës Rrugore,42000 - Projektet e Bashkfinancimit me Kuvendet Komunale,0443,205070-2547273,19664,09.2025-08.2027,Asfaltimi I rrugës KFOR dhe AKI - Zagërm - Peje,,,,,,,,,,,0443 205070-2547273 19664 09.2025-08.2027 Asfaltimi I rrugës KFOR dhe AKI - Zagërm - Peje
3.2,123,383,source,"205000 - Ministria e Mjedisit, Planifikimit Hapësinor dhe Infrastrukturës",205070 - Departamenti I Infrastrukturës Rrugore,42000 - Projektet e Bashkfinancimit me Kuvendet Komunale,0443,205070-2547273,19664,09.2025-08.2027,Asfaltimi I rrugës KFOR dhe AKI - Zagërm - Peje,GQ,,100000.0,0.0,150000.0,150000.0,150000.0,0.0,0.0,400000.0,"GQ 100,000 0 150,000 150,000 150,000 0 0 400,000"
3.2,123,398,project,"205000 - Ministria e Mjedisit, Planifikimit Hapësinor dhe Infrastrukturës",205070 - Departamenti I Infrastrukturës Rrugore,42000 - Projektet e Bashkfinancimit me Kuvendet Komunale,0443,205070-2547274,19665,09.2025-08.2027,Asfaltimi I rrugës Bukovik - Doberqan - Gjilan,,,,,,,,,,,0443 205070-2547274 19665 09.2025-08.2027 Asfaltimi I rrugës Bukovik - Doberqan - Gjilan
3.2,123,412,source,"205000 - Ministria e Mjedisit, Planifikimit Hapësinor dhe Infrastrukturës",205070 - Departamenti I Infrastrukturës Rrugore,42000 - Projektet e Bashkfinancimit me Kuvendet Komunale,0443,205070-2547274,19665,09.2025-08.2027,Asfaltimi I rrugës Bukovik - Doberqan - Gjilan,GQ,,0.0,0.0,170000.0,170000.0,100000.0,0.0,0.0,270000.0,"GQ 0 0 170,000 170,000 100,000 0 0 270,000"
3.2,123,426,project,"205000 - Ministria e Mjedisit, Planifikimit Hapësinor dhe Infrastrukturës",205070 - Departamenti I Infrastrukturës Rrugore,42000 - Projektet e Bashkfinancimit me Kuvendet Komunale,0443,205070-2547275,19666,08.2025-11.2028,Ndërtimi I rrugëve në Malësinë e Zhegocit - Gjilan,,,,,,,,,,,0443 205070-2547275 19666 08.2025-11.2028 Ndërtimi I rrugëve në Malësinë e Zhegocit - Gjilan
3.2,123,440,source,"205000 - Ministria e Mjedisit, Planifikimit Hapësinor dhe Infrastrukturës",205070 - Departamenti I Infrastrukturës Rrugore,42000 - Projektet e Bashkfinancimit me Kuvendet Komunale,0443,205070-2547275,19666,08.2025-11.2028,Ndërtimi I rrugëve në Malësinë e Zhegocit - Gjilan,GQ,,0.0,500000.0,0.0,500000.0,500000.0,700000.0,0.0,1700000.0,"GQ 0 500,000 0 500,000 500,000 700,000 0 1,700,000"
3.2,123,454,project,"205000 - Ministria e Mjedisit, Planifikimit Hapësinor dhe Infrastrukturës",205070 - Departamenti I Infrastrukturës Rrugore,42000 - Projektet e Bashkfinancimit me Kuvendet Komunale,0443,205070-2547277,19668,08.2025-11.2028,"Zgjerimi dhe rehabilitimi I rrugws Kolloleq - Dajkoc - Muqiverc, L= 5.2 km - Kamenice",,,,,,,,,,,"0443 205070-2547277 19668 08.2025-11.2028 Zgjerimi dhe rehabilitimi I rrugws Kolloleq - Dajkoc - Muqiverc, L= 5.2 km - Kamenice"
3.2,123,469,source,"205000 - Ministria e Mjedisit, Planifikimit Hapësinor dhe Infrastrukturës",205070 - Departamenti I Infrastrukturës Rrugore,42000 - Projektet e Bashkfinancimit me Kuvendet Komunale,0443,205070-2547277,19668,08.2025-11.2028,"Zgjerimi dhe rehabilitimi I rrugws Kolloleq - Dajkoc - Muqiverc, L= 5.2 km - Kamenice",GQ,,198032.0,500000.0,0.0,500000.0,500000.0,300000.0,0.0,1498032.0,"GQ 198,032 500,000 0 500,000 500,000 300,000 0 1,498,032"
3.2,123,483,project,"205000 - Ministria e Mjedisit, Planifikimit Hapësinor dhe Infrastrukturës",205070 - Departamenti I Infrastrukturës Rrugore,42000 - Projektet e Bashkfinancimit me Kuvendet Komunale,0443,205070-2547278,19669,08.2025-09.2028,"Ndertimi I rruges qarkore ne Kamenice, krahu K2, L=1065 m",,,,,,,,,,,"0443 205070-2547278 19669 08.2025-09.2028 Ndertimi I rruges qarkore ne Kamenice, krahu K2, L=1065 m"
3.2,123,497,source,"205000 - Ministria e Mjedisit, Planifikimit Hapësinor dhe Infrastrukturës",205070 - Departamenti I Infrastrukturës Rrugore,42000 - Projektet e Bashkfinancimit me Kuvendet Komunale,0443,205070-2547278,19669,08.2025-09.2028,"Ndertimi I rruges qarkore ne Kamenice, krahu K2, L=1065 m",GQ,,191083.0,500000.0,0.0,500000.0,500000.0,300000.0,0.0,1491083.0,"GQ 191,083 500,000 0 500,000 500,000 300,000 0 1,491,083"
3.2,124,171,project,"205000 - Ministria e Mjedisit, Planifikimit Hapësinor dhe Infrastrukturës",205070 - Departamenti I Infrastrukturës Rrugore,42000 - Projektet e Bashkfinancimit me Kuvendet Komunale,0443,205070-2547283,19671,08.2025-09.2027,Asfaltimi i rrugës Llanisht-Devetak - Shtime,,,,,,,,,,,0443 205070-2547283 19671 08.2025-09.2027 Asfaltimi i rrugës Llanisht-Devetak - Shtime
3.2,124,185,source,"205000 - Ministria e Mjedisit, Planifikimit Hapësinor dhe Infrastrukturës",205070 - Departamenti I Infrastrukturës Rrugore,42000 - Projektet e Bashkfinancimit me Kuvendet Komunale,0443,205070-2547283,19671,08.2025-09.2027,Asfaltimi i rrugës Llanisht-Devetak - Shtime,GQ,,366255.0,250000.0,0.0,250000.0,250000.0,0.0,0.0,866255.0,"GQ 366,255 250,000 0 250,000 250,000 0 0 866,255"
3.2,124,199,project,"205000 - Ministria e Mjedisit, Planifikimit Hapësinor dhe Infrastrukturës",205070 - Departamenti I Infrastrukturës Rrugore,42000 - Projektet e Bashkfinancimit me Kuvendet Komunale,0443,205070-2547284,19672,09.2025-08.2027,"Zgjerimi i rrugës ""Mic Sokoli""  dhe rregullimi i rrethrrotullimit  në rrugën ""Skender Salihaj"" - Shtime",,,,,,,,,,,"0443 205070-2547284 19672 09.2025-08.2027 Zgjerimi i rrugës ""Mic Sokoli"" dhe rregullimi i rrethrrotullimit në rrugën ""Skender Salihaj"" - Shtime"
3.2,124,213,source,"205000 - Ministria e Mjedisit, Planifikimit Hapësinor dhe Infrastrukturës",205070 - Departamenti I Infrastrukturës Rrugore,42000 - Projektet e Bashkfinancimit me Kuvendet Komunale,0443,205070-2547284,19672,09.2025-08.2027,"Zgjerimi i rrugës ""Mic Sokoli""  dhe rregullimi i rrethrrotullimit  në rrugën ""Skender Salihaj"" - Shtime",GQ,,100000.0,0.0,300000.0,300000.0,300000.0,0.0,0.0,700000.0,"GQ 100,000 0 300,000 300,000 300,000 0 0 700,000"
3.2,124,228,project,"205000 - Ministria e Mjedisit, Planifikimit Hapësinor dhe Infrastrukturës",205070 - Departamenti I Infrastrukturës Rrugore,42000 - Projektet e Bashkfinancimit me Kuvendet Komunale,0443,205070-2547286,19673,09.2025-10.2028,Nderimi I rrugës Fierzë-Zylfaj-Goden - Gjakove,,,,,,,,,,,0443 205070-2547286 19673 09.2025-10.2028 Nderimi I rrugës Fierzë-Zylfaj-Goden - Gjakove
3.2,124,242,source,"205000 - Ministria e Mjedisit, Planifikimit Hapësinor dhe Infrastrukturës",205070 - Departamenti I Infrastrukturës Rrugore,42000 - Projektet e Bashkfinancimit me Kuvendet Komunale,0443,205070-2547286,19673,09.2025-10.2028,Nderimi I rrugës Fierzë-Zylfaj-Goden - Gjakove,GQ,,0.0,500000.0,0.0,500000.0,500000.0,1000000.0,0.0,2000000.0,"GQ 0 500,000 0 500,000 500,000 1,000,000 0 2,000,000"
3.2,124,256,project,"205000 - Ministria e Mjedisit, Planifikimit Hapësinor dhe Infrastrukturës",205070 - Departamenti I Infrastrukturës Rrugore,42000 - Projektet e Bashkfinancimit me Kuvendet Komunale,0443,205070-2547288,19674,08.2025-08.2027,Ndërtimi I rrugës Suharekë - Peqan -Peqan I vogël,,,,,,,,,,,0443 205070-2547288 19674 08.2025-08.2027 Ndërtimi I rrugës Suharekë - Peqan -Peqan I vogël
3.2,124,270,source,"205000 - Ministria e Mjedisit, Planifikimit Hapësinor dhe Infrastrukturës",205070 - Departamenti I Infrastrukturës Rrugore,42000 - Projektet e Bashkfinancimit me Kuvendet Komunale,0443,205070-2547288,19674,08.2025-08.2027,Ndërtimi I rrugës Suharekë - Peqan -Peqan I vogël,GQ,,0.0,0.0,400000.0,400000.0,440000.0,0.0,0.0,840000.0,"GQ 0 0 400,000 400,000 440,000 0 0 840,000"
3.2,124,284,project,"205000 - Ministria e Mjedisit, Planifikimit Hapësinor dhe Infrastrukturës",205070 - Departamenti I Infrastrukturës Rrugore,42000 - Projektet e Bashkfinancimit me Kuvendet Komunale,0443,205070-2547289,19675,07.2025-08.2026,Nderimi I rrugës: Berishë deri në Kompleksin Memorial - Tek bunkeri Radios  Kosova e lirë - Drenas,,,,,,,,,,,0443 205070-2547289 19675 07.2025-08.2026 Nderimi I rrugës: Berishë deri në Kompleksin Memorial - Tek bunkeri Radios Kosova e lirë - Drenas
3.2,124,298,source,"205000 - Ministria e Mjedisit, Planifikimit Hapësinor dhe Infrastrukturës",205070 - Departamenti I Infrastrukturës Rrugore,42000 - Projektet e Bashkfinancimit me Kuvendet Komunale,0443,205070-2547289,19675,07.2025-08.2026,Nderimi I rrugës: Berishë deri në Kompleksin Memorial - Tek bunkeri Radios  Kosova e lirë - Drenas,GQ,,60782.0,0.0,100000.0,100000.0,0.0,0.0,0.0,160782.0,"GQ 60,782 0 100,000 100,000 0 0 0 160,782"
3.2,124,313,project,"205000 - Ministria e Mjedisit, Planifikimit Hapësinor dhe Infrastrukturës",205070 - Departamenti I Infrastrukturës Rrugore,42000 - Projektet e Bashkfinancimit me Kuvendet Komunale,0443,205070-2547291,19676,07.2025-11.2028,Ndërtimi i sheshit dhe parkingut nëntokësor në Shtime,,,,,,,,,,,0443 205070-2547291 19676 07.2025-11.2028 Ndërtimi i sheshit dhe parkingut nëntokësor në Shtime
3.2,124,327,source,"205000 - Ministria e Mjedisit, Planifikimit Hapësinor dhe Infrastrukturës",205070 - Departamenti I Infrastrukturës Rrugore,42000 - Projektet e Bashkfinancimit me Kuvendet Komunale,0443,205070-2547291,19676,07.2025-11.2028,Ndërtimi i sheshit dhe parkingut nëntokësor në Shtime,GQ,,0.0,700000.0,0.0,700000.0,1000000.0,1000000.0,0.0,2700000.0,"GQ 0 700,000 0 700,000 1,000,000 1,000,000 0 2,700,000"
3.2,124,341,project,"205000 - Ministria e Mjedisit, Planifikimit Hapësinor dhe Infrastrukturës",205070 - Departamenti I Infrastrukturës Rrugore,42000 - Projektet e Bashkfinancimit me Kuvendet Komunale,0443,205070-2547293,19677,09.2025-08.2027,"Asfaltimi I rrugëve: ""Livagjeve"", ""Zajqeci"",""Mahmuti"" dhe ""Ahmeti"" - Kamenice",,,,,,,,,,,"0443 205070-2547293 19677 09.2025-08.2027 Asfaltimi I rrugëve: ""Livagjeve"", ""Zajqeci"",""Mahmuti"" dhe ""Ahmeti"" - Kamenice"
3.2,124,355,source,"205000 - Ministria e Mjedisit, Planifikimit Hapësinor dhe Infrastrukturës",205070 - Departamenti I Infrastrukturës Rrugore,42000 - Projektet e Bashkfinancimit me Kuvendet Komunale,0443,205070-2547293,19677,09.2025-08.2027,"Asfaltimi I rrugëve: ""Livagjeve"", ""Zajqeci"",""Mahmuti"" dhe ""Ahmeti"" - Kamenice",GQ,,154350.0,500000.0,0.0,500000.0,600000.0,0.0,0.0,1254350.0,"GQ 154,350 500,000 0 500,000 600,000 0 0 1,254,350"
3.2,124,369,subtotal,"205000 - Ministria e Mjedisit, Planifikimit Hapësinor dhe Infrastrukturës",205070 - Departamenti I Infrastrukturës Rrugore,42000 - Projektet e Bashkfinancimit me Kuvendet Komunale,,,,,Totali ( GQ ) - Projektet e Bashkfinancimit me Kuvendet Komunale,GQ,,75548953.0,60006452.0,1570000.0,61576452.0,57705398.0,36867135.0,0.0,231697938.0,"Totali ( GQ ) - Projektet e Bashkfinancimit me Kuvendet Komunale 75,548,953 60,006,452 1,570,000 61,576,452 57,705,398 36,867,135 0 231,697,938"
3.2,124,383,subtotal,"205000 - Ministria e Mjedisit, Planifikimit Hapësinor dhe Infrastrukturës",205070 - Departamenti I Infrastrukturës Rrugore,42000 - Projektet e Bashkfinancimit me Kuvendet Komunale,,,,,Totali - Projektet e Bashkfinancimit me Kuvendet Komunale,,,75548953.0,60006452.0,1570000.0,61576452.0,57705398.0,36867135.0,0.0,231697938.0,"Totali - Projektet e Bashkfinancimit me Kuvendet Komunale 75,548,953 60,006,452 1,570,000 61,576,452 57,705,398 36,867,135 0 231,697,938"
3.2,124,412,project,"205000 - Ministria e Mjedisit, Planifikimit Hapësinor dhe Infrastrukturës",205070 - Departamenti I Infrastrukturës Rrugore,42100 - Ndë rtimet e reja të Rrugë ve,0451,205070-1320222,13707,03.2013-12.2027,Ndertimi i Rruges Junike-Gjeravice,,,,,,,,,,,0451 205070-1320222 13707 03.2013-12.2027 Ndertimi i Rruges Junike-Gjeravice
3.2,124,426,source,"205000 - Ministria e Mjedisit, Planifikimit Hapësinor dhe Infrastrukturës",205070 - Departamenti I Infrastrukturës Rrugore,42100 - Ndë rtimet e reja të Rrugë ve,0451,205070-1320222,13707,03.2013-12.2027,Ndertimi i Rruges Junike-Gjeravice,GQ,,4064180.0,1000000.0,0.0,1000000.0,794500.0,0.0,0.0,5858680.0,"GQ 4,064,180 1,000,000 0 1,000,000 794,500 0 0 5,858,680"
3.2,124,440,project,"205000 - Ministria e Mjedisit, Planifikimit Hapësinor dhe Infrastrukturës",205070 - Departamenti I Infrastrukturës Rrugore,42100 - Ndë rtimet e reja të Rrugë ve,0443,205070-1421344,14111,09.2013-12.2028,Ndertimi  i rruges Nacionale Deqan-Kufiri me Malin e Zi (Plave),,,,,,,,,,,0443 205070-1421344 14111 09.2013-12.2028 Ndertimi i rruges Nacionale Deqan-Kufiri me Malin e Zi (Plave)
3.2,124,454,source,"205000 - Ministria e Mjedisit, Planifikimit Hapësinor dhe Infrastrukturës",205070 - Departamenti I Infrastrukturës Rrugore,42100 - Ndë rtimet e reja të Rrugë ve,0443,205070-1421344,14111,09.2013-12.2028,Ndertimi  i rruges Nacionale Deqan-Kufiri me Malin e Zi (Plave),GQ,,8642229.0,1000000.0,0.0,1000000.0,1000000.0,1000000.0,0.0,11642229.0,"GQ 8,642,229 1,000,000 0 1,000,000 1,000,000 1,000,000 0 11,642,229"
3.2,124,469,project,"205000 - Ministria e Mjedisit, Planifikimit Hapësinor dhe Infrastrukturës",205070 - Departamenti I Infrastrukturës Rrugore,42100 - Ndë rtimet e reja të Rrugë ve,0451,205070-1525611,14314,04.2015-10.2028,"Ndertmi i rruges Vojnik - Osojan,  Skenderaj",,,,,,,,,,,"0451 205070-1525611 14314 04.2015-10.2028 Ndertmi i rruges Vojnik - Osojan, Skenderaj"
3.2,124,483,source,"205000 - Ministria e Mjedisit, Planifikimit Hapësinor dhe Infrastrukturës",205070 - Departamenti I Infrastrukturës Rrugore,42100 - Ndë rtimet e reja të Rrugë ve,0451,205070-1525611,14314,04.2015-10.2028,"Ndertmi i rruges Vojnik - Osojan,  Skenderaj",GQ,,1635016.0,300000.0,0.0,300000.0,300000.0,300000.0,0.0,2535016.0,"GQ 1,635,016 300,000 0 300,000 300,000 300,000 0 2,535,016"
3.2,124,497,project,"205000 - Ministria e Mjedisit, Planifikimit Hapësinor dhe Infrastrukturës",205070 - Departamenti I Infrastrukturës Rrugore,42100 - Ndë rtimet e reja të Rrugë ve,0443,205070-1626071,14540,03.2016-12.2027,Ndertimi i rruges Prishtine - Podujeve,,,,,,,,,,,0443 205070-1626071 14540 03.2016-12.2027 Ndertimi i rruges Prishtine - Podujeve
3.2,124,511,source,"205000 - Ministria e Mjedisit, Planifikimit Hapësinor dhe Infrastrukturës",205070 - Departamenti I Infrastrukturës Rrugore,42100 - Ndë rtimet e reja të Rrugë ve,0443,205070-1626071,14540,03.2016-12.2027,Ndertimi i rruges Prishtine - Podujeve,GQ,,41468388.0,3000000.0,0.0,3000000.0,3000000.0,0.0,0.0,47468388.0,"GQ 41,468,388 3,000,000 0 3,000,000 3,000,000 0 0 47,468,388"
3.2,125,171,project,"205000 - Ministria e Mjedisit, Planifikimit Hapësinor dhe Infrastrukturës",205070 - Departamenti I Infrastrukturës Rrugore,42100 - Ndë rtimet e reja të Rrugë ve,0443,205070-1627729,14702,03.2016-10.2027,Ndertimi i rruges Viti-Kërbliq-Kaqanik,,,,,,,,,,,0443 205070-1627729 14702 03.2016-10.2027 Ndertimi i rruges Viti-Kërbliq-Kaqanik
3.2,125,185,source,"205000 - Ministria e Mjedisit, Planifikimit Hapësinor dhe Infrastrukturës",205070 - Departamenti I Infrastrukturës Rrugore,42100 - Ndë rtimet e reja të Rrugë ve,0443,205070-1627729,14702,03.2016-10.2027,Ndertimi i rruges Viti-Kërbliq-Kaqanik,GQ,,3880133.0,874000.0,0.0,874000.0,1000000.0,0.0,0.0,5754133.0,"GQ 3,880,133 874,000 0 874,000 1,000,000 0 0 5,754,133"
3.2,125,199,project,"205000 - Ministria e Mjedisit, Planifikimit Hapësinor dhe Infrastrukturës",205070 - Departamenti I Infrastrukturës Rrugore,42100 - Ndë rtimet e reja të Rrugë ve,0443,205070-1627751,14709,04.2016-11.2027,Asfaltimi i rruges Melenice-Zabera,,,,,,,,,,,0443 205070-1627751 14709 04.2016-11.2027 Asfaltimi i rruges Melenice-Zabera
3.2,125,213,source,"205000 - Ministria e Mjedisit, Planifikimit Hapësinor dhe Infrastrukturës",205070 - Departamenti I Infrastrukturës Rrugore,42100 - Ndë rtimet e reja të Rrugë ve,0443,205070-1627751,14709,04.2016-11.2027,Asfaltimi i rruges Melenice-Zabera,GQ,,387958.0,319782.0,0.0,319782.0,200000.0,0.0,0.0,907740.0,"GQ 387,958 319,782 0 319,782 200,000 0 0 907,740"
3.2,125,228,project,"205000 - Ministria e Mjedisit, Planifikimit Hapësinor dhe Infrastrukturës",205070 - Departamenti I Infrastrukturës Rrugore,42100 - Ndë rtimet e reja të Rrugë ve,0443,205070-1627794,14725,03.2016-12.2026,Rregullimi rruges Hani i Elezit-Gorance- klloboqice,,,,,,,,,,,0443 205070-1627794 14725 03.2016-12.2026 Rregullimi rruges Hani i Elezit-Gorance- klloboqice
3.2,125,242,source,"205000 - Ministria e Mjedisit, Planifikimit Hapësinor dhe Infrastrukturës",205070 - Departamenti I Infrastrukturës Rrugore,42100 - Ndë rtimet e reja të Rrugë ve,0443,205070-1627794,14725,03.2016-12.2026,Rregullimi rruges Hani i Elezit-Gorance- klloboqice,GQ,,2400167.0,290363.0,0.0,290363.0,0.0,0.0,0.0,2690530.0,"GQ 2,400,167 290,363 0 290,363 0 0 0 2,690,530"
3.2,125,256,project,"205000 - Ministria e Mjedisit, Planifikimit Hapësinor dhe Infrastrukturës",205070 - Departamenti I Infrastrukturës Rrugore,42100 - Ndë rtimet e reja të Rrugë ve,0443,205070-1627833,14737,04.2016-12.2026,Ndërtimi i rrugës Qafë Duhël - Topillë - Graqevc - Papaz,,,,,,,,,,,0443 205070-1627833 14737 04.2016-12.2026 Ndërtimi i rrugës Qafë Duhël - Topillë - Graqevc - Papaz
3.2,125,270,source,"205000 - Ministria e Mjedisit, Planifikimit Hapësinor dhe Infrastrukturës",205070 - Departamenti I Infrastrukturës Rrugore,42100 - Ndë rtimet e reja të Rrugë ve,0443,205070-1627833,14737,04.2016-12.2026,Ndërtimi i rrugës Qafë Duhël - Topillë - Graqevc - Papaz,GQ,,1865270.0,618195.0,0.0,618195.0,0.0,0.0,0.0,2483465.0,"GQ 1,865,270 618,195 0 618,195 0 0 0 2,483,465"
3.2,125,284,project,"205000 - Ministria e Mjedisit, Planifikimit Hapësinor dhe Infrastrukturës",205070 - Departamenti I Infrastrukturës Rrugore,42100 - Ndë rtimet e reja të Rrugë ve,0443,205070-1627923,14771,04.2016-11.2026,Ndertimi i rruges qe lidhe pjesen jugore te Kaqanikut me rrugen Nacionale N2,,,,,,,,,,,0443 205070-1627923 14771 04.2016-11.2026 Ndertimi i rruges qe lidhe pjesen jugore te Kaqanikut me rrugen Nacionale N2
3.2,125,298,source,"205000 - Ministria e Mjedisit, Planifikimit Hapësinor dhe Infrastrukturës",205070 - Departamenti I Infrastrukturës Rrugore,42100 - Ndë rtimet e reja të Rrugë ve,0443,205070-1627923,14771,04.2016-11.2026,Ndertimi i rruges qe lidhe pjesen jugore te Kaqanikut me rrugen Nacionale N2,GQ,,520424.0,20000.0,0.0,20000.0,0.0,0.0,0.0,540424.0,"GQ 520,424 20,000 0 20,000 0 0 0 540,424"
3.2,125,313,project,"205000 - Ministria e Mjedisit, Planifikimit Hapësinor dhe Infrastrukturës",205070 - Departamenti I Infrastrukturës Rrugore,42100 - Ndë rtimet e reja të Rrugë ve,0443,205070-1627981,14975,04.2016-12.2027,Ndërtimi i rrugës magjistrale Nedakovc-Smrekovnicë-Vushtri,,,,,,,,,,,0443 205070-1627981 14975 04.2016-12.2027 Ndërtimi i rrugës magjistrale Nedakovc-Smrekovnicë-Vushtri
3.2,125,327,source,"205000 - Ministria e Mjedisit, Planifikimit Hapësinor dhe Infrastrukturës",205070 - Departamenti I Infrastrukturës Rrugore,42100 - Ndë rtimet e reja të Rrugë ve,0443,205070-1627981,14975,04.2016-12.2027,Ndërtimi i rrugës magjistrale Nedakovc-Smrekovnicë-Vushtri,GQ,,4472860.0,500000.0,0.0,500000.0,400000.0,0.0,0.0,5372860.0,"GQ 4,472,860 500,000 0 500,000 400,000 0 0 5,372,860"
3.2,125,341,project,"205000 - Ministria e Mjedisit, Planifikimit Hapësinor dhe Infrastrukturës",205070 - Departamenti I Infrastrukturës Rrugore,42100 - Ndë rtimet e reja të Rrugë ve,0443,205070-1730211,15085,03.2017-12.2028,Ndertimi I Rruges Tranzit  ne Klinë ( nga N9 - deri në R-104 Klinë - Gjurakovc ),,,,,,,,,,,0443 205070-1730211 15085 03.2017-12.2028 Ndertimi I Rruges Tranzit ne Klinë ( nga N9 - deri në R-104 Klinë - Gjurakovc )
3.2,125,355,source,"205000 - Ministria e Mjedisit, Planifikimit Hapësinor dhe Infrastrukturës",205070 - Departamenti I Infrastrukturës Rrugore,42100 - Ndë rtimet e reja të Rrugë ve,0443,205070-1730211,15085,03.2017-12.2028,Ndertimi I Rruges Tranzit  ne Klinë ( nga N9 - deri në R-104 Klinë - Gjurakovc ),GQ,,3738643.0,2000000.0,0.0,2000000.0,1000000.0,947000.0,0.0,7685643.0,"GQ 3,738,643 2,000,000 0 2,000,000 1,000,000 947,000 0 7,685,643"
3.2,125,369,project,"205000 - Ministria e Mjedisit, Planifikimit Hapësinor dhe Infrastrukturës",205070 - Departamenti I Infrastrukturës Rrugore,42100 - Ndë rtimet e reja të Rrugë ve,0443,205070-1933249,18198,03.2019-12.2028,Ndertimi i Qarkores ne Malisheve,,,,,,,,,,,0443 205070-1933249 18198 03.2019-12.2028 Ndertimi i Qarkores ne Malisheve
3.2,125,383,source,"205000 - Ministria e Mjedisit, Planifikimit Hapësinor dhe Infrastrukturës",205070 - Departamenti I Infrastrukturës Rrugore,42100 - Ndë rtimet e reja të Rrugë ve,0443,205070-1933249,18198,03.2019-12.2028,Ndertimi i Qarkores ne Malisheve,GQ,,386651.0,500000.0,0.0,500000.0,700000.0,700000.0,0.0,2286651.0,"GQ 386,651 500,000 0 500,000 700,000 700,000 0 2,286,651"
3.2,125,398,project,"205000 - Ministria e Mjedisit, Planifikimit Hapësinor dhe Infrastrukturës",205070 - Departamenti I Infrastrukturës Rrugore,42100 - Ndë rtimet e reja të Rrugë ve,0451,205070-1935436,18426,03.2019-11.2026,"Ndertimi i rruges transit Drenas -Kroni i Mbretit, Drenas",,,,,,,,,,,"0451 205070-1935436 18426 03.2019-11.2026 Ndertimi i rruges transit Drenas -Kroni i Mbretit, Drenas"
3.2,125,412,source,"205000 - Ministria e Mjedisit, Planifikimit Hapësinor dhe Infrastrukturës",205070 - Departamenti I Infrastrukturës Rrugore,42100 - Ndë rtimet e reja të Rrugë ve,0451,205070-1935436,18426,03.2019-11.2026,"Ndertimi i rruges transit Drenas -Kroni i Mbretit, Drenas",GQ,,957291.0,171761.0,0.0,171761.0,0.0,0.0,0.0,1129052.0,"GQ 957,291 171,761 0 171,761 0 0 0 1,129,052"
3.2,125,426,project,"205000 - Ministria e Mjedisit, Planifikimit Hapësinor dhe Infrastrukturës",205070 - Departamenti I Infrastrukturës Rrugore,42100 - Ndë rtimet e reja të Rrugë ve,0451,205070-1935447,18432,03.2019-11.2026,"Ndertimi i Rruges se re Kroni i mbretit- Liqeni i Vasileve me gjatesi 3km, Drenas",,,,,,,,,,,"0451 205070-1935447 18432 03.2019-11.2026 Ndertimi i Rruges se re Kroni i mbretit- Liqeni i Vasileve me gjatesi 3km, Drenas"
3.2,125,440,source,"205000 - Ministria e Mjedisit, Planifikimit Hapësinor dhe Infrastrukturës",205070 - Departamenti I Infrastrukturës Rrugore,42100 - Ndë rtimet e reja të Rrugë ve,0451,205070-1935447,18432,03.2019-11.2026,"Ndertimi i Rruges se re Kroni i mbretit- Liqeni i Vasileve me gjatesi 3km, Drenas",GQ,,168764.0,168764.0,0.0,168764.0,0.0,0.0,0.0,337528.0,"GQ 168,764 168,764 0 168,764 0 0 0 337,528"
3.2,125,454,project,"205000 - Ministria e Mjedisit, Planifikimit Hapësinor dhe Infrastrukturës",205070 - Departamenti I Infrastrukturës Rrugore,42100 - Ndë rtimet e reja të Rrugë ve,0451,205070-2239679,18980,03.2022-12.2028,Ndertimi i rrugës Prizren - Kufiri me Maqedonin e veriut (Tetovë),,,,,,,,,,,0451 205070-2239679 18980 03.2022-12.2028 Ndertimi i rrugës Prizren - Kufiri me Maqedonin e veriut (Tetovë)
3.2,125,469,source,"205000 - Ministria e Mjedisit, Planifikimit Hapësinor dhe Infrastrukturës",205070 - Departamenti I Infrastrukturës Rrugore,42100 - Ndë rtimet e reja të Rrugë ve,0451,205070-2239679,18980,03.2022-12.2028,Ndertimi i rrugës Prizren - Kufiri me Maqedonin e veriut (Tetovë),GQ,,14685849.0,10000000.0,0.0,10000000.0,6000000.0,6040000.0,0.0,36725849.0,"GQ 14,685,849 10,000,000 0 10,000,000 6,000,000 6,040,000 0 36,725,849"
3.2,125,483,project,"205000 - Ministria e Mjedisit, Planifikimit Hapësinor dhe Infrastrukturës",205070 - Departamenti I Infrastrukturës Rrugore,42100 - Ndë rtimet e reja të Rrugë ve,0451,205070-2239685,18981,04.2022-04.2026,Projektimi dhe Ndërtimi I Kyqjes se Vitisë me Austraden R-6,,,,,,,,,,,0451 205070-2239685 18981 04.2022-04.2026 Projektimi dhe Ndërtimi I Kyqjes se Vitisë me Austraden R-6
3.2,125,497,source,"205000 - Ministria e Mjedisit, Planifikimit Hapësinor dhe Infrastrukturës",205070 - Departamenti I Infrastrukturës Rrugore,42100 - Ndë rtimet e reja të Rrugë ve,0451,205070-2239685,18981,04.2022-04.2026,Projektimi dhe Ndërtimi I Kyqjes se Vitisë me Austraden R-6,GQ,,1602889.0,876500.0,0.0,876500.0,0.0,0.0,0.0,2479389.0,"GQ 1,602,889 876,500 0 876,500 0 0 0 2,479,389"
3.2,126,171,project,"205000 - Ministria e Mjedisit, Planifikimit Hapësinor dhe Infrastrukturës",205070 - Departamenti I Infrastrukturës Rrugore,42100 - Ndë rtimet e reja të Rrugë ve,0443,205070-2240839,19015,03.2022-12.2028,Ndertimi i ures (Mbi kalimi dhe Nen kalimi per vetura dhe automjete) në Veternik mbi Rrugën A,,,,,,,,,,,0443 205070-2240839 19015 03.2022-12.2028 Ndertimi i ures (Mbi kalimi dhe Nen kalimi per vetura dhe automjete) në Veternik mbi Rrugën A
3.2,126,185,source,"205000 - Ministria e Mjedisit, Planifikimit Hapësinor dhe Infrastrukturës",205070 - Departamenti I Infrastrukturës Rrugore,42100 - Ndë rtimet e reja të Rrugë ve,0443,205070-2240839,19015,03.2022-12.2028,Ndertimi i ures (Mbi kalimi dhe Nen kalimi per vetura dhe automjete) në Veternik mbi Rrugën A,GQ,,0.0,2000000.0,0.0,2000000.0,1500000.0,1500000.0,0.0,5000000.0,"GQ 0 2,000,000 0 2,000,000 1,500,000 1,500,000 0 5,000,000"
3.2,126,199,project,"205000 - Ministria e Mjedisit, Planifikimit Hapësinor dhe Infrastrukturës",205070 - Departamenti I Infrastrukturës Rrugore,42100 - Ndë rtimet e reja të Rrugë ve,0443,205070-2445644,19391,05.2024-12.2027,Ndërtimi i Qarkores së Gjilanit,,,,,,,,,,,0443 205070-2445644 19391 05.2024-12.2027 Ndërtimi i Qarkores së Gjilanit
3.2,126,213,source,"205000 - Ministria e Mjedisit, Planifikimit Hapësinor dhe Infrastrukturës",205070 - Departamenti I Infrastrukturës Rrugore,42100 - Ndë rtimet e reja të Rrugë ve,0443,205070-2445644,19391,05.2024-12.2027,Ndërtimi i Qarkores së Gjilanit,GQ,,0.0,1000000.0,0.0,1000000.0,2000000.0,2000000.0,0.0,5000000.0,"GQ 0 1,000,000 0 1,000,000 2,000,000 2,000,000 0 5,000,000"
3.2,126,228,subtotal,"205000 - Ministria e Mjedisit, Planifikimit Hapësinor dhe Infrastrukturës",205070 - Departamenti I Infrastrukturës Rrugore,42100 - Ndë rtimet e reja të Rrugë ve,,,,,Totali ( GQ ) - Ndë rtimet e reja të Rrugë ve,GQ,,90876711.0,24639365.0,0.0,24639365.0,17894500.0,12487000.0,0.0,145897576.0,"Totali ( GQ ) - Ndë rtimet e reja të Rrugë ve 90,876,711 24,639,365 0 24,639,365 17,894,500 12,487,000 0 145,897,576"
3.2,126,242,subtotal,"205000 - Ministria e Mjedisit, Planifikimit Hapësinor dhe Infrastrukturës",205070 - Departamenti I Infrastrukturës Rrugore,42100 - Ndë rtimet e reja të Rrugë ve,,,,,Totali - Ndërtimet e reja të Rrugëve,,,90876711.0,24639365.0,0.0,24639365.0,17894500.0,12487000.0,0.0,145897576.0,"Totali - Ndërtimet e reja të Rrugëve 90,876,711 24,639,365 0 24,639,365 17,894,500 12,487,000 0 145,897,576"
3.2,126,270,project,"205000 - Ministria e Mjedisit, Planifikimit Hapësinor dhe Infrastrukturës",205070 - Departamenti I Infrastrukturës Rrugore,42200 - Ndë rtimi i Autostradave,0443,205070-1728255,15090,04.2017-12.2028,Rruga Nacionale Prishtinë-Gjilan-Konqul,,,,,,,,,,,0443 205070-1728255 15090 04.2017-12.2028 Rruga Nacionale Prishtinë-Gjilan-Konqul
3.2,126,284,source,"205000 - Ministria e Mjedisit, Planifikimit Hapësinor dhe Infrastrukturës",205070 - Departamenti I Infrastrukturës Rrugore,42200 - Ndë rtimi i Autostradave,0443,205070-1728255,15090,04.2017-12.2028,Rruga Nacionale Prishtinë-Gjilan-Konqul,GQ,,50175948.0,19205868.0,0.0,19205868.0,48131449.0,66194572.0,0.0,183707837.0,"GQ 50,175,948 19,205,868 0 19,205,868 48,131,449 66,194,572 0 183,707,837"
3.2,126,298,project,"205000 - Ministria e Mjedisit, Planifikimit Hapësinor dhe Infrastrukturës",205070 - Departamenti I Infrastrukturës Rrugore,42200 - Ndë rtimi i Autostradave,0443,205070-2343632,19225,03.2023-12.2028,Rishtresimi dhe sanimi i pjerrtësirave tëAutostradës Morinë - Merdare,,,,,,,,,,,0443 205070-2343632 19225 03.2023-12.2028 Rishtresimi dhe sanimi i pjerrtësirave tëAutostradës Morinë - Merdare
3.2,126,313,source,"205000 - Ministria e Mjedisit, Planifikimit Hapësinor dhe Infrastrukturës",205070 - Departamenti I Infrastrukturës Rrugore,42200 - Ndë rtimi i Autostradave,0443,205070-2343632,19225,03.2023-12.2028,Rishtresimi dhe sanimi i pjerrtësirave tëAutostradës Morinë - Merdare,GQ,,0.0,2000000.0,0.0,2000000.0,3000000.0,3000000.0,0.0,8000000.0,"GQ 0 2,000,000 0 2,000,000 3,000,000 3,000,000 0 8,000,000"
3.2,126,327,subtotal,"205000 - Ministria e Mjedisit, Planifikimit Hapësinor dhe Infrastrukturës",205070 - Departamenti I Infrastrukturës Rrugore,42200 - Ndë rtimi i Autostradave,,,,,Totali( GQ ) - Ndë rtimi i Autostradave,GQ,,50175948.0,21205868.0,0.0,21205868.0,51131449.0,69194572.0,0.0,191707837.0,"Totali( GQ ) - Ndë rtimi i Autostradave 50,175,948 21,205,868 0 21,205,868 51,131,449 69,194,572 0 191,707,837"
3.2,126,341,subtotal,"205000 - Ministria e Mjedisit, Planifikimit Hapësinor dhe Infrastrukturës",205070 - Departamenti I Infrastrukturës Rrugore,42200 - Ndë rtimi i Autostradave,,,,,Totali - Ndë rtimi i Autostradave,,,50175948.0,21205868.0,0.0,21205868.0,51131449.0,69194572.0,0.0,191707837.0,"Totali - Ndë rtimi i Autostradave 50,175,948 21,205,868 0 21,205,868 51,131,449 69,194,572 0 191,707,837"
3.2,126,355,subtotal,"205000 - Ministria e Mjedisit, Planifikimit Hapësinor dhe Infrastrukturës",205070 - Departamenti I Infrastrukturës Rrugore,42200 - Ndë rtimi i Autostradave,,,,,Totali ( GQ ) - Departamenti I Infrastrukturës Rrugore,GQ,,498018824.0,172739304.0,3685043.0,176424347.0,193574347.0,188764707.0,0.0,1056782225.0,"Totali ( GQ ) - Departamenti I Infrastrukturës Rrugore 498,018,824 172,739,304 3,685,043 176,424,347 193,574,347 188,764,707 0 1,056,782,225"
3.2,126,369,subtotal,"205000 - Ministria e Mjedisit, Planifikimit Hapësinor dhe Infrastrukturës",205070 - Departamenti I Infrastrukturës Rrugore,42200 - Ndë rtimi i Autostradave,,,,,Totali ( Financimi nga Huamarrja ) - Departamenti I Infrastrukturës Rrugore,,,45788301.0,2650000.0,0.0,2650000.0,4593000.0,0.0,0.0,53031301.0,"Totali ( Financimi nga Huamarrja ) - Departamenti I Infrastrukturës Rrugore 45,788,301 2,650,000 0 2,650,000 4,593,000 0 0 53,031,301"
3.2,126,383,subtotal,"205000 - Ministria e Mjedisit, Planifikimit Hapësinor dhe Infrastrukturës",205070 - Departamenti I Infrastrukturës Rrugore,42200 - Ndë rtimi i Autostradave,,,,,Totali - Departamenti I Infrastrukturës Rrugore,,,543807125.0,175389304.0,3685043.0,179074347.0,198167347.0,188764707.0,0.0,1109813526.0,"Totali - Departamenti I Infrastrukturës Rrugore 543,807,125 175,389,304 3,685,043 179,074,347 198,167,347 188,764,707 0 1,109,813,526"
3.2,126,426,project,"205000 - Ministria e Mjedisit, Planifikimit Hapësinor dhe Infrastrukturës",205074 - Departamenti i Automjeteve,42400 - Departamenti i Automjeteve,0460,205074-1421348,14117,06.2015-08.2028,Instalimi i Kamerave krijimi i bazes se te dhenave dhe Testimi Elektronik neper  NJPSH,,,,,,,,,,,0460 205074-1421348 14117 06.2015-08.2028 Instalimi i Kamerave krijimi i bazes se te dhenave dhe Testimi Elektronik neper NJPSH
3.2,126,440,source,"205000 - Ministria e Mjedisit, Planifikimit Hapësinor dhe Infrastrukturës",205074 - Departamenti i Automjeteve,42400 - Departamenti i Automjeteve,0460,205074-1421348,14117,06.2015-08.2028,Instalimi i Kamerave krijimi i bazes se te dhenave dhe Testimi Elektronik neper  NJPSH,GQ,,470401.0,50000.0,0.0,50000.0,50000.0,50000.0,0.0,620401.0,"GQ 470,401 50,000 0 50,000 50,000 50,000 0 620,401"
3.2,126,454,project,"205000 - Ministria e Mjedisit, Planifikimit Hapësinor dhe Infrastrukturës",205074 - Departamenti i Automjeteve,42400 - Departamenti i Automjeteve,0530,205074-1728075,15091,07.2023-09.2028,Matja e gazrave të liruara nga automjetet,,,,,,,,,,,0530 205074-1728075 15091 07.2023-09.2028 Matja e gazrave të liruara nga automjetet
3.2,126,469,source,"205000 - Ministria e Mjedisit, Planifikimit Hapësinor dhe Infrastrukturës",205074 - Departamenti i Automjeteve,42400 - Departamenti i Automjeteve,0530,205074-1728075,15091,07.2023-09.2028,Matja e gazrave të liruara nga automjetet,GQ,,0.0,400000.0,0.0,400000.0,420000.0,450000.0,0.0,1270000.0,"GQ 0 400,000 0 400,000 420,000 450,000 0 1,270,000"
3.2,126,483,project,"205000 - Ministria e Mjedisit, Planifikimit Hapësinor dhe Infrastrukturës",205074 - Departamenti i Automjeteve,42400 - Departamenti i Automjeteve,0560,205074-1830640,18801,09.2023-11.2028,Qendra mobile për kontrollimin teknik të automjeteve në rrugë,,,,,,,,,,,0560 205074-1830640 18801 09.2023-11.2028 Qendra mobile për kontrollimin teknik të automjeteve në rrugë
3.2,126,497,source,"205000 - Ministria e Mjedisit, Planifikimit Hapësinor dhe Infrastrukturës",205074 - Departamenti i Automjeteve,42400 - Departamenti i Automjeteve,0560,205074-1830640,18801,09.2023-11.2028,Qendra mobile për kontrollimin teknik të automjeteve në rrugë,GQ,,0.0,700000.0,0.0,700000.0,720000.0,750000.0,0.0,2170000.0,"GQ 0 700,000 0 700,000 720,000 750,000 0 2,170,000"
3.2,127,171,project,"205000 - Ministria e Mjedisit, Planifikimit Hapësinor dhe Infrastrukturës",205074 - Departamenti i Automjeteve,42400 - Departamenti i Automjeteve,0133,205085-2343582,19192,03.2023-07.2028,Blerja e Automjeteve për nevojat e testimit të kanditatëve për shofer,,,,,,,,,,,0133 205085-2343582 19192 03.2023-07.2028 Blerja e Automjeteve për nevojat e testimit të kanditatëve për shofer
3.2,127,185,source,"205000 - Ministria e Mjedisit, Planifikimit Hapësinor dhe Infrastrukturës",205074 - Departamenti i Automjeteve,42400 - Departamenti i Automjeteve,0133,205085-2343582,19192,03.2023-07.2028,Blerja e Automjeteve për nevojat e testimit të kanditatëve për shofer,GQ,,373274.0,160000.0,0.0,160000.0,160000.0,160000.0,0.0,853274.0,"GQ 373,274 160,000 0 160,000 160,000 160,000 0 853,274"
3.2,127,199,project,"205000 - Ministria e Mjedisit, Planifikimit Hapësinor dhe Infrastrukturës",205074 - Departamenti i Automjeteve,42400 - Departamenti i Automjeteve,0443,205085-2444051,19305,06.2024-12.2028,"Ndertimi i Qendrave rajonale: Rajoni i Prishtinës, Rajoni i Pejës, Rajoni i Gjilanit, Rajoni i Mitrovicës, Rajoni i Ferizajt, Rajoni i Gjakovës",,,,,,,,,,,"0443 205085-2444051 19305 06.2024-12.2028 Ndertimi i Qendrave rajonale: Rajoni i Prishtinës, Rajoni i Pejës, Rajoni i Gjilanit, Rajoni i Mitrovicës, Rajoni i Ferizajt, Rajoni i Gjakovës"
3.2,127,213,source,"205000 - Ministria e Mjedisit, Planifikimit Hapësinor dhe Infrastrukturës",205074 - Departamenti i Automjeteve,42400 - Departamenti i Automjeteve,0443,205085-2444051,19305,06.2024-12.2028,"Ndertimi i Qendrave rajonale: Rajoni i Prishtinës, Rajoni i Pejës, Rajoni i Gjilanit, Rajoni i Mitrovicës, Rajoni i Ferizajt, Rajoni i Gjakovës",GQ,,0.0,1400000.0,0.0,1400000.0,2000000.0,2000000.0,0.0,5400000.0,"GQ 0 1,400,000 0 1,400,000 2,000,000 2,000,000 0 5,400,000"
3.2,127,228,project,"205000 - Ministria e Mjedisit, Planifikimit Hapësinor dhe Infrastrukturës",205074 - Departamenti i Automjeteve,42400 - Departamenti i Automjeteve,0486,205085-2545945,19566,05.2025-08.2028,Digjitalizimi i procesit te testimit nga pjesa praktike,,,,,,,,,,,0486 205085-2545945 19566 05.2025-08.2028 Digjitalizimi i procesit te testimit nga pjesa praktike
3.2,127,242,source,"205000 - Ministria e Mjedisit, Planifikimit Hapësinor dhe Infrastrukturës",205074 - Departamenti i Automjeteve,42400 - Departamenti i Automjeteve,0486,205085-2545945,19566,05.2025-08.2028,Digjitalizimi i procesit te testimit nga pjesa praktike,GQ,,0.0,0.0,100000.0,100000.0,100000.0,100000.0,0.0,300000.0,"GQ 0 0 100,000 100,000 100,000 100,000 0 300,000"
3.2,127,256,subtotal,"205000 - Ministria e Mjedisit, Planifikimit Hapësinor dhe Infrastrukturës",205074 - Departamenti i Automjeteve,42400 - Departamenti i Automjeteve,,,,,Totali( GQ ) - Departamenti i Automjeteve,GQ,,843675.0,2710000.0,100000.0,2810000.0,3450000.0,3510000.0,0.0,10613675.0,"Totali( GQ ) - Departamenti i Automjeteve 843,675 2,710,000 100,000 2,810,000 3,450,000 3,510,000 0 10,613,675"
3.2,127,270,subtotal,"205000 - Ministria e Mjedisit, Planifikimit Hapësinor dhe Infrastrukturës",205074 - Departamenti i Automjeteve,42400 - Departamenti i Automjeteve,,,,,Totali - Departamenti i Automjeteve,,,843675.0,2710000.0,100000.0,2810000.0,3450000.0,3510000.0,0.0,10613675.0,"Totali - Departamenti i Automjeteve 843,675 2,710,000 100,000 2,810,000 3,450,000 3,510,000 0 10,613,675"
3.2,127,284,subtotal,"205000 - Ministria e Mjedisit, Planifikimit Hapësinor dhe Infrastrukturës",205074 - Departamenti i Automjeteve,42400 - Departamenti i Automjeteve,,,,,Totali ( GQ ) - Departamenti i Automjeteve,GQ,,843675.0,2710000.0,100000.0,2810000.0,3450000.0,3510000.0,0.0,10613675.0,"Totali ( GQ ) - Departamenti i Automjeteve 843,675 2,710,000 100,000 2,810,000 3,450,000 3,510,000 0 10,613,675"
3.2,127,298,subtotal,"205000 - Ministria e Mjedisit, Planifikimit Hapësinor dhe Infrastrukturës",205074 - Departamenti i Automjeteve,42400 - Departamenti i Automjeteve,,,,,Totali - Departamenti i Automjeteve,,,843675.0,2710000.0,100000.0,2810000.0,3450000.0,3510000.0,0.0,10613675.0,"Totali - Departamenti i Automjeteve 843,675 2,710,000 100,000 2,810,000 3,450,000 3,510,000 0 10,613,675"
3.2,127,341,project,"205000 - Ministria e Mjedisit, Planifikimit Hapësinor dhe Infrastrukturës",205079 - Departamenti I Transportit Tokësor,45900 - Departamenti I Transportit Tokë sor,0451,205070-1730481,15427,01.2017-11.2028,Teleferiku - Prizren,,,,,,,,,,,0451 205070-1730481 15427 01.2017-11.2028 Teleferiku - Prizren
3.2,127,355,source,"205000 - Ministria e Mjedisit, Planifikimit Hapësinor dhe Infrastrukturës",205079 - Departamenti I Transportit Tokësor,45900 - Departamenti I Transportit Tokë sor,0451,205070-1730481,15427,01.2017-11.2028,Teleferiku - Prizren,GQ,,176642.0,2000000.0,0.0,2000000.0,2000000.0,2000000.0,0.0,6176642.0,"GQ 176,642 2,000,000 0 2,000,000 2,000,000 2,000,000 0 6,176,642"
3.2,127,369,project,"205000 - Ministria e Mjedisit, Planifikimit Hapësinor dhe Infrastrukturës",205079 - Departamenti I Transportit Tokësor,45900 - Departamenti I Transportit Tokë sor,0453,205079-1628368,15046,07.2016-10.2028,Rehabilitimi i Linjes X Hekurudhore (Fushe Kosovë - Hani i Elezit),,,,,,,,,,,0453 205079-1628368 15046 07.2016-10.2028 Rehabilitimi i Linjes X Hekurudhore (Fushe Kosovë - Hani i Elezit)
3.2,127,383,source,"205000 - Ministria e Mjedisit, Planifikimit Hapësinor dhe Infrastrukturës",205079 - Departamenti I Transportit Tokësor,45900 - Departamenti I Transportit Tokë sor,0453,205079-1628368,15046,07.2016-10.2028,Rehabilitimi i Linjes X Hekurudhore (Fushe Kosovë - Hani i Elezit),FH,,0.0,0.0,0.0,0.0,3000000.0,0.0,0.0,3000000.0,"FH 0 0 0 0 3,000,000 0 0 3,000,000"
3.2,127,398,project,"205000 - Ministria e Mjedisit, Planifikimit Hapësinor dhe Infrastrukturës",205079 - Departamenti I Transportit Tokësor,45900 - Departamenti I Transportit Tokë sor,0453,205079-1728257,15093,03.2017-12.2028,Sigurimi i Vendkalimeve ne Hekurudha,,,,,,,,,,,0453 205079-1728257 15093 03.2017-12.2028 Sigurimi i Vendkalimeve ne Hekurudha
3.2,127,412,source,"205000 - Ministria e Mjedisit, Planifikimit Hapësinor dhe Infrastrukturës",205079 - Departamenti I Transportit Tokësor,45900 - Departamenti I Transportit Tokë sor,0453,205079-1728257,15093,03.2017-12.2028,Sigurimi i Vendkalimeve ne Hekurudha,GQ,,1981926.0,1000000.0,0.0,1000000.0,1000000.0,1000000.0,0.0,4981926.0,"GQ 1,981,926 1,000,000 0 1,000,000 1,000,000 1,000,000 0 4,981,926"
3.2,127,426,project,"205000 - Ministria e Mjedisit, Planifikimit Hapësinor dhe Infrastrukturës",205079 - Departamenti I Transportit Tokësor,45900 - Departamenti I Transportit Tokë sor,0160,205079-1728263,15094,03.2017-07.2028,Regjistrimi Elektronik i Operatoreve te Transportit,,,,,,,,,,,0160 205079-1728263 15094 03.2017-07.2028 Regjistrimi Elektronik i Operatoreve te Transportit
3.2,127,440,source,"205000 - Ministria e Mjedisit, Planifikimit Hapësinor dhe Infrastrukturës",205079 - Departamenti I Transportit Tokësor,45900 - Departamenti I Transportit Tokë sor,0160,205079-1728263,15094,03.2017-07.2028,Regjistrimi Elektronik i Operatoreve te Transportit,GQ,,9896.0,50000.0,0.0,50000.0,50000.0,50000.0,0.0,159896.0,"GQ 9,896 50,000 0 50,000 50,000 50,000 0 159,896"
3.2,127,454,project,"205000 - Ministria e Mjedisit, Planifikimit Hapësinor dhe Infrastrukturës",205079 - Departamenti I Transportit Tokësor,45900 - Departamenti I Transportit Tokë sor,0451,205079-1830653,19253,03.2020-11.2028,Implementimi i takografeve digjital,,,,,,,,,,,0451 205079-1830653 19253 03.2020-11.2028 Implementimi i takografeve digjital
3.2,127,469,source,"205000 - Ministria e Mjedisit, Planifikimit Hapësinor dhe Infrastrukturës",205079 - Departamenti I Transportit Tokësor,45900 - Departamenti I Transportit Tokë sor,0451,205079-1830653,19253,03.2020-11.2028,Implementimi i takografeve digjital,GQ,,0.0,500000.0,0.0,500000.0,500000.0,500000.0,0.0,1500000.0,"GQ 0 500,000 0 500,000 500,000 500,000 0 1,500,000"
3.2,127,483,subtotal,"205000 - Ministria e Mjedisit, Planifikimit Hapësinor dhe Infrastrukturës",205079 - Departamenti I Transportit Tokësor,45900 - Departamenti I Transportit Tokë sor,,,,,Totali( GQ ) - Departamenti I Transportit Tokë sor,GQ,,2168464.0,3550000.0,0.0,3550000.0,3550000.0,3550000.0,0.0,12818464.0,"Totali( GQ ) - Departamenti I Transportit Tokë sor 2,168,464 3,550,000 0 3,550,000 3,550,000 3,550,000 0 12,818,464"
3.2,127,497,subtotal,"205000 - Ministria e Mjedisit, Planifikimit Hapësinor dhe Infrastrukturës",205079 - Departamenti I Transportit Tokësor,45900 - Departamenti I Transportit Tokë sor,,,,,Totali ( Financimi nga Huamarrja ) - Departamenti I Transportit Tokë sor,,,0.0,0.0,0.0,0.0,3000000.0,0.0,0.0,3000000.0,"Totali ( Financimi nga Huamarrja ) - Departamenti I Transportit Tokë sor 0 0 0 0 3,000,000 0 0 3,000,000"
3.2,127,511,subtotal,"205000 - Ministria e Mjedisit, Planifikimit Hapësinor dhe Infrastrukturës",205079 - Departamenti I Transportit Tokësor,45900 - Departamenti I Transportit Tokë sor,,,,,Totali - Departamenti I Transportit Tokë sor,,,2168464.0,3550000.0,0.0,3550000.0,6550000.0,3550000.0,0.0,15818464.0,"Totali - Departamenti I Transportit Tokë sor 2,168,464 3,550,000 0 3,550,000 6,550,000 3,550,000 0 15,818,464"
3.2,128,171,subtotal,"205000 - Ministria e Mjedisit, Planifikimit Hapësinor dhe Infrastrukturës",205079 - Departamenti I Transportit Tokësor,45900 - Departamenti I Transportit Tokë sor,,,,,Totali ( GQ ) - Departamenti I Transportit Tokësor,GQ,,2168464.0,3550000.0,0.0,3550000.0,3550000.0,3550000.0,0.0,12818464.0,"Totali ( GQ ) - Departamenti I Transportit Tokësor 2,168,464 3,550,000 0 3,550,000 3,550,000 3,550,000 0 12,818,464"
3.2,128,185,subtotal,"205000 - Ministria e Mjedisit, Planifikimit Hapësinor dhe Infrastrukturës",205079 - Departamenti I Transportit Tokësor,45900 - Departamenti I Transportit Tokë sor,,,,,Totali ( Financimi nga Huamarrja ) - Departamenti I Transportit Tokësor,,,0.0,0.0,0.0,0.0,3000000.0,0.0,0.0,3000000.0,"Totali ( Financimi nga Huamarrja ) - Departamenti I Transportit Tokësor 0 0 0 0 3,000,000 0 0 3,000,000"
3.2,128,199,subtotal,"205000 - Ministria e Mjedisit, Planifikimit Hapësinor dhe Infrastrukturës",205079 - Departamenti I Transportit Tokësor,45900 - Departamenti I Transportit Tokë sor,,,,,Totali - Departamenti I Transportit Tokësor,,,2168464.0,3550000.0,0.0,3550000.0,6550000.0,3550000.0,0.0,15818464.0,"Totali - Departamenti I Transportit Tokësor 2,168,464 3,550,000 0 3,550,000 6,550,000 3,550,000 0 15,818,464"
3.2,128,242,project,"205000 - Ministria e Mjedisit, Planifikimit Hapësinor dhe Infrastrukturës",205084 - Departamenti I Menaxhimit të Rrugëve,49600 - Departamenti I Menaxhimit të Rrugë ve,0443,205070-072223,10040,03.2010-09.2028,Sinjalizimi Horizontal dhe Vertikal i rrugeve Magjistrale dhe Regjionale dhe eliminimi i pikave te zeza,,,,,,,,,,,0443 205070-072223 10040 03.2010-09.2028 Sinjalizimi Horizontal dhe Vertikal i rrugeve Magjistrale dhe Regjionale dhe eliminimi i pikave te zeza
3.2,128,256,source,"205000 - Ministria e Mjedisit, Planifikimit Hapësinor dhe Infrastrukturës",205084 - Departamenti I Menaxhimit të Rrugëve,49600 - Departamenti I Menaxhimit të Rrugë ve,0443,205070-072223,10040,03.2010-09.2028,Sinjalizimi Horizontal dhe Vertikal i rrugeve Magjistrale dhe Regjionale dhe eliminimi i pikave te zeza,GQ,,28125441.0,3500000.0,0.0,3500000.0,3500000.0,3500000.0,0.0,38625441.0,"GQ 28,125,441 3,500,000 0 3,500,000 3,500,000 3,500,000 0 38,625,441"
3.2,128,270,project,"205000 - Ministria e Mjedisit, Planifikimit Hapësinor dhe Infrastrukturës",205084 - Departamenti I Menaxhimit të Rrugëve,49600 - Departamenti I Menaxhimit të Rrugë ve,0443,205070-1933247,18196,06.2021-11.2026,Blerja o peshoreve Boshtore,,,,,,,,,,,0443 205070-1933247 18196 06.2021-11.2026 Blerja o peshoreve Boshtore
3.2,128,284,source,"205000 - Ministria e Mjedisit, Planifikimit Hapësinor dhe Infrastrukturës",205084 - Departamenti I Menaxhimit të Rrugëve,49600 - Departamenti I Menaxhimit të Rrugë ve,0443,205070-1933247,18196,06.2021-11.2026,Blerja o peshoreve Boshtore,GQ,,260555.0,50000.0,0.0,50000.0,0.0,0.0,0.0,310555.0,"GQ 260,555 50,000 0 50,000 0 0 0 310,555"
3.2,128,298,project,"205000 - Ministria e Mjedisit, Planifikimit Hapësinor dhe Infrastrukturës",205084 - Departamenti I Menaxhimit të Rrugëve,49600 - Departamenti I Menaxhimit të Rrugë ve,0443,205070-2240842,19016,03.2022-12.2027,"Krijimi i programit Data baze per kadastren e kyqjeve, instalimeve, panove reklamuese dhe lejeve per transporte të veqanta",,,,,,,,,,,"0443 205070-2240842 19016 03.2022-12.2027 Krijimi i programit Data baze per kadastren e kyqjeve, instalimeve, panove reklamuese dhe lejeve per transporte të veqanta"
3.2,128,313,source,"205000 - Ministria e Mjedisit, Planifikimit Hapësinor dhe Infrastrukturës",205084 - Departamenti I Menaxhimit të Rrugëve,49600 - Departamenti I Menaxhimit të Rrugë ve,0443,205070-2240842,19016,03.2022-12.2027,"Krijimi i programit Data baze per kadastren e kyqjeve, instalimeve, panove reklamuese dhe lejeve per transporte të veqanta",GQ,,85796.0,100000.0,0.0,100000.0,100000.0,0.0,0.0,285796.0,"GQ 85,796 100,000 0 100,000 100,000 0 0 285,796"
3.2,128,327,project,"205000 - Ministria e Mjedisit, Planifikimit Hapësinor dhe Infrastrukturës",205084 - Departamenti I Menaxhimit të Rrugëve,49600 - Departamenti I Menaxhimit të Rrugë ve,0443,205070-2240844,19017,02.2022-12.2028,Ndertimi i Sistemit RAMS dhe ITS,,,,,,,,,,,0443 205070-2240844 19017 02.2022-12.2028 Ndertimi i Sistemit RAMS dhe ITS
3.2,128,341,source,"205000 - Ministria e Mjedisit, Planifikimit Hapësinor dhe Infrastrukturës",205084 - Departamenti I Menaxhimit të Rrugëve,49600 - Departamenti I Menaxhimit të Rrugë ve,0443,205070-2240844,19017,02.2022-12.2028,Ndertimi i Sistemit RAMS dhe ITS,GQ,,150000.0,1000000.0,0.0,1000000.0,1000000.0,1000000.0,0.0,3150000.0,"GQ 150,000 1,000,000 0 1,000,000 1,000,000 1,000,000 0 3,150,000"
3.2,128,355,project,"205000 - Ministria e Mjedisit, Planifikimit Hapësinor dhe Infrastrukturës",205084 - Departamenti I Menaxhimit të Rrugëve,49600 - Departamenti I Menaxhimit të Rrugë ve,0443,205070-2445565,19357,03.2024-12.2028,Sinjalizimi i autostradave R6 dhe R7,,,,,,,,,,,0443 205070-2445565 19357 03.2024-12.2028 Sinjalizimi i autostradave R6 dhe R7
3.2,128,369,source,"205000 - Ministria e Mjedisit, Planifikimit Hapësinor dhe Infrastrukturës",205084 - Departamenti I Menaxhimit të Rrugëve,49600 - Departamenti I Menaxhimit të Rrugë ve,0443,205070-2445565,19357,03.2024-12.2028,Sinjalizimi i autostradave R6 dhe R7,GQ,,590918.0,1000000.0,0.0,1000000.0,1000000.0,1000000.0,0.0,3590918.0,"GQ 590,918 1,000,000 0 1,000,000 1,000,000 1,000,000 0 3,590,918"
3.2,128,383,project,"205000 - Ministria e Mjedisit, Planifikimit Hapësinor dhe Infrastrukturës",205084 - Departamenti I Menaxhimit të Rrugëve,49600 - Departamenti I Menaxhimit të Rrugë ve,0443,205070-2647572,20632,05.2026-11.2028,Sistemi elektronik per menaxhimin e kontratave,,,,,,,,,,,0443 205070-2647572 20632 05.2026-11.2028 Sistemi elektronik per menaxhimin e kontratave
3.2,128,398,source,"205000 - Ministria e Mjedisit, Planifikimit Hapësinor dhe Infrastrukturës",205084 - Departamenti I Menaxhimit të Rrugëve,49600 - Departamenti I Menaxhimit të Rrugë ve,0443,205070-2647572,20632,05.2026-11.2028,Sistemi elektronik per menaxhimin e kontratave,GQ,,0.0,0.0,100000.0,100000.0,150000.0,50000.0,0.0,300000.0,"GQ 0 0 100,000 100,000 150,000 50,000 0 300,000"
3.2,128,412,project,"205000 - Ministria e Mjedisit, Planifikimit Hapësinor dhe Infrastrukturës",205084 - Departamenti I Menaxhimit të Rrugëve,49600 - Departamenti I Menaxhimit të Rrugë ve,0443,205070-2647573,20633,04.2026-10.2028,Inventari rrugor dhe kadastri i tokes rrugore,,,,,,,,,,,0443 205070-2647573 20633 04.2026-10.2028 Inventari rrugor dhe kadastri i tokes rrugore
3.2,128,426,source,"205000 - Ministria e Mjedisit, Planifikimit Hapësinor dhe Infrastrukturës",205084 - Departamenti I Menaxhimit të Rrugëve,49600 - Departamenti I Menaxhimit të Rrugë ve,0443,205070-2647573,20633,04.2026-10.2028,Inventari rrugor dhe kadastri i tokes rrugore,GQ,,0.0,0.0,100000.0,100000.0,150000.0,100000.0,0.0,350000.0,"GQ 0 0 100,000 100,000 150,000 100,000 0 350,000"
3.2,128,440,project,"205000 - Ministria e Mjedisit, Planifikimit Hapësinor dhe Infrastrukturës",205084 - Departamenti I Menaxhimit të Rrugëve,49600 - Departamenti I Menaxhimit të Rrugë ve,0443,205070-2647574,20634,05.2026-10.2028,Incizimi i rrugeve per mirembajtje me ndihmen e teknologjise,,,,,,,,,,,0443 205070-2647574 20634 05.2026-10.2028 Incizimi i rrugeve per mirembajtje me ndihmen e teknologjise
3.2,128,454,source,"205000 - Ministria e Mjedisit, Planifikimit Hapësinor dhe Infrastrukturës",205084 - Departamenti I Menaxhimit të Rrugëve,49600 - Departamenti I Menaxhimit të Rrugë ve,0443,205070-2647574,20634,05.2026-10.2028,Incizimi i rrugeve per mirembajtje me ndihmen e teknologjise,GQ,,0.0,0.0,150000.0,150000.0,150000.0,150000.0,0.0,450000.0,"GQ 0 0 150,000 150,000 150,000 150,000 0 450,000"
3.2,128,469,project,"205000 - Ministria e Mjedisit, Planifikimit Hapësinor dhe Infrastrukturës",205084 - Departamenti I Menaxhimit të Rrugëve,49600 - Departamenti I Menaxhimit të Rrugë ve,0640,205084-2547258,19654,03.2025-10.2028,Ndriqimit smart te autostradave - implementimi i sistemit intelegjent te ndriqimit,,,,,,,,,,,0640 205084-2547258 19654 03.2025-10.2028 Ndriqimit smart te autostradave - implementimi i sistemit intelegjent te ndriqimit
3.2,128,483,source,"205000 - Ministria e Mjedisit, Planifikimit Hapësinor dhe Infrastrukturës",205084 - Departamenti I Menaxhimit të Rrugëve,49600 - Departamenti I Menaxhimit të Rrugë ve,0640,205084-2547258,19654,03.2025-10.2028,Ndriqimit smart te autostradave - implementimi i sistemit intelegjent te ndriqimit,GQ,,0.0,800000.0,0.0,800000.0,1000000.0,2000000.0,0.0,3800000.0,"GQ 0 800,000 0 800,000 1,000,000 2,000,000 0 3,800,000"
3.2,128,497,subtotal,"205000 - Ministria e Mjedisit, Planifikimit Hapësinor dhe Infrastrukturës",205084 - Departamenti I Menaxhimit të Rrugëve,49600 - Departamenti I Menaxhimit të Rrugë ve,,,,,Totali( GQ ) - Departamenti I Menaxhimit të Rrugë ve,GQ,,29212710.0,6450000.0,350000.0,6800000.0,7050000.0,7800000.0,0.0,50862710.0,"Totali( GQ ) - Departamenti I Menaxhimit të Rrugë ve 29,212,710 6,450,000 350,000 6,800,000 7,050,000 7,800,000 0 50,862,710"
3.2,128,511,subtotal,"205000 - Ministria e Mjedisit, Planifikimit Hapësinor dhe Infrastrukturës",205084 - Departamenti I Menaxhimit të Rrugëve,49600 - Departamenti I Menaxhimit të Rrugë ve,,,,,Totali - Departamenti I Menaxhimit të Rrugë ve,,,29212710.0,6450000.0,350000.0,6800000.0,7050000.0,7800000.0,0.0,50862710.0,"Totali - Departamenti I Menaxhimit të Rrugë ve 29,212,710 6,450,000 350,000 6,800,000 7,050,000 7,800,000 0 50,862,710"
3.2,129,171,subtotal,"205000 - Ministria e Mjedisit, Planifikimit Hapësinor dhe Infrastrukturës",205084 - Departamenti I Menaxhimit të Rrugëve,49600 - Departamenti I Menaxhimit të Rrugë ve,,,,,Totali ( GQ ) - Departamenti I Menaxhimit të Rrugëve,GQ,,29212710.0,6450000.0,350000.0,6800000.0,7050000.0,7800000.0,0.0,50862710.0,"Totali ( GQ ) - Departamenti I Menaxhimit të Rrugëve 29,212,710 6,450,000 350,000 6,800,000 7,050,000 7,800,000 0 50,862,710"
3.2,129,185,subtotal,"205000 - Ministria e Mjedisit, Planifikimit Hapësinor dhe Infrastrukturës",205084 - Departamenti I Menaxhimit të Rrugëve,49600 - Departamenti I Menaxhimit të Rrugë ve,,,,,Totali - Departamenti I Menaxhimit të Rrugëve,,,29212710.0,6450000.0,350000.0,6800000.0,7050000.0,7800000.0,0.0,50862710.0,"Totali - Departamenti I Menaxhimit të Rrugëve 29,212,710 6,450,000 350,000 6,800,000 7,050,000 7,800,000 0 50,862,710"
3.2,129,228,project,"205000 - Ministria e Mjedisit, Planifikimit Hapësinor dhe Infrastrukturës",205155 - Shërbimet e Administratës Qendrore,11305 - Administrata Qendrore,0112,205155-2037571,18739,05.2020-10.2027,Digjitalizimi I Arkives Financiare,,,,,,,,,,,0112 205155-2037571 18739 05.2020-10.2027 Digjitalizimi I Arkives Financiare
3.2,129,242,source,"205000 - Ministria e Mjedisit, Planifikimit Hapësinor dhe Infrastrukturës",205155 - Shërbimet e Administratës Qendrore,11305 - Administrata Qendrore,0112,205155-2037571,18739,05.2020-10.2027,Digjitalizimi I Arkives Financiare,GQ,,9839.0,50000.0,0.0,50000.0,50000.0,50000.0,0.0,159839.0,"GQ 9,839 50,000 0 50,000 50,000 50,000 0 159,839"
3.2,129,256,project,"205000 - Ministria e Mjedisit, Planifikimit Hapësinor dhe Infrastrukturës",205155 - Shërbimet e Administratës Qendrore,11305 - Administrata Qendrore,0486,205155-2546028,19601,06.2025-08.2027,Blerja e paisjeve te Teknologjise Informative,,,,,,,,,,,0486 205155-2546028 19601 06.2025-08.2027 Blerja e paisjeve te Teknologjise Informative
3.2,129,270,source,"205000 - Ministria e Mjedisit, Planifikimit Hapësinor dhe Infrastrukturës",205155 - Shërbimet e Administratës Qendrore,11305 - Administrata Qendrore,0486,205155-2546028,19601,06.2025-08.2027,Blerja e paisjeve te Teknologjise Informative,GQ,,11290.0,0.0,100000.0,100000.0,50000.0,50000.0,0.0,211290.0,"GQ 11,290 0 100,000 100,000 50,000 50,000 0 211,290"
3.2,129,284,project,"205000 - Ministria e Mjedisit, Planifikimit Hapësinor dhe Infrastrukturës",205155 - Shërbimet e Administratës Qendrore,11305 - Administrata Qendrore,0131,205155-2647529,20620,04.2026-08.2026,Blerja e Automjeteve,,,,,,,,,,,0131 205155-2647529 20620 04.2026-08.2026 Blerja e Automjeteve
3.2,129,298,source,"205000 - Ministria e Mjedisit, Planifikimit Hapësinor dhe Infrastrukturës",205155 - Shërbimet e Administratës Qendrore,11305 - Administrata Qendrore,0131,205155-2647529,20620,04.2026-08.2026,Blerja e Automjeteve,GQ,,0.0,0.0,500000.0,500000.0,0.0,0.0,0.0,500000.0,"GQ 0 0 500,000 500,000 0 0 0 500,000"
3.2,129,313,project,"205000 - Ministria e Mjedisit, Planifikimit Hapësinor dhe Infrastrukturës",205155 - Shërbimet e Administratës Qendrore,11305 - Administrata Qendrore,0113,205155-2647530,20621,01.2026-03.2026,Furnizimi me Ashensore per Objektin ish Mekanizmi,,,,,,,,,,,0113 205155-2647530 20621 01.2026-03.2026 Furnizimi me Ashensore per Objektin ish Mekanizmi
3.2,129,327,source,"205000 - Ministria e Mjedisit, Planifikimit Hapësinor dhe Infrastrukturës",205155 - Shërbimet e Administratës Qendrore,11305 - Administrata Qendrore,0113,205155-2647530,20621,01.2026-03.2026,Furnizimi me Ashensore per Objektin ish Mekanizmi,GQ,,0.0,0.0,40000.0,40000.0,0.0,0.0,0.0,40000.0,"GQ 0 0 40,000 40,000 0 0 0 40,000"
3.2,129,341,project,"205000 - Ministria e Mjedisit, Planifikimit Hapësinor dhe Infrastrukturës",205155 - Shërbimet e Administratës Qendrore,11305 - Administrata Qendrore,0131,205155-2647533,20622,02.2026-04.2026,Furnizim me Inventarë per Objektin ish Mekanizmi,,,,,,,,,,,0131 205155-2647533 20622 02.2026-04.2026 Furnizim me Inventarë per Objektin ish Mekanizmi
3.2,129,355,source,"205000 - Ministria e Mjedisit, Planifikimit Hapësinor dhe Infrastrukturës",205155 - Shërbimet e Administratës Qendrore,11305 - Administrata Qendrore,0131,205155-2647533,20622,02.2026-04.2026,Furnizim me Inventarë per Objektin ish Mekanizmi,GQ,,0.0,0.0,50000.0,50000.0,0.0,0.0,0.0,50000.0,"GQ 0 0 50,000 50,000 0 0 0 50,000"
3.2,129,369,project,"205000 - Ministria e Mjedisit, Planifikimit Hapësinor dhe Infrastrukturës",205155 - Shërbimet e Administratës Qendrore,11305 - Administrata Qendrore,0550,210039-1935148,18262,02.2019-10.2028,E-Lejet,,,,,,,,,,,0550 210039-1935148 18262 02.2019-10.2028 E-Lejet
3.2,129,383,source,"205000 - Ministria e Mjedisit, Planifikimit Hapësinor dhe Infrastrukturës",205155 - Shërbimet e Administratës Qendrore,11305 - Administrata Qendrore,0550,210039-1935148,18262,02.2019-10.2028,E-Lejet,GQ,,0.0,100000.0,0.0,100000.0,100000.0,100000.0,0.0,300000.0,"GQ 0 100,000 0 100,000 100,000 100,000 0 300,000"
3.2,129,398,subtotal,"205000 - Ministria e Mjedisit, Planifikimit Hapësinor dhe Infrastrukturës",205155 - Shërbimet e Administratës Qendrore,11305 - Administrata Qendrore,,,,,Totali( GQ ) - Administrata Qendrore,GQ,,21129.0,150000.0,690000.0,840000.0,200000.0,200000.0,0.0,1261129.0,"Totali( GQ ) - Administrata Qendrore 21,129 150,000 690,000 840,000 200,000 200,000 0 1,261,129"
3.2,129,412,subtotal,"205000 - Ministria e Mjedisit, Planifikimit Hapësinor dhe Infrastrukturës",205155 - Shërbimet e Administratës Qendrore,11305 - Administrata Qendrore,,,,,Totali - Administrata Qendrore,,,21129.0,150000.0,690000.0,840000.0,200000.0,200000.0,0.0,1261129.0,"Totali - Administrata Qendrore 21,129 150,000 690,000 840,000 200,000 200,000 0 1,261,129"
3.2,129,426,subtotal,"205000 - Ministria e Mjedisit, Planifikimit Hapësinor dhe Infrastrukturës",205155 - Shërbimet e Administratës Qendrore,11305 - Administrata Qendrore,,,,,Totali ( GQ ) - Shërbimet e Administratës Qendrore,GQ,,21129.0,150000.0,690000.0,840000.0,200000.0,200000.0,0.0,1261129.0,"Totali ( GQ ) - Shërbimet e Administratës Qendrore 21,129 150,000 690,000 840,000 200,000 200,000 0 1,261,129"
3.2,129,440,subtotal,"205000 - Ministria e Mjedisit, Planifikimit Hapësinor dhe Infrastrukturës",205155 - Shërbimet e Administratës Qendrore,11305 - Administrata Qendrore,,,,,Totali - Shërbimet e Administratës Qendrore,,,21129.0,150000.0,690000.0,840000.0,200000.0,200000.0,0.0,1261129.0,"Totali - Shërbimet e Administratës Qendrore 21,129 150,000 690,000 840,000 200,000 200,000 0 1,261,129"
3.2,129,483,project,"205000 - Ministria e Mjedisit, Planifikimit Hapësinor dhe Infrastrukturës",213175 - Mjedisi,50100 - Mjedisi,0510,213175-2547244,19646,02.2025-01.2026,Ndertimi i impiantit për trajtimin e Mbeturinave Organike ne Kamenicë,,,,,,,,,,,0510 213175-2547244 19646 02.2025-01.2026 Ndertimi i impiantit për trajtimin e Mbeturinave Organike ne Kamenicë
3.2,129,497,source,"205000 - Ministria e Mjedisit, Planifikimit Hapësinor dhe Infrastrukturës",213175 - Mjedisi,50100 - Mjedisi,0510,213175-2547244,19646,02.2025-01.2026,Ndertimi i impiantit për trajtimin e Mbeturinave Organike ne Kamenicë,GQ,,152917.0,50000.0,0.0,50000.0,50000.0,80000.0,0.0,332917.0,"GQ 152,917 50,000 0 50,000 50,000 80,000 0 332,917"
3.2,130,171,project,"205000 - Ministria e Mjedisit, Planifikimit Hapësinor dhe Infrastrukturës",213175 - Mjedisi,50100 - Mjedisi,0550,213175-2547300,19679,02.2025-12.2027,Krijimi i hapesirave te gjelberta dhe rregullimi i platos ne Lumin Mirusha Gjilan,,,,,,,,,,,0550 213175-2547300 19679 02.2025-12.2027 Krijimi i hapesirave te gjelberta dhe rregullimi i platos ne Lumin Mirusha Gjilan
3.2,130,185,source,"205000 - Ministria e Mjedisit, Planifikimit Hapësinor dhe Infrastrukturës",213175 - Mjedisi,50100 - Mjedisi,0550,213175-2547300,19679,02.2025-12.2027,Krijimi i hapesirave te gjelberta dhe rregullimi i platos ne Lumin Mirusha Gjilan,GQ,,0.0,0.0,100000.0,100000.0,150000.0,150000.0,0.0,400000.0,"GQ 0 0 100,000 100,000 150,000 150,000 0 400,000"
3.2,130,199,project,"205000 - Ministria e Mjedisit, Planifikimit Hapësinor dhe Infrastrukturës",213175 - Mjedisi,50100 - Mjedisi,0510,213175-2547337,19695,01.2025-12.2027,Ndertimi i qendres se sortimit ne regjionin e Ferizait,,,,,,,,,,,0510 213175-2547337 19695 01.2025-12.2027 Ndertimi i qendres se sortimit ne regjionin e Ferizait
3.2,130,213,source,"205000 - Ministria e Mjedisit, Planifikimit Hapësinor dhe Infrastrukturës",213175 - Mjedisi,50100 - Mjedisi,0510,213175-2547337,19695,01.2025-12.2027,Ndertimi i qendres se sortimit ne regjionin e Ferizait,GQ,,0.0,1306125.0,0.0,1306125.0,2060000.0,500000.0,0.0,3866125.0,"GQ 0 1,306,125 0 1,306,125 2,060,000 500,000 0 3,866,125"
3.2,130,228,project,"205000 - Ministria e Mjedisit, Planifikimit Hapësinor dhe Infrastrukturës",213175 - Mjedisi,50100 - Mjedisi,0474,213175-2647692,20667,02.2026-12.2027,Platforma per monitorimin e ndotesve,,,,,,,,,,,0474 213175-2647692 20667 02.2026-12.2027 Platforma per monitorimin e ndotesve
3.2,130,242,source,"205000 - Ministria e Mjedisit, Planifikimit Hapësinor dhe Infrastrukturës",213175 - Mjedisi,50100 - Mjedisi,0474,213175-2647692,20667,02.2026-12.2027,Platforma per monitorimin e ndotesve,GQ,,0.0,0.0,40000.0,40000.0,20000.0,20000.0,0.0,80000.0,"GQ 0 0 40,000 40,000 20,000 20,000 0 80,000"
3.2,130,256,subtotal,"205000 - Ministria e Mjedisit, Planifikimit Hapësinor dhe Infrastrukturës",213175 - Mjedisi,50100 - Mjedisi,,,,,Totali ( GQ ) - Mjedisi,GQ,,152917.0,1356125.0,140000.0,1496125.0,2280000.0,750000.0,0.0,4679042.0,"Totali ( GQ ) - Mjedisi 152,917 1,356,125 140,000 1,496,125 2,280,000 750,000 0 4,679,042"
3.2,130,270,subtotal,"205000 - Ministria e Mjedisit, Planifikimit Hapësinor dhe Infrastrukturës",213175 - Mjedisi,50100 - Mjedisi,,,,,Totali - Mjedisi,,,152917.0,1356125.0,140000.0,1496125.0,2280000.0,750000.0,0.0,4679042.0,"Totali - Mjedisi 152,917 1,356,125 140,000 1,496,125 2,280,000 750,000 0 4,679,042"
3.2,130,298,project,"205000 - Ministria e Mjedisit, Planifikimit Hapësinor dhe Infrastrukturës",213175 - Mjedisi,50400 - Departamenti i Planifikimit Hapë sinor Ndë rtimit dhe Banimit,0443,210039-2037450,18709,02.2022-12.2028,Ndërtimi i shtëpive në pjesen veriore të Kosovës,,,,,,,,,,,0443 210039-2037450 18709 02.2022-12.2028 Ndërtimi i shtëpive në pjesen veriore të Kosovës
3.2,130,313,source,"205000 - Ministria e Mjedisit, Planifikimit Hapësinor dhe Infrastrukturës",213175 - Mjedisi,50400 - Departamenti i Planifikimit Hapë sinor Ndë rtimit dhe Banimit,0443,210039-2037450,18709,02.2022-12.2028,Ndërtimi i shtëpive në pjesen veriore të Kosovës,GQ,,1888833.0,1000000.0,0.0,1000000.0,1000000.0,800000.0,0.0,4688833.0,"GQ 1,888,833 1,000,000 0 1,000,000 1,000,000 800,000 0 4,688,833"
3.2,130,327,project,"205000 - Ministria e Mjedisit, Planifikimit Hapësinor dhe Infrastrukturës",213175 - Mjedisi,50400 - Departamenti i Planifikimit Hapë sinor Ndë rtimit dhe Banimit,0820,210131-1320915,13839,08.2013-12.2022,"Ndertimi i Memorialit ,,Afrim Zhitiu"" Lluga, Podujeve",,,,,,,,,,,"0820 210131-1320915 13839 08.2013-12.2022 Ndertimi i Memorialit ,,Afrim Zhitiu"" Lluga, Podujeve"
3.2,130,341,source,"205000 - Ministria e Mjedisit, Planifikimit Hapësinor dhe Infrastrukturës",213175 - Mjedisi,50400 - Departamenti i Planifikimit Hapë sinor Ndë rtimit dhe Banimit,0820,210131-1320915,13839,08.2013-12.2022,"Ndertimi i Memorialit ,,Afrim Zhitiu"" Lluga, Podujeve",GQ,,364701.0,50000.0,0.0,50000.0,0.0,0.0,0.0,414701.0,"GQ 364,701 50,000 0 50,000 0 0 0 414,701"
3.2,130,355,project,"205000 - Ministria e Mjedisit, Planifikimit Hapësinor dhe Infrastrukturës",213175 - Mjedisi,50400 - Departamenti i Planifikimit Hapë sinor Ndë rtimit dhe Banimit,0650,213175-2239705,18987,06.2024-12.2031,PROGRAMI I BANIMIT SOCIAL,,,,,,,,,,,0650 213175-2239705 18987 06.2024-12.2031 PROGRAMI I BANIMIT SOCIAL
3.2,130,369,source,"205000 - Ministria e Mjedisit, Planifikimit Hapësinor dhe Infrastrukturës",213175 - Mjedisi,50400 - Departamenti i Planifikimit Hapë sinor Ndë rtimit dhe Banimit,0650,213175-2239705,18987,06.2024-12.2031,PROGRAMI I BANIMIT SOCIAL,GQ,,0.0,3500000.0,0.0,3500000.0,3000000.0,3000000.0,0.0,9500000.0,"GQ 0 3,500,000 0 3,500,000 3,000,000 3,000,000 0 9,500,000"
3.2,130,383,source,"205000 - Ministria e Mjedisit, Planifikimit Hapësinor dhe Infrastrukturës",213175 - Mjedisi,50400 - Departamenti i Planifikimit Hapë sinor Ndë rtimit dhe Banimit,0650,213175-2239705,18987,06.2024-12.2031,PROGRAMI I BANIMIT SOCIAL,FH,,0.0,0.0,0.0,0.0,5000000.0,7500000.0,0.0,12500000.0,"FH 0 0 0 0 5,000,000 7,500,000 0 12,500,000"
3.2,130,398,project,"205000 - Ministria e Mjedisit, Planifikimit Hapësinor dhe Infrastrukturës",213175 - Mjedisi,50400 - Departamenti i Planifikimit Hapë sinor Ndë rtimit dhe Banimit,0121,213175-2546003,19589,01.2025-12.2028,PROGRAMI I BANIMIT TE PERBALLUESHEM,,,,,,,,,,,0121 213175-2546003 19589 01.2025-12.2028 PROGRAMI I BANIMIT TE PERBALLUESHEM
3.2,130,412,source,"205000 - Ministria e Mjedisit, Planifikimit Hapësinor dhe Infrastrukturës",213175 - Mjedisi,50400 - Departamenti i Planifikimit Hapë sinor Ndë rtimit dhe Banimit,0121,213175-2546003,19589,01.2025-12.2028,PROGRAMI I BANIMIT TE PERBALLUESHEM,GQ,,8303586.0,8000000.0,0.0,8000000.0,8000000.0,8000000.0,0.0,32303586.0,"GQ 8,303,586 8,000,000 0 8,000,000 8,000,000 8,000,000 0 32,303,586"
3.2,130,426,subtotal,"205000 - Ministria e Mjedisit, Planifikimit Hapësinor dhe Infrastrukturës",213175 - Mjedisi,50400 - Departamenti i Planifikimit Hapë sinor Ndë rtimit dhe Banimit,,,,,Totali( GQ ) - Departamenti i Planifikimit Hapë sinor Ndë rtimit dhe Banimit,GQ,,10557121.0,12550000.0,0.0,12550000.0,12000000.0,11800000.0,0.0,46907121.0,"Totali( GQ ) - Departamenti i Planifikimit Hapë sinor Ndë rtimit dhe Banimit 10,557,121 12,550,000 0 12,550,000 12,000,000 11,800,000 0 46,907,121"
3.2,130,440,subtotal,"205000 - Ministria e Mjedisit, Planifikimit Hapësinor dhe Infrastrukturës",213175 - Mjedisi,50400 - Departamenti i Planifikimit Hapë sinor Ndë rtimit dhe Banimit,,,,,Totali ( Financimi nga Huamarrja ) - Departamenti i Planifikimit Hapë sinor Ndë rtimit dhe Banimit,,,0.0,0.0,0.0,0.0,5000000.0,7500000.0,0.0,12500000.0,"Totali ( Financimi nga Huamarrja ) - Departamenti i Planifikimit Hapë sinor Ndë rtimit dhe Banimit 0 0 0 0 5,000,000 7,500,000 0 12,500,000"
3.2,130,454,subtotal,"205000 - Ministria e Mjedisit, Planifikimit Hapësinor dhe Infrastrukturës",213175 - Mjedisi,50400 - Departamenti i Planifikimit Hapë sinor Ndë rtimit dhe Banimit,,,,,Totali - Departamenti i Planifikimit Hapë sinor Ndë rtimit dhe Banimit,,,10557121.0,12550000.0,0.0,12550000.0,17000000.0,19300000.0,0.0,59407121.0,"Totali - Departamenti i Planifikimit Hapë sinor Ndë rtimit dhe Banimit 10,557,121 12,550,000 0 12,550,000 17,000,000 19,300,000 0 59,407,121"
3.2,130,469,subtotal,"205000 - Ministria e Mjedisit, Planifikimit Hapësinor dhe Infrastrukturës",213175 - Mjedisi,50400 - Departamenti i Planifikimit Hapë sinor Ndë rtimit dhe Banimit,,,,,Totali ( GQ ) - Mjedisi,GQ,,10710038.0,13906125.0,140000.0,14046125.0,14280000.0,12550000.0,0.0,51586163.0,"Totali ( GQ ) - Mjedisi 10,710,038 13,906,125 140,000 14,046,125 14,280,000 12,550,000 0 51,586,163"
3.2,130,483,subtotal,"205000 - Ministria e Mjedisit, Planifikimit Hapësinor dhe Infrastrukturës",213175 - Mjedisi,50400 - Departamenti i Planifikimit Hapë sinor Ndë rtimit dhe Banimit,,,,,Totali ( Financimi nga Huamarrja ) - Mjedisi,,,0.0,0.0,0.0,0.0,5000000.0,7500000.0,0.0,12500000.0,"Totali ( Financimi nga Huamarrja ) - Mjedisi 0 0 0 0 5,000,000 7,500,000 0 12,500,000"
3.2,130,497,subtotal,"205000 - Ministria e Mjedisit, Planifikimit Hapësinor dhe Infrastrukturës",213175 - Mjedisi,50400 - Departamenti i Planifikimit Hapë sinor Ndë rtimit dhe Banimit,,,,,Totali - Mjedisi,,,10710038.0,13906125.0,140000.0,14046125.0,19280000.0,20050000.0,0.0,64086163.0,"Totali - Mjedisi 10,710,038 13,906,125 140,000 14,046,125 19,280,000 20,050,000 0 64,086,163"
3.2,131,199,project,"205000 - Ministria e Mjedisit, Planifikimit Hapësinor dhe Infrastrukturës",213176 - Shpronësimi,60500 - Zyra pë r Shpronë sim,0133,210134-1217079,13130,05.2008-12.2030,Shpronesimet,,,,,,,,,,,0133 210134-1217079 13130 05.2008-12.2030 Shpronesimet
3.2,131,213,source,"205000 - Ministria e Mjedisit, Planifikimit Hapësinor dhe Infrastrukturës",213176 - Shpronësimi,60500 - Zyra pë r Shpronë sim,0133,210134-1217079,13130,05.2008-12.2030,Shpronesimet,GQ,,404282256.0,21577793.0,0.0,21577793.0,20000000.0,22310000.0,0.0,468170049.0,"GQ 404,282,256 21,577,793 0 21,577,793 20,000,000 22,310,000 0 468,170,049"
3.2,131,228,subtotal,"205000 - Ministria e Mjedisit, Planifikimit Hapësinor dhe Infrastrukturës",213176 - Shpronësimi,60500 - Zyra pë r Shpronë sim,,,,,Totali( GQ ) - Zyra pë r Shpronë sim,GQ,,404282256.0,21577793.0,0.0,21577793.0,20000000.0,22310000.0,0.0,468170049.0,"Totali( GQ ) - Zyra pë r Shpronë sim 404,282,256 21,577,793 0 21,577,793 20,000,000 22,310,000 0 468,170,049"
3.2,131,242,subtotal,"205000 - Ministria e Mjedisit, Planifikimit Hapësinor dhe Infrastrukturës",213176 - Shpronësimi,60500 - Zyra pë r Shpronë sim,,,,,Totali - Zyra pë r Shpronë sim,,,404282256.0,21577793.0,0.0,21577793.0,20000000.0,22310000.0,0.0,468170049.0,"Totali - Zyra pë r Shpronë sim 404,282,256 21,577,793 0 21,577,793 20,000,000 22,310,000 0 468,170,049"
3.2,131,256,subtotal,"205000 - Ministria e Mjedisit, Planifikimit Hapësinor dhe Infrastrukturës",213176 - Shpronësimi,60500 - Zyra pë r Shpronë sim,,,,,Totali ( GQ ) - Shpronësimi,GQ,,404282256.0,21577793.0,0.0,21577793.0,20000000.0,22310000.0,0.0,468170049.0,"Totali ( GQ ) - Shpronësimi 404,282,256 21,577,793 0 21,577,793 20,000,000 22,310,000 0 468,170,049"
3.2,131,270,subtotal,"205000 - Ministria e Mjedisit, Planifikimit Hapësinor dhe Infrastrukturës",213176 - Shpronësimi,60500 - Zyra pë r Shpronë sim,,,,,Totali - Shpronësimi,,,404282256.0,21577793.0,0.0,21577793.0,20000000.0,22310000.0,0.0,468170049.0,"Totali - Shpronësimi 404,282,256 21,577,793 0 21,577,793 20,000,000 22,310,000 0 468,170,049"
3.2,131,313,project,"205000 - Ministria e Mjedisit, Planifikimit Hapësinor dhe Infrastrukturës",213177 - Autoriteti Rajonal i Pellgjeve Lumore,60800 - Autoriteti Rajonal I Pellgjeve Lumore,0520,213177-2139568,15919,06.2021-12.2021,Menaxhimi i integruar i resurseve ujore në Kosovë,,,,,,,,,,,0520 213177-2139568 15919 06.2021-12.2021 Menaxhimi i integruar i resurseve ujore në Kosovë
3.2,131,327,source,"205000 - Ministria e Mjedisit, Planifikimit Hapësinor dhe Infrastrukturës",213177 - Autoriteti Rajonal i Pellgjeve Lumore,60800 - Autoriteti Rajonal I Pellgjeve Lumore,0520,213177-2139568,15919,06.2021-12.2021,Menaxhimi i integruar i resurseve ujore në Kosovë,GQ,,976993.0,800000.0,0.0,800000.0,850000.0,900000.0,0.0,3526993.0,"GQ 976,993 800,000 0 800,000 850,000 900,000 0 3,526,993"
3.2,131,341,project,"205000 - Ministria e Mjedisit, Planifikimit Hapësinor dhe Infrastrukturës",213177 - Autoriteti Rajonal i Pellgjeve Lumore,60800 - Autoriteti Rajonal I Pellgjeve Lumore,0550,213177-2240838,19014,03.2022-12.2024,Ndërtimi i Digave,,,,,,,,,,,0550 213177-2240838 19014 03.2022-12.2024 Ndërtimi i Digave
3.2,131,355,source,"205000 - Ministria e Mjedisit, Planifikimit Hapësinor dhe Infrastrukturës",213177 - Autoriteti Rajonal i Pellgjeve Lumore,60800 - Autoriteti Rajonal I Pellgjeve Lumore,0550,213177-2240838,19014,03.2022-12.2024,Ndërtimi i Digave,GQ,,1928728.0,2720000.0,0.0,2720000.0,3264836.0,8000000.0,0.0,15913564.0,"GQ 1,928,728 2,720,000 0 2,720,000 3,264,836 8,000,000 0 15,913,564"
3.2,131,369,project,"205000 - Ministria e Mjedisit, Planifikimit Hapësinor dhe Infrastrukturës",213177 - Autoriteti Rajonal i Pellgjeve Lumore,60800 - Autoriteti Rajonal I Pellgjeve Lumore,0550,213177-2343611,19212,02.2023-11.2025,Rregullimi i shtratit te lumit Shtime,,,,,,,,,,,0550 213177-2343611 19212 02.2023-11.2025 Rregullimi i shtratit te lumit Shtime
3.2,131,383,source,"205000 - Ministria e Mjedisit, Planifikimit Hapësinor dhe Infrastrukturës",213177 - Autoriteti Rajonal i Pellgjeve Lumore,60800 - Autoriteti Rajonal I Pellgjeve Lumore,0550,213177-2343611,19212,02.2023-11.2025,Rregullimi i shtratit te lumit Shtime,GQ,,2299998.0,1500000.0,0.0,1500000.0,500000.0,0.0,0.0,4299998.0,"GQ 2,299,998 1,500,000 0 1,500,000 500,000 0 0 4,299,998"
3.2,131,398,project,"205000 - Ministria e Mjedisit, Planifikimit Hapësinor dhe Infrastrukturës",213177 - Autoriteti Rajonal i Pellgjeve Lumore,60800 - Autoriteti Rajonal I Pellgjeve Lumore,0520,213177-2443957,19282,03.2024-12.2026,Rregullimi dhe rehabilitimi i Pellgut Drini i Bardhe,,,,,,,,,,,0520 213177-2443957 19282 03.2024-12.2026 Rregullimi dhe rehabilitimi i Pellgut Drini i Bardhe
3.2,131,412,source,"205000 - Ministria e Mjedisit, Planifikimit Hapësinor dhe Infrastrukturës",213177 - Autoriteti Rajonal i Pellgjeve Lumore,60800 - Autoriteti Rajonal I Pellgjeve Lumore,0520,213177-2443957,19282,03.2024-12.2026,Rregullimi dhe rehabilitimi i Pellgut Drini i Bardhe,GQ,,0.0,1000000.0,0.0,1000000.0,1000000.0,1000000.0,0.0,3000000.0,"GQ 0 1,000,000 0 1,000,000 1,000,000 1,000,000 0 3,000,000"
3.2,131,426,project,"205000 - Ministria e Mjedisit, Planifikimit Hapësinor dhe Infrastrukturës",213177 - Autoriteti Rajonal i Pellgjeve Lumore,60800 - Autoriteti Rajonal I Pellgjeve Lumore,0560,213177-2445529,19343,02.2024-12.2026,Ndertimi i shtratit te lumit Llap,,,,,,,,,,,0560 213177-2445529 19343 02.2024-12.2026 Ndertimi i shtratit te lumit Llap
3.2,131,440,source,"205000 - Ministria e Mjedisit, Planifikimit Hapësinor dhe Infrastrukturës",213177 - Autoriteti Rajonal i Pellgjeve Lumore,60800 - Autoriteti Rajonal I Pellgjeve Lumore,0560,213177-2445529,19343,02.2024-12.2026,Ndertimi i shtratit te lumit Llap,GQ,,0.0,1500000.0,0.0,1500000.0,1900000.0,0.0,0.0,3400000.0,"GQ 0 1,500,000 0 1,500,000 1,900,000 0 0 3,400,000"
3.2,131,454,project,"205000 - Ministria e Mjedisit, Planifikimit Hapësinor dhe Infrastrukturës",213177 - Autoriteti Rajonal i Pellgjeve Lumore,60800 - Autoriteti Rajonal I Pellgjeve Lumore,0520,213177-2546026,19600,03.2025-11.2027,Rregullimi i shtratit te lumit ne fshatin Baballoq,,,,,,,,,,,0520 213177-2546026 19600 03.2025-11.2027 Rregullimi i shtratit te lumit ne fshatin Baballoq
3.2,131,469,source,"205000 - Ministria e Mjedisit, Planifikimit Hapësinor dhe Infrastrukturës",213177 - Autoriteti Rajonal i Pellgjeve Lumore,60800 - Autoriteti Rajonal I Pellgjeve Lumore,0520,213177-2546026,19600,03.2025-11.2027,Rregullimi i shtratit te lumit ne fshatin Baballoq,GQ,,149850.0,0.0,400000.0,400000.0,756082.0,843918.0,0.0,2149850.0,"GQ 149,850 0 400,000 400,000 756,082 843,918 0 2,149,850"
3.2,131,483,project,"205000 - Ministria e Mjedisit, Planifikimit Hapësinor dhe Infrastrukturës",213177 - Autoriteti Rajonal i Pellgjeve Lumore,60800 - Autoriteti Rajonal I Pellgjeve Lumore,0550,213177-2546038,19605,03.2025-11.2025,Sistemi i kamerave te avancuara per monitorimin e pellgjeve te Kosoves,,,,,,,,,,,0550 213177-2546038 19605 03.2025-11.2025 Sistemi i kamerave te avancuara per monitorimin e pellgjeve te Kosoves
3.2,131,497,source,"205000 - Ministria e Mjedisit, Planifikimit Hapësinor dhe Infrastrukturës",213177 - Autoriteti Rajonal i Pellgjeve Lumore,60800 - Autoriteti Rajonal I Pellgjeve Lumore,0550,213177-2546038,19605,03.2025-11.2025,Sistemi i kamerave te avancuara per monitorimin e pellgjeve te Kosoves,GQ,,0.0,0.0,100000.0,100000.0,100000.0,0.0,0.0,200000.0,"GQ 0 0 100,000 100,000 100,000 0 0 200,000"
3.2,132,171,project,"205000 - Ministria e Mjedisit, Planifikimit Hapësinor dhe Infrastrukturës",213177 - Autoriteti Rajonal i Pellgjeve Lumore,60800 - Autoriteti Rajonal I Pellgjeve Lumore,0520,213177-2547237,19641,03.2025-12.2027,Trajtimi i ujerave te zeza pergjatë Lumit Nerodime nga Fshati  Gerlic-Kaçanik,,,,,,,,,,,0520 213177-2547237 19641 03.2025-12.2027 Trajtimi i ujerave te zeza pergjatë Lumit Nerodime nga Fshati Gerlic-Kaçanik
3.2,132,185,source,"205000 - Ministria e Mjedisit, Planifikimit Hapësinor dhe Infrastrukturës",213177 - Autoriteti Rajonal i Pellgjeve Lumore,60800 - Autoriteti Rajonal I Pellgjeve Lumore,0520,213177-2547237,19641,03.2025-12.2027,Trajtimi i ujerave te zeza pergjatë Lumit Nerodime nga Fshati  Gerlic-Kaçanik,GQ,,0.0,1200000.0,0.0,1200000.0,1000000.0,500000.0,0.0,2700000.0,"GQ 0 1,200,000 0 1,200,000 1,000,000 500,000 0 2,700,000"
3.2,132,199,project,"205000 - Ministria e Mjedisit, Planifikimit Hapësinor dhe Infrastrukturës",213177 - Autoriteti Rajonal i Pellgjeve Lumore,60800 - Autoriteti Rajonal I Pellgjeve Lumore,0530,213177-2547312,19684,02.2025-12.2027,Ndertimi i shtratit te Lumit Astrit,,,,,,,,,,,0530 213177-2547312 19684 02.2025-12.2027 Ndertimi i shtratit te Lumit Astrit
3.2,132,213,source,"205000 - Ministria e Mjedisit, Planifikimit Hapësinor dhe Infrastrukturës",213177 - Autoriteti Rajonal i Pellgjeve Lumore,60800 - Autoriteti Rajonal I Pellgjeve Lumore,0530,213177-2547312,19684,02.2025-12.2027,Ndertimi i shtratit te Lumit Astrit,GQ,,50000.0,0.0,100000.0,100000.0,150000.0,0.0,0.0,300000.0,"GQ 50,000 0 100,000 100,000 150,000 0 0 300,000"
3.2,132,228,project,"205000 - Ministria e Mjedisit, Planifikimit Hapësinor dhe Infrastrukturës",213177 - Autoriteti Rajonal i Pellgjeve Lumore,60800 - Autoriteti Rajonal I Pellgjeve Lumore,0530,213177-2547346,19697,01.2025-12.2027,Ndërtimi i shtratit të lumit Nerodime Kaçanik,,,,,,,,,,,0530 213177-2547346 19697 01.2025-12.2027 Ndërtimi i shtratit të lumit Nerodime Kaçanik
3.2,132,242,source,"205000 - Ministria e Mjedisit, Planifikimit Hapësinor dhe Infrastrukturës",213177 - Autoriteti Rajonal i Pellgjeve Lumore,60800 - Autoriteti Rajonal I Pellgjeve Lumore,0530,213177-2547346,19697,01.2025-12.2027,Ndërtimi i shtratit të lumit Nerodime Kaçanik,GQ,,0.0,1500000.0,0.0,1500000.0,2200000.0,300000.0,0.0,4000000.0,"GQ 0 1,500,000 0 1,500,000 2,200,000 300,000 0 4,000,000"
3.2,132,256,project,"205000 - Ministria e Mjedisit, Planifikimit Hapësinor dhe Infrastrukturës",213177 - Autoriteti Rajonal i Pellgjeve Lumore,60800 - Autoriteti Rajonal I Pellgjeve Lumore,0530,213177-2547349,19698,01.2025-12.2027,Ndërtimi i shtratit te Lumit Petrov- Reçak- Belincë,,,,,,,,,,,0530 213177-2547349 19698 01.2025-12.2027 Ndërtimi i shtratit te Lumit Petrov- Reçak- Belincë
3.2,132,270,source,"205000 - Ministria e Mjedisit, Planifikimit Hapësinor dhe Infrastrukturës",213177 - Autoriteti Rajonal i Pellgjeve Lumore,60800 - Autoriteti Rajonal I Pellgjeve Lumore,0530,213177-2547349,19698,01.2025-12.2027,Ndërtimi i shtratit te Lumit Petrov- Reçak- Belincë,GQ,,482113.0,300000.0,0.0,300000.0,1300000.0,0.0,0.0,2082113.0,"GQ 482,113 300,000 0 300,000 1,300,000 0 0 2,082,113"
3.2,132,284,project,"205000 - Ministria e Mjedisit, Planifikimit Hapësinor dhe Infrastrukturës",213177 - Autoriteti Rajonal i Pellgjeve Lumore,60800 - Autoriteti Rajonal I Pellgjeve Lumore,0560,213177-2647545,20627,03.2026-10.2028,Rehabilitimi dhe rregullimi i shtratit te lumit Trepça ne Mitrovice,,,,,,,,,,,0560 213177-2647545 20627 03.2026-10.2028 Rehabilitimi dhe rregullimi i shtratit te lumit Trepça ne Mitrovice
3.2,132,298,source,"205000 - Ministria e Mjedisit, Planifikimit Hapësinor dhe Infrastrukturës",213177 - Autoriteti Rajonal i Pellgjeve Lumore,60800 - Autoriteti Rajonal I Pellgjeve Lumore,0560,213177-2647545,20627,03.2026-10.2028,Rehabilitimi dhe rregullimi i shtratit te lumit Trepça ne Mitrovice,GQ,,0.0,0.0,100000.0,100000.0,200000.0,100000.0,0.0,400000.0,"GQ 0 0 100,000 100,000 200,000 100,000 0 400,000"
3.2,132,313,project,"205000 - Ministria e Mjedisit, Planifikimit Hapësinor dhe Infrastrukturës",213177 - Autoriteti Rajonal i Pellgjeve Lumore,60800 - Autoriteti Rajonal I Pellgjeve Lumore,0630,213177-2647560,20631,03.2026-12.2026,Vendosja e paisjeve digjitale per monitorimin e Digave te larta te Kosoves,,,,,,,,,,,0630 213177-2647560 20631 03.2026-12.2026 Vendosja e paisjeve digjitale per monitorimin e Digave te larta te Kosoves
3.2,132,327,source,"205000 - Ministria e Mjedisit, Planifikimit Hapësinor dhe Infrastrukturës",213177 - Autoriteti Rajonal i Pellgjeve Lumore,60800 - Autoriteti Rajonal I Pellgjeve Lumore,0630,213177-2647560,20631,03.2026-12.2026,Vendosja e paisjeve digjitale per monitorimin e Digave te larta te Kosoves,GQ,,0.0,0.0,200000.0,200000.0,0.0,0.0,0.0,200000.0,"GQ 0 0 200,000 200,000 0 0 0 200,000"
3.2,132,341,project,"205000 - Ministria e Mjedisit, Planifikimit Hapësinor dhe Infrastrukturës",213177 - Autoriteti Rajonal i Pellgjeve Lumore,60800 - Autoriteti Rajonal I Pellgjeve Lumore,0250,213177-2647688,20665,03.2026-11.2028,Trajtimi i ujerave te zeza ne fshatrat e Deqanit ne fshatin Irzniq dhe Gllogjan,,,,,,,,,,,0250 213177-2647688 20665 03.2026-11.2028 Trajtimi i ujerave te zeza ne fshatrat e Deqanit ne fshatin Irzniq dhe Gllogjan
3.2,132,355,source,"205000 - Ministria e Mjedisit, Planifikimit Hapësinor dhe Infrastrukturës",213177 - Autoriteti Rajonal i Pellgjeve Lumore,60800 - Autoriteti Rajonal I Pellgjeve Lumore,0250,213177-2647688,20665,03.2026-11.2028,Trajtimi i ujerave te zeza ne fshatrat e Deqanit ne fshatin Irzniq dhe Gllogjan,GQ,,0.0,0.0,1000000.0,1000000.0,1000000.0,2000000.0,0.0,4000000.0,"GQ 0 0 1,000,000 1,000,000 1,000,000 2,000,000 0 4,000,000"
3.2,132,369,subtotal,"205000 - Ministria e Mjedisit, Planifikimit Hapësinor dhe Infrastrukturës",213177 - Autoriteti Rajonal i Pellgjeve Lumore,60800 - Autoriteti Rajonal I Pellgjeve Lumore,,,,,Totali( GQ ) - Autoriteti Rajonal I Pellgjeve Lumore,GQ,,5887682.0,10520000.0,1900000.0,12420000.0,14220918.0,13643918.0,0.0,46172518.0,"Totali( GQ ) - Autoriteti Rajonal I Pellgjeve Lumore 5,887,682 10,520,000 1,900,000 12,420,000 14,220,918 13,643,918 0 46,172,518"
3.2,132,383,subtotal,"205000 - Ministria e Mjedisit, Planifikimit Hapësinor dhe Infrastrukturës",213177 - Autoriteti Rajonal i Pellgjeve Lumore,60800 - Autoriteti Rajonal I Pellgjeve Lumore,,,,,Totali - Autoriteti Rajonal I Pellgjeve Lumore,,,5887682.0,10520000.0,1900000.0,12420000.0,14220918.0,13643918.0,0.0,46172518.0,"Totali - Autoriteti Rajonal I Pellgjeve Lumore 5,887,682 10,520,000 1,900,000 12,420,000 14,220,918 13,643,918 0 46,172,518"
3.2,132,398,subtotal,"205000 - Ministria e Mjedisit, Planifikimit Hapësinor dhe Infrastrukturës",213177 - Autoriteti Rajonal i Pellgjeve Lumore,60800 - Autoriteti Rajonal I Pellgjeve Lumore,,,,,Totali ( GQ ) - Autoriteti Rajonal i Pellgjeve Lumore,GQ,,5887682.0,10520000.0,1900000.0,12420000.0,14220918.0,13643918.0,0.0,46172518.0,"Totali ( GQ ) - Autoriteti Rajonal i Pellgjeve Lumore 5,887,682 10,520,000 1,900,000 12,420,000 14,220,918 13,643,918 0 46,172,518"
3.2,132,412,subtotal,"205000 - Ministria e Mjedisit, Planifikimit Hapësinor dhe Infrastrukturës",213177 - Autoriteti Rajonal i Pellgjeve Lumore,60800 - Autoriteti Rajonal I Pellgjeve Lumore,,,,,Totali - Autoriteti Rajonal i Pellgjeve Lumore,,,5887682.0,10520000.0,1900000.0,12420000.0,14220918.0,13643918.0,0.0,46172518.0,"Totali - Autoriteti Rajonal i Pellgjeve Lumore 5,887,682 10,520,000 1,900,000 12,420,000 14,220,918 13,643,918 0 46,172,518"
3.2,132,454,project,"205000 - Ministria e Mjedisit, Planifikimit Hapësinor dhe Infrastrukturës",213178 - Agjencioni për Mbrojtjen e Mjedisit,43600 - Agjencioni i Mbrojtjes së Mjedisit,0560,210137-1420647,13917,09.2014-08.2017,Shenjezimi dhe digjitalizimi i zonave te mbrojtura te natyres,,,,,,,,,,,0560 210137-1420647 13917 09.2014-08.2017 Shenjezimi dhe digjitalizimi i zonave te mbrojtura te natyres
3.2,132,469,source,"205000 - Ministria e Mjedisit, Planifikimit Hapësinor dhe Infrastrukturës",213178 - Agjencioni për Mbrojtjen e Mjedisit,43600 - Agjencioni i Mbrojtjes së Mjedisit,0560,210137-1420647,13917,09.2014-08.2017,Shenjezimi dhe digjitalizimi i zonave te mbrojtura te natyres,GQ,,82221.0,20000.0,0.0,20000.0,20000.0,20000.0,0.0,142221.0,"GQ 82,221 20,000 0 20,000 20,000 20,000 0 142,221"
3.2,132,483,project,"205000 - Ministria e Mjedisit, Planifikimit Hapësinor dhe Infrastrukturës",213178 - Agjencioni për Mbrojtjen e Mjedisit,43600 - Agjencioni i Mbrojtjes së Mjedisit,0550,213178-2341420,19145,03.2024-10.2025,Ndertimi i objektit/nderteses se re te IHMK-se ne hapsiren/parcelen ekzistuese te IHMK-se ne Prishtine,,,,,,,,,,,0550 213178-2341420 19145 03.2024-10.2025 Ndertimi i objektit/nderteses se re te IHMK-se ne hapsiren/parcelen ekzistuese te IHMK-se ne Prishtine
3.2,132,497,source,"205000 - Ministria e Mjedisit, Planifikimit Hapësinor dhe Infrastrukturës",213178 - Agjencioni për Mbrojtjen e Mjedisit,43600 - Agjencioni i Mbrojtjes së Mjedisit,0550,213178-2341420,19145,03.2024-10.2025,Ndertimi i objektit/nderteses se re te IHMK-se ne hapsiren/parcelen ekzistuese te IHMK-se ne Prishtine,GQ,,0.0,750000.0,0.0,750000.0,750000.0,500000.0,0.0,2000000.0,"GQ 0 750,000 0 750,000 750,000 500,000 0 2,000,000"
3.2,133,171,project,"205000 - Ministria e Mjedisit, Planifikimit Hapësinor dhe Infrastrukturës",213178 - Agjencioni për Mbrojtjen e Mjedisit,43600 - Agjencioni i Mbrojtjes së Mjedisit,0560,213178-2341422,19146,07.2023-06.2025,Rregullimi dhe shenjezimi i shtigjeve të ecjes në territorin e Parqeve Kombetare,,,,,,,,,,,0560 213178-2341422 19146 07.2023-06.2025 Rregullimi dhe shenjezimi i shtigjeve të ecjes në territorin e Parqeve Kombetare
3.2,133,185,source,"205000 - Ministria e Mjedisit, Planifikimit Hapësinor dhe Infrastrukturës",213178 - Agjencioni për Mbrojtjen e Mjedisit,43600 - Agjencioni i Mbrojtjes së Mjedisit,0560,213178-2341422,19146,07.2023-06.2025,Rregullimi dhe shenjezimi i shtigjeve të ecjes në territorin e Parqeve Kombetare,GQ,,77254.0,20000.0,0.0,20000.0,20000.0,10000.0,0.0,127254.0,"GQ 77,254 20,000 0 20,000 20,000 10,000 0 127,254"
3.2,133,199,project,"205000 - Ministria e Mjedisit, Planifikimit Hapësinor dhe Infrastrukturës",213178 - Agjencioni për Mbrojtjen e Mjedisit,43600 - Agjencioni i Mbrojtjes së Mjedisit,0560,213178-2341424,19148,09.2023-06.2025,Rregullimi i Infrastruktures per aktivizimin edhe digjitalizimin e laurave ne parqet Kombetare,,,,,,,,,,,0560 213178-2341424 19148 09.2023-06.2025 Rregullimi i Infrastruktures per aktivizimin edhe digjitalizimin e laurave ne parqet Kombetare
3.2,133,213,source,"205000 - Ministria e Mjedisit, Planifikimit Hapësinor dhe Infrastrukturës",213178 - Agjencioni për Mbrojtjen e Mjedisit,43600 - Agjencioni i Mbrojtjes së Mjedisit,0560,213178-2341424,19148,09.2023-06.2025,Rregullimi i Infrastruktures per aktivizimin edhe digjitalizimin e laurave ne parqet Kombetare,GQ,,81464.0,100000.0,0.0,100000.0,30000.0,20000.0,0.0,231464.0,"GQ 81,464 100,000 0 100,000 30,000 20,000 0 231,464"
3.2,133,228,project,"205000 - Ministria e Mjedisit, Planifikimit Hapësinor dhe Infrastrukturës",213178 - Agjencioni për Mbrojtjen e Mjedisit,43600 - Agjencioni i Mbrojtjes së Mjedisit,0550,213178-2341430,19154,02.2024-12.2025,Perditesimi i regjistrit (kadastrit) te mbeturinave te rrezikshme dhe kemikateve dhe trajnimi i operatoreve per plotesimin e te dhenave,,,,,,,,,,,0550 213178-2341430 19154 02.2024-12.2025 Perditesimi i regjistrit (kadastrit) te mbeturinave te rrezikshme dhe kemikateve dhe trajnimi i operatoreve per plotesimin e te dhenave
3.2,133,242,source,"205000 - Ministria e Mjedisit, Planifikimit Hapësinor dhe Infrastrukturës",213178 - Agjencioni për Mbrojtjen e Mjedisit,43600 - Agjencioni i Mbrojtjes së Mjedisit,0550,213178-2341430,19154,02.2024-12.2025,Perditesimi i regjistrit (kadastrit) te mbeturinave te rrezikshme dhe kemikateve dhe trajnimi i operatoreve per plotesimin e te dhenave,GQ,,18189.0,10000.0,0.0,10000.0,10000.0,0.0,0.0,38189.0,"GQ 18,189 10,000 0 10,000 10,000 0 0 38,189"
3.2,133,256,project,"205000 - Ministria e Mjedisit, Planifikimit Hapësinor dhe Infrastrukturës",213178 - Agjencioni për Mbrojtjen e Mjedisit,43600 - Agjencioni i Mbrojtjes së Mjedisit,0560,213178-2343620,19218,03.2023-12.2023,"Ndërtimi i objektit (Zyreve) në Parkun Kombëtar ""Bjeshkët e Nemuna""",,,,,,,,,,,"0560 213178-2343620 19218 03.2023-12.2023 Ndërtimi i objektit (Zyreve) në Parkun Kombëtar ""Bjeshkët e Nemuna"""
3.2,133,270,source,"205000 - Ministria e Mjedisit, Planifikimit Hapësinor dhe Infrastrukturës",213178 - Agjencioni për Mbrojtjen e Mjedisit,43600 - Agjencioni i Mbrojtjes së Mjedisit,0560,213178-2343620,19218,03.2023-12.2023,"Ndërtimi i objektit (Zyreve) në Parkun Kombëtar ""Bjeshkët e Nemuna""",GQ,,0.0,100000.0,0.0,100000.0,100000.0,100000.0,0.0,300000.0,"GQ 0 100,000 0 100,000 100,000 100,000 0 300,000"
3.2,133,284,project,"205000 - Ministria e Mjedisit, Planifikimit Hapësinor dhe Infrastrukturës",213178 - Agjencioni për Mbrojtjen e Mjedisit,43600 - Agjencioni i Mbrojtjes së Mjedisit,0133,213178-2545988,19580,02.2025-12.2025,"Blerja e droneve per dy parqet kombetare, parku kombetar: ""Bjeshket e Nemuna dhe ""Sharri""",,,,,,,,,,,"0133 213178-2545988 19580 02.2025-12.2025 Blerja e droneve per dy parqet kombetare, parku kombetar: ""Bjeshket e Nemuna dhe ""Sharri"""
3.2,133,298,source,"205000 - Ministria e Mjedisit, Planifikimit Hapësinor dhe Infrastrukturës",213178 - Agjencioni për Mbrojtjen e Mjedisit,43600 - Agjencioni i Mbrojtjes së Mjedisit,0133,213178-2545988,19580,02.2025-12.2025,"Blerja e droneve per dy parqet kombetare, parku kombetar: ""Bjeshket e Nemuna dhe ""Sharri""",GQ,,0.0,0.0,15000.0,15000.0,0.0,0.0,0.0,15000.0,"GQ 0 0 15,000 15,000 0 0 0 15,000"
3.2,133,313,project,"205000 - Ministria e Mjedisit, Planifikimit Hapësinor dhe Infrastrukturës",213178 - Agjencioni për Mbrojtjen e Mjedisit,43600 - Agjencioni i Mbrojtjes së Mjedisit,0560,213178-2545991,19583,01.2025-11.2027,Blerja e paisjevev per monitorimin e cilesise se ajrit,,,,,,,,,,,0560 213178-2545991 19583 01.2025-11.2027 Blerja e paisjevev per monitorimin e cilesise se ajrit
3.2,133,327,source,"205000 - Ministria e Mjedisit, Planifikimit Hapësinor dhe Infrastrukturës",213178 - Agjencioni për Mbrojtjen e Mjedisit,43600 - Agjencioni i Mbrojtjes së Mjedisit,0560,213178-2545991,19583,01.2025-11.2027,Blerja e paisjevev per monitorimin e cilesise se ajrit,GQ,,21105.0,0.0,30000.0,30000.0,30000.0,20000.0,0.0,101105.0,"GQ 21,105 0 30,000 30,000 30,000 20,000 0 101,105"
3.2,133,341,project,"205000 - Ministria e Mjedisit, Planifikimit Hapësinor dhe Infrastrukturës",213178 - Agjencioni për Mbrojtjen e Mjedisit,43600 - Agjencioni i Mbrojtjes së Mjedisit,0560,213178-2545997,19586,01.2025-12.2026,Ndertimi i qendrave informuese per DAPK-Bjeshket e Nemuna-dhe PK-Sharri,,,,,,,,,,,0560 213178-2545997 19586 01.2025-12.2026 Ndertimi i qendrave informuese per DAPK-Bjeshket e Nemuna-dhe PK-Sharri
3.2,133,355,source,"205000 - Ministria e Mjedisit, Planifikimit Hapësinor dhe Infrastrukturës",213178 - Agjencioni për Mbrojtjen e Mjedisit,43600 - Agjencioni i Mbrojtjes së Mjedisit,0560,213178-2545997,19586,01.2025-12.2026,Ndertimi i qendrave informuese per DAPK-Bjeshket e Nemuna-dhe PK-Sharri,GQ,,0.0,200000.0,0.0,200000.0,200000.0,20000.0,0.0,420000.0,"GQ 0 200,000 0 200,000 200,000 20,000 0 420,000"
3.2,133,369,project,"205000 - Ministria e Mjedisit, Planifikimit Hapësinor dhe Infrastrukturës",213178 - Agjencioni për Mbrojtjen e Mjedisit,43600 - Agjencioni i Mbrojtjes së Mjedisit,0560,213178-2546016,19592,02.2025-12.2027,Blerje te pajisjve te reja per Laboratoret e Monitorimit te Mjedisit ne IHMK,,,,,,,,,,,0560 213178-2546016 19592 02.2025-12.2027 Blerje te pajisjve te reja per Laboratoret e Monitorimit te Mjedisit ne IHMK
3.2,133,383,source,"205000 - Ministria e Mjedisit, Planifikimit Hapësinor dhe Infrastrukturës",213178 - Agjencioni për Mbrojtjen e Mjedisit,43600 - Agjencioni i Mbrojtjes së Mjedisit,0560,213178-2546016,19592,02.2025-12.2027,Blerje te pajisjve te reja per Laboratoret e Monitorimit te Mjedisit ne IHMK,GQ,,0.0,0.0,100000.0,100000.0,50000.0,50000.0,0.0,200000.0,"GQ 0 0 100,000 100,000 50,000 50,000 0 200,000"
3.2,133,398,subtotal,"205000 - Ministria e Mjedisit, Planifikimit Hapësinor dhe Infrastrukturës",213178 - Agjencioni për Mbrojtjen e Mjedisit,43600 - Agjencioni i Mbrojtjes së Mjedisit,,,,,Totali( GQ ) - Agjencioni i Mbrojtjes së Mjedisit,GQ,,280233.0,1200000.0,145000.0,1345000.0,1210000.0,740000.0,0.0,3575233.0,"Totali( GQ ) - Agjencioni i Mbrojtjes së Mjedisit 280,233 1,200,000 145,000 1,345,000 1,210,000 740,000 0 3,575,233"
3.2,133,412,subtotal,"205000 - Ministria e Mjedisit, Planifikimit Hapësinor dhe Infrastrukturës",213178 - Agjencioni për Mbrojtjen e Mjedisit,43600 - Agjencioni i Mbrojtjes së Mjedisit,,,,,Totali - Agjencioni i Mbrojtjes së Mjedisit,,,280233.0,1200000.0,145000.0,1345000.0,1210000.0,740000.0,0.0,3575233.0,"Totali - Agjencioni i Mbrojtjes së Mjedisit 280,233 1,200,000 145,000 1,345,000 1,210,000 740,000 0 3,575,233"
3.2,133,426,subtotal,"205000 - Ministria e Mjedisit, Planifikimit Hapësinor dhe Infrastrukturës",213178 - Agjencioni për Mbrojtjen e Mjedisit,43600 - Agjencioni i Mbrojtjes së Mjedisit,,,,,Totali ( GQ ) - Agjencioni për Mbrojtjen e Mjedisit,GQ,,280233.0,1200000.0,145000.0,1345000.0,1210000.0,740000.0,0.0,3575233.0,"Totali ( GQ ) - Agjencioni për Mbrojtjen e Mjedisit 280,233 1,200,000 145,000 1,345,000 1,210,000 740,000 0 3,575,233"
3.2,133,440,subtotal,"205000 - Ministria e Mjedisit, Planifikimit Hapësinor dhe Infrastrukturës",213178 - Agjencioni për Mbrojtjen e Mjedisit,43600 - Agjencioni i Mbrojtjes së Mjedisit,,,,,Totali - Agjencioni për Mbrojtjen e Mjedisit,,,280233.0,1200000.0,145000.0,1345000.0,1210000.0,740000.0,0.0,3575233.0,"Totali - Agjencioni për Mbrojtjen e Mjedisit 280,233 1,200,000 145,000 1,345,000 1,210,000 740,000 0 3,575,233"
3.2,133,483,project,"205000 - Ministria e Mjedisit, Planifikimit Hapësinor dhe Infrastrukturës",213179 - Agjensia e Kadastrave të Kosovës,60100 - Shërbimet e Kadastrave,0133,210137-2035590,18750,03.2020-12.2026,Rrjeti i nivelimit dhe sistemi referent i lartesive,,,,,,,,,,,0133 210137-2035590 18750 03.2020-12.2026 Rrjeti i nivelimit dhe sistemi referent i lartesive
3.2,133,497,source,"205000 - Ministria e Mjedisit, Planifikimit Hapësinor dhe Infrastrukturës",213179 - Agjensia e Kadastrave të Kosovës,60100 - Shërbimet e Kadastrave,0133,210137-2035590,18750,03.2020-12.2026,Rrjeti i nivelimit dhe sistemi referent i lartesive,GQ,,430034.0,250000.0,0.0,250000.0,0.0,0.0,0.0,680034.0,"GQ 430,034 250,000 0 250,000 0 0 0 680,034"
3.2,134,171,project,"205000 - Ministria e Mjedisit, Planifikimit Hapësinor dhe Infrastrukturës",213179 - Agjensia e Kadastrave të Kosovës,60100 - Shërbimet e Kadastrave,0620,210138-1214005,13905,01.2026-12.2028,Rindertimi i informacioneve Kadastrale,,,,,,,,,,,0620 210138-1214005 13905 01.2026-12.2028 Rindertimi i informacioneve Kadastrale
3.2,134,185,source,"205000 - Ministria e Mjedisit, Planifikimit Hapësinor dhe Infrastrukturës",213179 - Agjensia e Kadastrave të Kosovës,60100 - Shërbimet e Kadastrave,0620,210138-1214005,13905,01.2026-12.2028,Rindertimi i informacioneve Kadastrale,GQ,,829109.0,500000.0,0.0,500000.0,700000.0,750000.0,0.0,2779109.0,"GQ 829,109 500,000 0 500,000 700,000 750,000 0 2,779,109"
3.2,134,199,project,"205000 - Ministria e Mjedisit, Planifikimit Hapësinor dhe Infrastrukturës",213179 - Agjensia e Kadastrave të Kosovës,60100 - Shërbimet e Kadastrave,0133,213179-2341404,19136,03.2023-12.2028,Avancimi i infrastrukturës së TI-së (HW+SW),,,,,,,,,,,0133 213179-2341404 19136 03.2023-12.2028 Avancimi i infrastrukturës së TI-së (HW+SW)
3.2,134,213,source,"205000 - Ministria e Mjedisit, Planifikimit Hapësinor dhe Infrastrukturës",213179 - Agjensia e Kadastrave të Kosovës,60100 - Shërbimet e Kadastrave,0133,213179-2341404,19136,03.2023-12.2028,Avancimi i infrastrukturës së TI-së (HW+SW),GQ,,9850.0,200000.0,0.0,200000.0,10000.0,10000.0,0.0,229850.0,"GQ 9,850 200,000 0 200,000 10,000 10,000 0 229,850"
3.2,134,228,project,"205000 - Ministria e Mjedisit, Planifikimit Hapësinor dhe Infrastrukturës",213179 - Agjensia e Kadastrave të Kosovës,60100 - Shërbimet e Kadastrave,0451,213179-2443956,19281,03.2024-12.2026,Blerja e dy veturave për terren,,,,,,,,,,,0451 213179-2443956 19281 03.2024-12.2026 Blerja e dy veturave për terren
3.2,134,242,source,"205000 - Ministria e Mjedisit, Planifikimit Hapësinor dhe Infrastrukturës",213179 - Agjensia e Kadastrave të Kosovës,60100 - Shërbimet e Kadastrave,0451,213179-2443956,19281,03.2024-12.2026,Blerja e dy veturave për terren,GQ,,85794.0,75000.0,0.0,75000.0,0.0,0.0,0.0,160794.0,"GQ 85,794 75,000 0 75,000 0 0 0 160,794"
3.2,134,256,subtotal,"205000 - Ministria e Mjedisit, Planifikimit Hapësinor dhe Infrastrukturës",213179 - Agjensia e Kadastrave të Kosovës,60100 - Shërbimet e Kadastrave,,,,,Totali( GQ ) - Shërbimet e Kadastrave,GQ,,1354786.0,1025000.0,0.0,1025000.0,710000.0,760000.0,0.0,3849786.0,"Totali( GQ ) - Shërbimet e Kadastrave 1,354,786 1,025,000 0 1,025,000 710,000 760,000 0 3,849,786"
3.2,134,270,subtotal,"205000 - Ministria e Mjedisit, Planifikimit Hapësinor dhe Infrastrukturës",213179 - Agjensia e Kadastrave të Kosovës,60100 - Shërbimet e Kadastrave,,,,,Totali - Shërbimet e Kadastrave,,,1354786.0,1025000.0,0.0,1025000.0,710000.0,760000.0,0.0,3849786.0,"Totali - Shërbimet e Kadastrave 1,354,786 1,025,000 0 1,025,000 710,000 760,000 0 3,849,786"
3.2,134,284,subtotal,"205000 - Ministria e Mjedisit, Planifikimit Hapësinor dhe Infrastrukturës",213179 - Agjensia e Kadastrave të Kosovës,60100 - Shërbimet e Kadastrave,,,,,Totali ( GQ ) - Agjensia e Kadastrave të Kosovës,GQ,,1354786.0,1025000.0,0.0,1025000.0,710000.0,760000.0,0.0,3849786.0,"Totali ( GQ ) - Agjensia e Kadastrave të Kosovës 1,354,786 1,025,000 0 1,025,000 710,000 760,000 0 3,849,786"
3.2,134,298,subtotal,"205000 - Ministria e Mjedisit, Planifikimit Hapësinor dhe Infrastrukturës",213179 - Agjensia e Kadastrave të Kosovës,60100 - Shërbimet e Kadastrave,,,,,Totali - Agjensia e Kadastrave të Kosovës,,,1354786.0,1025000.0,0.0,1025000.0,710000.0,760000.0,0.0,3849786.0,"Totali - Agjensia e Kadastrave të Kosovës 1,354,786 1,025,000 0 1,025,000 710,000 760,000 0 3,849,786"
3.2,134,341,project,"205000 - Ministria e Mjedisit, Planifikimit Hapësinor dhe Infrastrukturës",213181 - Instituti i Planifikimit Hapësinor,60900 - Instituti i Planifikimit Hapë sinor,0160,213181-2239700,18986,03.2022-11.2024,Zhvillimi dhe funfsionalizimi i bazës së të dhënave për planifikim hapësinor,,,,,,,,,,,0160 213181-2239700 18986 03.2022-11.2024 Zhvillimi dhe funfsionalizimi i bazës së të dhënave për planifikim hapësinor
3.2,134,355,source,"205000 - Ministria e Mjedisit, Planifikimit Hapësinor dhe Infrastrukturës",213181 - Instituti i Planifikimit Hapësinor,60900 - Instituti i Planifikimit Hapë sinor,0160,213181-2239700,18986,03.2022-11.2024,Zhvillimi dhe funfsionalizimi i bazës së të dhënave për planifikim hapësinor,GQ,,33300.0,200000.0,0.0,200000.0,200000.0,200000.0,0.0,633300.0,"GQ 33,300 200,000 0 200,000 200,000 200,000 0 633,300"
3.2,134,369,subtotal,"205000 - Ministria e Mjedisit, Planifikimit Hapësinor dhe Infrastrukturës",213181 - Instituti i Planifikimit Hapësinor,60900 - Instituti i Planifikimit Hapë sinor,,,,,Totali ( GQ ) - Instituti i Planifikimit Hapë sinor,GQ,,33300.0,200000.0,0.0,200000.0,200000.0,200000.0,0.0,633300.0,"Totali ( GQ ) - Instituti i Planifikimit Hapë sinor 33,300 200,000 0 200,000 200,000 200,000 0 633,300"
3.2,134,383,subtotal,"205000 - Ministria e Mjedisit, Planifikimit Hapësinor dhe Infrastrukturës",213181 - Instituti i Planifikimit Hapësinor,60900 - Instituti i Planifikimit Hapë sinor,,,,,Totali - Instituti i Planifikimit Hapësinor,,,33300.0,200000.0,0.0,200000.0,200000.0,200000.0,0.0,633300.0,"Totali - Instituti i Planifikimit Hapësinor 33,300 200,000 0 200,000 200,000 200,000 0 633,300"
3.2,134,397,subtotal,"205000 - Ministria e Mjedisit, Planifikimit Hapësinor dhe Infrastrukturës",213181 - Instituti i Planifikimit Hapësinor,60900 - Instituti i Planifikimit Hapë sinor,,,,,Totali ( GQ ) - Instituti i Planifikimit Hapësinor,GQ,,33300.0,200000.0,0.0,200000.0,200000.0,200000.0,0.0,633300.0,"Totali ( GQ ) - Instituti i Planifikimit Hapësinor 33,300 200,000 0 200,000 200,000 200,000 0 633,300"
3.2,134,412,subtotal,"205000 - Ministria e Mjedisit, Planifikimit Hapësinor dhe Infrastrukturës",213181 - Instituti i Planifikimit Hapësinor,60900 - Instituti i Planifikimit Hapë sinor,,,,,Totali - Instituti i Planifikimit Hapësinor,,,33300.0,200000.0,0.0,200000.0,200000.0,200000.0,0.0,633300.0,"Totali - Instituti i Planifikimit Hapësinor 33,300 200,000 0 200,000 200,000 200,000 0 633,300"
3.2,134,426,subtotal,"205000 - Ministria e Mjedisit, Planifikimit Hapësinor dhe Infrastrukturës",213181 - Instituti i Planifikimit Hapësinor,60900 - Instituti i Planifikimit Hapë sinor,,,,,"Totali ( GQ ) - Ministria e Mjedisit, Planifikimit Hapësinor dhe Infrastrukturës",GQ,,952813097.0,234028222.0,7010043.0,241038265.0,258445265.0,254028625.0,0.0,1706325252.0,"Totali ( GQ ) - Ministria e Mjedisit, Planifikimit Hapësinor dhe Infrastrukturës 952,813,097 234,028,222 7,010,043 241,038,265 258,445,265 254,028,625 0 1,706,325,252"
3.2,134,440,subtotal,"205000 - Ministria e Mjedisit, Planifikimit Hapësinor dhe Infrastrukturës",213181 - Instituti i Planifikimit Hapësinor,60900 - Instituti i Planifikimit Hapë sinor,,,,,"Totali ( FH ) - Ministria e Mjedisit, Planifikimit Hapësinor dhe Infrastrukturës",FH,,45788301.0,2650000.0,0.0,2650000.0,12593000.0,7500000.0,0.0,68531301.0,"Totali ( FH ) - Ministria e Mjedisit, Planifikimit Hapësinor dhe Infrastrukturës 45,788,301 2,650,000 0 2,650,000 12,593,000 7,500,000 0 68,531,301"
3.2,134,454,subtotal,"205000 - Ministria e Mjedisit, Planifikimit Hapësinor dhe Infrastrukturës",213181 - Instituti i Planifikimit Hapësinor,60900 - Instituti i Planifikimit Hapë sinor,,,,,"Totali - Ministria e Mjedisit, Planifikimit Hapësinor dhe Infrastrukturës",,,998601398.0,236678222.0,7010043.0,243688265.0,271038265.0,261528625.0,0.0,1774856553.0,"Totali - Ministria e Mjedisit, Planifikimit Hapësinor dhe Infrastrukturës 998,601,398 236,678,222 7,010,043 243,688,265 271,038,265 261,528,625 0 1,774,856,553"
3.2,135,171,project,206000 - Ministria e Shëndetësisë,206086 - Shërbimet e Kujdesit Parësor Shëndetësor,71000 - Zhvillimi i Resurseve Njerë zore në KPSH,0721,206086-1627655,14545,01.2016-12.2027,Paisje të tjera mjekësore për QKMF,,,,,,,,,,,0721 206086-1627655 14545 01.2016-12.2027 Paisje të tjera mjekësore për QKMF
3.2,135,185,source,206000 - Ministria e Shëndetësisë,206086 - Shërbimet e Kujdesit Parësor Shëndetësor,71000 - Zhvillimi i Resurseve Njerë zore në KPSH,0721,206086-1627655,14545,01.2016-12.2027,Paisje të tjera mjekësore për QKMF,GQ,,415138.0,550000.0,0.0,550000.0,200000.0,400000.0,0.0,1565138.0,"GQ 415,138 550,000 0 550,000 200,000 400,000 0 1,565,138"
3.2,135,199,project,206000 - Ministria e Shëndetësisë,206086 - Shërbimet e Kujdesit Parësor Shëndetësor,71000 - Zhvillimi i Resurseve Njerë zore në KPSH,0721,206086-2139598,18945,07.2023-12.2025,Ndërtimi i QKMF-së Ferizaj,,,,,,,,,,,0721 206086-2139598 18945 07.2023-12.2025 Ndërtimi i QKMF-së Ferizaj
3.2,135,213,source,206000 - Ministria e Shëndetësisë,206086 - Shërbimet e Kujdesit Parësor Shëndetësor,71000 - Zhvillimi i Resurseve Njerë zore në KPSH,0721,206086-2139598,18945,07.2023-12.2025,Ndërtimi i QKMF-së Ferizaj,GQ,,1603779.0,100000.0,0.0,100000.0,1000000.0,0.0,0.0,2703779.0,"GQ 1,603,779 100,000 0 100,000 1,000,000 0 0 2,703,779"
3.2,135,228,project,206000 - Ministria e Shëndetësisë,206086 - Shërbimet e Kujdesit Parësor Shëndetësor,71000 - Zhvillimi i Resurseve Njerë zore në KPSH,0721,206086-2139600,18946,07.2023-12.2025,Ndërtimi i QKMF Istog,,,,,,,,,,,0721 206086-2139600 18946 07.2023-12.2025 Ndërtimi i QKMF Istog
3.2,135,242,source,206000 - Ministria e Shëndetësisë,206086 - Shërbimet e Kujdesit Parësor Shëndetësor,71000 - Zhvillimi i Resurseve Njerë zore në KPSH,0721,206086-2139600,18946,07.2023-12.2025,Ndërtimi i QKMF Istog,GQ,,1261377.0,1000000.0,0.0,1000000.0,306177.0,20000.0,0.0,2587554.0,"GQ 1,261,377 1,000,000 0 1,000,000 306,177 20,000 0 2,587,554"
3.2,135,256,project,206000 - Ministria e Shëndetësisë,206086 - Shërbimet e Kujdesit Parësor Shëndetësor,71000 - Zhvillimi i Resurseve Njerë zore në KPSH,0721,206086-2139602,18947,09.2023-12.2025,Ndërtimi i QKMF Drenas,,,,,,,,,,,0721 206086-2139602 18947 09.2023-12.2025 Ndërtimi i QKMF Drenas
3.2,135,270,source,206000 - Ministria e Shëndetësisë,206086 - Shërbimet e Kujdesit Parësor Shëndetësor,71000 - Zhvillimi i Resurseve Njerë zore në KPSH,0721,206086-2139602,18947,09.2023-12.2025,Ndërtimi i QKMF Drenas,GQ,,0.0,600000.0,0.0,600000.0,1420000.0,910000.0,0.0,2930000.0,"GQ 0 600,000 0 600,000 1,420,000 910,000 0 2,930,000"
3.2,135,284,project,206000 - Ministria e Shëndetësisë,206086 - Shërbimet e Kujdesit Parësor Shëndetësor,71000 - Zhvillimi i Resurseve Njerë zore në KPSH,0721,206086-2343576,19187,01.2023-12.2026,NDËRTIMI QKMF SHTIME,,,,,,,,,,,0721 206086-2343576 19187 01.2023-12.2026 NDËRTIMI QKMF SHTIME
3.2,135,298,source,206000 - Ministria e Shëndetësisë,206086 - Shërbimet e Kujdesit Parësor Shëndetësor,71000 - Zhvillimi i Resurseve Njerë zore në KPSH,0721,206086-2343576,19187,01.2023-12.2026,NDËRTIMI QKMF SHTIME,GQ,,1007002.0,1100000.0,0.0,1100000.0,300000.0,0.0,0.0,2407002.0,"GQ 1,007,002 1,100,000 0 1,100,000 300,000 0 0 2,407,002"
3.2,135,313,project,206000 - Ministria e Shëndetësisë,206086 - Shërbimet e Kujdesit Parësor Shëndetësor,71000 - Zhvillimi i Resurseve Njerë zore në KPSH,0721,206086-2546036,19604,03.2025-12.2025,Ndertimi I QKMF së së re në Fushë Kosovë,,,,,,,,,,,0721 206086-2546036 19604 03.2025-12.2025 Ndertimi I QKMF së së re në Fushë Kosovë
3.2,135,327,source,206000 - Ministria e Shëndetësisë,206086 - Shërbimet e Kujdesit Parësor Shëndetësor,71000 - Zhvillimi i Resurseve Njerë zore në KPSH,0721,206086-2546036,19604,03.2025-12.2025,Ndertimi I QKMF së së re në Fushë Kosovë,GQ,,0.0,1500000.0,0.0,1500000.0,199000.0,2100000.0,0.0,3799000.0,"GQ 0 1,500,000 0 1,500,000 199,000 2,100,000 0 3,799,000"
3.2,135,341,project,206000 - Ministria e Shëndetësisë,206086 - Shërbimet e Kujdesit Parësor Shëndetësor,71000 - Zhvillimi i Resurseve Njerë zore në KPSH,0750,206086-2647702,20669,01.2026-12.2026,RENOVIMI I AMF BANULLE / LIPJAN,,,,,,,,,,,0750 206086-2647702 20669 01.2026-12.2026 RENOVIMI I AMF BANULLE / LIPJAN
3.2,135,355,source,206000 - Ministria e Shëndetësisë,206086 - Shërbimet e Kujdesit Parësor Shëndetësor,71000 - Zhvillimi i Resurseve Njerë zore në KPSH,0750,206086-2647702,20669,01.2026-12.2026,RENOVIMI I AMF BANULLE / LIPJAN,GQ,,0.0,0.0,50000.0,50000.0,0.0,0.0,0.0,50000.0,"GQ 0 0 50,000 50,000 0 0 0 50,000"
3.2,135,369,project,206000 - Ministria e Shëndetësisë,206086 - Shërbimet e Kujdesit Parësor Shëndetësor,71000 - Zhvillimi i Resurseve Njerë zore në KPSH,0721,206086-2647707,20671,01.2026-12.2028,NDERTIMI I QMF RAHOVECE,,,,,,,,,,,0721 206086-2647707 20671 01.2026-12.2028 NDERTIMI I QMF RAHOVECE
3.2,135,383,source,206000 - Ministria e Shëndetësisë,206086 - Shërbimet e Kujdesit Parësor Shëndetësor,71000 - Zhvillimi i Resurseve Njerë zore në KPSH,0721,206086-2647707,20671,01.2026-12.2028,NDERTIMI I QMF RAHOVECE,GQ,,0.0,0.0,50000.0,50000.0,100000.0,200000.0,0.0,350000.0,"GQ 0 0 50,000 50,000 100,000 200,000 0 350,000"
3.2,135,398,project,206000 - Ministria e Shëndetësisë,206086 - Shërbimet e Kujdesit Parësor Shëndetësor,71000 - Zhvillimi i Resurseve Njerë zore në KPSH,0443,206086-2648574,20688,01.2026-12.2026,RENOVIMI I AMF MITROVICE TE VERIUT,,,,,,,,,,,0443 206086-2648574 20688 01.2026-12.2026 RENOVIMI I AMF MITROVICE TE VERIUT
3.2,135,412,source,206000 - Ministria e Shëndetësisë,206086 - Shërbimet e Kujdesit Parësor Shëndetësor,71000 - Zhvillimi i Resurseve Njerë zore në KPSH,0443,206086-2648574,20688,01.2026-12.2026,RENOVIMI I AMF MITROVICE TE VERIUT,GQ,,0.0,0.0,46000.0,46000.0,0.0,0.0,0.0,46000.0,"GQ 0 0 46,000 46,000 0 0 0 46,000"
3.2,135,426,project,206000 - Ministria e Shëndetësisë,206086 - Shërbimet e Kujdesit Parësor Shëndetësor,71000 - Zhvillimi i Resurseve Njerë zore në KPSH,0443,206086-2648576,20689,01.2026-12.2028,NDËRTIMI I QKMF SUHAREKË,,,,,,,,,,,0443 206086-2648576 20689 01.2026-12.2028 NDËRTIMI I QKMF SUHAREKË
3.2,135,440,source,206000 - Ministria e Shëndetësisë,206086 - Shërbimet e Kujdesit Parësor Shëndetësor,71000 - Zhvillimi i Resurseve Njerë zore në KPSH,0443,206086-2648576,20689,01.2026-12.2028,NDËRTIMI I QKMF SUHAREKË,GQ,,0.0,0.0,500000.0,500000.0,1500000.0,1950000.0,0.0,3950000.0,"GQ 0 0 500,000 500,000 1,500,000 1,950,000 0 3,950,000"
3.2,135,454,subtotal,206000 - Ministria e Shëndetësisë,206086 - Shërbimet e Kujdesit Parësor Shëndetësor,71000 - Zhvillimi i Resurseve Njerë zore në KPSH,,,,,Totali( GQ ) - Zhvillimi i Resurseve Njerë zore në KPSH,GQ,,4287295.0,4850000.0,646000.0,5496000.0,5025177.0,5580000.0,0.0,20388472.0,"Totali( GQ ) - Zhvillimi i Resurseve Njerë zore në KPSH 4,287,295 4,850,000 646,000 5,496,000 5,025,177 5,580,000 0 20,388,472"
3.2,135,469,subtotal,206000 - Ministria e Shëndetësisë,206086 - Shërbimet e Kujdesit Parësor Shëndetësor,71000 - Zhvillimi i Resurseve Njerë zore në KPSH,,,,,Totali - Zhvillimi i Resurseve Njerë zore në KPSH,,,4287295.0,4850000.0,646000.0,5496000.0,5025177.0,5580000.0,0.0,20388472.0,"Totali - Zhvillimi i Resurseve Njerë zore në KPSH 4,287,295 4,850,000 646,000 5,496,000 5,025,177 5,580,000 0 20,388,472"
3.2,135,483,subtotal,206000 - Ministria e Shëndetësisë,206086 - Shërbimet e Kujdesit Parësor Shëndetësor,71000 - Zhvillimi i Resurseve Njerë zore në KPSH,,,,,Totali ( GQ ) - Shërbimet e Kujdesit Parësor Shëndetësor,GQ,,4287295.0,4850000.0,646000.0,5496000.0,5025177.0,5580000.0,0.0,20388472.0,"Totali ( GQ ) - Shërbimet e Kujdesit Parësor Shëndetësor 4,287,295 4,850,000 646,000 5,496,000 5,025,177 5,580,000 0 20,388,472"
3.2,135,497,subtotal,206000 - Ministria e Shëndetësisë,206086 - Shërbimet e Kujdesit Parësor Shëndetësor,71000 - Zhvillimi i Resurseve Njerë zore në KPSH,,,,,Totali - Shërbimet e Kujdesit Parësor Shëndetësor,,,4287295.0,4850000.0,646000.0,5496000.0,5025177.0,5580000.0,0.0,20388472.0,"Totali - Shërbimet e Kujdesit Parësor Shëndetësor 4,287,295 4,850,000 646,000 5,496,000 5,025,177 5,580,000 0 20,388,472"
3.2,136,199,project,206000 - Ministria e Shëndetësisë,206087 - Programet Mbështetëse të Sistemit Shëndetësor,71100 - Programet e Shë ndetit Publik,0443,206087-2546001,19588,03.2025-12.2025,Renovimi i zyreve të pranimit dhe i nyjeve sanitare IKSHPK,,,,,,,,,,,0443 206087-2546001 19588 03.2025-12.2025 Renovimi i zyreve të pranimit dhe i nyjeve sanitare IKSHPK
3.2,136,213,source,206000 - Ministria e Shëndetësisë,206087 - Programet Mbështetëse të Sistemit Shëndetësor,71100 - Programet e Shë ndetit Publik,0443,206087-2546001,19588,03.2025-12.2025,Renovimi i zyreve të pranimit dhe i nyjeve sanitare IKSHPK,GQ,,0.0,0.0,150000.0,150000.0,150000.0,0.0,0.0,300000.0,"GQ 0 0 150,000 150,000 150,000 0 0 300,000"
3.2,136,228,project,206000 - Ministria e Shëndetësisë,206087 - Programet Mbështetëse të Sistemit Shëndetësor,71100 - Programet e Shë ndetit Publik,0443,206087-2647769,20685,01.2026-12.2027,LIFTA PER IKSHPK,,,,,,,,,,,0443 206087-2647769 20685 01.2026-12.2027 LIFTA PER IKSHPK
3.2,136,242,source,206000 - Ministria e Shëndetësisë,206087 - Programet Mbështetëse të Sistemit Shëndetësor,71100 - Programet e Shë ndetit Publik,0443,206087-2647769,20685,01.2026-12.2027,LIFTA PER IKSHPK,GQ,,0.0,0.0,120000.0,120000.0,0.0,0.0,0.0,120000.0,"GQ 0 0 120,000 120,000 0 0 0 120,000"
3.2,136,256,project,206000 - Ministria e Shëndetësisë,206087 - Programet Mbështetëse të Sistemit Shëndetësor,71100 - Programet e Shë ndetit Publik,0712,206087-2648573,20687,01.2026-12.2026,UPS PER PAJISJE MJEKESORE,,,,,,,,,,,0712 206087-2648573 20687 01.2026-12.2026 UPS PER PAJISJE MJEKESORE
3.2,136,270,source,206000 - Ministria e Shëndetësisë,206087 - Programet Mbështetëse të Sistemit Shëndetësor,71100 - Programet e Shë ndetit Publik,0712,206087-2648573,20687,01.2026-12.2026,UPS PER PAJISJE MJEKESORE,GQ,,0.0,0.0,20000.0,20000.0,0.0,0.0,0.0,20000.0,"GQ 0 0 20,000 20,000 0 0 0 20,000"
3.2,136,284,subtotal,206000 - Ministria e Shëndetësisë,206087 - Programet Mbështetëse të Sistemit Shëndetësor,71100 - Programet e Shë ndetit Publik,,,,,Totali ( GQ ) - Programet e Shë ndetit Publik,GQ,,0.0,0.0,290000.0,290000.0,150000.0,0.0,0.0,440000.0,"Totali ( GQ ) - Programet e Shë ndetit Publik 0 0 290,000 290,000 150,000 0 0 440,000"
3.2,136,298,subtotal,206000 - Ministria e Shëndetësisë,206087 - Programet Mbështetëse të Sistemit Shëndetësor,71100 - Programet e Shë ndetit Publik,,,,,Totali - Programet e Shëndetit Publik,,,0.0,0.0,290000.0,290000.0,150000.0,0.0,0.0,440000.0,"Totali - Programet e Shëndetit Publik 0 0 290,000 290,000 150,000 0 0 440,000"
3.2,136,327,project,206000 - Ministria e Shëndetësisë,206087 - Programet Mbështetëse të Sistemit Shëndetësor,71300 - Shërbimet Pë rkatë se Farmaceutike,0133,206087-2648577,20690,01.2026-12.2026,PIRUNER PËR DEPO TË BARNAVE,,,,,,,,,,,0133 206087-2648577 20690 01.2026-12.2026 PIRUNER PËR DEPO TË BARNAVE
3.2,136,341,source,206000 - Ministria e Shëndetësisë,206087 - Programet Mbështetëse të Sistemit Shëndetësor,71300 - Shërbimet Pë rkatë se Farmaceutike,0133,206087-2648577,20690,01.2026-12.2026,PIRUNER PËR DEPO TË BARNAVE,GQ,,0.0,0.0,35000.0,35000.0,0.0,0.0,0.0,35000.0,"GQ 0 0 35,000 35,000 0 0 0 35,000"
3.2,136,355,subtotal,206000 - Ministria e Shëndetësisë,206087 - Programet Mbështetëse të Sistemit Shëndetësor,71300 - Shërbimet Pë rkatë se Farmaceutike,,,,,Totali ( GQ ) - Shërbimet Pë rkatë se Farmaceutike,GQ,,0.0,0.0,35000.0,35000.0,0.0,0.0,0.0,35000.0,"Totali ( GQ ) - Shërbimet Pë rkatë se Farmaceutike 0 0 35,000 35,000 0 0 0 35,000"
3.2,136,369,subtotal,206000 - Ministria e Shëndetësisë,206087 - Programet Mbështetëse të Sistemit Shëndetësor,71300 - Shërbimet Pë rkatë se Farmaceutike,,,,,Totali - Shërbimet Përkatëse Farmaceutike,,,0.0,0.0,35000.0,35000.0,0.0,0.0,0.0,35000.0,"Totali - Shërbimet Përkatëse Farmaceutike 0 0 35,000 35,000 0 0 0 35,000"
3.2,136,398,project,206000 - Ministria e Shëndetësisë,206087 - Programet Mbështetëse të Sistemit Shëndetësor,71700 - Shë rbimi Profesional I Transfuzionit të Gjakut,0732,206086-1213995,13058,01.2012-12.2025,Inventar medicional dhe administrativ,,,,,,,,,,,0732 206086-1213995 13058 01.2012-12.2025 Inventar medicional dhe administrativ
3.2,136,412,source,206000 - Ministria e Shëndetësisë,206087 - Programet Mbështetëse të Sistemit Shëndetësor,71700 - Shë rbimi Profesional I Transfuzionit të Gjakut,0732,206086-1213995,13058,01.2012-12.2025,Inventar medicional dhe administrativ,GQ,,370564.0,50000.0,0.0,50000.0,50000.0,50000.0,0.0,520564.0,"GQ 370,564 50,000 0 50,000 50,000 50,000 0 520,564"
3.2,136,426,project,206000 - Ministria e Shëndetësisë,206087 - Programet Mbështetëse të Sistemit Shëndetësor,71700 - Shë rbimi Profesional I Transfuzionit të Gjakut,0722,206087-1932964,18015,01.2023-12.2026,Kontrolla e cilësisë dhe sigurisë së gjakut,,,,,,,,,,,0722 206087-1932964 18015 01.2023-12.2026 Kontrolla e cilësisë dhe sigurisë së gjakut
3.2,136,440,source,206000 - Ministria e Shëndetësisë,206087 - Programet Mbështetëse të Sistemit Shëndetësor,71700 - Shë rbimi Profesional I Transfuzionit të Gjakut,0722,206087-1932964,18015,01.2023-12.2026,Kontrolla e cilësisë dhe sigurisë së gjakut,GQ,,778835.0,260000.0,0.0,260000.0,200000.0,200000.0,0.0,1438835.0,"GQ 778,835 260,000 0 260,000 200,000 200,000 0 1,438,835"
3.2,136,454,subtotal,206000 - Ministria e Shëndetësisë,206087 - Programet Mbështetëse të Sistemit Shëndetësor,71700 - Shë rbimi Profesional I Transfuzionit të Gjakut,,,,,Totali ( GQ ) - Shë rbimi Profesional I Transfuzionit të Gjakut,GQ,,1149398.0,310000.0,0.0,310000.0,250000.0,250000.0,0.0,1959398.0,"Totali ( GQ ) - Shë rbimi Profesional I Transfuzionit të Gjakut 1,149,398 310,000 0 310,000 250,000 250,000 0 1,959,398"
3.2,136,469,subtotal,206000 - Ministria e Shëndetësisë,206087 - Programet Mbështetëse të Sistemit Shëndetësor,71700 - Shë rbimi Profesional I Transfuzionit të Gjakut,,,,,Totali - Shërbimi Profesional I Transfuzionit të Gjakut,,,1149398.0,310000.0,0.0,310000.0,250000.0,250000.0,0.0,1959398.0,"Totali - Shërbimi Profesional I Transfuzionit të Gjakut 1,149,398 310,000 0 310,000 250,000 250,000 0 1,959,398"
3.2,136,497,project,206000 - Ministria e Shëndetësisë,206087 - Programet Mbështetëse të Sistemit Shëndetësor,72000 - Rregullimi i Sektorit Farmaceutik,0133,206087-2341306,19101,01.2023-12.2026,Pajisje mjekësorë (AKPPM),,,,,,,,,,,0133 206087-2341306 19101 01.2023-12.2026 Pajisje mjekësorë (AKPPM)
3.2,136,511,source,206000 - Ministria e Shëndetësisë,206087 - Programet Mbështetëse të Sistemit Shëndetësor,72000 - Rregullimi i Sektorit Farmaceutik,0133,206087-2341306,19101,01.2023-12.2026,Pajisje mjekësorë (AKPPM),GQ,,0.0,150000.0,0.0,150000.0,0.0,0.0,0.0,150000.0,"GQ 0 150,000 0 150,000 0 0 0 150,000"
3.2,137,171,project,206000 - Ministria e Shëndetësisë,206087 - Programet Mbështetëse të Sistemit Shëndetësor,72000 - Rregullimi i Sektorit Farmaceutik,0750,206087-2444054,19307,03.2024-12.2025,Digjitalizimi I arkives qendrore të AKPPM-së,,,,,,,,,,,0750 206087-2444054 19307 03.2024-12.2025 Digjitalizimi I arkives qendrore të AKPPM-së
3.2,137,185,source,206000 - Ministria e Shëndetësisë,206087 - Programet Mbështetëse të Sistemit Shëndetësor,72000 - Rregullimi i Sektorit Farmaceutik,0750,206087-2444054,19307,03.2024-12.2025,Digjitalizimi I arkives qendrore të AKPPM-së,GQ,,0.0,20000.0,0.0,20000.0,0.0,0.0,0.0,20000.0,"GQ 0 20,000 0 20,000 0 0 0 20,000"
3.2,137,199,project,206000 - Ministria e Shëndetësisë,206087 - Programet Mbështetëse të Sistemit Shëndetësor,72000 - Rregullimi i Sektorit Farmaceutik,0711,206087-2444083,19315,01.2024-12.2025,Zhvillimi i moduleve te reja  dhe ndërlidhja me sistemet tjera qeveritare -BARNATARI,,,,,,,,,,,0711 206087-2444083 19315 01.2024-12.2025 Zhvillimi i moduleve te reja dhe ndërlidhja me sistemet tjera qeveritare -BARNATARI
3.2,137,213,source,206000 - Ministria e Shëndetësisë,206087 - Programet Mbështetëse të Sistemit Shëndetësor,72000 - Rregullimi i Sektorit Farmaceutik,0711,206087-2444083,19315,01.2024-12.2025,Zhvillimi i moduleve te reja  dhe ndërlidhja me sistemet tjera qeveritare -BARNATARI,GQ,,35800.0,24000.0,0.0,24000.0,20000.0,0.0,0.0,79800.0,"GQ 35,800 24,000 0 24,000 20,000 0 0 79,800"
3.2,137,228,project,206000 - Ministria e Shëndetësisë,206087 - Programet Mbështetëse të Sistemit Shëndetësor,72000 - Rregullimi i Sektorit Farmaceutik,0711,206087-2445533,19344,01.2024-12.2026,Renovimi i pjesës ekzistuese dhe mbindërtimi i objektit të AKPPM-së,,,,,,,,,,,0711 206087-2445533 19344 01.2024-12.2026 Renovimi i pjesës ekzistuese dhe mbindërtimi i objektit të AKPPM-së
3.2,137,242,source,206000 - Ministria e Shëndetësisë,206087 - Programet Mbështetëse të Sistemit Shëndetësor,72000 - Rregullimi i Sektorit Farmaceutik,0711,206087-2445533,19344,01.2024-12.2026,Renovimi i pjesës ekzistuese dhe mbindërtimi i objektit të AKPPM-së,GQ,,549875.0,550000.0,0.0,550000.0,0.0,0.0,0.0,1099875.0,"GQ 549,875 550,000 0 550,000 0 0 0 1,099,875"
3.2,137,256,subtotal,206000 - Ministria e Shëndetësisë,206087 - Programet Mbështetëse të Sistemit Shëndetësor,72000 - Rregullimi i Sektorit Farmaceutik,,,,,Totali ( GQ ) - Rregullimi i Sektorit Farmaceutik,GQ,,585675.0,744000.0,0.0,744000.0,20000.0,0.0,0.0,1349675.0,"Totali ( GQ ) - Rregullimi i Sektorit Farmaceutik 585,675 744,000 0 744,000 20,000 0 0 1,349,675"
3.2,137,270,subtotal,206000 - Ministria e Shëndetësisë,206087 - Programet Mbështetëse të Sistemit Shëndetësor,72000 - Rregullimi i Sektorit Farmaceutik,,,,,Totali - Rregullimi i Sektorit Farmaceutik,,,585675.0,744000.0,0.0,744000.0,20000.0,0.0,0.0,1349675.0,"Totali - Rregullimi i Sektorit Farmaceutik 585,675 744,000 0 744,000 20,000 0 0 1,349,675"
3.2,137,298,project,206000 - Ministria e Shëndetësisë,206087 - Programet Mbështetëse të Sistemit Shëndetësor,72100 - Programet Tjera,0721,206085-1320962,13846,08.2013-12.2026,Ndertimi i Objektit te Spitalit ne Ferizaj,,,,,,,,,,,0721 206085-1320962 13846 08.2013-12.2026 Ndertimi i Objektit te Spitalit ne Ferizaj
3.2,137,313,source,206000 - Ministria e Shëndetësisë,206087 - Programet Mbështetëse të Sistemit Shëndetësor,72100 - Programet Tjera,0721,206085-1320962,13846,08.2013-12.2026,Ndertimi i Objektit te Spitalit ne Ferizaj,GQ,,1855409.0,4726000.0,0.0,4726000.0,3726035.0,19522911.0,0.0,29830355.0,"GQ 1,855,409 4,726,000 0 4,726,000 3,726,035 19,522,911 0 29,830,355"
3.2,137,327,project,206000 - Ministria e Shëndetësisë,206087 - Programet Mbështetëse të Sistemit Shëndetësor,72100 - Programet Tjera,0750,206086-1112081,10997,01.2023-12.2025,Zhvillimi i SISH-it,,,,,,,,,,,0750 206086-1112081 10997 01.2023-12.2025 Zhvillimi i SISH-it
3.2,137,341,source,206000 - Ministria e Shëndetësisë,206087 - Programet Mbështetëse të Sistemit Shëndetësor,72100 - Programet Tjera,0750,206086-1112081,10997,01.2023-12.2025,Zhvillimi i SISH-it,GQ,,10789642.0,1519000.0,0.0,1519000.0,2200000.0,2015000.0,0.0,16523642.0,"GQ 10,789,642 1,519,000 0 1,519,000 2,200,000 2,015,000 0 16,523,642"
3.2,137,355,project,206000 - Ministria e Shëndetësisë,206087 - Programet Mbështetëse të Sistemit Shëndetësor,72100 - Programet Tjera,0721,206086-1213988,13062,02.2020-12.2026,Autoambulancat dhe automjetet tjera te nevojshme,,,,,,,,,,,0721 206086-1213988 13062 02.2020-12.2026 Autoambulancat dhe automjetet tjera te nevojshme
3.2,137,369,source,206000 - Ministria e Shëndetësisë,206087 - Programet Mbështetëse të Sistemit Shëndetësor,72100 - Programet Tjera,0721,206086-1213988,13062,02.2020-12.2026,Autoambulancat dhe automjetet tjera te nevojshme,GQ,,3912001.0,900000.0,0.0,900000.0,500000.0,400000.0,0.0,5712001.0,"GQ 3,912,001 900,000 0 900,000 500,000 400,000 0 5,712,001"
3.2,137,383,project,206000 - Ministria e Shëndetësisë,206087 - Programet Mbështetëse të Sistemit Shëndetësor,72100 - Programet Tjera,0760,206086-1213990,13063,02.2012-12.2026,Participimi i MSh ne projekte,,,,,,,,,,,0760 206086-1213990 13063 02.2012-12.2026 Participimi i MSh ne projekte
3.2,137,398,source,206000 - Ministria e Shëndetësisë,206087 - Programet Mbështetëse të Sistemit Shëndetësor,72100 - Programet Tjera,0760,206086-1213990,13063,02.2012-12.2026,Participimi i MSh ne projekte,GQ,,3220320.0,3000.0,0.0,3000.0,6000.0,3000.0,0.0,3232320.0,"GQ 3,220,320 3,000 0 3,000 6,000 3,000 0 3,232,320"
3.2,137,412,project,206000 - Ministria e Shëndetësisë,206087 - Programet Mbështetëse të Sistemit Shëndetësor,72100 - Programet Tjera,0721,206087-2341364,19108,01.2023-12.2026,Paisje speciale shendetsore mbi 1000 euroo,,,,,,,,,,,0721 206087-2341364 19108 01.2023-12.2026 Paisje speciale shendetsore mbi 1000 euroo
3.2,137,426,source,206000 - Ministria e Shëndetësisë,206087 - Programet Mbështetëse të Sistemit Shëndetësor,72100 - Programet Tjera,0721,206087-2341364,19108,01.2023-12.2026,Paisje speciale shendetsore mbi 1000 euroo,GQ,,3981268.0,1280000.0,0.0,1280000.0,200000.0,700000.0,0.0,6161268.0,"GQ 3,981,268 1,280,000 0 1,280,000 200,000 700,000 0 6,161,268"
3.2,137,440,project,206000 - Ministria e Shëndetësisë,206087 - Programet Mbështetëse të Sistemit Shëndetësor,72100 - Programet Tjera,0740,206087-2445663,19405,01.2024-12.2026,Projekti për Përforcimin e Sistemit Shëndetësor,,,,,,,,,,,0740 206087-2445663 19405 01.2024-12.2026 Projekti për Përforcimin e Sistemit Shëndetësor
3.2,137,454,source,206000 - Ministria e Shëndetësisë,206087 - Programet Mbështetëse të Sistemit Shëndetësor,72100 - Programet Tjera,0740,206087-2445663,19405,01.2024-12.2026,Projekti për Përforcimin e Sistemit Shëndetësor,FH,,0.0,0.0,0.0,0.0,6213750.0,2480750.0,0.0,8694500.0,"FH 0 0 0 0 6,213,750 2,480,750 0 8,694,500"
3.2,137,469,project,206000 - Ministria e Shëndetësisë,206087 - Programet Mbështetëse të Sistemit Shëndetësor,72100 - Programet Tjera,0721,206087-2546039,19606,03.2025-12.2027,Përmirësimi i Infrastrukturës Fizike në Institucionet Shëndetësore Sekondare dhe Terciare,,,,,,,,,,,0721 206087-2546039 19606 03.2025-12.2027 Përmirësimi i Infrastrukturës Fizike në Institucionet Shëndetësore Sekondare dhe Terciare
3.2,137,483,source,206000 - Ministria e Shëndetësisë,206087 - Programet Mbështetëse të Sistemit Shëndetësor,72100 - Programet Tjera,0721,206087-2546039,19606,03.2025-12.2027,Përmirësimi i Infrastrukturës Fizike në Institucionet Shëndetësore Sekondare dhe Terciare,FH,,0.0,0.0,0.0,0.0,4515000.0,2000000.0,0.0,6515000.0,"FH 0 0 0 0 4,515,000 2,000,000 0 6,515,000"
3.2,137,497,project,206000 - Ministria e Shëndetësisë,206087 - Programet Mbështetëse të Sistemit Shëndetësor,72100 - Programet Tjera,0721,206087-2546043,19608,03.2025-12.2027,Përmirësimi i Infrastrukturës Fizike në Institucionet Shëndetësore Sekondare dhe Terciare 2,,,,,,,,,,,0721 206087-2546043 19608 03.2025-12.2027 Përmirësimi i Infrastrukturës Fizike në Institucionet Shëndetësore Sekondare dhe Terciare 2
3.2,138,171,source,206000 - Ministria e Shëndetësisë,206087 - Programet Mbështetëse të Sistemit Shëndetësor,72100 - Programet Tjera,0721,206087-2546043,19608,03.2025-12.2027,Përmirësimi i Infrastrukturës Fizike në Institucionet Shëndetësore Sekondare dhe Terciare 2,FH,,0.0,0.0,0.0,0.0,4515000.0,3000000.0,0.0,7515000.0,"FH 0 0 0 0 4,515,000 3,000,000 0 7,515,000"
3.2,138,185,project,206000 - Ministria e Shëndetësisë,206087 - Programet Mbështetëse të Sistemit Shëndetësor,72100 - Programet Tjera,0712,206087-2547384,19708,01.2025-12.2025,Furnizim me Pajisje/Mobilje mbi 1000 euro,,,,,,,,,,,0712 206087-2547384 19708 01.2025-12.2025 Furnizim me Pajisje/Mobilje mbi 1000 euro
3.2,138,199,source,206000 - Ministria e Shëndetësisë,206087 - Programet Mbështetëse të Sistemit Shëndetësor,72100 - Programet Tjera,0712,206087-2547384,19708,01.2025-12.2025,Furnizim me Pajisje/Mobilje mbi 1000 euro,GQ,,31050.0,50000.0,0.0,50000.0,20000.0,10000.0,0.0,111050.0,"GQ 31,050 50,000 0 50,000 20,000 10,000 0 111,050"
3.2,138,213,project,206000 - Ministria e Shëndetësisë,206087 - Programet Mbështetëse të Sistemit Shëndetësor,72100 - Programet Tjera,0740,206087-2547417,19736,03.2025-12.2028,Ndertimi i Institutit për trajtimin e sëmundjeve të varësisë,,,,,,,,,,,0740 206087-2547417 19736 03.2025-12.2028 Ndertimi i Institutit për trajtimin e sëmundjeve të varësisë
3.2,138,228,source,206000 - Ministria e Shëndetësisë,206087 - Programet Mbështetëse të Sistemit Shëndetësor,72100 - Programet Tjera,0740,206087-2547417,19736,03.2025-12.2028,Ndertimi i Institutit për trajtimin e sëmundjeve të varësisë,GQ,,0.0,50000.0,0.0,50000.0,1830000.0,2950000.0,0.0,4830000.0,"GQ 0 50,000 0 50,000 1,830,000 2,950,000 0 4,830,000"
3.2,138,242,project,206000 - Ministria e Shëndetësisë,206087 - Programet Mbështetëse të Sistemit Shëndetësor,72100 - Programet Tjera,0712,206087-2648572,20686,01.2026-12.2026,Mobilje,,,,,,,,,,,0712 206087-2648572 20686 01.2026-12.2026 Mobilje
3.2,138,256,source,206000 - Ministria e Shëndetësisë,206087 - Programet Mbështetëse të Sistemit Shëndetësor,72100 - Programet Tjera,0712,206087-2648572,20686,01.2026-12.2026,Mobilje,GQ,,0.0,0.0,160000.0,160000.0,0.0,0.0,0.0,160000.0,"GQ 0 0 160,000 160,000 0 0 0 160,000"
3.2,138,270,subtotal,206000 - Ministria e Shëndetësisë,206087 - Programet Mbështetëse të Sistemit Shëndetësor,72100 - Programet Tjera,,,,,Totali ( GQ ) - Programet Tjera,GQ,,23789691.0,8528000.0,160000.0,8688000.0,8482035.0,25600911.0,0.0,66560637.0,"Totali ( GQ ) - Programet Tjera 23,789,691 8,528,000 160,000 8,688,000 8,482,035 25,600,911 0 66,560,637"
3.2,138,284,subtotal,206000 - Ministria e Shëndetësisë,206087 - Programet Mbështetëse të Sistemit Shëndetësor,72100 - Programet Tjera,,,,,Totali ( Financimi nga Huamarrja ) - Programet Tjera,,,0.0,0.0,0.0,0.0,15243750.0,7480750.0,0.0,22724500.0,"Totali ( Financimi nga Huamarrja ) - Programet Tjera 0 0 0 0 15,243,750 7,480,750 0 22,724,500"
3.2,138,298,subtotal,206000 - Ministria e Shëndetësisë,206087 - Programet Mbështetëse të Sistemit Shëndetësor,72100 - Programet Tjera,,,,,Totali - Sistemi I Informimit Shëndetësor,,,23789691.0,8528000.0,160000.0,8688000.0,23725785.0,33081661.0,0.0,89285137.0,"Totali - Sistemi I Informimit Shëndetësor 23,789,691 8,528,000 160,000 8,688,000 23,725,785 33,081,661 0 89,285,137"
3.2,138,327,project,206000 - Ministria e Shëndetësisë,206087 - Programet Mbështetëse të Sistemit Shëndetësor,72600 - Departamenti Shë ndetë sor I Burgjeve,0721,206087-1832790,15744,02.2023-12.2026,Sherbimi shendetesor i burgjeve kapitale paisje,,,,,,,,,,,0721 206087-1832790 15744 02.2023-12.2026 Sherbimi shendetesor i burgjeve kapitale paisje
3.2,138,341,source,206000 - Ministria e Shëndetësisë,206087 - Programet Mbështetëse të Sistemit Shëndetësor,72600 - Departamenti Shë ndetë sor I Burgjeve,0721,206087-1832790,15744,02.2023-12.2026,Sherbimi shendetesor i burgjeve kapitale paisje,GQ,,315074.0,50000.0,0.0,50000.0,50000.0,0.0,0.0,415074.0,"GQ 315,074 50,000 0 50,000 50,000 0 0 415,074"
3.2,138,355,subtotal,206000 - Ministria e Shëndetësisë,206087 - Programet Mbështetëse të Sistemit Shëndetësor,72600 - Departamenti Shë ndetë sor I Burgjeve,,,,,Totali( GQ ) - Departamenti Shë ndetë sor I Burgjeve,GQ,,315074.0,50000.0,0.0,50000.0,50000.0,0.0,0.0,415074.0,"Totali( GQ ) - Departamenti Shë ndetë sor I Burgjeve 315,074 50,000 0 50,000 50,000 0 0 415,074"
3.2,138,369,subtotal,206000 - Ministria e Shëndetësisë,206087 - Programet Mbështetëse të Sistemit Shëndetësor,72600 - Departamenti Shë ndetë sor I Burgjeve,,,,,Totali - Departamenti Shë ndetë sor I Burgjeve,,,315074.0,50000.0,0.0,50000.0,50000.0,0.0,0.0,415074.0,"Totali - Departamenti Shë ndetë sor I Burgjeve 315,074 50,000 0 50,000 50,000 0 0 415,074"
3.2,138,383,subtotal,206000 - Ministria e Shëndetësisë,206087 - Programet Mbështetëse të Sistemit Shëndetësor,72600 - Departamenti Shë ndetë sor I Burgjeve,,,,,Totali ( GQ ) - Programet Mbështetëse të Sistemit Shëndetësor,GQ,,25839839.0,9632000.0,485000.0,10117000.0,8952035.0,25850911.0,0.0,70759785.0,"Totali ( GQ ) - Programet Mbështetëse të Sistemit Shëndetësor 25,839,839 9,632,000 485,000 10,117,000 8,952,035 25,850,911 0 70,759,785"
3.2,138,398,subtotal,206000 - Ministria e Shëndetësisë,206087 - Programet Mbështetëse të Sistemit Shëndetësor,72600 - Departamenti Shë ndetë sor I Burgjeve,,,,,Totali ( Financimi nga Huamarrja ) - Programet Mbështetëse të Sistemit Shëndetësor,,,0.0,0.0,0.0,0.0,15243750.0,7480750.0,0.0,22724500.0,"Totali ( Financimi nga Huamarrja ) - Programet Mbështetëse të Sistemit Shëndetësor 0 0 0 0 15,243,750 7,480,750 0 22,724,500"
3.2,138,412,subtotal,206000 - Ministria e Shëndetësisë,206087 - Programet Mbështetëse të Sistemit Shëndetësor,72600 - Departamenti Shë ndetë sor I Burgjeve,,,,,Totali - Programet Mbështetëse të Sistemit Shëndetësor,,,25839839.0,9632000.0,485000.0,10117000.0,24195785.0,33331661.0,0.0,93484285.0,"Totali - Programet Mbështetëse të Sistemit Shëndetësor 25,839,839 9,632,000 485,000 10,117,000 24,195,785 33,331,661 0 93,484,285"
3.2,138,454,project,206000 - Ministria e Shëndetësisë,206095 - Institucionet,71370 - Instituti special dhe shtëpia e femijëve me a.të kufizuara Shtime,0750,206086-2343575,19186,01.2023-12.2026,NDËRTIMI I INSTITUCIONIT TË SHTIMES,,,,,,,,,,,0750 206086-2343575 19186 01.2023-12.2026 NDËRTIMI I INSTITUCIONIT TË SHTIMES
3.2,138,469,source,206000 - Ministria e Shëndetësisë,206095 - Institucionet,71370 - Instituti special dhe shtëpia e femijëve me a.të kufizuara Shtime,0750,206086-2343575,19186,01.2023-12.2026,NDËRTIMI I INSTITUCIONIT TË SHTIMES,GQ,,1068327.0,4014000.0,0.0,4014000.0,1013628.0,0.0,0.0,6095955.0,"GQ 1,068,327 4,014,000 0 4,014,000 1,013,628 0 0 6,095,955"
3.2,138,483,project,206000 - Ministria e Shëndetësisë,206095 - Institucionet,71370 - Instituti special dhe shtëpia e femijëve me a.të kufizuara Shtime,0760,206095-2647604,20642,01.2026-12.2026,Blerje e gjeneratorit  për Institutin Special në Shtime,,,,,,,,,,,0760 206095-2647604 20642 01.2026-12.2026 Blerje e gjeneratorit për Institutin Special në Shtime
3.2,138,497,source,206000 - Ministria e Shëndetësisë,206095 - Institucionet,71370 - Instituti special dhe shtëpia e femijëve me a.të kufizuara Shtime,0760,206095-2647604,20642,01.2026-12.2026,Blerje e gjeneratorit  për Institutin Special në Shtime,GQ,,0.0,0.0,30000.0,30000.0,0.0,0.0,0.0,30000.0,"GQ 0 0 30,000 30,000 0 0 0 30,000"
3.2,139,171,project,206000 - Ministria e Shëndetësisë,206095 - Institucionet,71370 - Instituti special dhe shtëpia e femijëve me a.të kufizuara Shtime,0760,206095-2647606,20644,01.2026-12.2027,Ndertimi I Qendres Integruese Rehabilituese në Shtime,,,,,,,,,,,0760 206095-2647606 20644 01.2026-12.2027 Ndertimi I Qendres Integruese Rehabilituese në Shtime
3.2,139,185,source,206000 - Ministria e Shëndetësisë,206095 - Institucionet,71370 - Instituti special dhe shtëpia e femijëve me a.të kufizuara Shtime,0760,206095-2647606,20644,01.2026-12.2027,Ndertimi I Qendres Integruese Rehabilituese në Shtime,GQ,,0.0,0.0,70000.0,70000.0,4000000.0,4000000.0,0.0,8070000.0,"GQ 0 0 70,000 70,000 4,000,000 4,000,000 0 8,070,000"
3.2,139,199,project,206000 - Ministria e Shëndetësisë,206095 - Institucionet,71370 - Instituti special dhe shtëpia e femijëve me a.të kufizuara Shtime,0712,206095-2647690,20666,01.2026-12.2027,Pajisje/mobilje mbi 1000 euro,,,,,,,,,,,0712 206095-2647690 20666 01.2026-12.2027 Pajisje/mobilje mbi 1000 euro
3.2,139,213,source,206000 - Ministria e Shëndetësisë,206095 - Institucionet,71370 - Instituti special dhe shtëpia e femijëve me a.të kufizuara Shtime,0712,206095-2647690,20666,01.2026-12.2027,Pajisje/mobilje mbi 1000 euro,GQ,,0.0,0.0,6000.0,6000.0,5000.0,0.0,0.0,11000.0,"GQ 0 0 6,000 6,000 5,000 0 0 11,000"
3.2,139,228,project,206000 - Ministria e Shëndetësisë,206095 - Institucionet,71370 - Instituti special dhe shtëpia e femijëve me a.të kufizuara Shtime,1090,209121-119819,12169,01.2023-12.2024,Renovimi i objekteve egzistuese ISSH dhe SHP,,,,,,,,,,,1090 209121-119819 12169 01.2023-12.2024 Renovimi i objekteve egzistuese ISSH dhe SHP
3.2,139,242,source,206000 - Ministria e Shëndetësisë,206095 - Institucionet,71370 - Instituti special dhe shtëpia e femijëve me a.të kufizuara Shtime,1090,209121-119819,12169,01.2023-12.2024,Renovimi i objekteve egzistuese ISSH dhe SHP,GQ,,974666.0,15000.0,0.0,15000.0,15000.0,15000.0,0.0,1019666.0,"GQ 974,666 15,000 0 15,000 15,000 15,000 0 1,019,666"
3.2,139,256,subtotal,206000 - Ministria e Shëndetësisë,206095 - Institucionet,71370 - Instituti special dhe shtëpia e femijëve me a.të kufizuara Shtime,,,,,Totali( GQ ) - Instituti special dhe shtëpia e femijëve me a.të kufizuara Shtime,GQ,,2042994.0,4029000.0,106000.0,4135000.0,5033628.0,4015000.0,0.0,15226622.0,"Totali( GQ ) - Instituti special dhe shtëpia e femijëve me a.të kufizuara Shtime 2,042,994 4,029,000 106,000 4,135,000 5,033,628 4,015,000 0 15,226,622"
3.2,139,270,subtotal,206000 - Ministria e Shëndetësisë,206095 - Institucionet,71370 - Instituti special dhe shtëpia e femijëve me a.të kufizuara Shtime,,,,,Totali - Instituti special dhe shtëpia e femijëve me a.të kufizuara Shtime,,,2042994.0,4029000.0,106000.0,4135000.0,5033628.0,4015000.0,0.0,15226622.0,"Totali - Instituti special dhe shtëpia e femijëve me a.të kufizuara Shtime 2,042,994 4,029,000 106,000 4,135,000 5,033,628 4,015,000 0 15,226,622"
3.2,139,284,subtotal,206000 - Ministria e Shëndetësisë,206095 - Institucionet,71370 - Instituti special dhe shtëpia e femijëve me a.të kufizuara Shtime,,,,,Totali ( GQ ) - Institucionet,GQ,,2042994.0,4029000.0,106000.0,4135000.0,5033628.0,4015000.0,0.0,15226622.0,"Totali ( GQ ) - Institucionet 2,042,994 4,029,000 106,000 4,135,000 5,033,628 4,015,000 0 15,226,622"
3.2,139,298,subtotal,206000 - Ministria e Shëndetësisë,206095 - Institucionet,71370 - Instituti special dhe shtëpia e femijëve me a.të kufizuara Shtime,,,,,Totali - Institucionet,,,2042994.0,4029000.0,106000.0,4135000.0,5033628.0,4015000.0,0.0,15226622.0,"Totali - Institucionet 2,042,994 4,029,000 106,000 4,135,000 5,033,628 4,015,000 0 15,226,622"
3.2,139,341,project,206000 - Ministria e Shëndetësisë,206155 - Sherbimete e Administratese Qendrore,11306 - Administrata Qendrore e Ministrisë së Shë ndetë sisë,0721,206086-1423004,14123,01.2014-12.2026,Faza e I- re e ndertimit te Qend. Emergjente- QKUK,,,,,,,,,,,0721 206086-1423004 14123 01.2014-12.2026 Faza e I- re e ndertimit te Qend. Emergjente- QKUK
3.2,139,355,source,206000 - Ministria e Shëndetësisë,206155 - Sherbimete e Administratese Qendrore,11306 - Administrata Qendrore e Ministrisë së Shë ndetë sisë,0721,206086-1423004,14123,01.2014-12.2026,Faza e I- re e ndertimit te Qend. Emergjente- QKUK,GQ,,4766599.0,5665000.0,0.0,5665000.0,7636160.0,7600000.0,0.0,25667759.0,"GQ 4,766,599 5,665,000 0 5,665,000 7,636,160 7,600,000 0 25,667,759"
3.2,139,369,project,206000 - Ministria e Shëndetësisë,206155 - Sherbimete e Administratese Qendrore,11306 - Administrata Qendrore e Ministrisë së Shë ndetë sisë,0724,206155-1932971,20606,01.2026-12.2026,MOBILJE MBI 100 EURO,,,,,,,,,,,0724 206155-1932971 20606 01.2026-12.2026 MOBILJE MBI 100 EURO
3.2,139,383,source,206000 - Ministria e Shëndetësisë,206155 - Sherbimete e Administratese Qendrore,11306 - Administrata Qendrore e Ministrisë së Shë ndetë sisë,0724,206155-1932971,20606,01.2026-12.2026,MOBILJE MBI 100 EURO,GQ,,0.0,0.0,30000.0,30000.0,20000.0,130000.0,0.0,180000.0,"GQ 0 0 30,000 30,000 20,000 130,000 0 180,000"
3.2,139,398,project,206000 - Ministria e Shëndetësisë,206155 - Sherbimete e Administratese Qendrore,11306 - Administrata Qendrore e Ministrisë së Shë ndetë sisë,0750,206155-2445619,19380,01.2024-12.2026,Renovimi i depos,,,,,,,,,,,0750 206155-2445619 19380 01.2024-12.2026 Renovimi i depos
3.2,139,412,source,206000 - Ministria e Shëndetësisë,206155 - Sherbimete e Administratese Qendrore,11306 - Administrata Qendrore e Ministrisë së Shë ndetë sisë,0750,206155-2445619,19380,01.2024-12.2026,Renovimi i depos,GQ,,2258412.0,500000.0,0.0,500000.0,100000.0,100000.0,0.0,2958412.0,"GQ 2,258,412 500,000 0 500,000 100,000 100,000 0 2,958,412"
3.2,139,426,project,206000 - Ministria e Shëndetësisë,206155 - Sherbimete e Administratese Qendrore,11306 - Administrata Qendrore e Ministrisë së Shë ndetë sisë,0435,206155-2647699,20668,06.2025-05.2026,GJENERATOR,,,,,,,,,,,0435 206155-2647699 20668 06.2025-05.2026 GJENERATOR
3.2,139,440,source,206000 - Ministria e Shëndetësisë,206155 - Sherbimete e Administratese Qendrore,11306 - Administrata Qendrore e Ministrisë së Shë ndetë sisë,0435,206155-2647699,20668,06.2025-05.2026,GJENERATOR,GQ,,0.0,0.0,30000.0,30000.0,0.0,0.0,0.0,30000.0,"GQ 0 0 30,000 30,000 0 0 0 30,000"
3.2,139,454,subtotal,206000 - Ministria e Shëndetësisë,206155 - Sherbimete e Administratese Qendrore,11306 - Administrata Qendrore e Ministrisë së Shë ndetë sisë,,,,,Totali ( GQ ) - Administrata Qendrore e Ministrisë së Shë ndetë sisë,GQ,,7025011.0,6165000.0,60000.0,6225000.0,7756160.0,7830000.0,0.0,28836171.0,"Totali ( GQ ) - Administrata Qendrore e Ministrisë së Shë ndetë sisë 7,025,011 6,165,000 60,000 6,225,000 7,756,160 7,830,000 0 28,836,171"
3.2,139,468,subtotal,206000 - Ministria e Shëndetësisë,206155 - Sherbimete e Administratese Qendrore,11306 - Administrata Qendrore e Ministrisë së Shë ndetë sisë,,,,,Totali - Administrata Qendrore e Ministrisë së Shëndetësisë,,,7025011.0,6165000.0,60000.0,6225000.0,7756160.0,7830000.0,0.0,28836171.0,"Totali - Administrata Qendrore e Ministrisë së Shëndetësisë 7,025,011 6,165,000 60,000 6,225,000 7,756,160 7,830,000 0 28,836,171"
3.2,139,482,subtotal,206000 - Ministria e Shëndetësisë,206155 - Sherbimete e Administratese Qendrore,11306 - Administrata Qendrore e Ministrisë së Shë ndetë sisë,,,,,Totali ( GQ ) - Sherbimete e Administratese Qendrore,GQ,,7025011.0,6165000.0,60000.0,6225000.0,7756160.0,7830000.0,0.0,28836171.0,"Totali ( GQ ) - Sherbimete e Administratese Qendrore 7,025,011 6,165,000 60,000 6,225,000 7,756,160 7,830,000 0 28,836,171"
3.2,139,497,subtotal,206000 - Ministria e Shëndetësisë,206155 - Sherbimete e Administratese Qendrore,11306 - Administrata Qendrore e Ministrisë së Shë ndetë sisë,,,,,Totali - Sherbimete e Administratese Qendrore,,,7025011.0,6165000.0,60000.0,6225000.0,7756160.0,7830000.0,0.0,28836171.0,"Totali - Sherbimete e Administratese Qendrore 7,025,011 6,165,000 60,000 6,225,000 7,756,160 7,830,000 0 28,836,171"
3.2,140,171,subtotal,206000 - Ministria e Shëndetësisë,206155 - Sherbimete e Administratese Qendrore,11306 - Administrata Qendrore e Ministrisë së Shë ndetë sisë,,,,,Totali ( GQ ) - Ministria e Shëndetësisë,GQ,,39195138.0,24676000.0,1297000.0,25973000.0,26767000.0,43275911.0,0.0,135211049.0,"Totali ( GQ ) - Ministria e Shëndetësisë 39,195,138 24,676,000 1,297,000 25,973,000 26,767,000 43,275,911 0 135,211,049"
3.2,140,185,subtotal,206000 - Ministria e Shëndetësisë,206155 - Sherbimete e Administratese Qendrore,11306 - Administrata Qendrore e Ministrisë së Shë ndetë sisë,,,,,Totali ( FH ) - Ministria e Shëndetësisë,FH,,0.0,0.0,0.0,0.0,15243750.0,7480750.0,0.0,22724500.0,"Totali ( FH ) - Ministria e Shëndetësisë 0 0 0 0 15,243,750 7,480,750 0 22,724,500"
3.2,140,199,subtotal,206000 - Ministria e Shëndetësisë,206155 - Sherbimete e Administratese Qendrore,11306 - Administrata Qendrore e Ministrisë së Shë ndetë sisë,,,,,Totali - Ministria e Shëndetësisë,,,39195138.0,24676000.0,1297000.0,25973000.0,42010750.0,50756661.0,0.0,157935549.0,"Totali - Ministria e Shëndetësisë 39,195,138 24,676,000 1,297,000 25,973,000 42,010,750 50,756,661 0 157,935,549"
3.2,140,256,project,"207000 - Ministria e Kulturës, Rinisë dhe Sporteve",207100 - Sportet,80200 - Arritjet Sportive,0810,207100-119451,12423,06.2009-12.2027,Renovimi i palestrave ekzistuese sportive ne qendrat regjionale,,,,,,,,,,,0810 207100-119451 12423 06.2009-12.2027 Renovimi i palestrave ekzistuese sportive ne qendrat regjionale
3.2,140,270,source,"207000 - Ministria e Kulturës, Rinisë dhe Sporteve",207100 - Sportet,80200 - Arritjet Sportive,0810,207100-119451,12423,06.2009-12.2027,Renovimi i palestrave ekzistuese sportive ne qendrat regjionale,GQ,,3101500.0,1000000.0,0.0,1000000.0,1000000.0,1000000.0,0.0,6101500.0,"GQ 3,101,500 1,000,000 0 1,000,000 1,000,000 1,000,000 0 6,101,500"
3.2,140,284,project,"207000 - Ministria e Kulturës, Rinisë dhe Sporteve",207100 - Sportet,80200 - Arritjet Sportive,0810,207100-119468,12424,05.2011-11.2027,Rinovimi i Stadiumeve ekzistuese te Futbollit ne qendrat regjionale,,,,,,,,,,,0810 207100-119468 12424 05.2011-11.2027 Rinovimi i Stadiumeve ekzistuese te Futbollit ne qendrat regjionale
3.2,140,298,source,"207000 - Ministria e Kulturës, Rinisë dhe Sporteve",207100 - Sportet,80200 - Arritjet Sportive,0810,207100-119468,12424,05.2011-11.2027,Rinovimi i Stadiumeve ekzistuese te Futbollit ne qendrat regjionale,GQ,,7643997.0,900000.0,0.0,900000.0,900000.0,900000.0,0.0,10343997.0,"GQ 7,643,997 900,000 0 900,000 900,000 900,000 0 10,343,997"
3.2,140,313,project,"207000 - Ministria e Kulturës, Rinisë dhe Sporteve",207100 - Sportet,80200 - Arritjet Sportive,0810,207100-1217590,13391,07.2012-11.2025,"Renovimi i Statiumit ,,Adem Jashari""Mitrovice",,,,,,,,,,,"0810 207100-1217590 13391 07.2012-11.2025 Renovimi i Statiumit ,,Adem Jashari""Mitrovice"
3.2,140,327,source,"207000 - Ministria e Kulturës, Rinisë dhe Sporteve",207100 - Sportet,80200 - Arritjet Sportive,0810,207100-1217590,13391,07.2012-11.2025,"Renovimi i Statiumit ,,Adem Jashari""Mitrovice",GQ,,10572234.0,2500000.0,0.0,2500000.0,6000000.0,0.0,0.0,19072234.0,"GQ 10,572,234 2,500,000 0 2,500,000 6,000,000 0 0 19,072,234"
3.2,140,341,project,"207000 - Ministria e Kulturës, Rinisë dhe Sporteve",207100 - Sportet,80200 - Arritjet Sportive,0810,207100-1523406,14306,03.2015-12.2027,Ndertimi i Fushave te Tenisit ne Komuna te Ndryshme,,,,,,,,,,,0810 207100-1523406 14306 03.2015-12.2027 Ndertimi i Fushave te Tenisit ne Komuna te Ndryshme
3.2,140,355,source,"207000 - Ministria e Kulturës, Rinisë dhe Sporteve",207100 - Sportet,80200 - Arritjet Sportive,0810,207100-1523406,14306,03.2015-12.2027,Ndertimi i Fushave te Tenisit ne Komuna te Ndryshme,GQ,,676012.0,300000.0,0.0,300000.0,300000.0,0.0,0.0,1276012.0,"GQ 676,012 300,000 0 300,000 300,000 0 0 1,276,012"
3.2,140,369,project,"207000 - Ministria e Kulturës, Rinisë dhe Sporteve",207100 - Sportet,80200 - Arritjet Sportive,0810,207100-1523407,14226,03.2015-11.2028,Stadiumi Nacional i Futbollit,,,,,,,,,,,0810 207100-1523407 14226 03.2015-11.2028 Stadiumi Nacional i Futbollit
3.2,140,383,source,"207000 - Ministria e Kulturës, Rinisë dhe Sporteve",207100 - Sportet,80200 - Arritjet Sportive,0810,207100-1523407,14226,03.2015-11.2028,Stadiumi Nacional i Futbollit,GQ,,307680.0,4000000.0,0.0,4000000.0,5000000.0,6000000.0,0.0,15307680.0,"GQ 307,680 4,000,000 0 4,000,000 5,000,000 6,000,000 0 15,307,680"
3.2,140,398,project,"207000 - Ministria e Kulturës, Rinisë dhe Sporteve",207100 - Sportet,80200 - Arritjet Sportive,0810,207100-1626322,14550,03.2016-11.2026,Palestra Sportive në Zhegër të Gjilanit,,,,,,,,,,,0810 207100-1626322 14550 03.2016-11.2026 Palestra Sportive në Zhegër të Gjilanit
3.2,140,412,source,"207000 - Ministria e Kulturës, Rinisë dhe Sporteve",207100 - Sportet,80200 - Arritjet Sportive,0810,207100-1626322,14550,03.2016-11.2026,Palestra Sportive në Zhegër të Gjilanit,GQ,,523318.0,400000.0,0.0,400000.0,400000.0,800000.0,0.0,2123318.0,"GQ 523,318 400,000 0 400,000 400,000 800,000 0 2,123,318"
3.2,140,426,project,"207000 - Ministria e Kulturës, Rinisë dhe Sporteve",207100 - Sportet,80200 - Arritjet Sportive,0810,207100-1626326,14552,03.2016-11.2027,Renovimi i Stadiumit te Qytetit ne Gjilan,,,,,,,,,,,0810 207100-1626326 14552 03.2016-11.2027 Renovimi i Stadiumit te Qytetit ne Gjilan
3.2,140,440,source,"207000 - Ministria e Kulturës, Rinisë dhe Sporteve",207100 - Sportet,80200 - Arritjet Sportive,0810,207100-1626326,14552,03.2016-11.2027,Renovimi i Stadiumit te Qytetit ne Gjilan,GQ,,4410188.0,1500000.0,0.0,1500000.0,5000000.0,3500000.0,0.0,14410188.0,"GQ 4,410,188 1,500,000 0 1,500,000 5,000,000 3,500,000 0 14,410,188"
3.2,140,454,project,"207000 - Ministria e Kulturës, Rinisë dhe Sporteve",207100 - Sportet,80200 - Arritjet Sportive,0810,207100-1626329,14553,04.2016-11.2027,Ndërtimi i Stadiumit të Qytetit në Pejë,,,,,,,,,,,0810 207100-1626329 14553 04.2016-11.2027 Ndërtimi i Stadiumit të Qytetit në Pejë
3.2,140,469,source,"207000 - Ministria e Kulturës, Rinisë dhe Sporteve",207100 - Sportet,80200 - Arritjet Sportive,0810,207100-1626329,14553,04.2016-11.2027,Ndërtimi i Stadiumit të Qytetit në Pejë,GQ,,746665.0,1000000.0,0.0,1000000.0,3300000.0,8000000.0,0.0,13046665.0,"GQ 746,665 1,000,000 0 1,000,000 3,300,000 8,000,000 0 13,046,665"
3.2,140,483,project,"207000 - Ministria e Kulturës, Rinisë dhe Sporteve",207100 - Sportet,80200 - Arritjet Sportive,0980,207100-1728175,15098,02.2025-12.2027,Ndërtimi i Stadiumit në Kaqanik,,,,,,,,,,,0980 207100-1728175 15098 02.2025-12.2027 Ndërtimi i Stadiumit në Kaqanik
3.2,140,497,source,"207000 - Ministria e Kulturës, Rinisë dhe Sporteve",207100 - Sportet,80200 - Arritjet Sportive,0980,207100-1728175,15098,02.2025-12.2027,Ndërtimi i Stadiumit në Kaqanik,GQ,,498896.0,400000.0,0.0,400000.0,400000.0,650000.0,0.0,1948896.0,"GQ 498,896 400,000 0 400,000 400,000 650,000 0 1,948,896"
3.2,141,171,project,"207000 - Ministria e Kulturës, Rinisë dhe Sporteve",207100 - Sportet,80200 - Arritjet Sportive,0810,207100-1730220,15105,03.2017-12.2026,"Ndërtimi i Qendrës Nacionale të Xhudos,Pejë",,,,,,,,,,,"0810 207100-1730220 15105 03.2017-12.2026 Ndërtimi i Qendrës Nacionale të Xhudos,Pejë"
3.2,141,185,source,"207000 - Ministria e Kulturës, Rinisë dhe Sporteve",207100 - Sportet,80200 - Arritjet Sportive,0810,207100-1730220,15105,03.2017-12.2026,"Ndërtimi i Qendrës Nacionale të Xhudos,Pejë",GQ,,1455907.0,1000000.0,0.0,1000000.0,4000000.0,3000000.0,0.0,9455907.0,"GQ 1,455,907 1,000,000 0 1,000,000 4,000,000 3,000,000 0 9,455,907"
3.2,141,199,project,"207000 - Ministria e Kulturës, Rinisë dhe Sporteve",207100 - Sportet,80200 - Arritjet Sportive,0810,207100-1832690,15662,03.2018-11.2027,"Stadiumi Përparim Thaqi, Prizren",,,,,,,,,,,"0810 207100-1832690 15662 03.2018-11.2027 Stadiumi Përparim Thaqi, Prizren"
3.2,141,213,source,"207000 - Ministria e Kulturës, Rinisë dhe Sporteve",207100 - Sportet,80200 - Arritjet Sportive,0810,207100-1832690,15662,03.2018-11.2027,"Stadiumi Përparim Thaqi, Prizren",GQ,,1834223.0,1500000.0,0.0,1500000.0,5000000.0,5000000.0,0.0,13334223.0,"GQ 1,834,223 1,500,000 0 1,500,000 5,000,000 5,000,000 0 13,334,223"
3.2,141,228,project,"207000 - Ministria e Kulturës, Rinisë dhe Sporteve",207100 - Sportet,80200 - Arritjet Sportive,0810,207100-1935213,18309,03.2019-11.2026,Fushat ndihmëse,,,,,,,,,,,0810 207100-1935213 18309 03.2019-11.2026 Fushat ndihmëse
3.2,141,242,source,"207000 - Ministria e Kulturës, Rinisë dhe Sporteve",207100 - Sportet,80200 - Arritjet Sportive,0810,207100-1935213,18309,03.2019-11.2026,Fushat ndihmëse,GQ,,1479939.0,250000.0,0.0,250000.0,250000.0,250000.0,0.0,2229939.0,"GQ 1,479,939 250,000 0 250,000 250,000 250,000 0 2,229,939"
3.2,141,256,project,"207000 - Ministria e Kulturës, Rinisë dhe Sporteve",207100 - Sportet,80200 - Arritjet Sportive,0810,207100-1935498,18450,03.2019-08.2026,Renovimi i Stadiumit të Qytetit në Gjakovë,,,,,,,,,,,0810 207100-1935498 18450 03.2019-08.2026 Renovimi i Stadiumit të Qytetit në Gjakovë
3.2,141,270,source,"207000 - Ministria e Kulturës, Rinisë dhe Sporteve",207100 - Sportet,80200 - Arritjet Sportive,0810,207100-1935498,18450,03.2019-08.2026,Renovimi i Stadiumit të Qytetit në Gjakovë,GQ,,3067768.0,3000000.0,0.0,3000000.0,2500000.0,2500000.0,0.0,11067768.0,"GQ 3,067,768 3,000,000 0 3,000,000 2,500,000 2,500,000 0 11,067,768"
3.2,141,284,project,"207000 - Ministria e Kulturës, Rinisë dhe Sporteve",207100 - Sportet,80200 - Arritjet Sportive,0810,207100-2037518,18756,04.2020-12.2027,Rekuizita sportive,,,,,,,,,,,0810 207100-2037518 18756 04.2020-12.2027 Rekuizita sportive
3.2,141,298,source,"207000 - Ministria e Kulturës, Rinisë dhe Sporteve",207100 - Sportet,80200 - Arritjet Sportive,0810,207100-2037518,18756,04.2020-12.2027,Rekuizita sportive,GQ,,316232.0,500000.0,0.0,500000.0,500000.0,500000.0,0.0,1816232.0,"GQ 316,232 500,000 0 500,000 500,000 500,000 0 1,816,232"
3.2,141,313,project,"207000 - Ministria e Kulturës, Rinisë dhe Sporteve",207100 - Sportet,80200 - Arritjet Sportive,0810,207100-2239741,18997,06.2022-12.2026,Renovimi i Pallatit të Rinisë,,,,,,,,,,,0810 207100-2239741 18997 06.2022-12.2026 Renovimi i Pallatit të Rinisë
3.2,141,327,source,"207000 - Ministria e Kulturës, Rinisë dhe Sporteve",207100 - Sportet,80200 - Arritjet Sportive,0810,207100-2239741,18997,06.2022-12.2026,Renovimi i Pallatit të Rinisë,GQ,,382893.0,400000.0,0.0,400000.0,1000000.0,1000000.0,0.0,2782893.0,"GQ 382,893 400,000 0 400,000 1,000,000 1,000,000 0 2,782,893"
3.2,141,341,project,"207000 - Ministria e Kulturës, Rinisë dhe Sporteve",207100 - Sportet,80200 - Arritjet Sportive,0810,207100-2240897,19047,01.2022-11.2027,Ndërtimi i stadiumit të qytetit në Ferizaj,,,,,,,,,,,0810 207100-2240897 19047 01.2022-11.2027 Ndërtimi i stadiumit të qytetit në Ferizaj
3.2,141,355,source,"207000 - Ministria e Kulturës, Rinisë dhe Sporteve",207100 - Sportet,80200 - Arritjet Sportive,0810,207100-2240897,19047,01.2022-11.2027,Ndërtimi i stadiumit të qytetit në Ferizaj,GQ,,1901209.0,1500000.0,0.0,1500000.0,2500000.0,8500000.0,0.0,14401209.0,"GQ 1,901,209 1,500,000 0 1,500,000 2,500,000 8,500,000 0 14,401,209"
3.2,141,369,project,"207000 - Ministria e Kulturës, Rinisë dhe Sporteve",207100 - Sportet,80200 - Arritjet Sportive,0810,207100-2343645,19235,02.2023-12.2027,Shtegu i Atletikes Kamenice,,,,,,,,,,,0810 207100-2343645 19235 02.2023-12.2027 Shtegu i Atletikes Kamenice
3.2,141,383,source,"207000 - Ministria e Kulturës, Rinisë dhe Sporteve",207100 - Sportet,80200 - Arritjet Sportive,0810,207100-2343645,19235,02.2023-12.2027,Shtegu i Atletikes Kamenice,GQ,,1823075.0,1330000.0,0.0,1330000.0,1211579.0,0.0,0.0,4364654.0,"GQ 1,823,075 1,330,000 0 1,330,000 1,211,579 0 0 4,364,654"
3.2,141,398,project,"207000 - Ministria e Kulturës, Rinisë dhe Sporteve",207100 - Sportet,80200 - Arritjet Sportive,0810,207100-2343655,19244,02.2023-12.2027,Palestra e gjmnastikës në Fushe Kosove,,,,,,,,,,,0810 207100-2343655 19244 02.2023-12.2027 Palestra e gjmnastikës në Fushe Kosove
3.2,141,412,source,"207000 - Ministria e Kulturës, Rinisë dhe Sporteve",207100 - Sportet,80200 - Arritjet Sportive,0810,207100-2343655,19244,02.2023-12.2027,Palestra e gjmnastikës në Fushe Kosove,GQ,,238822.0,700000.0,0.0,700000.0,700000.0,400000.0,0.0,2038822.0,"GQ 238,822 700,000 0 700,000 700,000 400,000 0 2,038,822"
3.2,141,426,project,"207000 - Ministria e Kulturës, Rinisë dhe Sporteve",207100 - Sportet,80200 - Arritjet Sportive,0810,207100-2343657,19245,02.2023-12.2027,"Ndertimi i stadiumit ne Hogosht, Kamenice",,,,,,,,,,,"0810 207100-2343657 19245 02.2023-12.2027 Ndertimi i stadiumit ne Hogosht, Kamenice"
3.2,141,440,source,"207000 - Ministria e Kulturës, Rinisë dhe Sporteve",207100 - Sportet,80200 - Arritjet Sportive,0810,207100-2343657,19245,02.2023-12.2027,"Ndertimi i stadiumit ne Hogosht, Kamenice",GQ,,550364.0,1000000.0,0.0,1000000.0,1700000.0,0.0,0.0,3250364.0,"GQ 550,364 1,000,000 0 1,000,000 1,700,000 0 0 3,250,364"
3.2,141,454,project,"207000 - Ministria e Kulturës, Rinisë dhe Sporteve",207100 - Sportet,80200 - Arritjet Sportive,0810,207100-2445628,19387,03.2024-09.2027,Stadiumi i qytetit në Rahovec,,,,,,,,,,,0810 207100-2445628 19387 03.2024-09.2027 Stadiumi i qytetit në Rahovec
3.2,141,469,source,"207000 - Ministria e Kulturës, Rinisë dhe Sporteve",207100 - Sportet,80200 - Arritjet Sportive,0810,207100-2445628,19387,03.2024-09.2027,Stadiumi i qytetit në Rahovec,GQ,,0.0,1750000.0,0.0,1750000.0,2700000.0,6300000.0,0.0,10750000.0,"GQ 0 1,750,000 0 1,750,000 2,700,000 6,300,000 0 10,750,000"
3.2,141,483,project,"207000 - Ministria e Kulturës, Rinisë dhe Sporteve",207100 - Sportet,80200 - Arritjet Sportive,0810,207100-2445631,19388,03.2024-10.2027,Stadiumi i qytetit në Suharekë,,,,,,,,,,,0810 207100-2445631 19388 03.2024-10.2027 Stadiumi i qytetit në Suharekë
3.2,141,497,source,"207000 - Ministria e Kulturës, Rinisë dhe Sporteve",207100 - Sportet,80200 - Arritjet Sportive,0810,207100-2445631,19388,03.2024-10.2027,Stadiumi i qytetit në Suharekë,GQ,,1682907.0,1750000.0,0.0,1750000.0,3750000.0,5500000.0,0.0,12682907.0,"GQ 1,682,907 1,750,000 0 1,750,000 3,750,000 5,500,000 0 12,682,907"
3.2,142,171,project,"207000 - Ministria e Kulturës, Rinisë dhe Sporteve",207100 - Sportet,80200 - Arritjet Sportive,0810,207100-2445633,19389,05.2024-10.2027,Pishina në Deçan,,,,,,,,,,,0810 207100-2445633 19389 05.2024-10.2027 Pishina në Deçan
3.2,142,185,source,"207000 - Ministria e Kulturës, Rinisë dhe Sporteve",207100 - Sportet,80200 - Arritjet Sportive,0810,207100-2445633,19389,05.2024-10.2027,Pishina në Deçan,GQ,,1000000.0,1500000.0,0.0,1500000.0,0.0,0.0,0.0,2500000.0,"GQ 1,000,000 1,500,000 0 1,500,000 0 0 0 2,500,000"
3.2,142,199,project,"207000 - Ministria e Kulturës, Rinisë dhe Sporteve",207100 - Sportet,80200 - Arritjet Sportive,0810,207100-2547386,19709,03.2025-11.2027,Stadiumi në Drenas,,,,,,,,,,,0810 207100-2547386 19709 03.2025-11.2027 Stadiumi në Drenas
3.2,142,213,source,"207000 - Ministria e Kulturës, Rinisë dhe Sporteve",207100 - Sportet,80200 - Arritjet Sportive,0810,207100-2547386,19709,03.2025-11.2027,Stadiumi në Drenas,GQ,,375000.0,1000000.0,0.0,1000000.0,3228421.0,660000.0,0.0,5263421.0,"GQ 375,000 1,000,000 0 1,000,000 3,228,421 660,000 0 5,263,421"
3.2,142,228,project,"207000 - Ministria e Kulturës, Rinisë dhe Sporteve",207100 - Sportet,80200 - Arritjet Sportive,0810,207100-2547388,19710,02.2025-11.2027,Qendra Akuatike në rajonin e Prishtinës,,,,,,,,,,,0810 207100-2547388 19710 02.2025-11.2027 Qendra Akuatike në rajonin e Prishtinës
3.2,142,242,source,"207000 - Ministria e Kulturës, Rinisë dhe Sporteve",207100 - Sportet,80200 - Arritjet Sportive,0810,207100-2547388,19710,02.2025-11.2027,Qendra Akuatike në rajonin e Prishtinës,GQ,,0.0,500000.0,0.0,500000.0,500000.0,0.0,0.0,1000000.0,"GQ 0 500,000 0 500,000 500,000 0 0 1,000,000"
3.2,142,256,project,"207000 - Ministria e Kulturës, Rinisë dhe Sporteve",207100 - Sportet,80200 - Arritjet Sportive,0810,207100-2547389,19711,02.2025-11.2027,Pista e automobilizmit në rajonin e Prishtinës,,,,,,,,,,,0810 207100-2547389 19711 02.2025-11.2027 Pista e automobilizmit në rajonin e Prishtinës
3.2,142,270,source,"207000 - Ministria e Kulturës, Rinisë dhe Sporteve",207100 - Sportet,80200 - Arritjet Sportive,0810,207100-2547389,19711,02.2025-11.2027,Pista e automobilizmit në rajonin e Prishtinës,GQ,,0.0,50000.0,0.0,50000.0,50000.0,50000.0,0.0,150000.0,"GQ 0 50,000 0 50,000 50,000 50,000 0 150,000"
3.2,142,284,project,"207000 - Ministria e Kulturës, Rinisë dhe Sporteve",207100 - Sportet,80200 - Arritjet Sportive,0810,207100-2547391,19712,02.2025-12.2027,Stadiumi i qytetit në Vushtri,,,,,,,,,,,0810 207100-2547391 19712 02.2025-12.2027 Stadiumi i qytetit në Vushtri
3.2,142,298,source,"207000 - Ministria e Kulturës, Rinisë dhe Sporteve",207100 - Sportet,80200 - Arritjet Sportive,0810,207100-2547391,19712,02.2025-12.2027,Stadiumi i qytetit në Vushtri,GQ,,0.0,500000.0,0.0,500000.0,2000000.0,2500000.0,0.0,5000000.0,"GQ 0 500,000 0 500,000 2,000,000 2,500,000 0 5,000,000"
3.2,142,313,project,"207000 - Ministria e Kulturës, Rinisë dhe Sporteve",207100 - Sportet,80200 - Arritjet Sportive,0810,207100-2547400,19720,03.2025-12.2027,"Ndertimi- Doxhot në qendrat regjionale në regjionin e Mitrovicës, Ferizajit, Pejës, Prishtinës, Gjakovës, Prizrenit",,,,,,,,,,,"0810 207100-2547400 19720 03.2025-12.2027 Ndertimi- Doxhot në qendrat regjionale në regjionin e Mitrovicës, Ferizajit, Pejës, Prishtinës, Gjakovës, Prizrenit"
3.2,142,327,source,"207000 - Ministria e Kulturës, Rinisë dhe Sporteve",207100 - Sportet,80200 - Arritjet Sportive,0810,207100-2547400,19720,03.2025-12.2027,"Ndertimi- Doxhot në qendrat regjionale në regjionin e Mitrovicës, Ferizajit, Pejës, Prishtinës, Gjakovës, Prizrenit",GQ,,200000.0,0.0,400000.0,400000.0,400000.0,600000.0,0.0,1600000.0,"GQ 200,000 0 400,000 400,000 400,000 600,000 0 1,600,000"
3.2,142,341,project,"207000 - Ministria e Kulturës, Rinisë dhe Sporteve",207100 - Sportet,80200 - Arritjet Sportive,0810,207100-2547403,19722,02.2025-12.2027,"Ndertimi i Komplekseve Muitisportive në regjionin e Mitrovicës, Ferizajit, Pejës, Prishtinës, Gjakovës, Prizrenit",,,,,,,,,,,"0810 207100-2547403 19722 02.2025-12.2027 Ndertimi i Komplekseve Muitisportive në regjionin e Mitrovicës, Ferizajit, Pejës, Prishtinës, Gjakovës, Prizrenit"
3.2,142,355,source,"207000 - Ministria e Kulturës, Rinisë dhe Sporteve",207100 - Sportet,80200 - Arritjet Sportive,0810,207100-2547403,19722,02.2025-12.2027,"Ndertimi i Komplekseve Muitisportive në regjionin e Mitrovicës, Ferizajit, Pejës, Prishtinës, Gjakovës, Prizrenit",GQ,,0.0,1245300.0,0.0,1245300.0,2150000.0,3050000.0,0.0,6445300.0,"GQ 0 1,245,300 0 1,245,300 2,150,000 3,050,000 0 6,445,300"
3.2,142,369,project,"207000 - Ministria e Kulturës, Rinisë dhe Sporteve",207100 - Sportet,80200 - Arritjet Sportive,0810,207100-2547404,19723,01.2025-12.2027,Ndertimi i Pishines gjysëm-olimpike në Podujevë,,,,,,,,,,,0810 207100-2547404 19723 01.2025-12.2027 Ndertimi i Pishines gjysëm-olimpike në Podujevë
3.2,142,383,source,"207000 - Ministria e Kulturës, Rinisë dhe Sporteve",207100 - Sportet,80200 - Arritjet Sportive,0810,207100-2547404,19723,01.2025-12.2027,Ndertimi i Pishines gjysëm-olimpike në Podujevë,GQ,,824399.0,1300000.0,0.0,1300000.0,1500000.0,0.0,0.0,3624399.0,"GQ 824,399 1,300,000 0 1,300,000 1,500,000 0 0 3,624,399"
3.2,142,398,subtotal,"207000 - Ministria e Kulturës, Rinisë dhe Sporteve",207100 - Sportet,80200 - Arritjet Sportive,,,,,Totali( GQ ) - Arritjet Sportive,GQ,,45613228.0,32775300.0,400000.0,33175300.0,57940000.0,60660000.0,0.0,197388528.0,"Totali( GQ ) - Arritjet Sportive 45,613,228 32,775,300 400,000 33,175,300 57,940,000 60,660,000 0 197,388,528"
3.2,142,412,subtotal,"207000 - Ministria e Kulturës, Rinisë dhe Sporteve",207100 - Sportet,80200 - Arritjet Sportive,,,,,Totali - Arritjet Sportive,,,45613228.0,32775300.0,400000.0,33175300.0,57940000.0,60660000.0,0.0,197388528.0,"Totali - Arritjet Sportive 45,613,228 32,775,300 400,000 33,175,300 57,940,000 60,660,000 0 197,388,528"
3.2,142,426,subtotal,"207000 - Ministria e Kulturës, Rinisë dhe Sporteve",207100 - Sportet,80200 - Arritjet Sportive,,,,,Totali ( GQ ) - Sportet,GQ,,45613228.0,32775300.0,400000.0,33175300.0,57940000.0,60660000.0,0.0,197388528.0,"Totali ( GQ ) - Sportet 45,613,228 32,775,300 400,000 33,175,300 57,940,000 60,660,000 0 197,388,528"
3.2,142,440,subtotal,"207000 - Ministria e Kulturës, Rinisë dhe Sporteve",207100 - Sportet,80200 - Arritjet Sportive,,,,,Totali - Sportet,,,45613228.0,32775300.0,400000.0,33175300.0,57940000.0,60660000.0,0.0,197388528.0,"Totali - Sportet 45,613,228 32,775,300 400,000 33,175,300 57,940,000 60,660,000 0 197,388,528"
3.2,142,483,project,"207000 - Ministria e Kulturës, Rinisë dhe Sporteve",207101 - Kultura,80300 - Përkrahja Institucionale për Kulturën,0820,207101-072235,06097,03.2013-11.2028,Objekti Teater dhe Oper Dr.Ibrahim Rugova,,,,,,,,,,,0820 207101-072235 06097 03.2013-11.2028 Objekti Teater dhe Oper Dr.Ibrahim Rugova
3.2,142,497,source,"207000 - Ministria e Kulturës, Rinisë dhe Sporteve",207101 - Kultura,80300 - Përkrahja Institucionale për Kulturën,0820,207101-072235,06097,03.2013-11.2028,Objekti Teater dhe Oper Dr.Ibrahim Rugova,GQ,,1687595.0,1000000.0,0.0,1000000.0,500000.0,2000000.0,0.0,5187595.0,"GQ 1,687,595 1,000,000 0 1,000,000 500,000 2,000,000 0 5,187,595"
3.2,143,171,project,"207000 - Ministria e Kulturës, Rinisë dhe Sporteve",207101 - Kultura,80300 - Përkrahja Institucionale për Kulturën,0820,207101-1213650,13073,03.2013-11.2028,Muzeu i Artit Bashkekohor,,,,,,,,,,,0820 207101-1213650 13073 03.2013-11.2028 Muzeu i Artit Bashkekohor
3.2,143,185,source,"207000 - Ministria e Kulturës, Rinisë dhe Sporteve",207101 - Kultura,80300 - Përkrahja Institucionale për Kulturën,0820,207101-1213650,13073,03.2013-11.2028,Muzeu i Artit Bashkekohor,GQ,,10000.0,500000.0,0.0,500000.0,3000000.0,3000000.0,0.0,6510000.0,"GQ 10,000 500,000 0 500,000 3,000,000 3,000,000 0 6,510,000"
3.2,143,199,project,"207000 - Ministria e Kulturës, Rinisë dhe Sporteve",207101 - Kultura,80300 - Përkrahja Institucionale për Kulturën,0820,207101-1626083,14560,6-12.2027,Renovimi i Teatrit Kombetar,,,,,,,,,,,0820 207101-1626083 14560 6-12.2027 Renovimi i Teatrit Kombetar
3.2,143,213,source,"207000 - Ministria e Kulturës, Rinisë dhe Sporteve",207101 - Kultura,80300 - Përkrahja Institucionale për Kulturën,0820,207101-1626083,14560,6-12.2027,Renovimi i Teatrit Kombetar,GQ,,1556367.0,1700000.0,0.0,1700000.0,0.0,0.0,0.0,3256367.0,"GQ 1,556,367 1,700,000 0 1,700,000 0 0 0 3,256,367"
3.2,143,228,project,"207000 - Ministria e Kulturës, Rinisë dhe Sporteve",207101 - Kultura,80300 - Përkrahja Institucionale për Kulturën,0820,207101-1935476,18455,03.2019-12.2028,Renovimi i objekteve kulturore,,,,,,,,,,,0820 207101-1935476 18455 03.2019-12.2028 Renovimi i objekteve kulturore
3.2,143,242,source,"207000 - Ministria e Kulturës, Rinisë dhe Sporteve",207101 - Kultura,80300 - Përkrahja Institucionale për Kulturën,0820,207101-1935476,18455,03.2019-12.2028,Renovimi i objekteve kulturore,GQ,,1249859.0,1005000.0,0.0,1005000.0,2540000.0,2300000.0,0.0,7094859.0,"GQ 1,249,859 1,005,000 0 1,005,000 2,540,000 2,300,000 0 7,094,859"
3.2,143,256,project,"207000 - Ministria e Kulturës, Rinisë dhe Sporteve",207101 - Kultura,80300 - Përkrahja Institucionale për Kulturën,0820,207101-2239708,18990,06.2022-11.2027,Renovimi i Galerisë Kombëtare,,,,,,,,,,,0820 207101-2239708 18990 06.2022-11.2027 Renovimi i Galerisë Kombëtare
3.2,143,270,source,"207000 - Ministria e Kulturës, Rinisë dhe Sporteve",207101 - Kultura,80300 - Përkrahja Institucionale për Kulturën,0820,207101-2239708,18990,06.2022-11.2027,Renovimi i Galerisë Kombëtare,GQ,,1393945.0,600000.0,0.0,600000.0,0.0,0.0,0.0,1993945.0,"GQ 1,393,945 600,000 0 600,000 0 0 0 1,993,945"
3.2,143,284,project,"207000 - Ministria e Kulturës, Rinisë dhe Sporteve",207101 - Kultura,80300 - Përkrahja Institucionale për Kulturën,0820,207101-2239715,18992,05.2022-11.2027,Përmirësimi i qasjes në objektet e kulturës për personat me nevoja të veçanta,,,,,,,,,,,0820 207101-2239715 18992 05.2022-11.2027 Përmirësimi i qasjes në objektet e kulturës për personat me nevoja të veçanta
3.2,143,298,source,"207000 - Ministria e Kulturës, Rinisë dhe Sporteve",207101 - Kultura,80300 - Përkrahja Institucionale për Kulturën,0820,207101-2239715,18992,05.2022-11.2027,Përmirësimi i qasjes në objektet e kulturës për personat me nevoja të veçanta,GQ,,79098.0,100000.0,0.0,100000.0,0.0,0.0,0.0,179098.0,"GQ 79,098 100,000 0 100,000 0 0 0 179,098"
3.2,143,313,project,"207000 - Ministria e Kulturës, Rinisë dhe Sporteve",207101 - Kultura,80300 - Përkrahja Institucionale për Kulturën,0820,207101-2343658,19246,05.2023-11.2026,Qendra Kulturore e Runikut,,,,,,,,,,,0820 207101-2343658 19246 05.2023-11.2026 Qendra Kulturore e Runikut
3.2,143,327,source,"207000 - Ministria e Kulturës, Rinisë dhe Sporteve",207101 - Kultura,80300 - Përkrahja Institucionale për Kulturën,0820,207101-2343658,19246,05.2023-11.2026,Qendra Kulturore e Runikut,GQ,,0.0,400000.0,0.0,400000.0,300000.0,100000.0,0.0,800000.0,"GQ 0 400,000 0 400,000 300,000 100,000 0 800,000"
3.2,143,341,project,"207000 - Ministria e Kulturës, Rinisë dhe Sporteve",207101 - Kultura,80300 - Përkrahja Institucionale për Kulturën,0820,207101-2444101,19324,03.2024-12.2026,Qendra Kulturore në Rahovec,,,,,,,,,,,0820 207101-2444101 19324 03.2024-12.2026 Qendra Kulturore në Rahovec
3.2,143,355,source,"207000 - Ministria e Kulturës, Rinisë dhe Sporteve",207101 - Kultura,80300 - Përkrahja Institucionale për Kulturën,0820,207101-2444101,19324,03.2024-12.2026,Qendra Kulturore në Rahovec,GQ,,1397806.0,300000.0,0.0,300000.0,0.0,0.0,0.0,1697806.0,"GQ 1,397,806 300,000 0 300,000 0 0 0 1,697,806"
3.2,143,369,project,"207000 - Ministria e Kulturës, Rinisë dhe Sporteve",207101 - Kultura,80300 - Përkrahja Institucionale për Kulturën,0820,207101-2445658,19400,03.2024-12.2028,Rekuizitat kulturore në institucione kulturore,,,,,,,,,,,0820 207101-2445658 19400 03.2024-12.2028 Rekuizitat kulturore në institucione kulturore
3.2,143,383,source,"207000 - Ministria e Kulturës, Rinisë dhe Sporteve",207101 - Kultura,80300 - Përkrahja Institucionale për Kulturën,0820,207101-2445658,19400,03.2024-12.2028,Rekuizitat kulturore në institucione kulturore,GQ,,499559.0,400000.0,0.0,400000.0,700000.0,400000.0,0.0,1999559.0,"GQ 499,559 400,000 0 400,000 700,000 400,000 0 1,999,559"
3.2,143,398,project,"207000 - Ministria e Kulturës, Rinisë dhe Sporteve",207101 - Kultura,80300 - Përkrahja Institucionale për Kulturën,0820,207101-2445660,19402,03.2024-12.2028,"Revitalizimi i Kinemave Publike në regjionin e Prishtinës, Prizrenit dhe Pejës",,,,,,,,,,,"0820 207101-2445660 19402 03.2024-12.2028 Revitalizimi i Kinemave Publike në regjionin e Prishtinës, Prizrenit dhe Pejës"
3.2,143,412,source,"207000 - Ministria e Kulturës, Rinisë dhe Sporteve",207101 - Kultura,80300 - Përkrahja Institucionale për Kulturën,0820,207101-2445660,19402,03.2024-12.2028,"Revitalizimi i Kinemave Publike në regjionin e Prishtinës, Prizrenit dhe Pejës",GQ,,207341.0,500000.0,0.0,500000.0,500000.0,700000.0,0.0,1907341.0,"GQ 207,341 500,000 0 500,000 500,000 700,000 0 1,907,341"
3.2,143,426,project,"207000 - Ministria e Kulturës, Rinisë dhe Sporteve",207101 - Kultura,80300 - Përkrahja Institucionale për Kulturën,0820,207101-2445661,19403,06.2024-12.2027,Qendra Kulturore Rinore në Mamushë,,,,,,,,,,,0820 207101-2445661 19403 06.2024-12.2027 Qendra Kulturore Rinore në Mamushë
3.2,143,440,source,"207000 - Ministria e Kulturës, Rinisë dhe Sporteve",207101 - Kultura,80300 - Përkrahja Institucionale për Kulturën,0820,207101-2445661,19403,06.2024-12.2027,Qendra Kulturore Rinore në Mamushë,GQ,,550000.0,175000.0,0.0,175000.0,100000.0,0.0,0.0,825000.0,"GQ 550,000 175,000 0 175,000 100,000 0 0 825,000"
3.2,143,454,project,"207000 - Ministria e Kulturës, Rinisë dhe Sporteve",207101 - Kultura,80300 - Përkrahja Institucionale për Kulturën,0820,207101-2546050,19611,02.2025-11.2027,"Ndërtimi- Info-kulla, Morinë, Gjakovë",,,,,,,,,,,"0820 207101-2546050 19611 02.2025-11.2027 Ndërtimi- Info-kulla, Morinë, Gjakovë"
3.2,143,469,source,"207000 - Ministria e Kulturës, Rinisë dhe Sporteve",207101 - Kultura,80300 - Përkrahja Institucionale për Kulturën,0820,207101-2546050,19611,02.2025-11.2027,"Ndërtimi- Info-kulla, Morinë, Gjakovë",GQ,,0.0,0.0,50000.0,50000.0,150000.0,0.0,0.0,200000.0,"GQ 0 0 50,000 50,000 150,000 0 0 200,000"
3.2,143,483,project,"207000 - Ministria e Kulturës, Rinisë dhe Sporteve",207101 - Kultura,80300 - Përkrahja Institucionale për Kulturën,0820,207101-2547393,19714,03.2025-11.2027,Qendra Kulturore Turke në Prizren,,,,,,,,,,,0820 207101-2547393 19714 03.2025-11.2027 Qendra Kulturore Turke në Prizren
3.2,143,497,source,"207000 - Ministria e Kulturës, Rinisë dhe Sporteve",207101 - Kultura,80300 - Përkrahja Institucionale për Kulturën,0820,207101-2547393,19714,03.2025-11.2027,Qendra Kulturore Turke në Prizren,GQ,,0.0,0.0,300000.0,300000.0,100000.0,0.0,0.0,400000.0,"GQ 0 0 300,000 300,000 100,000 0 0 400,000"
3.2,144,171,project,"207000 - Ministria e Kulturës, Rinisë dhe Sporteve",207101 - Kultura,80300 - Përkrahja Institucionale për Kulturën,0820,207101-2547394,19715,03.2025-12.2027,Ndertimi i teatrit të qytetit në Prizren,,,,,,,,,,,0820 207101-2547394 19715 03.2025-12.2027 Ndertimi i teatrit të qytetit në Prizren
3.2,144,185,source,"207000 - Ministria e Kulturës, Rinisë dhe Sporteve",207101 - Kultura,80300 - Përkrahja Institucionale për Kulturën,0820,207101-2547394,19715,03.2025-12.2027,Ndertimi i teatrit të qytetit në Prizren,GQ,,0.0,50000.0,0.0,50000.0,50000.0,0.0,0.0,100000.0,"GQ 0 50,000 0 50,000 50,000 0 0 100,000"
3.2,144,199,project,"207000 - Ministria e Kulturës, Rinisë dhe Sporteve",207101 - Kultura,80300 - Përkrahja Institucionale për Kulturën,0820,207101-2547395,19716,02.2025-11.2028,Ndertimi i Qendres kulturore në Skenderaj,,,,,,,,,,,0820 207101-2547395 19716 02.2025-11.2028 Ndertimi i Qendres kulturore në Skenderaj
3.2,144,213,source,"207000 - Ministria e Kulturës, Rinisë dhe Sporteve",207101 - Kultura,80300 - Përkrahja Institucionale për Kulturën,0820,207101-2547395,19716,02.2025-11.2028,Ndertimi i Qendres kulturore në Skenderaj,GQ,,200000.0,0.0,500000.0,500000.0,300000.0,100000.0,0.0,1100000.0,"GQ 200,000 0 500,000 500,000 300,000 100,000 0 1,100,000"
3.2,144,228,project,"207000 - Ministria e Kulturës, Rinisë dhe Sporteve",207101 - Kultura,80300 - Përkrahja Institucionale për Kulturën,0820,207101-2547396,19717,02.2025-11.2028,"Muzeu i masakrës në lagjen e boshnjakëve, Mitrovicë e Veriut",,,,,,,,,,,"0820 207101-2547396 19717 02.2025-11.2028 Muzeu i masakrës në lagjen e boshnjakëve, Mitrovicë e Veriut"
3.2,144,242,source,"207000 - Ministria e Kulturës, Rinisë dhe Sporteve",207101 - Kultura,80300 - Përkrahja Institucionale për Kulturën,0820,207101-2547396,19717,02.2025-11.2028,"Muzeu i masakrës në lagjen e boshnjakëve, Mitrovicë e Veriut",GQ,,0.0,0.0,100000.0,100000.0,100000.0,60000.0,0.0,260000.0,"GQ 0 0 100,000 100,000 100,000 60,000 0 260,000"
3.2,144,256,project,"207000 - Ministria e Kulturës, Rinisë dhe Sporteve",207101 - Kultura,80300 - Përkrahja Institucionale për Kulturën,0820,207101-2547397,19718,03.2025-10.2028,"Muzeu i Sefë Mleqanit, Malishevë",,,,,,,,,,,"0820 207101-2547397 19718 03.2025-10.2028 Muzeu i Sefë Mleqanit, Malishevë"
3.2,144,270,source,"207000 - Ministria e Kulturës, Rinisë dhe Sporteve",207101 - Kultura,80300 - Përkrahja Institucionale për Kulturën,0820,207101-2547397,19718,03.2025-10.2028,"Muzeu i Sefë Mleqanit, Malishevë",GQ,,0.0,0.0,500000.0,500000.0,150000.0,50000.0,0.0,700000.0,"GQ 0 0 500,000 500,000 150,000 50,000 0 700,000"
3.2,144,284,project,"207000 - Ministria e Kulturës, Rinisë dhe Sporteve",207101 - Kultura,80300 - Përkrahja Institucionale për Kulturën,0820,207101-2547398,19719,04.2025-12.2028,Muzeu i Agim Ramadanit në Zhegër,,,,,,,,,,,0820 207101-2547398 19719 04.2025-12.2028 Muzeu i Agim Ramadanit në Zhegër
3.2,144,298,source,"207000 - Ministria e Kulturës, Rinisë dhe Sporteve",207101 - Kultura,80300 - Përkrahja Institucionale për Kulturën,0820,207101-2547398,19719,04.2025-12.2028,Muzeu i Agim Ramadanit në Zhegër,GQ,,0.0,425000.0,0.0,425000.0,110000.0,110000.0,0.0,645000.0,"GQ 0 425,000 0 425,000 110,000 110,000 0 645,000"
3.2,144,313,project,"207000 - Ministria e Kulturës, Rinisë dhe Sporteve",207101 - Kultura,80300 - Përkrahja Institucionale për Kulturën,0820,207101-2547402,19721,02.2025-12.2028,"Rindertimi dhe restaurimi i Qendres Multikulturore Gërmia, Prishtinë",,,,,,,,,,,"0820 207101-2547402 19721 02.2025-12.2028 Rindertimi dhe restaurimi i Qendres Multikulturore Gërmia, Prishtinë"
3.2,144,327,source,"207000 - Ministria e Kulturës, Rinisë dhe Sporteve",207101 - Kultura,80300 - Përkrahja Institucionale për Kulturën,0820,207101-2547402,19721,02.2025-12.2028,"Rindertimi dhe restaurimi i Qendres Multikulturore Gërmia, Prishtinë",GQ,,0.0,100000.0,0.0,100000.0,3800000.0,4950000.0,0.0,8850000.0,"GQ 0 100,000 0 100,000 3,800,000 4,950,000 0 8,850,000"
3.2,144,341,project,"207000 - Ministria e Kulturës, Rinisë dhe Sporteve",207101 - Kultura,80300 - Përkrahja Institucionale për Kulturën,0820,207101-2647598,20640,01.2026-12.2028,Renovimi i Qendres së Kulturës në Kaçanik,,,,,,,,,,,0820 207101-2647598 20640 01.2026-12.2028 Renovimi i Qendres së Kulturës në Kaçanik
3.2,144,355,source,"207000 - Ministria e Kulturës, Rinisë dhe Sporteve",207101 - Kultura,80300 - Përkrahja Institucionale për Kulturën,0820,207101-2647598,20640,01.2026-12.2028,Renovimi i Qendres së Kulturës në Kaçanik,GQ,,0.0,0.0,800000.0,800000.0,1000000.0,900000.0,0.0,2700000.0,"GQ 0 0 800,000 800,000 1,000,000 900,000 0 2,700,000"
3.2,144,369,project,"207000 - Ministria e Kulturës, Rinisë dhe Sporteve",207101 - Kultura,80300 - Përkrahja Institucionale për Kulturën,0820,207103-1933279,18216,03.2019-11.2028,Ndërtesa e Teatrit në Ferizaj,,,,,,,,,,,0820 207103-1933279 18216 03.2019-11.2028 Ndërtesa e Teatrit në Ferizaj
3.2,144,383,source,"207000 - Ministria e Kulturës, Rinisë dhe Sporteve",207101 - Kultura,80300 - Përkrahja Institucionale për Kulturën,0820,207103-1933279,18216,03.2019-11.2028,Ndërtesa e Teatrit në Ferizaj,GQ,,0.0,800000.0,0.0,800000.0,300000.0,50000.0,0.0,1150000.0,"GQ 0 800,000 0 800,000 300,000 50,000 0 1,150,000"
3.2,144,398,subtotal,"207000 - Ministria e Kulturës, Rinisë dhe Sporteve",207101 - Kultura,80300 - Përkrahja Institucionale për Kulturën,,,,,Totali ( GQ ) - Përkrahja Institucionale për Kulturën,GQ,,8831568.0,8055000.0,2250000.0,10305000.0,13700000.0,14720000.0,0.0,47556568.0,"Totali ( GQ ) - Përkrahja Institucionale për Kulturën 8,831,568 8,055,000 2,250,000 10,305,000 13,700,000 14,720,000 0 47,556,568"
3.2,144,412,subtotal,"207000 - Ministria e Kulturës, Rinisë dhe Sporteve",207101 - Kultura,80300 - Përkrahja Institucionale për Kulturën,,,,,Totali - Përkrahja Institucionale për Kulturën,,,8831568.0,8055000.0,2250000.0,10305000.0,13700000.0,14720000.0,0.0,47556568.0,"Totali - Përkrahja Institucionale për Kulturën 8,831,568 8,055,000 2,250,000 10,305,000 13,700,000 14,720,000 0 47,556,568"
3.2,144,440,project,"207000 - Ministria e Kulturës, Rinisë dhe Sporteve",207101 - Kultura,90900 - Biblioteka Kombë tare,0820,207101-1523415,14227,01.2015-12.2027,Renovimi i Biblotekes Kombetare te Kosoves,,,,,,,,,,,0820 207101-1523415 14227 01.2015-12.2027 Renovimi i Biblotekes Kombetare te Kosoves
3.2,144,454,source,"207000 - Ministria e Kulturës, Rinisë dhe Sporteve",207101 - Kultura,90900 - Biblioteka Kombë tare,0820,207101-1523415,14227,01.2015-12.2027,Renovimi i Biblotekes Kombetare te Kosoves,GQ,,976172.0,1000000.0,0.0,1000000.0,3000000.0,3300000.0,0.0,8276172.0,"GQ 976,172 1,000,000 0 1,000,000 3,000,000 3,300,000 0 8,276,172"
3.2,144,469,project,"207000 - Ministria e Kulturës, Rinisë dhe Sporteve",207101 - Kultura,90900 - Biblioteka Kombë tare,0820,207101-2341456,19172,01.2023-11.2027,Biblioteka Digjitale,,,,,,,,,,,0820 207101-2341456 19172 01.2023-11.2027 Biblioteka Digjitale
3.2,144,483,source,"207000 - Ministria e Kulturës, Rinisë dhe Sporteve",207101 - Kultura,90900 - Biblioteka Kombë tare,0820,207101-2341456,19172,01.2023-11.2027,Biblioteka Digjitale,GQ,,592530.0,150000.0,0.0,150000.0,150000.0,0.0,0.0,892530.0,"GQ 592,530 150,000 0 150,000 150,000 0 0 892,530"
3.2,144,497,project,"207000 - Ministria e Kulturës, Rinisë dhe Sporteve",207101 - Kultura,90900 - Biblioteka Kombë tare,0820,207101-2341457,19173,01.2023-12.2027,Krijimi i rrjetit bibliotekar në Kosovë,,,,,,,,,,,0820 207101-2341457 19173 01.2023-12.2027 Krijimi i rrjetit bibliotekar në Kosovë
3.2,144,511,source,"207000 - Ministria e Kulturës, Rinisë dhe Sporteve",207101 - Kultura,90900 - Biblioteka Kombë tare,0820,207101-2341457,19173,01.2023-12.2027,Krijimi i rrjetit bibliotekar në Kosovë,GQ,,66808.0,100000.0,0.0,100000.0,100000.0,100000.0,0.0,366808.0,"GQ 66,808 100,000 0 100,000 100,000 100,000 0 366,808"
3.2,145,171,project,"207000 - Ministria e Kulturës, Rinisë dhe Sporteve",207101 - Kultura,90900 - Biblioteka Kombë tare,0820,207101-2647745,20683,03.2026-09.2028,Dokumentimi i Dëmtimit të Bibliotekave në Kosovë gjatë Luftës së vitit 1998-1999,,,,,,,,,,,0820 207101-2647745 20683 03.2026-09.2028 Dokumentimi i Dëmtimit të Bibliotekave në Kosovë gjatë Luftës së vitit 1998-1999
3.2,145,185,source,"207000 - Ministria e Kulturës, Rinisë dhe Sporteve",207101 - Kultura,90900 - Biblioteka Kombë tare,0820,207101-2647745,20683,03.2026-09.2028,Dokumentimi i Dëmtimit të Bibliotekave në Kosovë gjatë Luftës së vitit 1998-1999,GQ,,0.0,0.0,50000.0,50000.0,50000.0,100000.0,0.0,200000.0,"GQ 0 0 50,000 50,000 50,000 100,000 0 200,000"
3.2,145,199,subtotal,"207000 - Ministria e Kulturës, Rinisë dhe Sporteve",207101 - Kultura,90900 - Biblioteka Kombë tare,,,,,Totali( GQ ) - Biblioteka Kombë tare,GQ,,1635510.0,1250000.0,50000.0,1300000.0,3300000.0,3500000.0,0.0,9735510.0,"Totali( GQ ) - Biblioteka Kombë tare 1,635,510 1,250,000 50,000 1,300,000 3,300,000 3,500,000 0 9,735,510"
3.2,145,213,subtotal,"207000 - Ministria e Kulturës, Rinisë dhe Sporteve",207101 - Kultura,90900 - Biblioteka Kombë tare,,,,,Totali - Biblioteka Kombë tare,,,1635510.0,1250000.0,50000.0,1300000.0,3300000.0,3500000.0,0.0,9735510.0,"Totali - Biblioteka Kombë tare 1,635,510 1,250,000 50,000 1,300,000 3,300,000 3,500,000 0 9,735,510"
3.2,145,228,subtotal,"207000 - Ministria e Kulturës, Rinisë dhe Sporteve",207101 - Kultura,90900 - Biblioteka Kombë tare,,,,,Totali ( GQ ) - Kultura,GQ,,10467078.0,9305000.0,2300000.0,11605000.0,17000000.0,18220000.0,0.0,57292078.0,"Totali ( GQ ) - Kultura 10,467,078 9,305,000 2,300,000 11,605,000 17,000,000 18,220,000 0 57,292,078"
3.2,145,242,subtotal,"207000 - Ministria e Kulturës, Rinisë dhe Sporteve",207101 - Kultura,90900 - Biblioteka Kombë tare,,,,,Totali - Kultura,,,10467078.0,9305000.0,2300000.0,11605000.0,17000000.0,18220000.0,0.0,57292078.0,"Totali - Kultura 10,467,078 9,305,000 2,300,000 11,605,000 17,000,000 18,220,000 0 57,292,078"
3.2,145,284,project,"207000 - Ministria e Kulturës, Rinisë dhe Sporteve",207103 - Trashëgimia Kulturore,"81500 - Mbrojtja, Ruajtja e Trashë gimisë Kulturore",0820,207101-071967,10093,05.2013-09.2026,Kalaja e Prizrenit,,,,,,,,,,,0820 207101-071967 10093 05.2013-09.2026 Kalaja e Prizrenit
3.2,145,298,source,"207000 - Ministria e Kulturës, Rinisë dhe Sporteve",207103 - Trashëgimia Kulturore,"81500 - Mbrojtja, Ruajtja e Trashë gimisë Kulturore",0820,207101-071967,10093,05.2013-09.2026,Kalaja e Prizrenit,GQ,,1116987.0,85000.0,0.0,85000.0,0.0,0.0,0.0,1201987.0,"GQ 1,116,987 85,000 0 85,000 0 0 0 1,201,987"
3.2,145,313,project,"207000 - Ministria e Kulturës, Rinisë dhe Sporteve",207103 - Trashëgimia Kulturore,"81500 - Mbrojtja, Ruajtja e Trashë gimisë Kulturore",0820,207101-1213637,12688,03.2012-12.2027,"Masat Preventive, intervenime emergjente",,,,,,,,,,,"0820 207101-1213637 12688 03.2012-12.2027 Masat Preventive, intervenime emergjente"
3.2,145,327,source,"207000 - Ministria e Kulturës, Rinisë dhe Sporteve",207103 - Trashëgimia Kulturore,"81500 - Mbrojtja, Ruajtja e Trashë gimisë Kulturore",0820,207101-1213637,12688,03.2012-12.2027,"Masat Preventive, intervenime emergjente",GQ,,2100230.0,500000.0,0.0,500000.0,330000.0,250000.0,0.0,3180230.0,"GQ 2,100,230 500,000 0 500,000 330,000 250,000 0 3,180,230"
3.2,145,341,project,"207000 - Ministria e Kulturës, Rinisë dhe Sporteve",207103 - Trashëgimia Kulturore,"81500 - Mbrojtja, Ruajtja e Trashë gimisë Kulturore",0820,207101-1730432,15381,02.2017-12.2026,Qendra kulturore hebraike në Prizren,,,,,,,,,,,0820 207101-1730432 15381 02.2017-12.2026 Qendra kulturore hebraike në Prizren
3.2,145,355,source,"207000 - Ministria e Kulturës, Rinisë dhe Sporteve",207103 - Trashëgimia Kulturore,"81500 - Mbrojtja, Ruajtja e Trashë gimisë Kulturore",0820,207101-1730432,15381,02.2017-12.2026,Qendra kulturore hebraike në Prizren,GQ,,557684.0,1000.0,0.0,1000.0,0.0,0.0,0.0,558684.0,"GQ 557,684 1,000 0 1,000 0 0 0 558,684"
3.2,145,369,project,"207000 - Ministria e Kulturës, Rinisë dhe Sporteve",207103 - Trashëgimia Kulturore,"81500 - Mbrojtja, Ruajtja e Trashë gimisë Kulturore",0820,207103-1421211,14026,07.2022-12.2027,Lokaliteti Dresnik,,,,,,,,,,,0820 207103-1421211 14026 07.2022-12.2027 Lokaliteti Dresnik
3.2,145,383,source,"207000 - Ministria e Kulturës, Rinisë dhe Sporteve",207103 - Trashëgimia Kulturore,"81500 - Mbrojtja, Ruajtja e Trashë gimisë Kulturore",0820,207103-1421211,14026,07.2022-12.2027,Lokaliteti Dresnik,GQ,,415000.0,170000.0,0.0,170000.0,130000.0,80000.0,0.0,795000.0,"GQ 415,000 170,000 0 170,000 130,000 80,000 0 795,000"
3.2,145,398,project,"207000 - Ministria e Kulturës, Rinisë dhe Sporteve",207103 - Trashëgimia Kulturore,"81500 - Mbrojtja, Ruajtja e Trashë gimisë Kulturore",0820,207103-1523412,14234,02.2015-11.2026,Konservimi dhe restaurimi i Shtepise se Hynilereve ne Prishtine,,,,,,,,,,,0820 207103-1523412 14234 02.2015-11.2026 Konservimi dhe restaurimi i Shtepise se Hynilereve ne Prishtine
3.2,145,412,source,"207000 - Ministria e Kulturës, Rinisë dhe Sporteve",207103 - Trashëgimia Kulturore,"81500 - Mbrojtja, Ruajtja e Trashë gimisë Kulturore",0820,207103-1523412,14234,02.2015-11.2026,Konservimi dhe restaurimi i Shtepise se Hynilereve ne Prishtine,GQ,,263196.0,100000.0,0.0,100000.0,0.0,0.0,0.0,363196.0,"GQ 263,196 100,000 0 100,000 0 0 0 363,196"
3.2,145,426,project,"207000 - Ministria e Kulturës, Rinisë dhe Sporteve",207103 - Trashëgimia Kulturore,"81500 - Mbrojtja, Ruajtja e Trashë gimisë Kulturore",0820,207103-1626368,14572,03.2016-12.2028,Përfundimi i punimeve në kishat ortodokse,,,,,,,,,,,0820 207103-1626368 14572 03.2016-12.2028 Përfundimi i punimeve në kishat ortodokse
3.2,145,440,source,"207000 - Ministria e Kulturës, Rinisë dhe Sporteve",207103 - Trashëgimia Kulturore,"81500 - Mbrojtja, Ruajtja e Trashë gimisë Kulturore",0820,207103-1626368,14572,03.2016-12.2028,Përfundimi i punimeve në kishat ortodokse,GQ,,24000.0,100000.0,0.0,100000.0,100000.0,100000.0,0.0,324000.0,"GQ 24,000 100,000 0 100,000 100,000 100,000 0 324,000"
3.2,145,454,project,"207000 - Ministria e Kulturës, Rinisë dhe Sporteve",207103 - Trashëgimia Kulturore,"81500 - Mbrojtja, Ruajtja e Trashë gimisë Kulturore",0820,207103-1626369,14573,03.2016-10.2028,"Shkolla e parë shqipe në Stubëll, Viti",,,,,,,,,,,"0820 207103-1626369 14573 03.2016-10.2028 Shkolla e parë shqipe në Stubëll, Viti"
3.2,145,469,source,"207000 - Ministria e Kulturës, Rinisë dhe Sporteve",207103 - Trashëgimia Kulturore,"81500 - Mbrojtja, Ruajtja e Trashë gimisë Kulturore",0820,207103-1626369,14573,03.2016-10.2028,"Shkolla e parë shqipe në Stubëll, Viti",GQ,,14500.0,100000.0,0.0,100000.0,50000.0,50000.0,0.0,214500.0,"GQ 14,500 100,000 0 100,000 50,000 50,000 0 214,500"
3.2,145,483,project,"207000 - Ministria e Kulturës, Rinisë dhe Sporteve",207103 - Trashëgimia Kulturore,"81500 - Mbrojtja, Ruajtja e Trashë gimisë Kulturore",0820,207103-1728307,15111,03.2017-10.2028,Qendra Historike e Prizrenit,,,,,,,,,,,0820 207103-1728307 15111 03.2017-10.2028 Qendra Historike e Prizrenit
3.2,145,497,source,"207000 - Ministria e Kulturës, Rinisë dhe Sporteve",207103 - Trashëgimia Kulturore,"81500 - Mbrojtja, Ruajtja e Trashë gimisë Kulturore",0820,207103-1728307,15111,03.2017-10.2028,Qendra Historike e Prizrenit,GQ,,1927207.0,300000.0,0.0,300000.0,500000.0,300000.0,0.0,3027207.0,"GQ 1,927,207 300,000 0 300,000 500,000 300,000 0 3,027,207"
3.2,146,171,project,"207000 - Ministria e Kulturës, Rinisë dhe Sporteve",207103 - Trashëgimia Kulturore,"81500 - Mbrojtja, Ruajtja e Trashë gimisë Kulturore",0820,207103-1728308,15112,03.2017-12.2028,"Kompleksi Etnologjik ""Emin Gjiku""",,,,,,,,,,,"0820 207103-1728308 15112 03.2017-12.2028 Kompleksi Etnologjik ""Emin Gjiku"""
3.2,146,185,source,"207000 - Ministria e Kulturës, Rinisë dhe Sporteve",207103 - Trashëgimia Kulturore,"81500 - Mbrojtja, Ruajtja e Trashë gimisë Kulturore",0820,207103-1728308,15112,03.2017-12.2028,"Kompleksi Etnologjik ""Emin Gjiku""",GQ,,188479.0,150000.0,0.0,150000.0,150000.0,150000.0,0.0,638479.0,"GQ 188,479 150,000 0 150,000 150,000 150,000 0 638,479"
3.2,146,199,project,"207000 - Ministria e Kulturës, Rinisë dhe Sporteve",207103 - Trashëgimia Kulturore,"81500 - Mbrojtja, Ruajtja e Trashë gimisë Kulturore",0820,207103-1728317,15512,03.2024-10.2026,Shtëpija e familjes Koruglu në Mitrovicë,,,,,,,,,,,0820 207103-1728317 15512 03.2024-10.2026 Shtëpija e familjes Koruglu në Mitrovicë
3.2,146,213,source,"207000 - Ministria e Kulturës, Rinisë dhe Sporteve",207103 - Trashëgimia Kulturore,"81500 - Mbrojtja, Ruajtja e Trashë gimisë Kulturore",0820,207103-1728317,15512,03.2024-10.2026,Shtëpija e familjes Koruglu në Mitrovicë,GQ,,376804.0,10000.0,0.0,10000.0,0.0,0.0,0.0,386804.0,"GQ 376,804 10,000 0 10,000 0 0 0 386,804"
3.2,146,228,project,"207000 - Ministria e Kulturës, Rinisë dhe Sporteve",207103 - Trashëgimia Kulturore,"81500 - Mbrojtja, Ruajtja e Trashë gimisë Kulturore",0820,207103-1830750,15624,03.2018-11.2028,Shtepia e Herticeve ne Prishtine,,,,,,,,,,,0820 207103-1830750 15624 03.2018-11.2028 Shtepia e Herticeve ne Prishtine
3.2,146,242,source,"207000 - Ministria e Kulturës, Rinisë dhe Sporteve",207103 - Trashëgimia Kulturore,"81500 - Mbrojtja, Ruajtja e Trashë gimisë Kulturore",0820,207103-1830750,15624,03.2018-11.2028,Shtepia e Herticeve ne Prishtine,GQ,,0.0,50000.0,0.0,50000.0,50000.0,10000.0,0.0,110000.0,"GQ 0 50,000 0 50,000 50,000 10,000 0 110,000"
3.2,146,256,project,"207000 - Ministria e Kulturës, Rinisë dhe Sporteve",207103 - Trashëgimia Kulturore,"81500 - Mbrojtja, Ruajtja e Trashë gimisë Kulturore",0820,207103-1830751,15625,03.2018-09.2028,Qendra Historike e Prishtines,,,,,,,,,,,0820 207103-1830751 15625 03.2018-09.2028 Qendra Historike e Prishtines
3.2,146,270,source,"207000 - Ministria e Kulturës, Rinisë dhe Sporteve",207103 - Trashëgimia Kulturore,"81500 - Mbrojtja, Ruajtja e Trashë gimisë Kulturore",0820,207103-1830751,15625,03.2018-09.2028,Qendra Historike e Prishtines,GQ,,100000.0,200000.0,0.0,200000.0,100000.0,100000.0,0.0,500000.0,"GQ 100,000 200,000 0 200,000 100,000 100,000 0 500,000"
3.2,146,284,project,"207000 - Ministria e Kulturës, Rinisë dhe Sporteve",207103 - Trashëgimia Kulturore,"81500 - Mbrojtja, Ruajtja e Trashë gimisë Kulturore",0820,207103-1830753,15627,03.2018-12.2027,Kompleksi Rexhep Malaj ne Kamenice,,,,,,,,,,,0820 207103-1830753 15627 03.2018-12.2027 Kompleksi Rexhep Malaj ne Kamenice
3.2,146,298,source,"207000 - Ministria e Kulturës, Rinisë dhe Sporteve",207103 - Trashëgimia Kulturore,"81500 - Mbrojtja, Ruajtja e Trashë gimisë Kulturore",0820,207103-1830753,15627,03.2018-12.2027,Kompleksi Rexhep Malaj ne Kamenice,GQ,,93181.0,20000.0,0.0,20000.0,80000.0,0.0,0.0,193181.0,"GQ 93,181 20,000 0 20,000 80,000 0 0 193,181"
3.2,146,313,project,"207000 - Ministria e Kulturës, Rinisë dhe Sporteve",207103 - Trashëgimia Kulturore,"81500 - Mbrojtja, Ruajtja e Trashë gimisë Kulturore",0820,207103-1830757,15631,04.2018-12.2028,Fshati Hoqe e Madhe,,,,,,,,,,,0820 207103-1830757 15631 04.2018-12.2028 Fshati Hoqe e Madhe
3.2,146,327,source,"207000 - Ministria e Kulturës, Rinisë dhe Sporteve",207103 - Trashëgimia Kulturore,"81500 - Mbrojtja, Ruajtja e Trashë gimisë Kulturore",0820,207103-1830757,15631,04.2018-12.2028,Fshati Hoqe e Madhe,GQ,,179984.0,50000.0,0.0,50000.0,150000.0,100000.0,0.0,479984.0,"GQ 179,984 50,000 0 50,000 150,000 100,000 0 479,984"
3.2,146,341,project,"207000 - Ministria e Kulturës, Rinisë dhe Sporteve",207103 - Trashëgimia Kulturore,"81500 - Mbrojtja, Ruajtja e Trashë gimisë Kulturore",0820,207103-1830758,15632,03.2018-12.2028,Fshati Zym,,,,,,,,,,,0820 207103-1830758 15632 03.2018-12.2028 Fshati Zym
3.2,146,355,source,"207000 - Ministria e Kulturës, Rinisë dhe Sporteve",207103 - Trashëgimia Kulturore,"81500 - Mbrojtja, Ruajtja e Trashë gimisë Kulturore",0820,207103-1830758,15632,03.2018-12.2028,Fshati Zym,GQ,,200000.0,200000.0,0.0,200000.0,150000.0,100000.0,0.0,650000.0,"GQ 200,000 200,000 0 200,000 150,000 100,000 0 650,000"
3.2,146,369,project,"207000 - Ministria e Kulturës, Rinisë dhe Sporteve",207103 - Trashëgimia Kulturore,"81500 - Mbrojtja, Ruajtja e Trashë gimisë Kulturore",0820,207103-1832707,15677,04.2018-10.2026,"Shtepia tradicionale Ryshyt Kepuska, Gjakove",,,,,,,,,,,"0820 207103-1832707 15677 04.2018-10.2026 Shtepia tradicionale Ryshyt Kepuska, Gjakove"
3.2,146,383,source,"207000 - Ministria e Kulturës, Rinisë dhe Sporteve",207103 - Trashëgimia Kulturore,"81500 - Mbrojtja, Ruajtja e Trashë gimisë Kulturore",0820,207103-1832707,15677,04.2018-10.2026,"Shtepia tradicionale Ryshyt Kepuska, Gjakove",GQ,,54797.0,30000.0,0.0,30000.0,0.0,0.0,0.0,84797.0,"GQ 54,797 30,000 0 30,000 0 0 0 84,797"
3.2,146,398,project,"207000 - Ministria e Kulturës, Rinisë dhe Sporteve",207103 - Trashëgimia Kulturore,"81500 - Mbrojtja, Ruajtja e Trashë gimisë Kulturore",0820,207103-1832710,15680,02.2022-11.2028,"Shtepia e Qehajve, Peje",,,,,,,,,,,"0820 207103-1832710 15680 02.2022-11.2028 Shtepia e Qehajve, Peje"
3.2,146,412,source,"207000 - Ministria e Kulturës, Rinisë dhe Sporteve",207103 - Trashëgimia Kulturore,"81500 - Mbrojtja, Ruajtja e Trashë gimisë Kulturore",0820,207103-1832710,15680,02.2022-11.2028,"Shtepia e Qehajve, Peje",GQ,,32461.0,100000.0,0.0,100000.0,100000.0,50000.0,0.0,282461.0,"GQ 32,461 100,000 0 100,000 100,000 50,000 0 282,461"
3.2,146,426,project,"207000 - Ministria e Kulturës, Rinisë dhe Sporteve",207103 - Trashëgimia Kulturore,"81500 - Mbrojtja, Ruajtja e Trashë gimisë Kulturore",0820,207103-1832712,15682,03.2018-12.2026,"Lagja e Hajdineve ne Terziaj, Gjilan",,,,,,,,,,,"0820 207103-1832712 15682 03.2018-12.2026 Lagja e Hajdineve ne Terziaj, Gjilan"
3.2,146,440,source,"207000 - Ministria e Kulturës, Rinisë dhe Sporteve",207103 - Trashëgimia Kulturore,"81500 - Mbrojtja, Ruajtja e Trashë gimisë Kulturore",0820,207103-1832712,15682,03.2018-12.2026,"Lagja e Hajdineve ne Terziaj, Gjilan",GQ,,493954.0,50000.0,0.0,50000.0,0.0,0.0,0.0,543954.0,"GQ 493,954 50,000 0 50,000 0 0 0 543,954"
3.2,146,454,project,"207000 - Ministria e Kulturës, Rinisë dhe Sporteve",207103 - Trashëgimia Kulturore,"81500 - Mbrojtja, Ruajtja e Trashë gimisë Kulturore",0820,207103-1832714,15684,03.2018-09.2026,"Kulla e Ethem Godenit, Rogove",,,,,,,,,,,"0820 207103-1832714 15684 03.2018-09.2026 Kulla e Ethem Godenit, Rogove"
3.2,146,469,source,"207000 - Ministria e Kulturës, Rinisë dhe Sporteve",207103 - Trashëgimia Kulturore,"81500 - Mbrojtja, Ruajtja e Trashë gimisë Kulturore",0820,207103-1832714,15684,03.2018-09.2026,"Kulla e Ethem Godenit, Rogove",GQ,,15130.0,62000.0,0.0,62000.0,0.0,0.0,0.0,77130.0,"GQ 15,130 62,000 0 62,000 0 0 0 77,130"
3.2,146,483,project,"207000 - Ministria e Kulturës, Rinisë dhe Sporteve",207103 - Trashëgimia Kulturore,"81500 - Mbrojtja, Ruajtja e Trashë gimisë Kulturore",0820,207103-1832715,15685,04.2018-12.2026,"Kulla e Zeqe Rame Sadrise, Brovine",,,,,,,,,,,"0820 207103-1832715 15685 04.2018-12.2026 Kulla e Zeqe Rame Sadrise, Brovine"
3.2,146,497,source,"207000 - Ministria e Kulturës, Rinisë dhe Sporteve",207103 - Trashëgimia Kulturore,"81500 - Mbrojtja, Ruajtja e Trashë gimisë Kulturore",0820,207103-1832715,15685,04.2018-12.2026,"Kulla e Zeqe Rame Sadrise, Brovine",GQ,,11441.0,70000.0,0.0,70000.0,0.0,0.0,0.0,81441.0,"GQ 11,441 70,000 0 70,000 0 0 0 81,441"
3.2,147,171,project,"207000 - Ministria e Kulturës, Rinisë dhe Sporteve",207103 - Trashëgimia Kulturore,"81500 - Mbrojtja, Ruajtja e Trashë gimisë Kulturore",0820,207103-1832717,15687,03.2018-07.2028,Shenjezimi i Trashegimise Kulturore,,,,,,,,,,,0820 207103-1832717 15687 03.2018-07.2028 Shenjezimi i Trashegimise Kulturore
3.2,147,185,source,"207000 - Ministria e Kulturës, Rinisë dhe Sporteve",207103 - Trashëgimia Kulturore,"81500 - Mbrojtja, Ruajtja e Trashë gimisë Kulturore",0820,207103-1832717,15687,03.2018-07.2028,Shenjezimi i Trashegimise Kulturore,GQ,,0.0,1000.0,0.0,1000.0,50000.0,50000.0,0.0,101000.0,"GQ 0 1,000 0 1,000 50,000 50,000 0 101,000"
3.2,147,199,project,"207000 - Ministria e Kulturës, Rinisë dhe Sporteve",207103 - Trashëgimia Kulturore,"81500 - Mbrojtja, Ruajtja e Trashë gimisë Kulturore",0820,207103-1832778,15524,03.2018-11.2026,Kisha Katolike ne Ferizaj,,,,,,,,,,,0820 207103-1832778 15524 03.2018-11.2026 Kisha Katolike ne Ferizaj
3.2,147,213,source,"207000 - Ministria e Kulturës, Rinisë dhe Sporteve",207103 - Trashëgimia Kulturore,"81500 - Mbrojtja, Ruajtja e Trashë gimisë Kulturore",0820,207103-1832778,15524,03.2018-11.2026,Kisha Katolike ne Ferizaj,GQ,,1541498.0,300000.0,0.0,300000.0,0.0,0.0,0.0,1841498.0,"GQ 1,541,498 300,000 0 300,000 0 0 0 1,841,498"
3.2,147,228,project,"207000 - Ministria e Kulturës, Rinisë dhe Sporteve",207103 - Trashëgimia Kulturore,"81500 - Mbrojtja, Ruajtja e Trashë gimisë Kulturore",0820,207103-1933283,18219,03.2019-12.2026,Kulla e Familjes Geci,,,,,,,,,,,0820 207103-1933283 18219 03.2019-12.2026 Kulla e Familjes Geci
3.2,147,242,source,"207000 - Ministria e Kulturës, Rinisë dhe Sporteve",207103 - Trashëgimia Kulturore,"81500 - Mbrojtja, Ruajtja e Trashë gimisë Kulturore",0820,207103-1933283,18219,03.2019-12.2026,Kulla e Familjes Geci,GQ,,160542.0,1000.0,0.0,1000.0,0.0,0.0,0.0,161542.0,"GQ 160,542 1,000 0 1,000 0 0 0 161,542"
3.2,147,256,project,"207000 - Ministria e Kulturës, Rinisë dhe Sporteve",207103 - Trashëgimia Kulturore,"81500 - Mbrojtja, Ruajtja e Trashë gimisë Kulturore",0820,207103-1935262,18347,04.2019-09.2028,Renovimi i depove të Muzeut të Kosoves,,,,,,,,,,,0820 207103-1935262 18347 04.2019-09.2028 Renovimi i depove të Muzeut të Kosoves
3.2,147,270,source,"207000 - Ministria e Kulturës, Rinisë dhe Sporteve",207103 - Trashëgimia Kulturore,"81500 - Mbrojtja, Ruajtja e Trashë gimisë Kulturore",0820,207103-1935262,18347,04.2019-09.2028,Renovimi i depove të Muzeut të Kosoves,GQ,,904129.0,500000.0,0.0,500000.0,250000.0,100000.0,0.0,1754129.0,"GQ 904,129 500,000 0 500,000 250,000 100,000 0 1,754,129"
3.2,147,284,project,"207000 - Ministria e Kulturës, Rinisë dhe Sporteve",207103 - Trashëgimia Kulturore,"81500 - Mbrojtja, Ruajtja e Trashë gimisë Kulturore",0820,207103-1935491,18463,02.2024-12.2025,Ndërtimi i Kullës Muze i Heroit të Kombit Basri Canolli Shpendi në fshatin Marecë,,,,,,,,,,,0820 207103-1935491 18463 02.2024-12.2025 Ndërtimi i Kullës Muze i Heroit të Kombit Basri Canolli Shpendi në fshatin Marecë
3.2,147,298,source,"207000 - Ministria e Kulturës, Rinisë dhe Sporteve",207103 - Trashëgimia Kulturore,"81500 - Mbrojtja, Ruajtja e Trashë gimisë Kulturore",0820,207103-1935491,18463,02.2024-12.2025,Ndërtimi i Kullës Muze i Heroit të Kombit Basri Canolli Shpendi në fshatin Marecë,GQ,,30646.0,1000.0,0.0,1000.0,0.0,0.0,0.0,31646.0,"GQ 30,646 1,000 0 1,000 0 0 0 31,646"
3.2,147,313,project,"207000 - Ministria e Kulturës, Rinisë dhe Sporteve",207103 - Trashëgimia Kulturore,"81500 - Mbrojtja, Ruajtja e Trashë gimisë Kulturore",0820,207103-2037467,18550,03.2020-11.2027,"Kulla e Sylejman Vokshit, Gjakovë",,,,,,,,,,,"0820 207103-2037467 18550 03.2020-11.2027 Kulla e Sylejman Vokshit, Gjakovë"
3.2,147,327,source,"207000 - Ministria e Kulturës, Rinisë dhe Sporteve",207103 - Trashëgimia Kulturore,"81500 - Mbrojtja, Ruajtja e Trashë gimisë Kulturore",0820,207103-2037467,18550,03.2020-11.2027,"Kulla e Sylejman Vokshit, Gjakovë",GQ,,182529.0,100000.0,0.0,100000.0,150000.0,0.0,0.0,432529.0,"GQ 182,529 100,000 0 100,000 150,000 0 0 432,529"
3.2,147,341,project,"207000 - Ministria e Kulturës, Rinisë dhe Sporteve",207103 - Trashëgimia Kulturore,"81500 - Mbrojtja, Ruajtja e Trashë gimisë Kulturore",0820,207103-2037528,18766,05.2020-09.2027,"Shtëpi banimi Musli Hoxha, Prishtinë",,,,,,,,,,,"0820 207103-2037528 18766 05.2020-09.2027 Shtëpi banimi Musli Hoxha, Prishtinë"
3.2,147,355,source,"207000 - Ministria e Kulturës, Rinisë dhe Sporteve",207103 - Trashëgimia Kulturore,"81500 - Mbrojtja, Ruajtja e Trashë gimisë Kulturore",0820,207103-2037528,18766,05.2020-09.2027,"Shtëpi banimi Musli Hoxha, Prishtinë",GQ,,11020.0,80000.0,0.0,80000.0,120000.0,0.0,0.0,211020.0,"GQ 11,020 80,000 0 80,000 120,000 0 0 211,020"
3.2,147,369,project,"207000 - Ministria e Kulturës, Rinisë dhe Sporteve",207103 - Trashëgimia Kulturore,"81500 - Mbrojtja, Ruajtja e Trashë gimisë Kulturore",0820,207103-2037530,18768,04.2019-09.2028,"Revitalizimi i rruges Marin Barleti, Prizren",,,,,,,,,,,"0820 207103-2037530 18768 04.2019-09.2028 Revitalizimi i rruges Marin Barleti, Prizren"
3.2,147,383,source,"207000 - Ministria e Kulturës, Rinisë dhe Sporteve",207103 - Trashëgimia Kulturore,"81500 - Mbrojtja, Ruajtja e Trashë gimisë Kulturore",0820,207103-2037530,18768,04.2019-09.2028,"Revitalizimi i rruges Marin Barleti, Prizren",GQ,,1206405.0,300000.0,0.0,300000.0,500000.0,300000.0,0.0,2306405.0,"GQ 1,206,405 300,000 0 300,000 500,000 300,000 0 2,306,405"
3.2,147,398,project,"207000 - Ministria e Kulturës, Rinisë dhe Sporteve",207103 - Trashëgimia Kulturore,"81500 - Mbrojtja, Ruajtja e Trashë gimisë Kulturore",0820,207103-2037531,18769,05.2020-10.2028,"Revitalizimi i Qytetit të Vjetër të Janjevës, Lipjan",,,,,,,,,,,"0820 207103-2037531 18769 05.2020-10.2028 Revitalizimi i Qytetit të Vjetër të Janjevës, Lipjan"
3.2,147,412,source,"207000 - Ministria e Kulturës, Rinisë dhe Sporteve",207103 - Trashëgimia Kulturore,"81500 - Mbrojtja, Ruajtja e Trashë gimisë Kulturore",0820,207103-2037531,18769,05.2020-10.2028,"Revitalizimi i Qytetit të Vjetër të Janjevës, Lipjan",GQ,,1848024.0,50000.0,0.0,50000.0,150000.0,300000.0,0.0,2348024.0,"GQ 1,848,024 50,000 0 50,000 150,000 300,000 0 2,348,024"
3.2,147,426,project,"207000 - Ministria e Kulturës, Rinisë dhe Sporteve",207103 - Trashëgimia Kulturore,"81500 - Mbrojtja, Ruajtja e Trashë gimisë Kulturore",0820,207103-2037542,18774,06.2020-12.2027,Kulla e Adem Qerim Osdautaj,,,,,,,,,,,0820 207103-2037542 18774 06.2020-12.2027 Kulla e Adem Qerim Osdautaj
3.2,147,440,source,"207000 - Ministria e Kulturës, Rinisë dhe Sporteve",207103 - Trashëgimia Kulturore,"81500 - Mbrojtja, Ruajtja e Trashë gimisë Kulturore",0820,207103-2037542,18774,06.2020-12.2027,Kulla e Adem Qerim Osdautaj,GQ,,83433.0,1000.0,0.0,1000.0,0.0,0.0,0.0,84433.0,"GQ 83,433 1,000 0 1,000 0 0 0 84,433"
3.2,147,454,project,"207000 - Ministria e Kulturës, Rinisë dhe Sporteve",207103 - Trashëgimia Kulturore,"81500 - Mbrojtja, Ruajtja e Trashë gimisë Kulturore",0820,207103-2137759,15922,05.2021-12.2027,"Kulla e Brashor Prenk Gegës në Gjurakocë, Istog",,,,,,,,,,,"0820 207103-2137759 15922 05.2021-12.2027 Kulla e Brashor Prenk Gegës në Gjurakocë, Istog"
3.2,147,469,source,"207000 - Ministria e Kulturës, Rinisë dhe Sporteve",207103 - Trashëgimia Kulturore,"81500 - Mbrojtja, Ruajtja e Trashë gimisë Kulturore",0820,207103-2137759,15922,05.2021-12.2027,"Kulla e Brashor Prenk Gegës në Gjurakocë, Istog",GQ,,270276.0,1000.0,0.0,1000.0,0.0,0.0,0.0,271276.0,"GQ 270,276 1,000 0 1,000 0 0 0 271,276"
3.2,147,483,project,"207000 - Ministria e Kulturës, Rinisë dhe Sporteve",207103 - Trashëgimia Kulturore,"81500 - Mbrojtja, Ruajtja e Trashë gimisë Kulturore",0820,207103-2137766,15924,06.2021-12.2026,"Ateleja e punës - Sektori i Arkitekturës, Ndërtesa e IKMM-së",,,,,,,,,,,"0820 207103-2137766 15924 06.2021-12.2026 Ateleja e punës - Sektori i Arkitekturës, Ndërtesa e IKMM-së"
3.2,147,497,source,"207000 - Ministria e Kulturës, Rinisë dhe Sporteve",207103 - Trashëgimia Kulturore,"81500 - Mbrojtja, Ruajtja e Trashë gimisë Kulturore",0820,207103-2137766,15924,06.2021-12.2026,"Ateleja e punës - Sektori i Arkitekturës, Ndërtesa e IKMM-së",GQ,,0.0,1000.0,0.0,1000.0,0.0,0.0,0.0,1000.0,"GQ 0 1,000 0 1,000 0 0 0 1,000"
3.2,148,171,project,"207000 - Ministria e Kulturës, Rinisë dhe Sporteve",207103 - Trashëgimia Kulturore,"81500 - Mbrojtja, Ruajtja e Trashë gimisë Kulturore",0820,207103-2139256,18866,02.2021-10.2028,"Ndërtesa e Ish Burgut, Prishtinë",,,,,,,,,,,"0820 207103-2139256 18866 02.2021-10.2028 Ndërtesa e Ish Burgut, Prishtinë"
3.2,148,185,source,"207000 - Ministria e Kulturës, Rinisë dhe Sporteve",207103 - Trashëgimia Kulturore,"81500 - Mbrojtja, Ruajtja e Trashë gimisë Kulturore",0820,207103-2139256,18866,02.2021-10.2028,"Ndërtesa e Ish Burgut, Prishtinë",GQ,,21824.0,250000.0,0.0,250000.0,200000.0,250000.0,0.0,721824.0,"GQ 21,824 250,000 0 250,000 200,000 250,000 0 721,824"
3.2,148,199,project,"207000 - Ministria e Kulturës, Rinisë dhe Sporteve",207103 - Trashëgimia Kulturore,"81500 - Mbrojtja, Ruajtja e Trashë gimisë Kulturore",0820,207103-2139552,15926,07.2021-09.2028,"Restaurimi i ish-gjimnazit të vjetër Ismail Qemajli, Ferizaj",,,,,,,,,,,"0820 207103-2139552 15926 07.2021-09.2028 Restaurimi i ish-gjimnazit të vjetër Ismail Qemajli, Ferizaj"
3.2,148,213,source,"207000 - Ministria e Kulturës, Rinisë dhe Sporteve",207103 - Trashëgimia Kulturore,"81500 - Mbrojtja, Ruajtja e Trashë gimisë Kulturore",0820,207103-2139552,15926,07.2021-09.2028,"Restaurimi i ish-gjimnazit të vjetër Ismail Qemajli, Ferizaj",GQ,,631459.0,150000.0,0.0,150000.0,150000.0,100000.0,0.0,1031459.0,"GQ 631,459 150,000 0 150,000 150,000 100,000 0 1,031,459"
3.2,148,228,project,"207000 - Ministria e Kulturës, Rinisë dhe Sporteve",207103 - Trashëgimia Kulturore,"81500 - Mbrojtja, Ruajtja e Trashë gimisë Kulturore",0820,207103-2239735,18994,01.2022-10.2027,"Hamami i Qytetit, Mitrovicë",,,,,,,,,,,"0820 207103-2239735 18994 01.2022-10.2027 Hamami i Qytetit, Mitrovicë"
3.2,148,242,source,"207000 - Ministria e Kulturës, Rinisë dhe Sporteve",207103 - Trashëgimia Kulturore,"81500 - Mbrojtja, Ruajtja e Trashë gimisë Kulturore",0820,207103-2239735,18994,01.2022-10.2027,"Hamami i Qytetit, Mitrovicë",GQ,,89963.0,800000.0,0.0,800000.0,100000.0,0.0,0.0,989963.0,"GQ 89,963 800,000 0 800,000 100,000 0 0 989,963"
3.2,148,256,project,"207000 - Ministria e Kulturës, Rinisë dhe Sporteve",207103 - Trashëgimia Kulturore,"81500 - Mbrojtja, Ruajtja e Trashë gimisë Kulturore",0820,207103-2239737,18995,02.2022-11.2027,"Hamami i Gazi Mehmet Pashës, Prizren",,,,,,,,,,,"0820 207103-2239737 18995 02.2022-11.2027 Hamami i Gazi Mehmet Pashës, Prizren"
3.2,148,270,source,"207000 - Ministria e Kulturës, Rinisë dhe Sporteve",207103 - Trashëgimia Kulturore,"81500 - Mbrojtja, Ruajtja e Trashë gimisë Kulturore",0820,207103-2239737,18995,02.2022-11.2027,"Hamami i Gazi Mehmet Pashës, Prizren",GQ,,315072.0,50000.0,0.0,50000.0,150000.0,0.0,0.0,515072.0,"GQ 315,072 50,000 0 50,000 150,000 0 0 515,072"
3.2,148,284,project,"207000 - Ministria e Kulturës, Rinisë dhe Sporteve",207103 - Trashëgimia Kulturore,"81500 - Mbrojtja, Ruajtja e Trashë gimisë Kulturore",0820,207103-2239739,18996,01.2022-12.2028,Ekspozita e përhershme në Kompleksin e Lidhjes Shqiptare të Prizrenit,,,,,,,,,,,0820 207103-2239739 18996 01.2022-12.2028 Ekspozita e përhershme në Kompleksin e Lidhjes Shqiptare të Prizrenit
3.2,148,298,source,"207000 - Ministria e Kulturës, Rinisë dhe Sporteve",207103 - Trashëgimia Kulturore,"81500 - Mbrojtja, Ruajtja e Trashë gimisë Kulturore",0820,207103-2239739,18996,01.2022-12.2028,Ekspozita e përhershme në Kompleksin e Lidhjes Shqiptare të Prizrenit,GQ,,29500.0,50000.0,0.0,50000.0,100000.0,30000.0,0.0,209500.0,"GQ 29,500 50,000 0 50,000 100,000 30,000 0 209,500"
3.2,148,313,project,"207000 - Ministria e Kulturës, Rinisë dhe Sporteve",207103 - Trashëgimia Kulturore,"81500 - Mbrojtja, Ruajtja e Trashë gimisë Kulturore",0820,207103-2239744,18999,06.2022-10.2028,Ekspozitat e përhershme në kompleksin e Kullave Isa Boletini / Boletin,,,,,,,,,,,0820 207103-2239744 18999 06.2022-10.2028 Ekspozitat e përhershme në kompleksin e Kullave Isa Boletini / Boletin
3.2,148,327,source,"207000 - Ministria e Kulturës, Rinisë dhe Sporteve",207103 - Trashëgimia Kulturore,"81500 - Mbrojtja, Ruajtja e Trashë gimisë Kulturore",0820,207103-2239744,18999,06.2022-10.2028,Ekspozitat e përhershme në kompleksin e Kullave Isa Boletini / Boletin,GQ,,12500.0,50000.0,0.0,50000.0,0.0,100000.0,0.0,162500.0,"GQ 12,500 50,000 0 50,000 0 100,000 0 162,500"
3.2,148,341,project,"207000 - Ministria e Kulturës, Rinisë dhe Sporteve",207103 - Trashëgimia Kulturore,"81500 - Mbrojtja, Ruajtja e Trashë gimisë Kulturore",0810,207103-2240902,19049,01.2022-10.2028,"Restaurimi i xhamisë së Çokut-Junik, faza I",,,,,,,,,,,"0810 207103-2240902 19049 01.2022-10.2028 Restaurimi i xhamisë së Çokut-Junik, faza I"
3.2,148,355,source,"207000 - Ministria e Kulturës, Rinisë dhe Sporteve",207103 - Trashëgimia Kulturore,"81500 - Mbrojtja, Ruajtja e Trashë gimisë Kulturore",0810,207103-2240902,19049,01.2022-10.2028,"Restaurimi i xhamisë së Çokut-Junik, faza I",GQ,,108853.0,200000.0,0.0,200000.0,200000.0,170000.0,0.0,678853.0,"GQ 108,853 200,000 0 200,000 200,000 170,000 0 678,853"
3.2,148,369,project,"207000 - Ministria e Kulturës, Rinisë dhe Sporteve",207103 - Trashëgimia Kulturore,"81500 - Mbrojtja, Ruajtja e Trashë gimisë Kulturore",0820,207103-2240904,19050,03.2022-11.2028,Konservimi dhe rivitalizimi i xhamisë së djegur të fshatit Orllan-Podujevë,,,,,,,,,,,0820 207103-2240904 19050 03.2022-11.2028 Konservimi dhe rivitalizimi i xhamisë së djegur të fshatit Orllan-Podujevë
3.2,148,383,source,"207000 - Ministria e Kulturës, Rinisë dhe Sporteve",207103 - Trashëgimia Kulturore,"81500 - Mbrojtja, Ruajtja e Trashë gimisë Kulturore",0820,207103-2240904,19050,03.2022-11.2028,Konservimi dhe rivitalizimi i xhamisë së djegur të fshatit Orllan-Podujevë,GQ,,15000.0,250000.0,0.0,250000.0,200000.0,100000.0,0.0,565000.0,"GQ 15,000 250,000 0 250,000 200,000 100,000 0 565,000"
3.2,148,398,project,"207000 - Ministria e Kulturës, Rinisë dhe Sporteve",207103 - Trashëgimia Kulturore,"81500 - Mbrojtja, Ruajtja e Trashë gimisë Kulturore",0820,207103-2240905,19051,01.2022-11.2028,Xhamia e Mazhiqit,,,,,,,,,,,0820 207103-2240905 19051 01.2022-11.2028 Xhamia e Mazhiqit
3.2,148,412,source,"207000 - Ministria e Kulturës, Rinisë dhe Sporteve",207103 - Trashëgimia Kulturore,"81500 - Mbrojtja, Ruajtja e Trashë gimisë Kulturore",0820,207103-2240905,19051,01.2022-11.2028,Xhamia e Mazhiqit,GQ,,50826.0,40000.0,0.0,40000.0,160000.0,250000.0,0.0,500826.0,"GQ 50,826 40,000 0 40,000 160,000 250,000 0 500,826"
3.2,148,426,project,"207000 - Ministria e Kulturës, Rinisë dhe Sporteve",207103 - Trashëgimia Kulturore,"81500 - Mbrojtja, Ruajtja e Trashë gimisë Kulturore",0820,207103-2240906,19052,02.2022-10.2028,"Restaurimi i ""Xhamisë së Madhe"" Ferizaj",,,,,,,,,,,"0820 207103-2240906 19052 02.2022-10.2028 Restaurimi i ""Xhamisë së Madhe"" Ferizaj"
3.2,148,440,source,"207000 - Ministria e Kulturës, Rinisë dhe Sporteve",207103 - Trashëgimia Kulturore,"81500 - Mbrojtja, Ruajtja e Trashë gimisë Kulturore",0820,207103-2240906,19052,02.2022-10.2028,"Restaurimi i ""Xhamisë së Madhe"" Ferizaj",GQ,,323036.0,400000.0,0.0,400000.0,1000000.0,550000.0,0.0,2273036.0,"GQ 323,036 400,000 0 400,000 1,000,000 550,000 0 2,273,036"
3.2,148,454,project,"207000 - Ministria e Kulturës, Rinisë dhe Sporteve",207103 - Trashëgimia Kulturore,"81500 - Mbrojtja, Ruajtja e Trashë gimisë Kulturore",0820,207103-2240907,19053,03.2022-12.2028,"Konservimi dhe rivitalizimi i xhamisë së djegur ""Mulla Ilaz Broja"" në fshatin Burojë- Skenderaj",,,,,,,,,,,"0820 207103-2240907 19053 03.2022-12.2028 Konservimi dhe rivitalizimi i xhamisë së djegur ""Mulla Ilaz Broja"" në fshatin Burojë- Skenderaj"
3.2,148,469,source,"207000 - Ministria e Kulturës, Rinisë dhe Sporteve",207103 - Trashëgimia Kulturore,"81500 - Mbrojtja, Ruajtja e Trashë gimisë Kulturore",0820,207103-2240907,19053,03.2022-12.2028,"Konservimi dhe rivitalizimi i xhamisë së djegur ""Mulla Ilaz Broja"" në fshatin Burojë- Skenderaj",GQ,,165000.0,200000.0,0.0,200000.0,150000.0,150000.0,0.0,665000.0,"GQ 165,000 200,000 0 200,000 150,000 150,000 0 665,000"
3.2,148,483,project,"207000 - Ministria e Kulturës, Rinisë dhe Sporteve",207103 - Trashëgimia Kulturore,"81500 - Mbrojtja, Ruajtja e Trashë gimisë Kulturore",0820,207103-2240910,19054,01.2022-09.2028,"Projekti dhe restaurimi çlirues i xhamisë ""Suudi Efendi""",,,,,,,,,,,"0820 207103-2240910 19054 01.2022-09.2028 Projekti dhe restaurimi çlirues i xhamisë ""Suudi Efendi"""
3.2,148,497,source,"207000 - Ministria e Kulturës, Rinisë dhe Sporteve",207103 - Trashëgimia Kulturore,"81500 - Mbrojtja, Ruajtja e Trashë gimisë Kulturore",0820,207103-2240910,19054,01.2022-09.2028,"Projekti dhe restaurimi çlirues i xhamisë ""Suudi Efendi""",GQ,,148105.0,200000.0,0.0,200000.0,170000.0,150000.0,0.0,668105.0,"GQ 148,105 200,000 0 200,000 170,000 150,000 0 668,105"
3.2,149,171,project,"207000 - Ministria e Kulturës, Rinisë dhe Sporteve",207103 - Trashëgimia Kulturore,"81500 - Mbrojtja, Ruajtja e Trashë gimisë Kulturore",0820,207103-2240914,19056,01.2022-11.2028,Rivitalizimi i Qytetit te Vjeter te Trepces,,,,,,,,,,,0820 207103-2240914 19056 01.2022-11.2028 Rivitalizimi i Qytetit te Vjeter te Trepces
3.2,149,185,source,"207000 - Ministria e Kulturës, Rinisë dhe Sporteve",207103 - Trashëgimia Kulturore,"81500 - Mbrojtja, Ruajtja e Trashë gimisë Kulturore",0820,207103-2240914,19056,01.2022-11.2028,Rivitalizimi i Qytetit te Vjeter te Trepces,GQ,,0.0,50000.0,0.0,50000.0,50000.0,50000.0,0.0,150000.0,"GQ 0 50,000 0 50,000 50,000 50,000 0 150,000"
3.2,149,199,project,"207000 - Ministria e Kulturës, Rinisë dhe Sporteve",207103 - Trashëgimia Kulturore,"81500 - Mbrojtja, Ruajtja e Trashë gimisë Kulturore",0820,207103-2341549,19176,03.2023-09.2028,Qendra Kombetare per Trashegimi Kulturore (ish kazerma  ne Prizren),,,,,,,,,,,0820 207103-2341549 19176 03.2023-09.2028 Qendra Kombetare per Trashegimi Kulturore (ish kazerma ne Prizren)
3.2,149,213,source,"207000 - Ministria e Kulturës, Rinisë dhe Sporteve",207103 - Trashëgimia Kulturore,"81500 - Mbrojtja, Ruajtja e Trashë gimisë Kulturore",0820,207103-2341549,19176,03.2023-09.2028,Qendra Kombetare per Trashegimi Kulturore (ish kazerma  ne Prizren),GQ,,388536.0,100000.0,0.0,100000.0,100000.0,100000.0,0.0,688536.0,"GQ 388,536 100,000 0 100,000 100,000 100,000 0 688,536"
3.2,149,228,project,"207000 - Ministria e Kulturës, Rinisë dhe Sporteve",207103 - Trashëgimia Kulturore,"81500 - Mbrojtja, Ruajtja e Trashë gimisë Kulturore",0820,207103-2343659,19247,02.2023-12.2028,Burgu i Gjurakocit,,,,,,,,,,,0820 207103-2343659 19247 02.2023-12.2028 Burgu i Gjurakocit
3.2,149,242,source,"207000 - Ministria e Kulturës, Rinisë dhe Sporteve",207103 - Trashëgimia Kulturore,"81500 - Mbrojtja, Ruajtja e Trashë gimisë Kulturore",0820,207103-2343659,19247,02.2023-12.2028,Burgu i Gjurakocit,GQ,,40940.0,100000.0,0.0,100000.0,200000.0,200000.0,0.0,540940.0,"GQ 40,940 100,000 0 100,000 200,000 200,000 0 540,940"
3.2,149,256,project,"207000 - Ministria e Kulturës, Rinisë dhe Sporteve",207103 - Trashëgimia Kulturore,"81500 - Mbrojtja, Ruajtja e Trashë gimisë Kulturore",0820,207103-2343696,16109,05.2023-11.2026,"Shtëpia e familjes Fishekqiu, Prizren",,,,,,,,,,,"0820 207103-2343696 16109 05.2023-11.2026 Shtëpia e familjes Fishekqiu, Prizren"
3.2,149,270,source,"207000 - Ministria e Kulturës, Rinisë dhe Sporteve",207103 - Trashëgimia Kulturore,"81500 - Mbrojtja, Ruajtja e Trashë gimisë Kulturore",0820,207103-2343696,16109,05.2023-11.2026,"Shtëpia e familjes Fishekqiu, Prizren",GQ,,84430.0,1000.0,0.0,1000.0,0.0,0.0,0.0,85430.0,"GQ 84,430 1,000 0 1,000 0 0 0 85,430"
3.2,149,284,project,"207000 - Ministria e Kulturës, Rinisë dhe Sporteve",207103 - Trashëgimia Kulturore,"81500 - Mbrojtja, Ruajtja e Trashë gimisë Kulturore",0820,207103-2343699,16112,05.2023-12.2026,"Shtëpia e familjes Bërlajolli, Prizren(cid:9)",,,,,,,,,,,"0820 207103-2343699 16112 05.2023-12.2026 Shtëpia e familjes Bërlajolli, Prizren(cid:9)"
3.2,149,298,source,"207000 - Ministria e Kulturës, Rinisë dhe Sporteve",207103 - Trashëgimia Kulturore,"81500 - Mbrojtja, Ruajtja e Trashë gimisë Kulturore",0820,207103-2343699,16112,05.2023-12.2026,"Shtëpia e familjes Bërlajolli, Prizren(cid:9)",GQ,,89888.0,1000.0,0.0,1000.0,0.0,0.0,0.0,90888.0,"GQ 89,888 1,000 0 1,000 0 0 0 90,888"
3.2,149,313,project,"207000 - Ministria e Kulturës, Rinisë dhe Sporteve",207103 - Trashëgimia Kulturore,"81500 - Mbrojtja, Ruajtja e Trashë gimisë Kulturore",0820,207103-2343711,16126,05.2023-09.2028,"Posta e vjetër në Mitrovicë, Mitrovicë",,,,,,,,,,,"0820 207103-2343711 16126 05.2023-09.2028 Posta e vjetër në Mitrovicë, Mitrovicë"
3.2,149,327,source,"207000 - Ministria e Kulturës, Rinisë dhe Sporteve",207103 - Trashëgimia Kulturore,"81500 - Mbrojtja, Ruajtja e Trashë gimisë Kulturore",0820,207103-2343711,16126,05.2023-09.2028,"Posta e vjetër në Mitrovicë, Mitrovicë",GQ,,56665.0,70000.0,0.0,70000.0,30000.0,30000.0,0.0,186665.0,"GQ 56,665 70,000 0 70,000 30,000 30,000 0 186,665"
3.2,149,341,project,"207000 - Ministria e Kulturës, Rinisë dhe Sporteve",207103 - Trashëgimia Kulturore,"81500 - Mbrojtja, Ruajtja e Trashë gimisë Kulturore",0820,207103-2343715,16130,05.2023-10.2026,"Xhamia e Firajës, Firajë, Shtërpcë",,,,,,,,,,,"0820 207103-2343715 16130 05.2023-10.2026 Xhamia e Firajës, Firajë, Shtërpcë"
3.2,149,355,source,"207000 - Ministria e Kulturës, Rinisë dhe Sporteve",207103 - Trashëgimia Kulturore,"81500 - Mbrojtja, Ruajtja e Trashë gimisë Kulturore",0820,207103-2343715,16130,05.2023-10.2026,"Xhamia e Firajës, Firajë, Shtërpcë",GQ,,55298.0,100000.0,0.0,100000.0,0.0,0.0,0.0,155298.0,"GQ 55,298 100,000 0 100,000 0 0 0 155,298"
3.2,149,369,project,"207000 - Ministria e Kulturës, Rinisë dhe Sporteve",207103 - Trashëgimia Kulturore,"81500 - Mbrojtja, Ruajtja e Trashë gimisë Kulturore",0820,207103-2343716,16131,05.2023-11.2026,"Shtëpia e Naser Thaçit, Krivenik, Hani i Elezit",,,,,,,,,,,"0820 207103-2343716 16131 05.2023-11.2026 Shtëpia e Naser Thaçit, Krivenik, Hani i Elezit"
3.2,149,383,source,"207000 - Ministria e Kulturës, Rinisë dhe Sporteve",207103 - Trashëgimia Kulturore,"81500 - Mbrojtja, Ruajtja e Trashë gimisë Kulturore",0820,207103-2343716,16131,05.2023-11.2026,"Shtëpia e Naser Thaçit, Krivenik, Hani i Elezit",GQ,,32524.0,70000.0,0.0,70000.0,0.0,0.0,0.0,102524.0,"GQ 32,524 70,000 0 70,000 0 0 0 102,524"
3.2,149,398,project,"207000 - Ministria e Kulturës, Rinisë dhe Sporteve",207103 - Trashëgimia Kulturore,"81500 - Mbrojtja, Ruajtja e Trashë gimisë Kulturore",0820,207103-2343725,16140,05.2023-12.2026,"Shtëpia e Rahim Sadikut (Shtëpia ku u strehua Mulla Idrizi), Gjyrishec, Kamenicë",,,,,,,,,,,"0820 207103-2343725 16140 05.2023-12.2026 Shtëpia e Rahim Sadikut (Shtëpia ku u strehua Mulla Idrizi), Gjyrishec, Kamenicë"
3.2,149,412,source,"207000 - Ministria e Kulturës, Rinisë dhe Sporteve",207103 - Trashëgimia Kulturore,"81500 - Mbrojtja, Ruajtja e Trashë gimisë Kulturore",0820,207103-2343725,16140,05.2023-12.2026,"Shtëpia e Rahim Sadikut (Shtëpia ku u strehua Mulla Idrizi), Gjyrishec, Kamenicë",GQ,,69583.0,30000.0,0.0,30000.0,0.0,0.0,0.0,99583.0,"GQ 69,583 30,000 0 30,000 0 0 0 99,583"
3.2,149,426,project,"207000 - Ministria e Kulturës, Rinisë dhe Sporteve",207103 - Trashëgimia Kulturore,"81500 - Mbrojtja, Ruajtja e Trashë gimisë Kulturore",0820,207103-2343726,16141,05.2023-12.2025,"Shtëpia e Hasan Fazlisë në Koshare, Ferizaj",,,,,,,,,,,"0820 207103-2343726 16141 05.2023-12.2025 Shtëpia e Hasan Fazlisë në Koshare, Ferizaj"
3.2,149,440,source,"207000 - Ministria e Kulturës, Rinisë dhe Sporteve",207103 - Trashëgimia Kulturore,"81500 - Mbrojtja, Ruajtja e Trashë gimisë Kulturore",0820,207103-2343726,16141,05.2023-12.2025,"Shtëpia e Hasan Fazlisë në Koshare, Ferizaj",GQ,,81939.0,10000.0,0.0,10000.0,0.0,0.0,0.0,91939.0,"GQ 81,939 10,000 0 10,000 0 0 0 91,939"
3.2,149,454,project,"207000 - Ministria e Kulturës, Rinisë dhe Sporteve",207103 - Trashëgimia Kulturore,"81500 - Mbrojtja, Ruajtja e Trashë gimisë Kulturore",0820,207103-2343731,16148,05.2023-12.2026,"Mulliri i Cermjanit, Cermjan, Komuna e Gjakovës",,,,,,,,,,,"0820 207103-2343731 16148 05.2023-12.2026 Mulliri i Cermjanit, Cermjan, Komuna e Gjakovës"
3.2,149,469,source,"207000 - Ministria e Kulturës, Rinisë dhe Sporteve",207103 - Trashëgimia Kulturore,"81500 - Mbrojtja, Ruajtja e Trashë gimisë Kulturore",0820,207103-2343731,16148,05.2023-12.2026,"Mulliri i Cermjanit, Cermjan, Komuna e Gjakovës",GQ,,57766.0,20000.0,0.0,20000.0,0.0,0.0,0.0,77766.0,"GQ 57,766 20,000 0 20,000 0 0 0 77,766"
3.2,149,483,project,"207000 - Ministria e Kulturës, Rinisë dhe Sporteve",207103 - Trashëgimia Kulturore,"81500 - Mbrojtja, Ruajtja e Trashë gimisë Kulturore",0820,207103-2343732,16149,05.2023-12.2026,Shtëpia e Dobrunave  Polloshka Gjakovë,,,,,,,,,,,0820 207103-2343732 16149 05.2023-12.2026 Shtëpia e Dobrunave Polloshka Gjakovë
3.2,149,497,source,"207000 - Ministria e Kulturës, Rinisë dhe Sporteve",207103 - Trashëgimia Kulturore,"81500 - Mbrojtja, Ruajtja e Trashë gimisë Kulturore",0820,207103-2343732,16149,05.2023-12.2026,Shtëpia e Dobrunave  Polloshka Gjakovë,GQ,,76697.0,80000.0,0.0,80000.0,0.0,0.0,0.0,156697.0,"GQ 76,697 80,000 0 80,000 0 0 0 156,697"
3.2,150,171,project,"207000 - Ministria e Kulturës, Rinisë dhe Sporteve",207103 - Trashëgimia Kulturore,"81500 - Mbrojtja, Ruajtja e Trashë gimisë Kulturore",0820,207103-2343734,16151,05.2023-12.2026,"Taphanja, Gjakovë",,,,,,,,,,,"0820 207103-2343734 16151 05.2023-12.2026 Taphanja, Gjakovë"
3.2,150,185,source,"207000 - Ministria e Kulturës, Rinisë dhe Sporteve",207103 - Trashëgimia Kulturore,"81500 - Mbrojtja, Ruajtja e Trashë gimisë Kulturore",0820,207103-2343734,16151,05.2023-12.2026,"Taphanja, Gjakovë",GQ,,417811.0,1000.0,0.0,1000.0,0.0,0.0,0.0,418811.0,"GQ 417,811 1,000 0 1,000 0 0 0 418,811"
3.2,150,199,project,"207000 - Ministria e Kulturës, Rinisë dhe Sporteve",207103 - Trashëgimia Kulturore,"81500 - Mbrojtja, Ruajtja e Trashë gimisë Kulturore",0820,207103-2343735,16152,05.2023-10.2026,"Kulla e Shain Dulës, Gjakovë",,,,,,,,,,,"0820 207103-2343735 16152 05.2023-10.2026 Kulla e Shain Dulës, Gjakovë"
3.2,150,213,source,"207000 - Ministria e Kulturës, Rinisë dhe Sporteve",207103 - Trashëgimia Kulturore,"81500 - Mbrojtja, Ruajtja e Trashë gimisë Kulturore",0820,207103-2343735,16152,05.2023-10.2026,"Kulla e Shain Dulës, Gjakovë",GQ,,38425.0,40000.0,0.0,40000.0,0.0,0.0,0.0,78425.0,"GQ 38,425 40,000 0 40,000 0 0 0 78,425"
3.2,150,228,project,"207000 - Ministria e Kulturës, Rinisë dhe Sporteve",207103 - Trashëgimia Kulturore,"81500 - Mbrojtja, Ruajtja e Trashë gimisë Kulturore",0820,207103-2343737,16127,05.2023-08.2028,"Kulla e Hajzer Ahmet Pecit, në fshatin Zhazhë, Komuna e Zvecanit",,,,,,,,,,,"0820 207103-2343737 16127 05.2023-08.2028 Kulla e Hajzer Ahmet Pecit, në fshatin Zhazhë, Komuna e Zvecanit"
3.2,150,242,source,"207000 - Ministria e Kulturës, Rinisë dhe Sporteve",207103 - Trashëgimia Kulturore,"81500 - Mbrojtja, Ruajtja e Trashë gimisë Kulturore",0820,207103-2343737,16127,05.2023-08.2028,"Kulla e Hajzer Ahmet Pecit, në fshatin Zhazhë, Komuna e Zvecanit",GQ,,10350.0,100000.0,0.0,100000.0,70000.0,10000.0,0.0,190350.0,"GQ 10,350 100,000 0 100,000 70,000 10,000 0 190,350"
3.2,150,256,project,"207000 - Ministria e Kulturës, Rinisë dhe Sporteve",207103 - Trashëgimia Kulturore,"81500 - Mbrojtja, Ruajtja e Trashë gimisë Kulturore",0820,207103-2343739,16144,05.2023-12.2026,"Shtëpi e vjetër-ish Stacioni policor, Podujevë",,,,,,,,,,,"0820 207103-2343739 16144 05.2023-12.2026 Shtëpi e vjetër-ish Stacioni policor, Podujevë"
3.2,150,270,source,"207000 - Ministria e Kulturës, Rinisë dhe Sporteve",207103 - Trashëgimia Kulturore,"81500 - Mbrojtja, Ruajtja e Trashë gimisë Kulturore",0820,207103-2343739,16144,05.2023-12.2026,"Shtëpi e vjetër-ish Stacioni policor, Podujevë",GQ,,35308.0,12000.0,0.0,12000.0,0.0,0.0,0.0,47308.0,"GQ 35,308 12,000 0 12,000 0 0 0 47,308"
3.2,150,284,project,"207000 - Ministria e Kulturës, Rinisë dhe Sporteve",207103 - Trashëgimia Kulturore,"81500 - Mbrojtja, Ruajtja e Trashë gimisë Kulturore",0820,207103-2343754,16145,05.2023-10.2028,"Shkolla e Pare Shqipe, Prishtine",,,,,,,,,,,"0820 207103-2343754 16145 05.2023-10.2028 Shkolla e Pare Shqipe, Prishtine"
3.2,150,298,source,"207000 - Ministria e Kulturës, Rinisë dhe Sporteve",207103 - Trashëgimia Kulturore,"81500 - Mbrojtja, Ruajtja e Trashë gimisë Kulturore",0820,207103-2343754,16145,05.2023-10.2028,"Shkolla e Pare Shqipe, Prishtine",GQ,,19755.0,80000.0,0.0,80000.0,200000.0,40000.0,0.0,339755.0,"GQ 19,755 80,000 0 80,000 200,000 40,000 0 339,755"
3.2,150,313,project,"207000 - Ministria e Kulturës, Rinisë dhe Sporteve",207103 - Trashëgimia Kulturore,"81500 - Mbrojtja, Ruajtja e Trashë gimisë Kulturore",0820,207103-2445647,19392,03.2024-12.2027,Renovimi i Shtëpisë së Adem Demaçit,,,,,,,,,,,0820 207103-2445647 19392 03.2024-12.2027 Renovimi i Shtëpisë së Adem Demaçit
3.2,150,327,source,"207000 - Ministria e Kulturës, Rinisë dhe Sporteve",207103 - Trashëgimia Kulturore,"81500 - Mbrojtja, Ruajtja e Trashë gimisë Kulturore",0820,207103-2445647,19392,03.2024-12.2027,Renovimi i Shtëpisë së Adem Demaçit,GQ,,0.0,50000.0,0.0,50000.0,150000.0,0.0,0.0,200000.0,"GQ 0 50,000 0 50,000 150,000 0 0 200,000"
3.2,150,341,project,"207000 - Ministria e Kulturës, Rinisë dhe Sporteve",207103 - Trashëgimia Kulturore,"81500 - Mbrojtja, Ruajtja e Trashë gimisë Kulturore",0820,207103-2445649,19394,03.2024-09.2028,Ura mesjetare/e vjetër Vushtrri,,,,,,,,,,,0820 207103-2445649 19394 03.2024-09.2028 Ura mesjetare/e vjetër Vushtrri
3.2,150,355,source,"207000 - Ministria e Kulturës, Rinisë dhe Sporteve",207103 - Trashëgimia Kulturore,"81500 - Mbrojtja, Ruajtja e Trashë gimisë Kulturore",0820,207103-2445649,19394,03.2024-09.2028,Ura mesjetare/e vjetër Vushtrri,GQ,,0.0,100000.0,0.0,100000.0,150000.0,50000.0,0.0,300000.0,"GQ 0 100,000 0 100,000 150,000 50,000 0 300,000"
3.2,150,369,project,"207000 - Ministria e Kulturës, Rinisë dhe Sporteve",207103 - Trashëgimia Kulturore,"81500 - Mbrojtja, Ruajtja e Trashë gimisë Kulturore",0820,207103-2445650,19395,03.2024-10.2028,"Renovimi i Municipium Ulpiana - Justiniana Secunda, periudha Romake-Prishtinë",,,,,,,,,,,"0820 207103-2445650 19395 03.2024-10.2028 Renovimi i Municipium Ulpiana - Justiniana Secunda, periudha Romake-Prishtinë"
3.2,150,383,source,"207000 - Ministria e Kulturës, Rinisë dhe Sporteve",207103 - Trashëgimia Kulturore,"81500 - Mbrojtja, Ruajtja e Trashë gimisë Kulturore",0820,207103-2445650,19395,03.2024-10.2028,"Renovimi i Municipium Ulpiana - Justiniana Secunda, periudha Romake-Prishtinë",GQ,,0.0,150000.0,0.0,150000.0,150000.0,200000.0,0.0,500000.0,"GQ 0 150,000 0 150,000 150,000 200,000 0 500,000"
3.2,150,398,project,"207000 - Ministria e Kulturës, Rinisë dhe Sporteve",207103 - Trashëgimia Kulturore,"81500 - Mbrojtja, Ruajtja e Trashë gimisë Kulturore",0820,207103-2445652,19396,03.2024-11.2028,Qyteti Mesjetar i Novobërdës,,,,,,,,,,,0820 207103-2445652 19396 03.2024-11.2028 Qyteti Mesjetar i Novobërdës
3.2,150,412,source,"207000 - Ministria e Kulturës, Rinisë dhe Sporteve",207103 - Trashëgimia Kulturore,"81500 - Mbrojtja, Ruajtja e Trashë gimisë Kulturore",0820,207103-2445652,19396,03.2024-11.2028,Qyteti Mesjetar i Novobërdës,GQ,,24000.0,400000.0,0.0,400000.0,600000.0,500000.0,0.0,1524000.0,"GQ 24,000 400,000 0 400,000 600,000 500,000 0 1,524,000"
3.2,150,426,project,"207000 - Ministria e Kulturës, Rinisë dhe Sporteve",207103 - Trashëgimia Kulturore,"81500 - Mbrojtja, Ruajtja e Trashë gimisë Kulturore",0820,207103-2445653,19397,03.2024-11.2028,Kalaja e Pogragjës,,,,,,,,,,,0820 207103-2445653 19397 03.2024-11.2028 Kalaja e Pogragjës
3.2,150,440,source,"207000 - Ministria e Kulturës, Rinisë dhe Sporteve",207103 - Trashëgimia Kulturore,"81500 - Mbrojtja, Ruajtja e Trashë gimisë Kulturore",0820,207103-2445653,19397,03.2024-11.2028,Kalaja e Pogragjës,GQ,,0.0,50000.0,0.0,50000.0,100000.0,50000.0,0.0,200000.0,"GQ 0 50,000 0 50,000 100,000 50,000 0 200,000"
3.2,150,454,project,"207000 - Ministria e Kulturës, Rinisë dhe Sporteve",207103 - Trashëgimia Kulturore,"81500 - Mbrojtja, Ruajtja e Trashë gimisë Kulturore",0820,207103-2445654,19398,02.2024-11.2028,Muzeu i Luftës në Prishtinë,,,,,,,,,,,0820 207103-2445654 19398 02.2024-11.2028 Muzeu i Luftës në Prishtinë
3.2,150,469,source,"207000 - Ministria e Kulturës, Rinisë dhe Sporteve",207103 - Trashëgimia Kulturore,"81500 - Mbrojtja, Ruajtja e Trashë gimisë Kulturore",0820,207103-2445654,19398,02.2024-11.2028,Muzeu i Luftës në Prishtinë,GQ,,0.0,200000.0,0.0,200000.0,300000.0,500000.0,0.0,1000000.0,"GQ 0 200,000 0 200,000 300,000 500,000 0 1,000,000"
3.2,150,483,project,"207000 - Ministria e Kulturës, Rinisë dhe Sporteve",207103 - Trashëgimia Kulturore,"81500 - Mbrojtja, Ruajtja e Trashë gimisë Kulturore",0820,207103-2445655,19399,03.2024-12.2028,Qendra Memoriale për Fëmijët e Vrarë,,,,,,,,,,,0820 207103-2445655 19399 03.2024-12.2028 Qendra Memoriale për Fëmijët e Vrarë
3.2,150,497,source,"207000 - Ministria e Kulturës, Rinisë dhe Sporteve",207103 - Trashëgimia Kulturore,"81500 - Mbrojtja, Ruajtja e Trashë gimisë Kulturore",0820,207103-2445655,19399,03.2024-12.2028,Qendra Memoriale për Fëmijët e Vrarë,GQ,,0.0,200000.0,0.0,200000.0,300000.0,500000.0,0.0,1000000.0,"GQ 0 200,000 0 200,000 300,000 500,000 0 1,000,000"
3.2,151,171,project,"207000 - Ministria e Kulturës, Rinisë dhe Sporteve",207103 - Trashëgimia Kulturore,"81500 - Mbrojtja, Ruajtja e Trashë gimisë Kulturore",0820,207103-2445665,19407,03.2024-10.2028,Shtepia e Ymer Elshanit-Drenas,,,,,,,,,,,0820 207103-2445665 19407 03.2024-10.2028 Shtepia e Ymer Elshanit-Drenas
3.2,151,185,source,"207000 - Ministria e Kulturës, Rinisë dhe Sporteve",207103 - Trashëgimia Kulturore,"81500 - Mbrojtja, Ruajtja e Trashë gimisë Kulturore",0820,207103-2445665,19407,03.2024-10.2028,Shtepia e Ymer Elshanit-Drenas,GQ,,135613.0,170000.0,0.0,170000.0,50000.0,50000.0,0.0,405613.0,"GQ 135,613 170,000 0 170,000 50,000 50,000 0 405,613"
3.2,151,199,project,"207000 - Ministria e Kulturës, Rinisë dhe Sporteve",207103 - Trashëgimia Kulturore,"81500 - Mbrojtja, Ruajtja e Trashë gimisë Kulturore",0820,207103-2445785,19470,06.2024-12.2028,"Kulla e Ymer Poges, Rogovë e Hasit, Gjakovë",,,,,,,,,,,"0820 207103-2445785 19470 06.2024-12.2028 Kulla e Ymer Poges, Rogovë e Hasit, Gjakovë"
3.2,151,213,source,"207000 - Ministria e Kulturës, Rinisë dhe Sporteve",207103 - Trashëgimia Kulturore,"81500 - Mbrojtja, Ruajtja e Trashë gimisë Kulturore",0820,207103-2445785,19470,06.2024-12.2028,"Kulla e Ymer Poges, Rogovë e Hasit, Gjakovë",GQ,,63832.0,50000.0,0.0,50000.0,0.0,0.0,0.0,113832.0,"GQ 63,832 50,000 0 50,000 0 0 0 113,832"
3.2,151,228,project,"207000 - Ministria e Kulturës, Rinisë dhe Sporteve",207103 - Trashëgimia Kulturore,"81500 - Mbrojtja, Ruajtja e Trashë gimisë Kulturore",0820,207103-2445786,19471,06.2024-09.2028,"Kulla e Fetah Kurexhajt,Kurexhaj, Gjilan",,,,,,,,,,,"0820 207103-2445786 19471 06.2024-09.2028 Kulla e Fetah Kurexhajt,Kurexhaj, Gjilan"
3.2,151,242,source,"207000 - Ministria e Kulturës, Rinisë dhe Sporteve",207103 - Trashëgimia Kulturore,"81500 - Mbrojtja, Ruajtja e Trashë gimisë Kulturore",0820,207103-2445786,19471,06.2024-09.2028,"Kulla e Fetah Kurexhajt,Kurexhaj, Gjilan",GQ,,0.0,100000.0,0.0,100000.0,100000.0,100000.0,0.0,300000.0,"GQ 0 100,000 0 100,000 100,000 100,000 0 300,000"
3.2,151,256,project,"207000 - Ministria e Kulturës, Rinisë dhe Sporteve",207103 - Trashëgimia Kulturore,"81500 - Mbrojtja, Ruajtja e Trashë gimisë Kulturore",0820,207103-2445787,19472,05.2024-10.2026,"Objekti i Teknikes Popullore, Gjilan",,,,,,,,,,,"0820 207103-2445787 19472 05.2024-10.2026 Objekti i Teknikes Popullore, Gjilan"
3.2,151,270,source,"207000 - Ministria e Kulturës, Rinisë dhe Sporteve",207103 - Trashëgimia Kulturore,"81500 - Mbrojtja, Ruajtja e Trashë gimisë Kulturore",0820,207103-2445787,19472,05.2024-10.2026,"Objekti i Teknikes Popullore, Gjilan",GQ,,147163.0,10000.0,0.0,10000.0,0.0,0.0,0.0,157163.0,"GQ 147,163 10,000 0 10,000 0 0 0 157,163"
3.2,151,284,project,"207000 - Ministria e Kulturës, Rinisë dhe Sporteve",207103 - Trashëgimia Kulturore,"81500 - Mbrojtja, Ruajtja e Trashë gimisë Kulturore",0820,207103-2445794,19476,05.2024-10.2028,"Kulla e Duhanit ""Adem Zajmi"" Pejë",,,,,,,,,,,"0820 207103-2445794 19476 05.2024-10.2028 Kulla e Duhanit ""Adem Zajmi"" Pejë"
3.2,151,298,source,"207000 - Ministria e Kulturës, Rinisë dhe Sporteve",207103 - Trashëgimia Kulturore,"81500 - Mbrojtja, Ruajtja e Trashë gimisë Kulturore",0820,207103-2445794,19476,05.2024-10.2028,"Kulla e Duhanit ""Adem Zajmi"" Pejë",GQ,,20430.0,100000.0,0.0,100000.0,100000.0,100000.0,0.0,320430.0,"GQ 20,430 100,000 0 100,000 100,000 100,000 0 320,430"
3.2,151,313,project,"207000 - Ministria e Kulturës, Rinisë dhe Sporteve",207103 - Trashëgimia Kulturore,"81500 - Mbrojtja, Ruajtja e Trashë gimisë Kulturore",0820,207103-2445866,19473,06.2024-10.2027,Shtëpia e Xhafer Deves (Shek. XIX) Mitrovicë,,,,,,,,,,,0820 207103-2445866 19473 06.2024-10.2027 Shtëpia e Xhafer Deves (Shek. XIX) Mitrovicë
3.2,151,327,source,"207000 - Ministria e Kulturës, Rinisë dhe Sporteve",207103 - Trashëgimia Kulturore,"81500 - Mbrojtja, Ruajtja e Trashë gimisë Kulturore",0820,207103-2445866,19473,06.2024-10.2027,Shtëpia e Xhafer Deves (Shek. XIX) Mitrovicë,GQ,,0.0,100000.0,0.0,100000.0,50000.0,0.0,0.0,150000.0,"GQ 0 100,000 0 100,000 50,000 0 0 150,000"
3.2,151,341,project,"207000 - Ministria e Kulturës, Rinisë dhe Sporteve",207103 - Trashëgimia Kulturore,"81500 - Mbrojtja, Ruajtja e Trashë gimisë Kulturore",0820,207103-2445869,19475,06.2024-12.2026,"Kulla e Tahir Mehes, Prekaz",,,,,,,,,,,"0820 207103-2445869 19475 06.2024-12.2026 Kulla e Tahir Mehes, Prekaz"
3.2,151,355,source,"207000 - Ministria e Kulturës, Rinisë dhe Sporteve",207103 - Trashëgimia Kulturore,"81500 - Mbrojtja, Ruajtja e Trashë gimisë Kulturore",0820,207103-2445869,19475,06.2024-12.2026,"Kulla e Tahir Mehes, Prekaz",GQ,,0.0,30000.0,0.0,30000.0,0.0,0.0,0.0,30000.0,"GQ 0 30,000 0 30,000 0 0 0 30,000"
3.2,151,369,project,"207000 - Ministria e Kulturës, Rinisë dhe Sporteve",207103 - Trashëgimia Kulturore,"81500 - Mbrojtja, Ruajtja e Trashë gimisë Kulturore",0820,207103-2546054,19612,02.2025-11.2027,"Kulla e Tosun Beut, Gjakovë",,,,,,,,,,,"0820 207103-2546054 19612 02.2025-11.2027 Kulla e Tosun Beut, Gjakovë"
3.2,151,383,source,"207000 - Ministria e Kulturës, Rinisë dhe Sporteve",207103 - Trashëgimia Kulturore,"81500 - Mbrojtja, Ruajtja e Trashë gimisë Kulturore",0820,207103-2546054,19612,02.2025-11.2027,"Kulla e Tosun Beut, Gjakovë",GQ,,91171.0,0.0,50000.0,50000.0,50000.0,0.0,0.0,191171.0,"GQ 91,171 0 50,000 50,000 50,000 0 0 191,171"
3.2,151,398,project,"207000 - Ministria e Kulturës, Rinisë dhe Sporteve",207103 - Trashëgimia Kulturore,"81500 - Mbrojtja, Ruajtja e Trashë gimisë Kulturore",0820,207103-2546055,19613,02.2025-12.2027,"Shtëpia e Beqir (Avdush) Haxhibeqirit, Gjakovë",,,,,,,,,,,"0820 207103-2546055 19613 02.2025-12.2027 Shtëpia e Beqir (Avdush) Haxhibeqirit, Gjakovë"
3.2,151,412,source,"207000 - Ministria e Kulturës, Rinisë dhe Sporteve",207103 - Trashëgimia Kulturore,"81500 - Mbrojtja, Ruajtja e Trashë gimisë Kulturore",0820,207103-2546055,19613,02.2025-12.2027,"Shtëpia e Beqir (Avdush) Haxhibeqirit, Gjakovë",GQ,,10440.0,150000.0,0.0,150000.0,100000.0,0.0,0.0,260440.0,"GQ 10,440 150,000 0 150,000 100,000 0 0 260,440"
3.2,151,426,project,"207000 - Ministria e Kulturës, Rinisë dhe Sporteve",207103 - Trashëgimia Kulturore,"81500 - Mbrojtja, Ruajtja e Trashë gimisë Kulturore",0820,207103-2546056,19614,02.2025-11.2026,Restaurimi i Xhamisë së Hadumit në Gjakovë,,,,,,,,,,,0820 207103-2546056 19614 02.2025-11.2026 Restaurimi i Xhamisë së Hadumit në Gjakovë
3.2,151,440,source,"207000 - Ministria e Kulturës, Rinisë dhe Sporteve",207103 - Trashëgimia Kulturore,"81500 - Mbrojtja, Ruajtja e Trashë gimisë Kulturore",0820,207103-2546056,19614,02.2025-11.2026,Restaurimi i Xhamisë së Hadumit në Gjakovë,GQ,,0.0,0.0,33000.0,33000.0,0.0,0.0,0.0,33000.0,"GQ 0 0 33,000 33,000 0 0 0 33,000"
3.2,151,454,project,"207000 - Ministria e Kulturës, Rinisë dhe Sporteve",207103 - Trashëgimia Kulturore,"81500 - Mbrojtja, Ruajtja e Trashë gimisë Kulturore",0820,207103-2546057,19615,03.2025-12.2026,"Shkolla e vjetër në Kokaj, Gjilan",,,,,,,,,,,"0820 207103-2546057 19615 03.2025-12.2026 Shkolla e vjetër në Kokaj, Gjilan"
3.2,151,469,source,"207000 - Ministria e Kulturës, Rinisë dhe Sporteve",207103 - Trashëgimia Kulturore,"81500 - Mbrojtja, Ruajtja e Trashë gimisë Kulturore",0820,207103-2546057,19615,03.2025-12.2026,"Shkolla e vjetër në Kokaj, Gjilan",GQ,,10465.0,100000.0,0.0,100000.0,0.0,0.0,0.0,110465.0,"GQ 10,465 100,000 0 100,000 0 0 0 110,465"
3.2,151,483,project,"207000 - Ministria e Kulturës, Rinisë dhe Sporteve",207103 - Trashëgimia Kulturore,"81500 - Mbrojtja, Ruajtja e Trashë gimisë Kulturore",0820,207103-2546058,19616,01.2025-12.2025,"Shtëpia e Novobërdalive, Novobërdë",,,,,,,,,,,"0820 207103-2546058 19616 01.2025-12.2025 Shtëpia e Novobërdalive, Novobërdë"
3.2,151,497,source,"207000 - Ministria e Kulturës, Rinisë dhe Sporteve",207103 - Trashëgimia Kulturore,"81500 - Mbrojtja, Ruajtja e Trashë gimisë Kulturore",0820,207103-2546058,19616,01.2025-12.2025,"Shtëpia e Novobërdalive, Novobërdë",GQ,,41006.0,50000.0,0.0,50000.0,0.0,0.0,0.0,91006.0,"GQ 41,006 50,000 0 50,000 0 0 0 91,006"
3.2,152,171,project,"207000 - Ministria e Kulturës, Rinisë dhe Sporteve",207103 - Trashëgimia Kulturore,"81500 - Mbrojtja, Ruajtja e Trashë gimisë Kulturore",0820,207103-2546059,19617,01.2025-11.2028,"Shtëpia e Idriz Feratit, Gjilan",,,,,,,,,,,"0820 207103-2546059 19617 01.2025-11.2028 Shtëpia e Idriz Feratit, Gjilan"
3.2,152,185,source,"207000 - Ministria e Kulturës, Rinisë dhe Sporteve",207103 - Trashëgimia Kulturore,"81500 - Mbrojtja, Ruajtja e Trashë gimisë Kulturore",0820,207103-2546059,19617,01.2025-11.2028,"Shtëpia e Idriz Feratit, Gjilan",GQ,,7940.0,30000.0,0.0,30000.0,20000.0,20000.0,0.0,77940.0,"GQ 7,940 30,000 0 30,000 20,000 20,000 0 77,940"
3.2,152,199,project,"207000 - Ministria e Kulturës, Rinisë dhe Sporteve",207103 - Trashëgimia Kulturore,"81500 - Mbrojtja, Ruajtja e Trashë gimisë Kulturore",0820,207103-2546060,19618,02.2025-11.2027,"Përmendorja e Minatorëve, Mitrovicë Veriore",,,,,,,,,,,"0820 207103-2546060 19618 02.2025-11.2027 Përmendorja e Minatorëve, Mitrovicë Veriore"
3.2,152,213,source,"207000 - Ministria e Kulturës, Rinisë dhe Sporteve",207103 - Trashëgimia Kulturore,"81500 - Mbrojtja, Ruajtja e Trashë gimisë Kulturore",0820,207103-2546060,19618,02.2025-11.2027,"Përmendorja e Minatorëve, Mitrovicë Veriore",GQ,,0.0,100000.0,0.0,100000.0,100000.0,0.0,0.0,200000.0,"GQ 0 100,000 0 100,000 100,000 0 0 200,000"
3.2,152,228,project,"207000 - Ministria e Kulturës, Rinisë dhe Sporteve",207103 - Trashëgimia Kulturore,"81500 - Mbrojtja, Ruajtja e Trashë gimisë Kulturore",0820,207103-2546062,19619,02.2025-12.2027,"Konaku i Haki Spahiut, Pejë",,,,,,,,,,,"0820 207103-2546062 19619 02.2025-12.2027 Konaku i Haki Spahiut, Pejë"
3.2,152,242,source,"207000 - Ministria e Kulturës, Rinisë dhe Sporteve",207103 - Trashëgimia Kulturore,"81500 - Mbrojtja, Ruajtja e Trashë gimisë Kulturore",0820,207103-2546062,19619,02.2025-12.2027,"Konaku i Haki Spahiut, Pejë",GQ,,18142.0,50000.0,0.0,50000.0,50000.0,0.0,0.0,118142.0,"GQ 18,142 50,000 0 50,000 50,000 0 0 118,142"
3.2,152,256,project,"207000 - Ministria e Kulturës, Rinisë dhe Sporteve",207103 - Trashëgimia Kulturore,"81500 - Mbrojtja, Ruajtja e Trashë gimisë Kulturore",0820,207103-2546063,19620,01.2025-10.2028,"Kulla e Halil Alimavraj, Staradoran, Istog",,,,,,,,,,,"0820 207103-2546063 19620 01.2025-10.2028 Kulla e Halil Alimavraj, Staradoran, Istog"
3.2,152,270,source,"207000 - Ministria e Kulturës, Rinisë dhe Sporteve",207103 - Trashëgimia Kulturore,"81500 - Mbrojtja, Ruajtja e Trashë gimisë Kulturore",0820,207103-2546063,19620,01.2025-10.2028,"Kulla e Halil Alimavraj, Staradoran, Istog",GQ,,15672.0,0.0,50000.0,50000.0,50000.0,90000.0,0.0,205672.0,"GQ 15,672 0 50,000 50,000 50,000 90,000 0 205,672"
3.2,152,284,project,"207000 - Ministria e Kulturës, Rinisë dhe Sporteve",207103 - Trashëgimia Kulturore,"81500 - Mbrojtja, Ruajtja e Trashë gimisë Kulturore",0820,207103-2546064,19621,01.2025-10.2028,"Kulla e Hamëz Mataj, Baballoq, Deçan",,,,,,,,,,,"0820 207103-2546064 19621 01.2025-10.2028 Kulla e Hamëz Mataj, Baballoq, Deçan"
3.2,152,298,source,"207000 - Ministria e Kulturës, Rinisë dhe Sporteve",207103 - Trashëgimia Kulturore,"81500 - Mbrojtja, Ruajtja e Trashë gimisë Kulturore",0820,207103-2546064,19621,01.2025-10.2028,"Kulla e Hamëz Mataj, Baballoq, Deçan",GQ,,0.0,70000.0,0.0,70000.0,50000.0,50000.0,0.0,170000.0,"GQ 0 70,000 0 70,000 50,000 50,000 0 170,000"
3.2,152,313,project,"207000 - Ministria e Kulturës, Rinisë dhe Sporteve",207103 - Trashëgimia Kulturore,"81500 - Mbrojtja, Ruajtja e Trashë gimisë Kulturore",0820,207103-2546065,19622,02.2025-11.2028,"Shtëpia e Enver Hadrit, Pejë",,,,,,,,,,,"0820 207103-2546065 19622 02.2025-11.2028 Shtëpia e Enver Hadrit, Pejë"
3.2,152,327,source,"207000 - Ministria e Kulturës, Rinisë dhe Sporteve",207103 - Trashëgimia Kulturore,"81500 - Mbrojtja, Ruajtja e Trashë gimisë Kulturore",0820,207103-2546065,19622,02.2025-11.2028,"Shtëpia e Enver Hadrit, Pejë",GQ,,19441.0,100000.0,0.0,100000.0,80000.0,80000.0,0.0,279441.0,"GQ 19,441 100,000 0 100,000 80,000 80,000 0 279,441"
3.2,152,341,project,"207000 - Ministria e Kulturës, Rinisë dhe Sporteve",207103 - Trashëgimia Kulturore,"81500 - Mbrojtja, Ruajtja e Trashë gimisë Kulturore",0820,207103-2546066,19623,02.2025-12.2028,"Kulla e Shaban Turkaj, Kashicë, Istog",,,,,,,,,,,"0820 207103-2546066 19623 02.2025-12.2028 Kulla e Shaban Turkaj, Kashicë, Istog"
3.2,152,355,source,"207000 - Ministria e Kulturës, Rinisë dhe Sporteve",207103 - Trashëgimia Kulturore,"81500 - Mbrojtja, Ruajtja e Trashë gimisë Kulturore",0820,207103-2546066,19623,02.2025-12.2028,"Kulla e Shaban Turkaj, Kashicë, Istog",GQ,,0.0,10000.0,0.0,10000.0,50000.0,100000.0,0.0,160000.0,"GQ 0 10,000 0 10,000 50,000 100,000 0 160,000"
3.2,152,369,project,"207000 - Ministria e Kulturës, Rinisë dhe Sporteve",207103 - Trashëgimia Kulturore,"81500 - Mbrojtja, Ruajtja e Trashë gimisë Kulturore",0820,207103-2546067,19624,02.2025-11.2027,Mejtepi Ruzhdije - Gjakovë,,,,,,,,,,,0820 207103-2546067 19624 02.2025-11.2027 Mejtepi Ruzhdije - Gjakovë
3.2,152,383,source,"207000 - Ministria e Kulturës, Rinisë dhe Sporteve",207103 - Trashëgimia Kulturore,"81500 - Mbrojtja, Ruajtja e Trashë gimisë Kulturore",0820,207103-2546067,19624,02.2025-11.2027,Mejtepi Ruzhdije - Gjakovë,GQ,,54255.0,0.0,10000.0,10000.0,0.0,0.0,0.0,64255.0,"GQ 54,255 0 10,000 10,000 0 0 0 64,255"
3.2,152,398,project,"207000 - Ministria e Kulturës, Rinisë dhe Sporteve",207103 - Trashëgimia Kulturore,"81500 - Mbrojtja, Ruajtja e Trashë gimisë Kulturore",0820,207103-2546068,19625,01.2025-11.2026,"Mulliri i Zotnisë, Smrekovnicë, Vushtrri",,,,,,,,,,,"0820 207103-2546068 19625 01.2025-11.2026 Mulliri i Zotnisë, Smrekovnicë, Vushtrri"
3.2,152,412,source,"207000 - Ministria e Kulturës, Rinisë dhe Sporteve",207103 - Trashëgimia Kulturore,"81500 - Mbrojtja, Ruajtja e Trashë gimisë Kulturore",0820,207103-2546068,19625,01.2025-11.2026,"Mulliri i Zotnisë, Smrekovnicë, Vushtrri",GQ,,0.0,1000.0,0.0,1000.0,0.0,0.0,0.0,1000.0,"GQ 0 1,000 0 1,000 0 0 0 1,000"
3.2,152,426,project,"207000 - Ministria e Kulturës, Rinisë dhe Sporteve",207103 - Trashëgimia Kulturore,"81500 - Mbrojtja, Ruajtja e Trashë gimisë Kulturore",0820,207103-2546069,19626,01.2025-11.2027,"Mulliri i Daut Ose Hulaj, Deçan",,,,,,,,,,,"0820 207103-2546069 19626 01.2025-11.2027 Mulliri i Daut Ose Hulaj, Deçan"
3.2,152,440,source,"207000 - Ministria e Kulturës, Rinisë dhe Sporteve",207103 - Trashëgimia Kulturore,"81500 - Mbrojtja, Ruajtja e Trashë gimisë Kulturore",0820,207103-2546069,19626,01.2025-11.2027,"Mulliri i Daut Ose Hulaj, Deçan",GQ,,0.0,50000.0,0.0,50000.0,50000.0,0.0,0.0,100000.0,"GQ 0 50,000 0 50,000 50,000 0 0 100,000"
3.2,152,454,project,"207000 - Ministria e Kulturës, Rinisë dhe Sporteve",207103 - Trashëgimia Kulturore,"81500 - Mbrojtja, Ruajtja e Trashë gimisë Kulturore",0820,207103-2546071,19627,01.2025-09.2027,Kulla e Haxhi Zekës në Leshan,,,,,,,,,,,0820 207103-2546071 19627 01.2025-09.2027 Kulla e Haxhi Zekës në Leshan
3.2,152,469,source,"207000 - Ministria e Kulturës, Rinisë dhe Sporteve",207103 - Trashëgimia Kulturore,"81500 - Mbrojtja, Ruajtja e Trashë gimisë Kulturore",0820,207103-2546071,19627,01.2025-09.2027,Kulla e Haxhi Zekës në Leshan,GQ,,0.0,1000.0,0.0,1000.0,50000.0,0.0,0.0,51000.0,"GQ 0 1,000 0 1,000 50,000 0 0 51,000"
3.2,152,483,project,"207000 - Ministria e Kulturës, Rinisë dhe Sporteve",207103 - Trashëgimia Kulturore,"81500 - Mbrojtja, Ruajtja e Trashë gimisë Kulturore",0820,207103-2546073,19628,01.2025-09.2028,"Shtëpia-kullë e Hajrullah Çantës, Prizren",,,,,,,,,,,"0820 207103-2546073 19628 01.2025-09.2028 Shtëpia-kullë e Hajrullah Çantës, Prizren"
3.2,152,497,source,"207000 - Ministria e Kulturës, Rinisë dhe Sporteve",207103 - Trashëgimia Kulturore,"81500 - Mbrojtja, Ruajtja e Trashë gimisë Kulturore",0820,207103-2546073,19628,01.2025-09.2028,"Shtëpia-kullë e Hajrullah Çantës, Prizren",GQ,,157866.0,200000.0,0.0,200000.0,300000.0,100000.0,0.0,757866.0,"GQ 157,866 200,000 0 200,000 300,000 100,000 0 757,866"
3.2,153,171,project,"207000 - Ministria e Kulturës, Rinisë dhe Sporteve",207103 - Trashëgimia Kulturore,"81500 - Mbrojtja, Ruajtja e Trashë gimisë Kulturore",0820,207103-2546074,19629,01.2025-12.2028,"Shkolla e vjetër e fshtatit Mushnikovë, Prizren",,,,,,,,,,,"0820 207103-2546074 19629 01.2025-12.2028 Shkolla e vjetër e fshtatit Mushnikovë, Prizren"
3.2,153,185,source,"207000 - Ministria e Kulturës, Rinisë dhe Sporteve",207103 - Trashëgimia Kulturore,"81500 - Mbrojtja, Ruajtja e Trashë gimisë Kulturore",0820,207103-2546074,19629,01.2025-12.2028,"Shkolla e vjetër e fshtatit Mushnikovë, Prizren",GQ,,0.0,0.0,150000.0,150000.0,150000.0,100000.0,0.0,400000.0,"GQ 0 0 150,000 150,000 150,000 100,000 0 400,000"
3.2,153,199,project,"207000 - Ministria e Kulturës, Rinisë dhe Sporteve",207103 - Trashëgimia Kulturore,"81500 - Mbrojtja, Ruajtja e Trashë gimisë Kulturore",0820,207103-2546075,19630,01.2025-09.2028,"Shtëpia e Xhevdet Gashit, Suharekë",,,,,,,,,,,"0820 207103-2546075 19630 01.2025-09.2028 Shtëpia e Xhevdet Gashit, Suharekë"
3.2,153,213,source,"207000 - Ministria e Kulturës, Rinisë dhe Sporteve",207103 - Trashëgimia Kulturore,"81500 - Mbrojtja, Ruajtja e Trashë gimisë Kulturore",0820,207103-2546075,19630,01.2025-09.2028,"Shtëpia e Xhevdet Gashit, Suharekë",GQ,,0.0,0.0,200000.0,200000.0,50000.0,50000.0,0.0,300000.0,"GQ 0 0 200,000 200,000 50,000 50,000 0 300,000"
3.2,153,228,project,"207000 - Ministria e Kulturës, Rinisë dhe Sporteve",207103 - Trashëgimia Kulturore,"81500 - Mbrojtja, Ruajtja e Trashë gimisë Kulturore",0820,207103-2546076,19631,03.2025-10.2026,"Valavica dhe mulliri në Bellobrad, Dragash",,,,,,,,,,,"0820 207103-2546076 19631 03.2025-10.2026 Valavica dhe mulliri në Bellobrad, Dragash"
3.2,153,242,source,"207000 - Ministria e Kulturës, Rinisë dhe Sporteve",207103 - Trashëgimia Kulturore,"81500 - Mbrojtja, Ruajtja e Trashë gimisë Kulturore",0820,207103-2546076,19631,03.2025-10.2026,"Valavica dhe mulliri në Bellobrad, Dragash",GQ,,24505.0,100000.0,0.0,100000.0,0.0,0.0,0.0,124505.0,"GQ 24,505 100,000 0 100,000 0 0 0 124,505"
3.2,153,256,project,"207000 - Ministria e Kulturës, Rinisë dhe Sporteve",207103 - Trashëgimia Kulturore,"81500 - Mbrojtja, Ruajtja e Trashë gimisë Kulturore",0820,207103-2546078,19632,01.2025-12.2028,"Shkolla e mesme Ruzhdie, Prizren",,,,,,,,,,,"0820 207103-2546078 19632 01.2025-12.2028 Shkolla e mesme Ruzhdie, Prizren"
3.2,153,270,source,"207000 - Ministria e Kulturës, Rinisë dhe Sporteve",207103 - Trashëgimia Kulturore,"81500 - Mbrojtja, Ruajtja e Trashë gimisë Kulturore",0820,207103-2546078,19632,01.2025-12.2028,"Shkolla e mesme Ruzhdie, Prizren",GQ,,0.0,0.0,300000.0,300000.0,300000.0,250000.0,0.0,850000.0,"GQ 0 0 300,000 300,000 300,000 250,000 0 850,000"
3.2,153,284,project,"207000 - Ministria e Kulturës, Rinisë dhe Sporteve",207103 - Trashëgimia Kulturore,"81500 - Mbrojtja, Ruajtja e Trashë gimisë Kulturore",0820,207103-2546081,19633,01.2025-09.2028,"Kulla e Ibish Morinës, Cikatove e vjeter, Drenas",,,,,,,,,,,"0820 207103-2546081 19633 01.2025-09.2028 Kulla e Ibish Morinës, Cikatove e vjeter, Drenas"
3.2,153,298,source,"207000 - Ministria e Kulturës, Rinisë dhe Sporteve",207103 - Trashëgimia Kulturore,"81500 - Mbrojtja, Ruajtja e Trashë gimisë Kulturore",0820,207103-2546081,19633,01.2025-09.2028,"Kulla e Ibish Morinës, Cikatove e vjeter, Drenas",GQ,,12000.0,50000.0,0.0,50000.0,150000.0,50000.0,0.0,262000.0,"GQ 12,000 50,000 0 50,000 150,000 50,000 0 262,000"
3.2,153,313,project,"207000 - Ministria e Kulturës, Rinisë dhe Sporteve",207103 - Trashëgimia Kulturore,"81500 - Mbrojtja, Ruajtja e Trashë gimisë Kulturore",0820,207103-2546082,19634,01.2025-01.2028,"Shtëpia e familjes Luboteni, Prizren",,,,,,,,,,,"0820 207103-2546082 19634 01.2025-01.2028 Shtëpia e familjes Luboteni, Prizren"
3.2,153,327,source,"207000 - Ministria e Kulturës, Rinisë dhe Sporteve",207103 - Trashëgimia Kulturore,"81500 - Mbrojtja, Ruajtja e Trashë gimisë Kulturore",0820,207103-2546082,19634,01.2025-01.2028,"Shtëpia e familjes Luboteni, Prizren",GQ,,0.0,0.0,50000.0,50000.0,150000.0,150000.0,0.0,350000.0,"GQ 0 0 50,000 50,000 150,000 150,000 0 350,000"
3.2,153,341,project,"207000 - Ministria e Kulturës, Rinisë dhe Sporteve",207103 - Trashëgimia Kulturore,"81500 - Mbrojtja, Ruajtja e Trashë gimisë Kulturore",0820,207103-2546083,19635,02.2025-11.2028,"Lokali Panda, Pejë",,,,,,,,,,,"0820 207103-2546083 19635 02.2025-11.2028 Lokali Panda, Pejë"
3.2,153,355,source,"207000 - Ministria e Kulturës, Rinisë dhe Sporteve",207103 - Trashëgimia Kulturore,"81500 - Mbrojtja, Ruajtja e Trashë gimisë Kulturore",0820,207103-2546083,19635,02.2025-11.2028,"Lokali Panda, Pejë",GQ,,0.0,50000.0,0.0,50000.0,50000.0,50000.0,0.0,150000.0,"GQ 0 50,000 0 50,000 50,000 50,000 0 150,000"
3.2,153,369,project,"207000 - Ministria e Kulturës, Rinisë dhe Sporteve",207103 - Trashëgimia Kulturore,"81500 - Mbrojtja, Ruajtja e Trashë gimisë Kulturore",0820,207103-2546085,19636,03.2025-10.2028,"Tërësia Urbanistike - Qarshia e Gjatë, Pejë",,,,,,,,,,,"0820 207103-2546085 19636 03.2025-10.2028 Tërësia Urbanistike - Qarshia e Gjatë, Pejë"
3.2,153,383,source,"207000 - Ministria e Kulturës, Rinisë dhe Sporteve",207103 - Trashëgimia Kulturore,"81500 - Mbrojtja, Ruajtja e Trashë gimisë Kulturore",0820,207103-2546085,19636,03.2025-10.2028,"Tërësia Urbanistike - Qarshia e Gjatë, Pejë",GQ,,0.0,80000.0,0.0,80000.0,140000.0,100000.0,0.0,320000.0,"GQ 0 80,000 0 80,000 140,000 100,000 0 320,000"
3.2,153,398,project,"207000 - Ministria e Kulturës, Rinisë dhe Sporteve",207103 - Trashëgimia Kulturore,"81500 - Mbrojtja, Ruajtja e Trashë gimisë Kulturore",0820,207103-2546088,19638,03.2025-06.2028,"Shtegu i Mijëvjeçarit, Belle- Deçan",,,,,,,,,,,"0820 207103-2546088 19638 03.2025-06.2028 Shtegu i Mijëvjeçarit, Belle- Deçan"
3.2,153,412,source,"207000 - Ministria e Kulturës, Rinisë dhe Sporteve",207103 - Trashëgimia Kulturore,"81500 - Mbrojtja, Ruajtja e Trashë gimisë Kulturore",0820,207103-2546088,19638,03.2025-06.2028,"Shtegu i Mijëvjeçarit, Belle- Deçan",GQ,,0.0,300000.0,0.0,300000.0,300000.0,300000.0,0.0,900000.0,"GQ 0 300,000 0 300,000 300,000 300,000 0 900,000"
3.2,153,426,project,"207000 - Ministria e Kulturës, Rinisë dhe Sporteve",207103 - Trashëgimia Kulturore,"81500 - Mbrojtja, Ruajtja e Trashë gimisë Kulturore",0820,207103-2547405,19724,01.2025-12.2027,Restaurimi dhe renovimi i ndërtesës së Gjykatës në Vushtrri,,,,,,,,,,,0820 207103-2547405 19724 01.2025-12.2027 Restaurimi dhe renovimi i ndërtesës së Gjykatës në Vushtrri
3.2,153,440,source,"207000 - Ministria e Kulturës, Rinisë dhe Sporteve",207103 - Trashëgimia Kulturore,"81500 - Mbrojtja, Ruajtja e Trashë gimisë Kulturore",0820,207103-2547405,19724,01.2025-12.2027,Restaurimi dhe renovimi i ndërtesës së Gjykatës në Vushtrri,GQ,,0.0,0.0,300000.0,300000.0,200000.0,0.0,0.0,500000.0,"GQ 0 0 300,000 300,000 200,000 0 0 500,000"
3.2,153,454,project,"207000 - Ministria e Kulturës, Rinisë dhe Sporteve",207103 - Trashëgimia Kulturore,"81500 - Mbrojtja, Ruajtja e Trashë gimisë Kulturore",0820,207103-2547406,19725,02.2025-10.2028,"Konservimi dhe restaurimi i Kullës së Gjon Mark Çunit, Dresnik, Klinë",,,,,,,,,,,"0820 207103-2547406 19725 02.2025-10.2028 Konservimi dhe restaurimi i Kullës së Gjon Mark Çunit, Dresnik, Klinë"
3.2,153,469,source,"207000 - Ministria e Kulturës, Rinisë dhe Sporteve",207103 - Trashëgimia Kulturore,"81500 - Mbrojtja, Ruajtja e Trashë gimisë Kulturore",0820,207103-2547406,19725,02.2025-10.2028,"Konservimi dhe restaurimi i Kullës së Gjon Mark Çunit, Dresnik, Klinë",GQ,,22491.0,0.0,100000.0,100000.0,50000.0,50000.0,0.0,222491.0,"GQ 22,491 0 100,000 100,000 50,000 50,000 0 222,491"
3.2,153,483,project,"207000 - Ministria e Kulturës, Rinisë dhe Sporteve",207103 - Trashëgimia Kulturore,"81500 - Mbrojtja, Ruajtja e Trashë gimisë Kulturore",0820,207103-2547407,19726,01.2025-08.2028,"Restaurimi i Mullirit të Isuf Halilit, Poterq i Epërm, Klinë",,,,,,,,,,,"0820 207103-2547407 19726 01.2025-08.2028 Restaurimi i Mullirit të Isuf Halilit, Poterq i Epërm, Klinë"
3.2,153,497,source,"207000 - Ministria e Kulturës, Rinisë dhe Sporteve",207103 - Trashëgimia Kulturore,"81500 - Mbrojtja, Ruajtja e Trashë gimisë Kulturore",0820,207103-2547407,19726,01.2025-08.2028,"Restaurimi i Mullirit të Isuf Halilit, Poterq i Epërm, Klinë",GQ,,0.0,50000.0,0.0,50000.0,50000.0,50000.0,0.0,150000.0,"GQ 0 50,000 0 50,000 50,000 50,000 0 150,000"
3.2,154,171,project,"207000 - Ministria e Kulturës, Rinisë dhe Sporteve",207103 - Trashëgimia Kulturore,"81500 - Mbrojtja, Ruajtja e Trashë gimisë Kulturore",0820,207103-2547408,19727,01.2025-11.2027,"Restaurimi dhe renovimi i Kullës së Nue Jakut, Videjë, Kline",,,,,,,,,,,"0820 207103-2547408 19727 01.2025-11.2027 Restaurimi dhe renovimi i Kullës së Nue Jakut, Videjë, Kline"
3.2,154,185,source,"207000 - Ministria e Kulturës, Rinisë dhe Sporteve",207103 - Trashëgimia Kulturore,"81500 - Mbrojtja, Ruajtja e Trashë gimisë Kulturore",0820,207103-2547408,19727,01.2025-11.2027,"Restaurimi dhe renovimi i Kullës së Nue Jakut, Videjë, Kline",GQ,,0.0,100000.0,0.0,100000.0,100000.0,0.0,0.0,200000.0,"GQ 0 100,000 0 100,000 100,000 0 0 200,000"
3.2,154,199,project,"207000 - Ministria e Kulturës, Rinisë dhe Sporteve",207103 - Trashëgimia Kulturore,"81500 - Mbrojtja, Ruajtja e Trashë gimisë Kulturore",0820,207103-2547409,19728,04.2025-11.2028,"Konservimi dhe restaurimi i Shtëpisë së Banimit të Kolë Pashkut, Stubëll, Viti",,,,,,,,,,,"0820 207103-2547409 19728 04.2025-11.2028 Konservimi dhe restaurimi i Shtëpisë së Banimit të Kolë Pashkut, Stubëll, Viti"
3.2,154,213,source,"207000 - Ministria e Kulturës, Rinisë dhe Sporteve",207103 - Trashëgimia Kulturore,"81500 - Mbrojtja, Ruajtja e Trashë gimisë Kulturore",0820,207103-2547409,19728,04.2025-11.2028,"Konservimi dhe restaurimi i Shtëpisë së Banimit të Kolë Pashkut, Stubëll, Viti",GQ,,31704.0,300000.0,0.0,300000.0,300000.0,200000.0,0.0,831704.0,"GQ 31,704 300,000 0 300,000 300,000 200,000 0 831,704"
3.2,154,228,project,"207000 - Ministria e Kulturës, Rinisë dhe Sporteve",207103 - Trashëgimia Kulturore,"81500 - Mbrojtja, Ruajtja e Trashë gimisë Kulturore",0820,207103-2547410,19729,03.2025-12.2028,"Restaurimi i shtëpisë së banimit me numër unik 4033, Podujevë",,,,,,,,,,,"0820 207103-2547410 19729 03.2025-12.2028 Restaurimi i shtëpisë së banimit me numër unik 4033, Podujevë"
3.2,154,242,source,"207000 - Ministria e Kulturës, Rinisë dhe Sporteve",207103 - Trashëgimia Kulturore,"81500 - Mbrojtja, Ruajtja e Trashë gimisë Kulturore",0820,207103-2547410,19729,03.2025-12.2028,"Restaurimi i shtëpisë së banimit me numër unik 4033, Podujevë",GQ,,0.0,50000.0,0.0,50000.0,150000.0,200000.0,0.0,400000.0,"GQ 0 50,000 0 50,000 150,000 200,000 0 400,000"
3.2,154,256,project,"207000 - Ministria e Kulturës, Rinisë dhe Sporteve",207103 - Trashëgimia Kulturore,"81500 - Mbrojtja, Ruajtja e Trashë gimisë Kulturore",0820,207103-2547411,19730,03.2025-10.2026,"Konservimi dhe restaurimi I Hamamit në qytetin, Prishtinë",,,,,,,,,,,"0820 207103-2547411 19730 03.2025-10.2026 Konservimi dhe restaurimi I Hamamit në qytetin, Prishtinë"
3.2,154,270,source,"207000 - Ministria e Kulturës, Rinisë dhe Sporteve",207103 - Trashëgimia Kulturore,"81500 - Mbrojtja, Ruajtja e Trashë gimisë Kulturore",0820,207103-2547411,19730,03.2025-10.2026,"Konservimi dhe restaurimi I Hamamit në qytetin, Prishtinë",GQ,,0.0,100000.0,0.0,100000.0,0.0,0.0,0.0,100000.0,"GQ 0 100,000 0 100,000 0 0 0 100,000"
3.2,154,284,project,"207000 - Ministria e Kulturës, Rinisë dhe Sporteve",207103 - Trashëgimia Kulturore,"81500 - Mbrojtja, Ruajtja e Trashë gimisë Kulturore",0820,207103-2547412,19731,01.2025-09.2026,Konservimi dhe restaurimi i Xhamise së Gazi Mehmet Pashes - Prizren,,,,,,,,,,,0820 207103-2547412 19731 01.2025-09.2026 Konservimi dhe restaurimi i Xhamise së Gazi Mehmet Pashes - Prizren
3.2,154,298,source,"207000 - Ministria e Kulturës, Rinisë dhe Sporteve",207103 - Trashëgimia Kulturore,"81500 - Mbrojtja, Ruajtja e Trashë gimisë Kulturore",0820,207103-2547412,19731,01.2025-09.2026,Konservimi dhe restaurimi i Xhamise së Gazi Mehmet Pashes - Prizren,GQ,,0.0,10000.0,0.0,10000.0,0.0,0.0,0.0,10000.0,"GQ 0 10,000 0 10,000 0 0 0 10,000"
3.2,154,313,project,"207000 - Ministria e Kulturës, Rinisë dhe Sporteve",207103 - Trashëgimia Kulturore,"81500 - Mbrojtja, Ruajtja e Trashë gimisë Kulturore",0820,207103-2547413,19732,01.2025-10.2028,"Restaurimi I Hotel Jadrani, Mitrovicë",,,,,,,,,,,"0820 207103-2547413 19732 01.2025-10.2028 Restaurimi I Hotel Jadrani, Mitrovicë"
3.2,154,327,source,"207000 - Ministria e Kulturës, Rinisë dhe Sporteve",207103 - Trashëgimia Kulturore,"81500 - Mbrojtja, Ruajtja e Trashë gimisë Kulturore",0820,207103-2547413,19732,01.2025-10.2028,"Restaurimi I Hotel Jadrani, Mitrovicë",GQ,,0.0,100000.0,0.0,100000.0,200000.0,70000.0,0.0,370000.0,"GQ 0 100,000 0 100,000 200,000 70,000 0 370,000"
3.2,154,341,project,"207000 - Ministria e Kulturës, Rinisë dhe Sporteve",207103 - Trashëgimia Kulturore,"81500 - Mbrojtja, Ruajtja e Trashë gimisë Kulturore",0820,207103-2547431,19737,04.2025-01.2026,"Intervenime emergjente- Kulla e Haxhi Buleshkaj, Istog",,,,,,,,,,,"0820 207103-2547431 19737 04.2025-01.2026 Intervenime emergjente- Kulla e Haxhi Buleshkaj, Istog"
3.2,154,355,source,"207000 - Ministria e Kulturës, Rinisë dhe Sporteve",207103 - Trashëgimia Kulturore,"81500 - Mbrojtja, Ruajtja e Trashë gimisë Kulturore",0820,207103-2547431,19737,04.2025-01.2026,"Intervenime emergjente- Kulla e Haxhi Buleshkaj, Istog",GQ,,0.0,10930.0,0.0,10930.0,0.0,0.0,0.0,10930.0,"GQ 0 10,930 0 10,930 0 0 0 10,930"
3.2,154,369,project,"207000 - Ministria e Kulturës, Rinisë dhe Sporteve",207103 - Trashëgimia Kulturore,"81500 - Mbrojtja, Ruajtja e Trashë gimisë Kulturore",0820,207103-2547432,19738,04.2025-01.2026,"Intervenime emergjente- Kulla dhe Mulliri i Ali Bel Bicaj, Vrell-Istog",,,,,,,,,,,"0820 207103-2547432 19738 04.2025-01.2026 Intervenime emergjente- Kulla dhe Mulliri i Ali Bel Bicaj, Vrell-Istog"
3.2,154,383,source,"207000 - Ministria e Kulturës, Rinisë dhe Sporteve",207103 - Trashëgimia Kulturore,"81500 - Mbrojtja, Ruajtja e Trashë gimisë Kulturore",0820,207103-2547432,19738,04.2025-01.2026,"Intervenime emergjente- Kulla dhe Mulliri i Ali Bel Bicaj, Vrell-Istog",GQ,,0.0,4000.0,0.0,4000.0,0.0,0.0,0.0,4000.0,"GQ 0 4,000 0 4,000 0 0 0 4,000"
3.2,154,398,project,"207000 - Ministria e Kulturës, Rinisë dhe Sporteve",207103 - Trashëgimia Kulturore,"81500 - Mbrojtja, Ruajtja e Trashë gimisë Kulturore",0820,207103-2547434,19739,04.2025-01.2026,"Konservim dhe restaurim- Koshi i Fevzi Hoxhes, Cërnicë-Gjilan",,,,,,,,,,,"0820 207103-2547434 19739 04.2025-01.2026 Konservim dhe restaurim- Koshi i Fevzi Hoxhes, Cërnicë-Gjilan"
3.2,154,412,source,"207000 - Ministria e Kulturës, Rinisë dhe Sporteve",207103 - Trashëgimia Kulturore,"81500 - Mbrojtja, Ruajtja e Trashë gimisë Kulturore",0820,207103-2547434,19739,04.2025-01.2026,"Konservim dhe restaurim- Koshi i Fevzi Hoxhes, Cërnicë-Gjilan",GQ,,0.0,16000.0,0.0,16000.0,0.0,0.0,0.0,16000.0,"GQ 0 16,000 0 16,000 0 0 0 16,000"
3.2,154,426,project,"207000 - Ministria e Kulturës, Rinisë dhe Sporteve",207103 - Trashëgimia Kulturore,"81500 - Mbrojtja, Ruajtja e Trashë gimisë Kulturore",0820,207103-2547438,19740,04.2025-10.2028,"Intervenime emergjente- Shtëpia e Jelena Jakiçit, Gjakovë",,,,,,,,,,,"0820 207103-2547438 19740 04.2025-10.2028 Intervenime emergjente- Shtëpia e Jelena Jakiçit, Gjakovë"
3.2,154,440,source,"207000 - Ministria e Kulturës, Rinisë dhe Sporteve",207103 - Trashëgimia Kulturore,"81500 - Mbrojtja, Ruajtja e Trashë gimisë Kulturore",0820,207103-2547438,19740,04.2025-10.2028,"Intervenime emergjente- Shtëpia e Jelena Jakiçit, Gjakovë",GQ,,0.0,30070.0,0.0,30070.0,100000.0,100000.0,0.0,230070.0,"GQ 0 30,070 0 30,070 100,000 100,000 0 230,070"
3.2,154,454,project,"207000 - Ministria e Kulturës, Rinisë dhe Sporteve",207103 - Trashëgimia Kulturore,"81500 - Mbrojtja, Ruajtja e Trashë gimisë Kulturore",0820,207103-2547439,19741,03.2025-02.2026,"Intervenime emergjente- Mulliri i Babushit, Nerodime-Ferizaj",,,,,,,,,,,"0820 207103-2547439 19741 03.2025-02.2026 Intervenime emergjente- Mulliri i Babushit, Nerodime-Ferizaj"
3.2,154,469,source,"207000 - Ministria e Kulturës, Rinisë dhe Sporteve",207103 - Trashëgimia Kulturore,"81500 - Mbrojtja, Ruajtja e Trashë gimisë Kulturore",0820,207103-2547439,19741,03.2025-02.2026,"Intervenime emergjente- Mulliri i Babushit, Nerodime-Ferizaj",GQ,,0.0,86000.0,0.0,86000.0,0.0,0.0,0.0,86000.0,"GQ 0 86,000 0 86,000 0 0 0 86,000"
3.2,154,483,project,"207000 - Ministria e Kulturës, Rinisë dhe Sporteve",207103 - Trashëgimia Kulturore,"81500 - Mbrojtja, Ruajtja e Trashë gimisë Kulturore",0820,207103-2547440,19742,03.2025-01.2026,"Intervenime emergjente- Xhamia e Miftar Beçukut, Beçuk-Vushtri",,,,,,,,,,,"0820 207103-2547440 19742 03.2025-01.2026 Intervenime emergjente- Xhamia e Miftar Beçukut, Beçuk-Vushtri"
3.2,154,497,source,"207000 - Ministria e Kulturës, Rinisë dhe Sporteve",207103 - Trashëgimia Kulturore,"81500 - Mbrojtja, Ruajtja e Trashë gimisë Kulturore",0820,207103-2547440,19742,03.2025-01.2026,"Intervenime emergjente- Xhamia e Miftar Beçukut, Beçuk-Vushtri",GQ,,0.0,30000.0,0.0,30000.0,0.0,0.0,0.0,30000.0,"GQ 0 30,000 0 30,000 0 0 0 30,000"
3.2,155,171,project,"207000 - Ministria e Kulturës, Rinisë dhe Sporteve",207103 - Trashëgimia Kulturore,"81500 - Mbrojtja, Ruajtja e Trashë gimisë Kulturore",0820,207103-2547441,19743,03.2025-01.2026,"Intervenime emergjente- Mulliri në Biçec, Biçec-Kaçanik",,,,,,,,,,,"0820 207103-2547441 19743 03.2025-01.2026 Intervenime emergjente- Mulliri në Biçec, Biçec-Kaçanik"
3.2,155,185,source,"207000 - Ministria e Kulturës, Rinisë dhe Sporteve",207103 - Trashëgimia Kulturore,"81500 - Mbrojtja, Ruajtja e Trashë gimisë Kulturore",0820,207103-2547441,19743,03.2025-01.2026,"Intervenime emergjente- Mulliri në Biçec, Biçec-Kaçanik",GQ,,0.0,28700.0,0.0,28700.0,0.0,0.0,0.0,28700.0,"GQ 0 28,700 0 28,700 0 0 0 28,700"
3.2,155,199,project,"207000 - Ministria e Kulturës, Rinisë dhe Sporteve",207103 - Trashëgimia Kulturore,"81500 - Mbrojtja, Ruajtja e Trashë gimisë Kulturore",0820,207103-2647744,20682,02.2026-12.2026,Infrasstruktura Dixhitale për Menaxhimin e Trashegimise Kulturore,,,,,,,,,,,0820 207103-2647744 20682 02.2026-12.2026 Infrasstruktura Dixhitale për Menaxhimin e Trashegimise Kulturore
3.2,155,213,source,"207000 - Ministria e Kulturës, Rinisë dhe Sporteve",207103 - Trashëgimia Kulturore,"81500 - Mbrojtja, Ruajtja e Trashë gimisë Kulturore",0820,207103-2647744,20682,02.2026-12.2026,Infrasstruktura Dixhitale për Menaxhimin e Trashegimise Kulturore,GQ,,0.0,0.0,120000.0,120000.0,0.0,0.0,0.0,120000.0,"GQ 0 0 120,000 120,000 0 0 0 120,000"
3.2,155,228,project,"207000 - Ministria e Kulturës, Rinisë dhe Sporteve",207103 - Trashëgimia Kulturore,"81500 - Mbrojtja, Ruajtja e Trashë gimisë Kulturore",0820,207103-2647746,20684,01.2026-11.2027,"Ndërhyrje Restauruese, Fasadë, Dritare ? Gjimnazi Sami Frashëri",,,,,,,,,,,"0820 207103-2647746 20684 01.2026-11.2027 Ndërhyrje Restauruese, Fasadë, Dritare ? Gjimnazi Sami Frashëri"
3.2,155,242,source,"207000 - Ministria e Kulturës, Rinisë dhe Sporteve",207103 - Trashëgimia Kulturore,"81500 - Mbrojtja, Ruajtja e Trashë gimisë Kulturore",0820,207103-2647746,20684,01.2026-11.2027,"Ndërhyrje Restauruese, Fasadë, Dritare ? Gjimnazi Sami Frashëri",GQ,,0.0,0.0,200000.0,200000.0,100000.0,0.0,0.0,300000.0,"GQ 0 0 200,000 200,000 100,000 0 0 300,000"
3.2,155,256,subtotal,"207000 - Ministria e Kulturës, Rinisë dhe Sporteve",207103 - Trashëgimia Kulturore,"81500 - Mbrojtja, Ruajtja e Trashë gimisë Kulturore",,,,,"Totali( GQ ) - Mbrojtja, Ruajtja e Trashë gimisë Kulturore",GQ,,18778726.0,11306700.0,1563000.0,12869700.0,11880000.0,8530000.0,0.0,52058426.0,"Totali( GQ ) - Mbrojtja, Ruajtja e Trashë gimisë Kulturore 18,778,726 11,306,700 1,563,000 12,869,700 11,880,000 8,530,000 0 52,058,426"
3.2,155,270,subtotal,"207000 - Ministria e Kulturës, Rinisë dhe Sporteve",207103 - Trashëgimia Kulturore,"81500 - Mbrojtja, Ruajtja e Trashë gimisë Kulturore",,,,,"Totali - Mbrojtja, Ruajtja e Trashë gimisë Kulturore",,,18778726.0,11306700.0,1563000.0,12869700.0,11880000.0,8530000.0,0.0,52058426.0,"Totali - Mbrojtja, Ruajtja e Trashë gimisë Kulturore 18,778,726 11,306,700 1,563,000 12,869,700 11,880,000 8,530,000 0 52,058,426"
3.2,155,284,subtotal,"207000 - Ministria e Kulturës, Rinisë dhe Sporteve",207103 - Trashëgimia Kulturore,"81500 - Mbrojtja, Ruajtja e Trashë gimisë Kulturore",,,,,Totali ( GQ ) - Trashëgimia Kulturore,GQ,,18778726.0,11306700.0,1563000.0,12869700.0,11880000.0,8530000.0,0.0,52058426.0,"Totali ( GQ ) - Trashëgimia Kulturore 18,778,726 11,306,700 1,563,000 12,869,700 11,880,000 8,530,000 0 52,058,426"
3.2,155,298,subtotal,"207000 - Ministria e Kulturës, Rinisë dhe Sporteve",207103 - Trashëgimia Kulturore,"81500 - Mbrojtja, Ruajtja e Trashë gimisë Kulturore",,,,,Totali - Trashëgimia Kulturore,,,18778726.0,11306700.0,1563000.0,12869700.0,11880000.0,8530000.0,0.0,52058426.0,"Totali - Trashëgimia Kulturore 18,778,726 11,306,700 1,563,000 12,869,700 11,880,000 8,530,000 0 52,058,426"
3.2,155,341,project,"207000 - Ministria e Kulturës, Rinisë dhe Sporteve",207105 - Agjencia Shtetërore e Arkivave e Kosovës,12500 - Agjencia Shtetë rore e Arkivave e Kosovë s,0820,104014-1213821,15501,08.2019-11.2028,Renovimi i Nderteses se Arkivit Shteteror te Kosoves,,,,,,,,,,,0820 104014-1213821 15501 08.2019-11.2028 Renovimi i Nderteses se Arkivit Shteteror te Kosoves
3.2,155,355,source,"207000 - Ministria e Kulturës, Rinisë dhe Sporteve",207105 - Agjencia Shtetërore e Arkivave e Kosovës,12500 - Agjencia Shtetë rore e Arkivave e Kosovë s,0820,104014-1213821,15501,08.2019-11.2028,Renovimi i Nderteses se Arkivit Shteteror te Kosoves,GQ,,834759.0,300000.0,0.0,300000.0,200000.0,200000.0,0.0,1534759.0,"GQ 834,759 300,000 0 300,000 200,000 200,000 0 1,534,759"
3.2,155,369,project,"207000 - Ministria e Kulturës, Rinisë dhe Sporteve",207105 - Agjencia Shtetërore e Arkivave e Kosovës,12500 - Agjencia Shtetë rore e Arkivave e Kosovë s,0133,104014-1728248,15921,08.2020-11.2028,Digjitalizimi i pasurisë arkivore,,,,,,,,,,,0133 104014-1728248 15921 08.2020-11.2028 Digjitalizimi i pasurisë arkivore
3.2,155,383,source,"207000 - Ministria e Kulturës, Rinisë dhe Sporteve",207105 - Agjencia Shtetërore e Arkivave e Kosovës,12500 - Agjencia Shtetë rore e Arkivave e Kosovë s,0133,104014-1728248,15921,08.2020-11.2028,Digjitalizimi i pasurisë arkivore,GQ,,565275.0,200000.0,0.0,200000.0,200000.0,200000.0,0.0,1165275.0,"GQ 565,275 200,000 0 200,000 200,000 200,000 0 1,165,275"
3.2,155,398,project,"207000 - Ministria e Kulturës, Rinisë dhe Sporteve",207105 - Agjencia Shtetërore e Arkivave e Kosovës,12500 - Agjencia Shtetë rore e Arkivave e Kosovë s,0133,207105-2341399,19135,08.2022-12.2028,Ndërtimi i objektit të Arkivit Ndërkomunal Gjilan.,,,,,,,,,,,0133 207105-2341399 19135 08.2022-12.2028 Ndërtimi i objektit të Arkivit Ndërkomunal Gjilan.
3.2,155,412,source,"207000 - Ministria e Kulturës, Rinisë dhe Sporteve",207105 - Agjencia Shtetërore e Arkivave e Kosovës,12500 - Agjencia Shtetë rore e Arkivave e Kosovë s,0133,207105-2341399,19135,08.2022-12.2028,Ndërtimi i objektit të Arkivit Ndërkomunal Gjilan.,GQ,,97900.0,400000.0,0.0,400000.0,600000.0,600000.0,0.0,1697900.0,"GQ 97,900 400,000 0 400,000 600,000 600,000 0 1,697,900"
3.2,155,426,project,"207000 - Ministria e Kulturës, Rinisë dhe Sporteve",207105 - Agjencia Shtetërore e Arkivave e Kosovës,12500 - Agjencia Shtetë rore e Arkivave e Kosovë s,0133,207105-2341443,19163,11.2023-12.2028,Ndërtimi i objektit të Arkivit Ndërkomunal Mitrovicë,,,,,,,,,,,0133 207105-2341443 19163 11.2023-12.2028 Ndërtimi i objektit të Arkivit Ndërkomunal Mitrovicë
3.2,155,440,source,"207000 - Ministria e Kulturës, Rinisë dhe Sporteve",207105 - Agjencia Shtetërore e Arkivave e Kosovës,12500 - Agjencia Shtetë rore e Arkivave e Kosovë s,0133,207105-2341443,19163,11.2023-12.2028,Ndërtimi i objektit të Arkivit Ndërkomunal Mitrovicë,GQ,,0.0,300000.0,0.0,300000.0,600000.0,600000.0,0.0,1500000.0,"GQ 0 300,000 0 300,000 600,000 600,000 0 1,500,000"
3.2,155,454,subtotal,"207000 - Ministria e Kulturës, Rinisë dhe Sporteve",207105 - Agjencia Shtetërore e Arkivave e Kosovës,12500 - Agjencia Shtetë rore e Arkivave e Kosovë s,,,,,Totali( GQ ) - Agjencia Shtetë rore e Arkivave e Kosovë s,GQ,,1497934.0,1200000.0,0.0,1200000.0,1600000.0,1600000.0,0.0,5897934.0,"Totali( GQ ) - Agjencia Shtetë rore e Arkivave e Kosovë s 1,497,934 1,200,000 0 1,200,000 1,600,000 1,600,000 0 5,897,934"
3.2,155,469,subtotal,"207000 - Ministria e Kulturës, Rinisë dhe Sporteve",207105 - Agjencia Shtetërore e Arkivave e Kosovës,12500 - Agjencia Shtetë rore e Arkivave e Kosovë s,,,,,Totali - Agjencia Shtetë rore e Arkivave e Kosovë s,,,1497934.0,1200000.0,0.0,1200000.0,1600000.0,1600000.0,0.0,5897934.0,"Totali - Agjencia Shtetë rore e Arkivave e Kosovë s 1,497,934 1,200,000 0 1,200,000 1,600,000 1,600,000 0 5,897,934"
3.2,155,483,subtotal,"207000 - Ministria e Kulturës, Rinisë dhe Sporteve",207105 - Agjencia Shtetërore e Arkivave e Kosovës,12500 - Agjencia Shtetë rore e Arkivave e Kosovë s,,,,,Totali ( GQ ) - Agjencia Shtetërore e Arkivave e Kosovës,GQ,,1497934.0,1200000.0,0.0,1200000.0,1600000.0,1600000.0,0.0,5897934.0,"Totali ( GQ ) - Agjencia Shtetërore e Arkivave e Kosovës 1,497,934 1,200,000 0 1,200,000 1,600,000 1,600,000 0 5,897,934"
3.2,155,497,subtotal,"207000 - Ministria e Kulturës, Rinisë dhe Sporteve",207105 - Agjencia Shtetërore e Arkivave e Kosovës,12500 - Agjencia Shtetë rore e Arkivave e Kosovë s,,,,,Totali - Agjencia Shtetërore e Arkivave e Kosovës,,,1497934.0,1200000.0,0.0,1200000.0,1600000.0,1600000.0,0.0,5897934.0,"Totali - Agjencia Shtetërore e Arkivave e Kosovës 1,497,934 1,200,000 0 1,200,000 1,600,000 1,600,000 0 5,897,934"
3.2,156,199,project,"207000 - Ministria e Kulturës, Rinisë dhe Sporteve",207106 - Agjencioni për Menaxhimin e Komplekseve Memoriale të Kosovës,27900 - Agjencioni për Menaxhimin e Komplekseve Memoriale të Kosovës,0820,207106-2343551,19178,03.2023-12.2025,Shtatorja e Rifat Mziut - Skenderaj,,,,,,,,,,,0820 207106-2343551 19178 03.2023-12.2025 Shtatorja e Rifat Mziut - Skenderaj
3.2,156,213,source,"207000 - Ministria e Kulturës, Rinisë dhe Sporteve",207106 - Agjencioni për Menaxhimin e Komplekseve Memoriale të Kosovës,27900 - Agjencioni për Menaxhimin e Komplekseve Memoriale të Kosovës,0820,207106-2343551,19178,03.2023-12.2025,Shtatorja e Rifat Mziut - Skenderaj,GQ,,60000.0,10000.0,0.0,10000.0,0.0,0.0,0.0,70000.0,"GQ 60,000 10,000 0 10,000 0 0 0 70,000"
3.2,156,228,project,"207000 - Ministria e Kulturës, Rinisë dhe Sporteve",207106 - Agjencioni për Menaxhimin e Komplekseve Memoriale të Kosovës,27900 - Agjencioni për Menaxhimin e Komplekseve Memoriale të Kosovës,0820,207106-2343552,19179,04.2023-11.2025,Ngritja e Shtabit të Ranzës - Shtime,,,,,,,,,,,0820 207106-2343552 19179 04.2023-11.2025 Ngritja e Shtabit të Ranzës - Shtime
3.2,156,242,source,"207000 - Ministria e Kulturës, Rinisë dhe Sporteve",207106 - Agjencioni për Menaxhimin e Komplekseve Memoriale të Kosovës,27900 - Agjencioni për Menaxhimin e Komplekseve Memoriale të Kosovës,0820,207106-2343552,19179,04.2023-11.2025,Ngritja e Shtabit të Ranzës - Shtime,GQ,,75060.0,50000.0,0.0,50000.0,20000.0,0.0,0.0,145060.0,"GQ 75,060 50,000 0 50,000 20,000 0 0 145,060"
3.2,156,256,project,"207000 - Ministria e Kulturës, Rinisë dhe Sporteve",207106 - Agjencioni për Menaxhimin e Komplekseve Memoriale të Kosovës,27900 - Agjencioni për Menaxhimin e Komplekseve Memoriale të Kosovës,0820,207106-2343558,19181,04.2023-10.2024,Ndertimi i memorialit te Deshmoreve te Brigades 136 Rugova ne Pepaj - Rugove,,,,,,,,,,,0820 207106-2343558 19181 04.2023-10.2024 Ndertimi i memorialit te Deshmoreve te Brigades 136 Rugova ne Pepaj - Rugove
3.2,156,270,source,"207000 - Ministria e Kulturës, Rinisë dhe Sporteve",207106 - Agjencioni për Menaxhimin e Komplekseve Memoriale të Kosovës,27900 - Agjencioni për Menaxhimin e Komplekseve Memoriale të Kosovës,0820,207106-2343558,19181,04.2023-10.2024,Ndertimi i memorialit te Deshmoreve te Brigades 136 Rugova ne Pepaj - Rugove,GQ,,15055.0,50000.0,0.0,50000.0,10000.0,0.0,0.0,75055.0,"GQ 15,055 50,000 0 50,000 10,000 0 0 75,055"
3.2,156,284,project,"207000 - Ministria e Kulturës, Rinisë dhe Sporteve",207106 - Agjencioni për Menaxhimin e Komplekseve Memoriale të Kosovës,27900 - Agjencioni për Menaxhimin e Komplekseve Memoriale të Kosovës,0474,207106-2445508,20613,05.2024-12.2028,Rregullimi i Hapesirave te Varrezave te Deshmoreve dhe Veteraneve ne Komunen e Shtime,,,,,,,,,,,0474 207106-2445508 20613 05.2024-12.2028 Rregullimi i Hapesirave te Varrezave te Deshmoreve dhe Veteraneve ne Komunen e Shtime
3.2,156,298,source,"207000 - Ministria e Kulturës, Rinisë dhe Sporteve",207106 - Agjencioni për Menaxhimin e Komplekseve Memoriale të Kosovës,27900 - Agjencioni për Menaxhimin e Komplekseve Memoriale të Kosovës,0474,207106-2445508,20613,05.2024-12.2028,Rregullimi i Hapesirave te Varrezave te Deshmoreve dhe Veteraneve ne Komunen e Shtime,GQ,,0.0,0.0,50000.0,50000.0,0.0,0.0,0.0,50000.0,"GQ 0 0 50,000 50,000 0 0 0 50,000"
3.2,156,313,project,"207000 - Ministria e Kulturës, Rinisë dhe Sporteve",207106 - Agjencioni për Menaxhimin e Komplekseve Memoriale të Kosovës,27900 - Agjencioni për Menaxhimin e Komplekseve Memoriale të Kosovës,0474,207106-2445511,20615,06.2024-11.2026,Kompleksi Memorial ne Gradishe Xerxe - Rahovec,,,,,,,,,,,0474 207106-2445511 20615 06.2024-11.2026 Kompleksi Memorial ne Gradishe Xerxe - Rahovec
3.2,156,327,source,"207000 - Ministria e Kulturës, Rinisë dhe Sporteve",207106 - Agjencioni për Menaxhimin e Komplekseve Memoriale të Kosovës,27900 - Agjencioni për Menaxhimin e Komplekseve Memoriale të Kosovës,0474,207106-2445511,20615,06.2024-11.2026,Kompleksi Memorial ne Gradishe Xerxe - Rahovec,GQ,,0.0,0.0,5000.0,5000.0,0.0,0.0,0.0,5000.0,"GQ 0 0 5,000 5,000 0 0 0 5,000"
3.2,156,341,project,"207000 - Ministria e Kulturës, Rinisë dhe Sporteve",207106 - Agjencioni për Menaxhimin e Komplekseve Memoriale të Kosovës,27900 - Agjencioni për Menaxhimin e Komplekseve Memoriale të Kosovës,0860,207106-2545998,20617,06.2025-09.2025,Ndërtimi i shtatoreve të Vëllezërve Gërvalla dhe Kadri Zeka,,,,,,,,,,,0860 207106-2545998 20617 06.2025-09.2025 Ndërtimi i shtatoreve të Vëllezërve Gërvalla dhe Kadri Zeka
3.2,156,355,source,"207000 - Ministria e Kulturës, Rinisë dhe Sporteve",207106 - Agjencioni për Menaxhimin e Komplekseve Memoriale të Kosovës,27900 - Agjencioni për Menaxhimin e Komplekseve Memoriale të Kosovës,0860,207106-2545998,20617,06.2025-09.2025,Ndërtimi i shtatoreve të Vëllezërve Gërvalla dhe Kadri Zeka,GQ,,0.0,0.0,180000.0,180000.0,0.0,0.0,0.0,180000.0,"GQ 0 0 180,000 180,000 0 0 0 180,000"
3.2,156,369,project,"207000 - Ministria e Kulturës, Rinisë dhe Sporteve",207106 - Agjencioni për Menaxhimin e Komplekseve Memoriale të Kosovës,27900 - Agjencioni për Menaxhimin e Komplekseve Memoriale të Kosovës,0820,207106-2547392,19713,02.2025-12.2028,"Renovimi i varrezave të dëshmorëve në rajonin e Prishtinës, Mitrovicës, Gjilanit, Ferizajit, Prizrenit, Pejës, Gjakovës",,,,,,,,,,,"0820 207106-2547392 19713 02.2025-12.2028 Renovimi i varrezave të dëshmorëve në rajonin e Prishtinës, Mitrovicës, Gjilanit, Ferizajit, Prizrenit, Pejës, Gjakovës"
3.2,156,383,source,"207000 - Ministria e Kulturës, Rinisë dhe Sporteve",207106 - Agjencioni për Menaxhimin e Komplekseve Memoriale të Kosovës,27900 - Agjencioni për Menaxhimin e Komplekseve Memoriale të Kosovës,0820,207106-2547392,19713,02.2025-12.2028,"Renovimi i varrezave të dëshmorëve në rajonin e Prishtinës, Mitrovicës, Gjilanit, Ferizajit, Prizrenit, Pejës, Gjakovës",GQ,,104122.0,0.0,500000.0,500000.0,150000.0,50000.0,0.0,804122.0,"GQ 104,122 0 500,000 500,000 150,000 50,000 0 804,122"
3.2,156,398,project,"207000 - Ministria e Kulturës, Rinisë dhe Sporteve",207106 - Agjencioni për Menaxhimin e Komplekseve Memoriale të Kosovës,27900 - Agjencioni për Menaxhimin e Komplekseve Memoriale të Kosovës,0820,207106-2647676,20657,06.2026-12.2028,Memorializimi i Institucioneve Paralele te Viteve 90,,,,,,,,,,,0820 207106-2647676 20657 06.2026-12.2028 Memorializimi i Institucioneve Paralele te Viteve 90
3.2,156,412,source,"207000 - Ministria e Kulturës, Rinisë dhe Sporteve",207106 - Agjencioni për Menaxhimin e Komplekseve Memoriale të Kosovës,27900 - Agjencioni për Menaxhimin e Komplekseve Memoriale të Kosovës,0820,207106-2647676,20657,06.2026-12.2028,Memorializimi i Institucioneve Paralele te Viteve 90,GQ,,0.0,0.0,20000.0,20000.0,10000.0,20000.0,0.0,50000.0,"GQ 0 0 20,000 20,000 10,000 20,000 0 50,000"
3.2,156,426,project,"207000 - Ministria e Kulturës, Rinisë dhe Sporteve",207106 - Agjencioni për Menaxhimin e Komplekseve Memoriale të Kosovës,27900 - Agjencioni për Menaxhimin e Komplekseve Memoriale të Kosovës,0820,207106-2647677,20658,06.2026-12.2028,Memoriali per Viktimat e Helmimeve te Viteve 90,,,,,,,,,,,0820 207106-2647677 20658 06.2026-12.2028 Memoriali per Viktimat e Helmimeve te Viteve 90
3.2,156,440,source,"207000 - Ministria e Kulturës, Rinisë dhe Sporteve",207106 - Agjencioni për Menaxhimin e Komplekseve Memoriale të Kosovës,27900 - Agjencioni për Menaxhimin e Komplekseve Memoriale të Kosovës,0820,207106-2647677,20658,06.2026-12.2028,Memoriali per Viktimat e Helmimeve te Viteve 90,GQ,,0.0,0.0,20000.0,20000.0,10000.0,10000.0,0.0,40000.0,"GQ 0 0 20,000 20,000 10,000 10,000 0 40,000"
3.2,156,454,project,"207000 - Ministria e Kulturës, Rinisë dhe Sporteve",207106 - Agjencioni për Menaxhimin e Komplekseve Memoriale të Kosovës,27900 - Agjencioni për Menaxhimin e Komplekseve Memoriale të Kosovës,0820,253010-1320999,13851,10.2019-12.2027,"Kompleksi memorial ,,Adem Jashari "" Perkaz- Skenderaj",,,,,,,,,,,"0820 253010-1320999 13851 10.2019-12.2027 Kompleksi memorial ,,Adem Jashari "" Perkaz- Skenderaj"
3.2,156,469,source,"207000 - Ministria e Kulturës, Rinisë dhe Sporteve",207106 - Agjencioni për Menaxhimin e Komplekseve Memoriale të Kosovës,27900 - Agjencioni për Menaxhimin e Komplekseve Memoriale të Kosovës,0820,253010-1320999,13851,10.2019-12.2027,"Kompleksi memorial ,,Adem Jashari "" Perkaz- Skenderaj",GQ,,3769187.0,2020000.0,0.0,2020000.0,3875000.0,4765000.0,0.0,14429187.0,"GQ 3,769,187 2,020,000 0 2,020,000 3,875,000 4,765,000 0 14,429,187"
3.2,156,483,project,"207000 - Ministria e Kulturës, Rinisë dhe Sporteve",207106 - Agjencioni për Menaxhimin e Komplekseve Memoriale të Kosovës,27900 - Agjencioni për Menaxhimin e Komplekseve Memoriale të Kosovës,0820,253040-1525682,14362,02.2015-08.2027,Vazhdimi i punimeve ne kompleksin memorial Beteja e Koshares,,,,,,,,,,,0820 253040-1525682 14362 02.2015-08.2027 Vazhdimi i punimeve ne kompleksin memorial Beteja e Koshares
3.2,156,497,source,"207000 - Ministria e Kulturës, Rinisë dhe Sporteve",207106 - Agjencioni për Menaxhimin e Komplekseve Memoriale të Kosovës,27900 - Agjencioni për Menaxhimin e Komplekseve Memoriale të Kosovës,0820,253040-1525682,14362,02.2015-08.2027,Vazhdimi i punimeve ne kompleksin memorial Beteja e Koshares,GQ,,3057881.0,50000.0,0.0,50000.0,50000.0,20000.0,0.0,3177881.0,"GQ 3,057,881 50,000 0 50,000 50,000 20,000 0 3,177,881"
3.2,157,171,project,"207000 - Ministria e Kulturës, Rinisë dhe Sporteve",207106 - Agjencioni për Menaxhimin e Komplekseve Memoriale të Kosovës,27900 - Agjencioni për Menaxhimin e Komplekseve Memoriale të Kosovës,0820,253040-1525683,14363,02.2015-12.2028,Memoriali i Deshmoreve te UCK-se ne Penuhë,,,,,,,,,,,0820 253040-1525683 14363 02.2015-12.2028 Memoriali i Deshmoreve te UCK-se ne Penuhë
3.2,157,185,source,"207000 - Ministria e Kulturës, Rinisë dhe Sporteve",207106 - Agjencioni për Menaxhimin e Komplekseve Memoriale të Kosovës,27900 - Agjencioni për Menaxhimin e Komplekseve Memoriale të Kosovës,0820,253040-1525683,14363,02.2015-12.2028,Memoriali i Deshmoreve te UCK-se ne Penuhë,GQ,,1691031.0,5000.0,0.0,5000.0,5000.0,5000.0,0.0,1706031.0,"GQ 1,691,031 5,000 0 5,000 5,000 5,000 0 1,706,031"
3.2,157,199,project,"207000 - Ministria e Kulturës, Rinisë dhe Sporteve",207106 - Agjencioni për Menaxhimin e Komplekseve Memoriale të Kosovës,27900 - Agjencioni për Menaxhimin e Komplekseve Memoriale të Kosovës,0820,253040-1625753,14645,01.2016-11.2028,"Kompleksi Memorial ""Masakra e Raçakut "" Raçak  - Shtime",,,,,,,,,,,"0820 253040-1625753 14645 01.2016-11.2028 Kompleksi Memorial ""Masakra e Raçakut "" Raçak - Shtime"
3.2,157,213,source,"207000 - Ministria e Kulturës, Rinisë dhe Sporteve",207106 - Agjencioni për Menaxhimin e Komplekseve Memoriale të Kosovës,27900 - Agjencioni për Menaxhimin e Komplekseve Memoriale të Kosovës,0820,253040-1625753,14645,01.2016-11.2028,"Kompleksi Memorial ""Masakra e Raçakut "" Raçak  - Shtime",GQ,,1003035.0,435000.0,0.0,435000.0,200000.0,20000.0,0.0,1658035.0,"GQ 1,003,035 435,000 0 435,000 200,000 20,000 0 1,658,035"
3.2,157,228,project,"207000 - Ministria e Kulturës, Rinisë dhe Sporteve",207106 - Agjencioni për Menaxhimin e Komplekseve Memoriale të Kosovës,27900 - Agjencioni për Menaxhimin e Komplekseve Memoriale të Kosovës,0820,253040-1625756,14647,01.2016-12.2028,"Kompleksi Memorial ""Varrezat e Dëshmorëve të UÇK-së"" Marinë Skenderaj Faza e tretë",,,,,,,,,,,"0820 253040-1625756 14647 01.2016-12.2028 Kompleksi Memorial ""Varrezat e Dëshmorëve të UÇK-së"" Marinë Skenderaj Faza e tretë"
3.2,157,242,source,"207000 - Ministria e Kulturës, Rinisë dhe Sporteve",207106 - Agjencioni për Menaxhimin e Komplekseve Memoriale të Kosovës,27900 - Agjencioni për Menaxhimin e Komplekseve Memoriale të Kosovës,0820,253040-1625756,14647,01.2016-12.2028,"Kompleksi Memorial ""Varrezat e Dëshmorëve të UÇK-së"" Marinë Skenderaj Faza e tretë",GQ,,983467.0,5000.0,0.0,5000.0,5000.0,5000.0,0.0,998467.0,"GQ 983,467 5,000 0 5,000 5,000 5,000 0 998,467"
3.2,157,256,project,"207000 - Ministria e Kulturës, Rinisë dhe Sporteve",207106 - Agjencioni për Menaxhimin e Komplekseve Memoriale të Kosovës,27900 - Agjencioni për Menaxhimin e Komplekseve Memoriale të Kosovës,0820,253040-1625762,14649,01.2016-12.2028,"Kompleksi Memorial ZIV ""Shtabi i Përgjithshëm i UÇK-së Kleçkë dhe Divjakë"" Malet e Berishës",,,,,,,,,,,"0820 253040-1625762 14649 01.2016-12.2028 Kompleksi Memorial ZIV ""Shtabi i Përgjithshëm i UÇK-së Kleçkë dhe Divjakë"" Malet e Berishës"
3.2,157,270,source,"207000 - Ministria e Kulturës, Rinisë dhe Sporteve",207106 - Agjencioni për Menaxhimin e Komplekseve Memoriale të Kosovës,27900 - Agjencioni për Menaxhimin e Komplekseve Memoriale të Kosovës,0820,253040-1625762,14649,01.2016-12.2028,"Kompleksi Memorial ZIV ""Shtabi i Përgjithshëm i UÇK-së Kleçkë dhe Divjakë"" Malet e Berishës",GQ,,2355653.0,300000.0,0.0,300000.0,300000.0,100000.0,0.0,3055653.0,"GQ 2,355,653 300,000 0 300,000 300,000 100,000 0 3,055,653"
3.2,157,284,project,"207000 - Ministria e Kulturës, Rinisë dhe Sporteve",207106 - Agjencioni për Menaxhimin e Komplekseve Memoriale të Kosovës,27900 - Agjencioni për Menaxhimin e Komplekseve Memoriale të Kosovës,0820,253040-1625763,14650,01.2016-12.2027,"Kompleksi Memorial Ish Presidentit ""Dr. Ibrahim Rugova"" Velani Prishtinë",,,,,,,,,,,"0820 253040-1625763 14650 01.2016-12.2027 Kompleksi Memorial Ish Presidentit ""Dr. Ibrahim Rugova"" Velani Prishtinë"
3.2,157,298,source,"207000 - Ministria e Kulturës, Rinisë dhe Sporteve",207106 - Agjencioni për Menaxhimin e Komplekseve Memoriale të Kosovës,27900 - Agjencioni për Menaxhimin e Komplekseve Memoriale të Kosovës,0820,253040-1625763,14650,01.2016-12.2027,"Kompleksi Memorial Ish Presidentit ""Dr. Ibrahim Rugova"" Velani Prishtinë",GQ,,49348.0,200000.0,0.0,200000.0,100000.0,100000.0,0.0,449348.0,"GQ 49,348 200,000 0 200,000 100,000 100,000 0 449,348"
3.2,157,313,project,"207000 - Ministria e Kulturës, Rinisë dhe Sporteve",207106 - Agjencioni për Menaxhimin e Komplekseve Memoriale të Kosovës,27900 - Agjencioni për Menaxhimin e Komplekseve Memoriale të Kosovës,0820,253040-1625764,14651,01.2016-12.2028,Kompleksi Memorial,,,,,,,,,,,0820 253040-1625764 14651 01.2016-12.2028 Kompleksi Memorial
3.2,157,327,source,"207000 - Ministria e Kulturës, Rinisë dhe Sporteve",207106 - Agjencioni për Menaxhimin e Komplekseve Memoriale të Kosovës,27900 - Agjencioni për Menaxhimin e Komplekseve Memoriale të Kosovës,0820,253040-1625764,14651,01.2016-12.2028,Kompleksi Memorial,GQ,,329258.0,150000.0,0.0,150000.0,20000.0,0.0,0.0,499258.0,"GQ 329,258 150,000 0 150,000 20,000 0 0 499,258"
3.2,157,341,project,"207000 - Ministria e Kulturës, Rinisë dhe Sporteve",207106 - Agjencioni për Menaxhimin e Komplekseve Memoriale të Kosovës,27900 - Agjencioni për Menaxhimin e Komplekseve Memoriale të Kosovës,0820,253040-1625767,14652,01.2016-10.2025,"Kompleksi Memorial "" Shtabi i Pergjithshem i UÇK-se - Zona Operative e Dukagjinit""  Gllogjan - Deçan",,,,,,,,,,,"0820 253040-1625767 14652 01.2016-10.2025 Kompleksi Memorial "" Shtabi i Pergjithshem i UÇK-se - Zona Operative e Dukagjinit"" Gllogjan - Deçan"
3.2,157,355,source,"207000 - Ministria e Kulturës, Rinisë dhe Sporteve",207106 - Agjencioni për Menaxhimin e Komplekseve Memoriale të Kosovës,27900 - Agjencioni për Menaxhimin e Komplekseve Memoriale të Kosovës,0820,253040-1625767,14652,01.2016-10.2025,"Kompleksi Memorial "" Shtabi i Pergjithshem i UÇK-se - Zona Operative e Dukagjinit""  Gllogjan - Deçan",GQ,,3050364.0,750000.0,0.0,750000.0,300000.0,200000.0,0.0,4300364.0,"GQ 3,050,364 750,000 0 750,000 300,000 200,000 0 4,300,364"
3.2,157,369,project,"207000 - Ministria e Kulturës, Rinisë dhe Sporteve",207106 - Agjencioni për Menaxhimin e Komplekseve Memoriale të Kosovës,27900 - Agjencioni për Menaxhimin e Komplekseve Memoriale të Kosovës,0820,253040-1625769,14653,01.2016-11.2028,"Kompleksi Memorial ""Shtabi dhe Varrrezat e Dëshmorëve të i UÇK-se"" Shqiponjë Gjakovë",,,,,,,,,,,"0820 253040-1625769 14653 01.2016-11.2028 Kompleksi Memorial ""Shtabi dhe Varrrezat e Dëshmorëve të i UÇK-se"" Shqiponjë Gjakovë"
3.2,157,383,source,"207000 - Ministria e Kulturës, Rinisë dhe Sporteve",207106 - Agjencioni për Menaxhimin e Komplekseve Memoriale të Kosovës,27900 - Agjencioni për Menaxhimin e Komplekseve Memoriale të Kosovës,0820,253040-1625769,14653,01.2016-11.2028,"Kompleksi Memorial ""Shtabi dhe Varrrezat e Dëshmorëve të i UÇK-se"" Shqiponjë Gjakovë",GQ,,274680.0,10000.0,0.0,10000.0,10000.0,10000.0,0.0,304680.0,"GQ 274,680 10,000 0 10,000 10,000 10,000 0 304,680"
3.2,157,398,project,"207000 - Ministria e Kulturës, Rinisë dhe Sporteve",207106 - Agjencioni për Menaxhimin e Komplekseve Memoriale të Kosovës,27900 - Agjencioni për Menaxhimin e Komplekseve Memoriale të Kosovës,0820,253040-1625777,14656,02.2016-12.2028,"Kompleksi Memorial ""Deshmoret e Kombit"" Vrellë Istog",,,,,,,,,,,"0820 253040-1625777 14656 02.2016-12.2028 Kompleksi Memorial ""Deshmoret e Kombit"" Vrellë Istog"
3.2,157,412,source,"207000 - Ministria e Kulturës, Rinisë dhe Sporteve",207106 - Agjencioni për Menaxhimin e Komplekseve Memoriale të Kosovës,27900 - Agjencioni për Menaxhimin e Komplekseve Memoriale të Kosovës,0820,253040-1625777,14656,02.2016-12.2028,"Kompleksi Memorial ""Deshmoret e Kombit"" Vrellë Istog",GQ,,882004.0,150000.0,0.0,150000.0,100000.0,20000.0,0.0,1152004.0,"GQ 882,004 150,000 0 150,000 100,000 20,000 0 1,152,004"
3.2,157,426,project,"207000 - Ministria e Kulturës, Rinisë dhe Sporteve",207106 - Agjencioni për Menaxhimin e Komplekseve Memoriale të Kosovës,27900 - Agjencioni për Menaxhimin e Komplekseve Memoriale të Kosovës,0820,253040-1625841,14657,02.2020-12.2028,Projekri per Intervenime Emergjente ne Komplekse dhe Memoriale Vareza të Deshmoreve dhe Martirve - Kosovë,,,,,,,,,,,0820 253040-1625841 14657 02.2020-12.2028 Projekri per Intervenime Emergjente ne Komplekse dhe Memoriale Vareza të Deshmoreve dhe Martirve - Kosovë
3.2,157,440,source,"207000 - Ministria e Kulturës, Rinisë dhe Sporteve",207106 - Agjencioni për Menaxhimin e Komplekseve Memoriale të Kosovës,27900 - Agjencioni për Menaxhimin e Komplekseve Memoriale të Kosovës,0820,253040-1625841,14657,02.2020-12.2028,Projekri per Intervenime Emergjente ne Komplekse dhe Memoriale Vareza të Deshmoreve dhe Martirve - Kosovë,GQ,,1496856.0,500000.0,0.0,500000.0,500000.0,600000.0,0.0,3096856.0,"GQ 1,496,856 500,000 0 500,000 500,000 600,000 0 3,096,856"
3.2,157,454,project,"207000 - Ministria e Kulturës, Rinisë dhe Sporteve",207106 - Agjencioni për Menaxhimin e Komplekseve Memoriale të Kosovës,27900 - Agjencioni për Menaxhimin e Komplekseve Memoriale të Kosovës,0820,253040-1628373,15044,07.2016-12.2028,"Kompleksi Memoriale ,,27 Prilli"" Meje, Gjakove",,,,,,,,,,,"0820 253040-1628373 15044 07.2016-12.2028 Kompleksi Memoriale ,,27 Prilli"" Meje, Gjakove"
3.2,157,469,source,"207000 - Ministria e Kulturës, Rinisë dhe Sporteve",207106 - Agjencioni për Menaxhimin e Komplekseve Memoriale të Kosovës,27900 - Agjencioni për Menaxhimin e Komplekseve Memoriale të Kosovës,0820,253040-1628373,15044,07.2016-12.2028,"Kompleksi Memoriale ,,27 Prilli"" Meje, Gjakove",GQ,,954440.0,150000.0,0.0,150000.0,20000.0,20000.0,0.0,1144440.0,"GQ 954,440 150,000 0 150,000 20,000 20,000 0 1,144,440"
3.2,157,483,project,"207000 - Ministria e Kulturës, Rinisë dhe Sporteve",207106 - Agjencioni për Menaxhimin e Komplekseve Memoriale të Kosovës,27900 - Agjencioni për Menaxhimin e Komplekseve Memoriale të Kosovës,0820,253040-1730452,15391,02.2017-12.2025,"Kompleksi memorial Demë Ahmeti, Podujevë",,,,,,,,,,,"0820 253040-1730452 15391 02.2017-12.2025 Kompleksi memorial Demë Ahmeti, Podujevë"
3.2,157,497,source,"207000 - Ministria e Kulturës, Rinisë dhe Sporteve",207106 - Agjencioni për Menaxhimin e Komplekseve Memoriale të Kosovës,27900 - Agjencioni për Menaxhimin e Komplekseve Memoriale të Kosovës,0820,253040-1730452,15391,02.2017-12.2025,"Kompleksi memorial Demë Ahmeti, Podujevë",GQ,,270000.0,20000.0,0.0,20000.0,20000.0,20000.0,0.0,330000.0,"GQ 270,000 20,000 0 20,000 20,000 20,000 0 330,000"
3.2,158,171,project,"207000 - Ministria e Kulturës, Rinisë dhe Sporteve",207106 - Agjencioni për Menaxhimin e Komplekseve Memoriale të Kosovës,27900 - Agjencioni për Menaxhimin e Komplekseve Memoriale të Kosovës,0820,253040-1933065,18057,02.2019-12.2028,"Kulla e Heroit ""Fehmi Lladrovci"" Gllanaselle Drenas",,,,,,,,,,,"0820 253040-1933065 18057 02.2019-12.2028 Kulla e Heroit ""Fehmi Lladrovci"" Gllanaselle Drenas"
3.2,158,185,source,"207000 - Ministria e Kulturës, Rinisë dhe Sporteve",207106 - Agjencioni për Menaxhimin e Komplekseve Memoriale të Kosovës,27900 - Agjencioni për Menaxhimin e Komplekseve Memoriale të Kosovës,0820,253040-1933065,18057,02.2019-12.2028,"Kulla e Heroit ""Fehmi Lladrovci"" Gllanaselle Drenas",GQ,,0.0,180000.0,0.0,180000.0,100000.0,100000.0,0.0,380000.0,"GQ 0 180,000 0 180,000 100,000 100,000 0 380,000"
3.2,158,199,project,"207000 - Ministria e Kulturës, Rinisë dhe Sporteve",207106 - Agjencioni për Menaxhimin e Komplekseve Memoriale të Kosovës,27900 - Agjencioni për Menaxhimin e Komplekseve Memoriale të Kosovës,0150,253040-1935199,18296,03.2019-10.2027,Rregullimi i Varrezave të Dëshmorëve të UÇK-së në Viti dhe Derdhja në Bronz të Busteve të Gursel e Bajram Sylejmanit - Sadovinë,,,,,,,,,,,0150 253040-1935199 18296 03.2019-10.2027 Rregullimi i Varrezave të Dëshmorëve të UÇK-së në Viti dhe Derdhja në Bronz të Busteve të Gursel e Bajram Sylejmanit - Sadovinë
3.2,158,213,source,"207000 - Ministria e Kulturës, Rinisë dhe Sporteve",207106 - Agjencioni për Menaxhimin e Komplekseve Memoriale të Kosovës,27900 - Agjencioni për Menaxhimin e Komplekseve Memoriale të Kosovës,0150,253040-1935199,18296,03.2019-10.2027,Rregullimi i Varrezave të Dëshmorëve të UÇK-së në Viti dhe Derdhja në Bronz të Busteve të Gursel e Bajram Sylejmanit - Sadovinë,GQ,,103829.0,20000.0,0.0,20000.0,0.0,0.0,0.0,123829.0,"GQ 103,829 20,000 0 20,000 0 0 0 123,829"
3.2,158,228,project,"207000 - Ministria e Kulturës, Rinisë dhe Sporteve",207106 - Agjencioni për Menaxhimin e Komplekseve Memoriale të Kosovës,27900 - Agjencioni për Menaxhimin e Komplekseve Memoriale të Kosovës,0150,253040-1935200,18297,05.2019-09.2019,Ndërtimi i parkut përkujtimor - Jabllanicë e vogël - Pejë,,,,,,,,,,,0150 253040-1935200 18297 05.2019-09.2019 Ndërtimi i parkut përkujtimor - Jabllanicë e vogël - Pejë
3.2,158,242,source,"207000 - Ministria e Kulturës, Rinisë dhe Sporteve",207106 - Agjencioni për Menaxhimin e Komplekseve Memoriale të Kosovës,27900 - Agjencioni për Menaxhimin e Komplekseve Memoriale të Kosovës,0150,253040-1935200,18297,05.2019-09.2019,Ndërtimi i parkut përkujtimor - Jabllanicë e vogël - Pejë,GQ,,36952.0,10000.0,0.0,10000.0,0.0,0.0,0.0,46952.0,"GQ 36,952 10,000 0 10,000 0 0 0 46,952"
3.2,158,256,project,"207000 - Ministria e Kulturës, Rinisë dhe Sporteve",207106 - Agjencioni për Menaxhimin e Komplekseve Memoriale të Kosovës,27900 - Agjencioni për Menaxhimin e Komplekseve Memoriale të Kosovës,0150,253040-1935202,18299,05.2019-12.2025,Konzervimi i Shtëpisë ku është kryer Masakra në Poklek të Vjetër - Drenas,,,,,,,,,,,0150 253040-1935202 18299 05.2019-12.2025 Konzervimi i Shtëpisë ku është kryer Masakra në Poklek të Vjetër - Drenas
3.2,158,270,source,"207000 - Ministria e Kulturës, Rinisë dhe Sporteve",207106 - Agjencioni për Menaxhimin e Komplekseve Memoriale të Kosovës,27900 - Agjencioni për Menaxhimin e Komplekseve Memoriale të Kosovës,0150,253040-1935202,18299,05.2019-12.2025,Konzervimi i Shtëpisë ku është kryer Masakra në Poklek të Vjetër - Drenas,GQ,,259013.0,100000.0,0.0,100000.0,10000.0,10000.0,0.0,379013.0,"GQ 259,013 100,000 0 100,000 10,000 10,000 0 379,013"
3.2,158,284,project,"207000 - Ministria e Kulturës, Rinisë dhe Sporteve",207106 - Agjencioni për Menaxhimin e Komplekseve Memoriale të Kosovës,27900 - Agjencioni për Menaxhimin e Komplekseve Memoriale të Kosovës,0133,253040-1935458,18534,03.2023-09.2026,Ngritjen e pllakese përkujtimore për daljen e pare publike të UÇK-së në Llaushë-Skenderajt,,,,,,,,,,,0133 253040-1935458 18534 03.2023-09.2026 Ngritjen e pllakese përkujtimore për daljen e pare publike të UÇK-së në Llaushë-Skenderajt
3.2,158,298,source,"207000 - Ministria e Kulturës, Rinisë dhe Sporteve",207106 - Agjencioni për Menaxhimin e Komplekseve Memoriale të Kosovës,27900 - Agjencioni për Menaxhimin e Komplekseve Memoriale të Kosovës,0133,253040-1935458,18534,03.2023-09.2026,Ngritjen e pllakese përkujtimore për daljen e pare publike të UÇK-së në Llaushë-Skenderajt,GQ,,92217.0,20000.0,0.0,20000.0,0.0,0.0,0.0,112217.0,"GQ 92,217 20,000 0 20,000 0 0 0 112,217"
3.2,158,313,project,"207000 - Ministria e Kulturës, Rinisë dhe Sporteve",207106 - Agjencioni për Menaxhimin e Komplekseve Memoriale të Kosovës,27900 - Agjencioni për Menaxhimin e Komplekseve Memoriale të Kosovës,0560,253040-2035714,18609,02.2020-10.2025,"Memoriali""Masakra e Krushes se Madhe"" Krushe Rahovec",,,,,,,,,,,"0560 253040-2035714 18609 02.2020-10.2025 Memoriali""Masakra e Krushes se Madhe"" Krushe Rahovec"
3.2,158,327,source,"207000 - Ministria e Kulturës, Rinisë dhe Sporteve",207106 - Agjencioni për Menaxhimin e Komplekseve Memoriale të Kosovës,27900 - Agjencioni për Menaxhimin e Komplekseve Memoriale të Kosovës,0560,253040-2035714,18609,02.2020-10.2025,"Memoriali""Masakra e Krushes se Madhe"" Krushe Rahovec",GQ,,70000.0,5000.0,0.0,5000.0,10000.0,10000.0,0.0,95000.0,"GQ 70,000 5,000 0 5,000 10,000 10,000 0 95,000"
3.2,158,341,project,"207000 - Ministria e Kulturës, Rinisë dhe Sporteve",207106 - Agjencioni për Menaxhimin e Komplekseve Memoriale të Kosovës,27900 - Agjencioni për Menaxhimin e Komplekseve Memoriale të Kosovës,0560,253040-2035802,18632,02.2020-11.2026,"K M "" Maskra e Kryshes se Vogel Prizren",,,,,,,,,,,"0560 253040-2035802 18632 02.2020-11.2026 K M "" Maskra e Kryshes se Vogel Prizren"
3.2,158,355,source,"207000 - Ministria e Kulturës, Rinisë dhe Sporteve",207106 - Agjencioni për Menaxhimin e Komplekseve Memoriale të Kosovës,27900 - Agjencioni për Menaxhimin e Komplekseve Memoriale të Kosovës,0560,253040-2035802,18632,02.2020-11.2026,"K M "" Maskra e Kryshes se Vogel Prizren",GQ,,30001.0,5000.0,0.0,5000.0,5000.0,5000.0,0.0,45001.0,"GQ 30,001 5,000 0 5,000 5,000 5,000 0 45,001"
3.2,158,369,project,"207000 - Ministria e Kulturës, Rinisë dhe Sporteve",207106 - Agjencioni për Menaxhimin e Komplekseve Memoriale të Kosovës,27900 - Agjencioni për Menaxhimin e Komplekseve Memoriale të Kosovës,0560,253040-2035815,18642,02.2020-09.2027,Obelisku i Te Renve  ne Demostratat e Vitit 1981,,,,,,,,,,,0560 253040-2035815 18642 02.2020-09.2027 Obelisku i Te Renve ne Demostratat e Vitit 1981
3.2,158,383,source,"207000 - Ministria e Kulturës, Rinisë dhe Sporteve",207106 - Agjencioni për Menaxhimin e Komplekseve Memoriale të Kosovës,27900 - Agjencioni për Menaxhimin e Komplekseve Memoriale të Kosovës,0560,253040-2035815,18642,02.2020-09.2027,Obelisku i Te Renve  ne Demostratat e Vitit 1981,GQ,,0.0,50000.0,0.0,50000.0,10000.0,0.0,0.0,60000.0,"GQ 0 50,000 0 50,000 10,000 0 0 60,000"
3.2,158,398,project,"207000 - Ministria e Kulturës, Rinisë dhe Sporteve",207106 - Agjencioni për Menaxhimin e Komplekseve Memoriale të Kosovës,27900 - Agjencioni për Menaxhimin e Komplekseve Memoriale të Kosovës,0560,253040-2035825,18646,01.2020-01.2026,Ngritja e Monumentit Madhor ne Gurin e Gradines ne Bjeshket e Berishes,,,,,,,,,,,0560 253040-2035825 18646 01.2020-01.2026 Ngritja e Monumentit Madhor ne Gurin e Gradines ne Bjeshket e Berishes
3.2,158,412,source,"207000 - Ministria e Kulturës, Rinisë dhe Sporteve",207106 - Agjencioni për Menaxhimin e Komplekseve Memoriale të Kosovës,27900 - Agjencioni për Menaxhimin e Komplekseve Memoriale të Kosovës,0560,253040-2035825,18646,01.2020-01.2026,Ngritja e Monumentit Madhor ne Gurin e Gradines ne Bjeshket e Berishes,GQ,,0.0,50000.0,0.0,50000.0,20000.0,10000.0,0.0,80000.0,"GQ 0 50,000 0 50,000 20,000 10,000 0 80,000"
3.2,158,426,project,"207000 - Ministria e Kulturës, Rinisë dhe Sporteve",207106 - Agjencioni për Menaxhimin e Komplekseve Memoriale të Kosovës,27900 - Agjencioni për Menaxhimin e Komplekseve Memoriale të Kosovës,0560,253040-2035884,18679,03.2020-12.2028,Konservimi dhe Restaurimi i Disa Objekteve te Luftes se UCK se dhe Objektet ku Jane Kryer Masakrat,,,,,,,,,,,0560 253040-2035884 18679 03.2020-12.2028 Konservimi dhe Restaurimi i Disa Objekteve te Luftes se UCK se dhe Objektet ku Jane Kryer Masakrat
3.2,158,440,source,"207000 - Ministria e Kulturës, Rinisë dhe Sporteve",207106 - Agjencioni për Menaxhimin e Komplekseve Memoriale të Kosovës,27900 - Agjencioni për Menaxhimin e Komplekseve Memoriale të Kosovës,0560,253040-2035884,18679,03.2020-12.2028,Konservimi dhe Restaurimi i Disa Objekteve te Luftes se UCK se dhe Objektet ku Jane Kryer Masakrat,GQ,,378686.0,200000.0,0.0,200000.0,200000.0,50000.0,0.0,828686.0,"GQ 378,686 200,000 0 200,000 200,000 50,000 0 828,686"
3.2,158,454,project,"207000 - Ministria e Kulturës, Rinisë dhe Sporteve",207106 - Agjencioni për Menaxhimin e Komplekseve Memoriale të Kosovës,27900 - Agjencioni për Menaxhimin e Komplekseve Memoriale të Kosovës,0860,253040-2037428,18693,03.2020-11.2025,Renovimi i Lapidareve dhe Varrezave te Deshmoreve ne Komunen e Suharekes,,,,,,,,,,,0860 253040-2037428 18693 03.2020-11.2025 Renovimi i Lapidareve dhe Varrezave te Deshmoreve ne Komunen e Suharekes
3.2,158,469,source,"207000 - Ministria e Kulturës, Rinisë dhe Sporteve",207106 - Agjencioni për Menaxhimin e Komplekseve Memoriale të Kosovës,27900 - Agjencioni për Menaxhimin e Komplekseve Memoriale të Kosovës,0860,253040-2037428,18693,03.2020-11.2025,Renovimi i Lapidareve dhe Varrezave te Deshmoreve ne Komunen e Suharekes,GQ,,250000.0,50000.0,0.0,50000.0,20000.0,0.0,0.0,320000.0,"GQ 250,000 50,000 0 50,000 20,000 0 0 320,000"
3.2,158,483,project,"207000 - Ministria e Kulturës, Rinisë dhe Sporteve",207106 - Agjencioni për Menaxhimin e Komplekseve Memoriale të Kosovës,27900 - Agjencioni për Menaxhimin e Komplekseve Memoriale të Kosovës,0820,253040-2239566,18931,02.2022-12.2025,"Memoriali ""Ekzodi i Bllaces 99"" Hani i Elezit",,,,,,,,,,,"0820 253040-2239566 18931 02.2022-12.2025 Memoriali ""Ekzodi i Bllaces 99"" Hani i Elezit"
3.2,158,497,source,"207000 - Ministria e Kulturës, Rinisë dhe Sporteve",207106 - Agjencioni për Menaxhimin e Komplekseve Memoriale të Kosovës,27900 - Agjencioni për Menaxhimin e Komplekseve Memoriale të Kosovës,0820,253040-2239566,18931,02.2022-12.2025,"Memoriali ""Ekzodi i Bllaces 99"" Hani i Elezit",GQ,,138715.0,150000.0,0.0,150000.0,120000.0,50000.0,0.0,458715.0,"GQ 138,715 150,000 0 150,000 120,000 50,000 0 458,715"
3.2,159,171,project,"207000 - Ministria e Kulturës, Rinisë dhe Sporteve",207106 - Agjencioni për Menaxhimin e Komplekseve Memoriale të Kosovës,27900 - Agjencioni për Menaxhimin e Komplekseve Memoriale të Kosovës,0820,253040-2239572,18933,03.2024-11.2028,"Kulla ""Foleja e UÇK - se "" Llaushe Skenderaj",,,,,,,,,,,"0820 253040-2239572 18933 03.2024-11.2028 Kulla ""Foleja e UÇK - se "" Llaushe Skenderaj"
3.2,159,185,source,"207000 - Ministria e Kulturës, Rinisë dhe Sporteve",207106 - Agjencioni për Menaxhimin e Komplekseve Memoriale të Kosovës,27900 - Agjencioni për Menaxhimin e Komplekseve Memoriale të Kosovës,0820,253040-2239572,18933,03.2024-11.2028,"Kulla ""Foleja e UÇK - se "" Llaushe Skenderaj",GQ,,0.0,40000.0,0.0,40000.0,0.0,0.0,0.0,40000.0,"GQ 0 40,000 0 40,000 0 0 0 40,000"
3.2,159,199,project,"207000 - Ministria e Kulturës, Rinisë dhe Sporteve",207106 - Agjencioni për Menaxhimin e Komplekseve Memoriale të Kosovës,27900 - Agjencioni për Menaxhimin e Komplekseve Memoriale të Kosovës,0820,253040-2239573,18934,03.2022-03.2027,Vendosja e Pllakave Informuese ne Komplekse dhe Memorialet e Kosoves,,,,,,,,,,,0820 253040-2239573 18934 03.2022-03.2027 Vendosja e Pllakave Informuese ne Komplekse dhe Memorialet e Kosoves
3.2,159,213,source,"207000 - Ministria e Kulturës, Rinisë dhe Sporteve",207106 - Agjencioni për Menaxhimin e Komplekseve Memoriale të Kosovës,27900 - Agjencioni për Menaxhimin e Komplekseve Memoriale të Kosovës,0820,253040-2239573,18934,03.2022-03.2027,Vendosja e Pllakave Informuese ne Komplekse dhe Memorialet e Kosoves,GQ,,99955.0,50000.0,0.0,50000.0,100000.0,100000.0,0.0,349955.0,"GQ 99,955 50,000 0 50,000 100,000 100,000 0 349,955"
3.2,159,228,project,"207000 - Ministria e Kulturës, Rinisë dhe Sporteve",207106 - Agjencioni për Menaxhimin e Komplekseve Memoriale të Kosovës,27900 - Agjencioni për Menaxhimin e Komplekseve Memoriale të Kosovës,0820,253040-2239633,18952,03.2022-12.2022,Monumenti i Zones Operative te Nerodimes  Mollopolc Shtime,,,,,,,,,,,0820 253040-2239633 18952 03.2022-12.2022 Monumenti i Zones Operative te Nerodimes Mollopolc Shtime
3.2,159,242,source,"207000 - Ministria e Kulturës, Rinisë dhe Sporteve",207106 - Agjencioni për Menaxhimin e Komplekseve Memoriale të Kosovës,27900 - Agjencioni për Menaxhimin e Komplekseve Memoriale të Kosovës,0820,253040-2239633,18952,03.2022-12.2022,Monumenti i Zones Operative te Nerodimes  Mollopolc Shtime,GQ,,98772.0,10000.0,0.0,10000.0,0.0,0.0,0.0,108772.0,"GQ 98,772 10,000 0 10,000 0 0 0 108,772"
3.2,159,256,project,"207000 - Ministria e Kulturës, Rinisë dhe Sporteve",207106 - Agjencioni për Menaxhimin e Komplekseve Memoriale të Kosovës,27900 - Agjencioni për Menaxhimin e Komplekseve Memoriale të Kosovës,0820,253040-2239638,18956,04.2022-12.2022,"Memoriali Shtabi ""Keshtjella 26"" Halabak Podujeve",,,,,,,,,,,"0820 253040-2239638 18956 04.2022-12.2022 Memoriali Shtabi ""Keshtjella 26"" Halabak Podujeve"
3.2,159,270,source,"207000 - Ministria e Kulturës, Rinisë dhe Sporteve",207106 - Agjencioni për Menaxhimin e Komplekseve Memoriale të Kosovës,27900 - Agjencioni për Menaxhimin e Komplekseve Memoriale të Kosovës,0820,253040-2239638,18956,04.2022-12.2022,"Memoriali Shtabi ""Keshtjella 26"" Halabak Podujeve",GQ,,99469.0,5000.0,0.0,5000.0,0.0,0.0,0.0,104469.0,"GQ 99,469 5,000 0 5,000 0 0 0 104,469"
3.2,159,284,project,"207000 - Ministria e Kulturës, Rinisë dhe Sporteve",207106 - Agjencioni për Menaxhimin e Komplekseve Memoriale të Kosovës,27900 - Agjencioni për Menaxhimin e Komplekseve Memoriale të Kosovës,0820,253040-2239641,18958,03.2022-12.2026,Memoriali Varrezat e Deshmoreve te UÇK-se Terstenik Drenas,,,,,,,,,,,0820 253040-2239641 18958 03.2022-12.2026 Memoriali Varrezat e Deshmoreve te UÇK-se Terstenik Drenas
3.2,159,298,source,"207000 - Ministria e Kulturës, Rinisë dhe Sporteve",207106 - Agjencioni për Menaxhimin e Komplekseve Memoriale të Kosovës,27900 - Agjencioni për Menaxhimin e Komplekseve Memoriale të Kosovës,0820,253040-2239641,18958,03.2022-12.2026,Memoriali Varrezat e Deshmoreve te UÇK-se Terstenik Drenas,GQ,,226805.0,10000.0,0.0,10000.0,0.0,0.0,0.0,236805.0,"GQ 226,805 10,000 0 10,000 0 0 0 236,805"
3.2,159,313,project,"207000 - Ministria e Kulturës, Rinisë dhe Sporteve",207106 - Agjencioni për Menaxhimin e Komplekseve Memoriale të Kosovës,27900 - Agjencioni për Menaxhimin e Komplekseve Memoriale të Kosovës,0474,253040-2341367,19110,04.2023-12.2025,Shtepia Shtabi i UÇK se Zhjegovc Gjilan,,,,,,,,,,,0474 253040-2341367 19110 04.2023-12.2025 Shtepia Shtabi i UÇK se Zhjegovc Gjilan
3.2,159,327,source,"207000 - Ministria e Kulturës, Rinisë dhe Sporteve",207106 - Agjencioni për Menaxhimin e Komplekseve Memoriale të Kosovës,27900 - Agjencioni për Menaxhimin e Komplekseve Memoriale të Kosovës,0474,253040-2341367,19110,04.2023-12.2025,Shtepia Shtabi i UÇK se Zhjegovc Gjilan,GQ,,78008.0,10000.0,0.0,10000.0,0.0,0.0,0.0,88008.0,"GQ 78,008 10,000 0 10,000 0 0 0 88,008"
3.2,159,341,project,"207000 - Ministria e Kulturës, Rinisë dhe Sporteve",207106 - Agjencioni për Menaxhimin e Komplekseve Memoriale të Kosovës,27900 - Agjencioni për Menaxhimin e Komplekseve Memoriale të Kosovës,0620,253040-2341375,19116,02.2023-12.2026,Ndertimi i Varrezave te Deshmorëve ne Grabanicë Klinë,,,,,,,,,,,0620 253040-2341375 19116 02.2023-12.2026 Ndertimi i Varrezave te Deshmorëve ne Grabanicë Klinë
3.2,159,355,source,"207000 - Ministria e Kulturës, Rinisë dhe Sporteve",207106 - Agjencioni për Menaxhimin e Komplekseve Memoriale të Kosovës,27900 - Agjencioni për Menaxhimin e Komplekseve Memoriale të Kosovës,0620,253040-2341375,19116,02.2023-12.2026,Ndertimi i Varrezave te Deshmorëve ne Grabanicë Klinë,GQ,,540439.0,10000.0,0.0,10000.0,10000.0,10000.0,0.0,570439.0,"GQ 540,439 10,000 0 10,000 10,000 10,000 0 570,439"
3.2,159,369,project,"207000 - Ministria e Kulturës, Rinisë dhe Sporteve",207106 - Agjencioni për Menaxhimin e Komplekseve Memoriale të Kosovës,27900 - Agjencioni për Menaxhimin e Komplekseve Memoriale të Kosovës,0620,253040-2341396,19134,01.2025-12.2025,Memoriali katër Dëshmoret Kaçanik,,,,,,,,,,,0620 253040-2341396 19134 01.2025-12.2025 Memoriali katër Dëshmoret Kaçanik
3.2,159,383,source,"207000 - Ministria e Kulturës, Rinisë dhe Sporteve",207106 - Agjencioni për Menaxhimin e Komplekseve Memoriale të Kosovës,27900 - Agjencioni për Menaxhimin e Komplekseve Memoriale të Kosovës,0620,253040-2341396,19134,01.2025-12.2025,Memoriali katër Dëshmoret Kaçanik,GQ,,28000.0,5000.0,0.0,5000.0,0.0,0.0,0.0,33000.0,"GQ 28,000 5,000 0 5,000 0 0 0 33,000"
3.2,159,398,subtotal,"207000 - Ministria e Kulturës, Rinisë dhe Sporteve",207106 - Agjencioni për Menaxhimin e Komplekseve Memoriale të Kosovës,27900 - Agjencioni për Menaxhimin e Komplekseve Memoriale të Kosovës,,,,,Totali( GQ ) - Agjencioni për Menaxhimin e Komplekseve Memoriale të Kosovës,GQ,,22952298.0,5835000.0,775000.0,6610000.0,6310000.0,6310000.0,0.0,42182298.0,"Totali( GQ ) - Agjencioni për Menaxhimin e Komplekseve Memoriale të Kosovës 22,952,298 5,835,000 775,000 6,610,000 6,310,000 6,310,000 0 42,182,298"
3.2,159,412,subtotal,"207000 - Ministria e Kulturës, Rinisë dhe Sporteve",207106 - Agjencioni për Menaxhimin e Komplekseve Memoriale të Kosovës,27900 - Agjencioni për Menaxhimin e Komplekseve Memoriale të Kosovës,,,,,Totali - Agjencioni për Menaxhimin e Komplekseve Memoriale të Kosovës,,,22952298.0,5835000.0,775000.0,6610000.0,6310000.0,6310000.0,0.0,42182298.0,"Totali - Agjencioni për Menaxhimin e Komplekseve Memoriale të Kosovës 22,952,298 5,835,000 775,000 6,610,000 6,310,000 6,310,000 0 42,182,298"
3.2,159,426,subtotal,"207000 - Ministria e Kulturës, Rinisë dhe Sporteve",207106 - Agjencioni për Menaxhimin e Komplekseve Memoriale të Kosovës,27900 - Agjencioni për Menaxhimin e Komplekseve Memoriale të Kosovës,,,,,Totali ( GQ ) - Agjencioni për Menaxhimin e Komplekseve Memoriale të Kosovës,GQ,,22952298.0,5835000.0,775000.0,6610000.0,6310000.0,6310000.0,0.0,42182298.0,"Totali ( GQ ) - Agjencioni për Menaxhimin e Komplekseve Memoriale të Kosovës 22,952,298 5,835,000 775,000 6,610,000 6,310,000 6,310,000 0 42,182,298"
3.2,159,440,subtotal,"207000 - Ministria e Kulturës, Rinisë dhe Sporteve",207106 - Agjencioni për Menaxhimin e Komplekseve Memoriale të Kosovës,27900 - Agjencioni për Menaxhimin e Komplekseve Memoriale të Kosovës,,,,,Totali - Agjencioni për Menaxhimin e Komplekseve Memoriale të Kosovës,,,22952298.0,5835000.0,775000.0,6610000.0,6310000.0,6310000.0,0.0,42182298.0,"Totali - Agjencioni për Menaxhimin e Komplekseve Memoriale të Kosovës 22,952,298 5,835,000 775,000 6,610,000 6,310,000 6,310,000 0 42,182,298"
3.2,159,483,project,"207000 - Ministria e Kulturës, Rinisë dhe Sporteve",207111 - Agjencia për Zhvillimin e Rinisë,83100 - Agjencia për Zhvillimin e Rinisë,0820,207101-2546045,19610,02.2025-10.2027,Qendra Multifunksionale në Dragash,,,,,,,,,,,0820 207101-2546045 19610 02.2025-10.2027 Qendra Multifunksionale në Dragash
3.2,159,497,source,"207000 - Ministria e Kulturës, Rinisë dhe Sporteve",207111 - Agjencia për Zhvillimin e Rinisë,83100 - Agjencia për Zhvillimin e Rinisë,0820,207101-2546045,19610,02.2025-10.2027,Qendra Multifunksionale në Dragash,GQ,,100000.0,450000.0,0.0,450000.0,450000.0,0.0,0.0,1000000.0,"GQ 100,000 450,000 0 450,000 450,000 0 0 1,000,000"
3.2,160,171,project,"207000 - Ministria e Kulturës, Rinisë dhe Sporteve",207111 - Agjencia për Zhvillimin e Rinisë,83100 - Agjencia për Zhvillimin e Rinisë,0820,207102-1935300,18373,04.2019-12.2025,Qendra multifunksionale në Ferizaj,,,,,,,,,,,0820 207102-1935300 18373 04.2019-12.2025 Qendra multifunksionale në Ferizaj
3.2,160,185,source,"207000 - Ministria e Kulturës, Rinisë dhe Sporteve",207111 - Agjencia për Zhvillimin e Rinisë,83100 - Agjencia për Zhvillimin e Rinisë,0820,207102-1935300,18373,04.2019-12.2025,Qendra multifunksionale në Ferizaj,GQ,,1618895.0,300000.0,0.0,300000.0,1000000.0,1000000.0,0.0,3918895.0,"GQ 1,618,895 300,000 0 300,000 1,000,000 1,000,000 0 3,918,895"
3.2,160,199,subtotal,"207000 - Ministria e Kulturës, Rinisë dhe Sporteve",207111 - Agjencia për Zhvillimin e Rinisë,83100 - Agjencia për Zhvillimin e Rinisë,,,,,Totali( GQ ) - Agjencia për Zhvillimin e Rinisë,GQ,,1718895.0,750000.0,0.0,750000.0,1450000.0,1000000.0,0.0,4918895.0,"Totali( GQ ) - Agjencia për Zhvillimin e Rinisë 1,718,895 750,000 0 750,000 1,450,000 1,000,000 0 4,918,895"
3.2,160,213,subtotal,"207000 - Ministria e Kulturës, Rinisë dhe Sporteve",207111 - Agjencia për Zhvillimin e Rinisë,83100 - Agjencia për Zhvillimin e Rinisë,,,,,Totali - Agjencia për Zhvillimin e Rinisë,,,1718895.0,750000.0,0.0,750000.0,1450000.0,1000000.0,0.0,4918895.0,"Totali - Agjencia për Zhvillimin e Rinisë 1,718,895 750,000 0 750,000 1,450,000 1,000,000 0 4,918,895"
3.2,160,228,subtotal,"207000 - Ministria e Kulturës, Rinisë dhe Sporteve",207111 - Agjencia për Zhvillimin e Rinisë,83100 - Agjencia për Zhvillimin e Rinisë,,,,,Totali ( GQ ) - Agjencia për Zhvillimin e Rinisë,GQ,,1718895.0,750000.0,0.0,750000.0,1450000.0,1000000.0,0.0,4918895.0,"Totali ( GQ ) - Agjencia për Zhvillimin e Rinisë 1,718,895 750,000 0 750,000 1,450,000 1,000,000 0 4,918,895"
3.2,160,242,subtotal,"207000 - Ministria e Kulturës, Rinisë dhe Sporteve",207111 - Agjencia për Zhvillimin e Rinisë,83100 - Agjencia për Zhvillimin e Rinisë,,,,,Totali - Agjencia për Zhvillimin e Rinisë,,,1718895.0,750000.0,0.0,750000.0,1450000.0,1000000.0,0.0,4918895.0,"Totali - Agjencia për Zhvillimin e Rinisë 1,718,895 750,000 0 750,000 1,450,000 1,000,000 0 4,918,895"
3.2,160,284,project,"207000 - Ministria e Kulturës, Rinisë dhe Sporteve",207155 - Shërbimet e Administrates Qendrore,11307 - Administrata Qendrore,0860,207155-2445611,19376,02.2024-11.2027,Blerja e veturave për MKRS,,,,,,,,,,,0860 207155-2445611 19376 02.2024-11.2027 Blerja e veturave për MKRS
3.2,160,298,source,"207000 - Ministria e Kulturës, Rinisë dhe Sporteve",207155 - Shërbimet e Administrates Qendrore,11307 - Administrata Qendrore,0860,207155-2445611,19376,02.2024-11.2027,Blerja e veturave për MKRS,GQ,,280132.0,150000.0,0.0,150000.0,150000.0,0.0,0.0,580132.0,"GQ 280,132 150,000 0 150,000 150,000 0 0 580,132"
3.2,160,313,project,"207000 - Ministria e Kulturës, Rinisë dhe Sporteve",207155 - Shërbimet e Administrates Qendrore,11307 - Administrata Qendrore,0860,207155-2546086,19637,02.2025-12.2028,Pajisje të teknologjis informative për MKRS,,,,,,,,,,,0860 207155-2546086 19637 02.2025-12.2028 Pajisje të teknologjis informative për MKRS
3.2,160,327,source,"207000 - Ministria e Kulturës, Rinisë dhe Sporteve",207155 - Shërbimet e Administrates Qendrore,11307 - Administrata Qendrore,0860,207155-2546086,19637,02.2025-12.2028,Pajisje të teknologjis informative për MKRS,GQ,,27851.0,80000.0,0.0,80000.0,110000.0,120000.0,0.0,337851.0,"GQ 27,851 80,000 0 80,000 110,000 120,000 0 337,851"
3.2,160,341,subtotal,"207000 - Ministria e Kulturës, Rinisë dhe Sporteve",207155 - Shërbimet e Administrates Qendrore,11307 - Administrata Qendrore,,,,,Totali ( GQ ) - Administrata Qendrore,GQ,,307983.0,230000.0,0.0,230000.0,260000.0,120000.0,0.0,917983.0,"Totali ( GQ ) - Administrata Qendrore 307,983 230,000 0 230,000 260,000 120,000 0 917,983"
3.2,160,355,subtotal,"207000 - Ministria e Kulturës, Rinisë dhe Sporteve",207155 - Shërbimet e Administrates Qendrore,11307 - Administrata Qendrore,,,,,Totali - Administrata Qendrore,,,307983.0,230000.0,0.0,230000.0,260000.0,120000.0,0.0,917983.0,"Totali - Administrata Qendrore 307,983 230,000 0 230,000 260,000 120,000 0 917,983"
3.2,160,369,subtotal,"207000 - Ministria e Kulturës, Rinisë dhe Sporteve",207155 - Shërbimet e Administrates Qendrore,11307 - Administrata Qendrore,,,,,Totali ( GQ ) - Shërbimet e Administrates Qendrore,GQ,,307983.0,230000.0,0.0,230000.0,260000.0,120000.0,0.0,917983.0,"Totali ( GQ ) - Shërbimet e Administrates Qendrore 307,983 230,000 0 230,000 260,000 120,000 0 917,983"
3.2,160,383,subtotal,"207000 - Ministria e Kulturës, Rinisë dhe Sporteve",207155 - Shërbimet e Administrates Qendrore,11307 - Administrata Qendrore,,,,,Totali - Shërbimet e Administrates Qendrore,,,307983.0,230000.0,0.0,230000.0,260000.0,120000.0,0.0,917983.0,"Totali - Shërbimet e Administrates Qendrore 307,983 230,000 0 230,000 260,000 120,000 0 917,983"
3.2,160,397,subtotal,"207000 - Ministria e Kulturës, Rinisë dhe Sporteve",207155 - Shërbimet e Administrates Qendrore,11307 - Administrata Qendrore,,,,,"Totali ( GQ ) - Ministria e Kulturës, Rinisë dhe Sporteve",GQ,,101336142.0,61402000.0,5038000.0,66440000.0,96440000.0,96440000.0,0.0,360656142.0,"Totali ( GQ ) - Ministria e Kulturës, Rinisë dhe Sporteve 101,336,142 61,402,000 5,038,000 66,440,000 96,440,000 96,440,000 0 360,656,142"
3.2,160,412,subtotal,"207000 - Ministria e Kulturës, Rinisë dhe Sporteve",207155 - Shërbimet e Administrates Qendrore,11307 - Administrata Qendrore,,,,,"Totali - Ministria e Kulturës, Rinisë dhe Sporteve",,,101336142.0,61402000.0,5038000.0,66440000.0,96440000.0,96440000.0,0.0,360656142.0,"Totali - Ministria e Kulturës, Rinisë dhe Sporteve 101,336,142 61,402,000 5,038,000 66,440,000 96,440,000 96,440,000 0 360,656,142"
3.2,160,469,project,"208000 - Ministria e Arsimit, Shkencës, Teknologjisë dhe Inovacionit",208110 - Arsimi i Lartë dhe Shkenca,90500 - Qendra e Studentë ve,0133,208110-1728199,15253,03.2017-12.2027,Pajisje per rifunksionalizimin e menzes se studenteve,,,,,,,,,,,0133 208110-1728199 15253 03.2017-12.2027 Pajisje per rifunksionalizimin e menzes se studenteve
3.2,160,483,source,"208000 - Ministria e Arsimit, Shkencës, Teknologjisë dhe Inovacionit",208110 - Arsimi i Lartë dhe Shkenca,90500 - Qendra e Studentë ve,0133,208110-1728199,15253,03.2017-12.2027,Pajisje per rifunksionalizimin e menzes se studenteve,GQ,,337665.0,200000.0,0.0,200000.0,50000.0,100000.0,0.0,687665.0,"GQ 337,665 200,000 0 200,000 50,000 100,000 0 687,665"
3.2,160,497,project,"208000 - Ministria e Arsimit, Shkencës, Teknologjisë dhe Inovacionit",208110 - Arsimi i Lartë dhe Shkenca,90500 - Qendra e Studentë ve,0941,208110-2547414,19733,03.2025-12.2025,Paisje  të ngrohjes qëndrore dhe paisje tjera per qendren e studenteve,,,,,,,,,,,0941 208110-2547414 19733 03.2025-12.2025 Paisje të ngrohjes qëndrore dhe paisje tjera per qendren e studenteve
3.2,160,511,source,"208000 - Ministria e Arsimit, Shkencës, Teknologjisë dhe Inovacionit",208110 - Arsimi i Lartë dhe Shkenca,90500 - Qendra e Studentë ve,0941,208110-2547414,19733,03.2025-12.2025,Paisje  të ngrohjes qëndrore dhe paisje tjera per qendren e studenteve,GQ,,70034.0,0.0,20000.0,20000.0,0.0,0.0,0.0,90034.0,"GQ 70,034 0 20,000 20,000 0 0 0 90,034"
3.2,161,171,project,"208000 - Ministria e Arsimit, Shkencës, Teknologjisë dhe Inovacionit",208110 - Arsimi i Lartë dhe Shkenca,90500 - Qendra e Studentë ve,0941,208110-2547415,19734,03.2025-12.2027,Adaptimi I objekteve ne qendren e studenteve për funksionalizim për Lojërat mesdhetare,,,,,,,,,,,0941 208110-2547415 19734 03.2025-12.2027 Adaptimi I objekteve ne qendren e studenteve për funksionalizim për Lojërat mesdhetare
3.2,161,185,source,"208000 - Ministria e Arsimit, Shkencës, Teknologjisë dhe Inovacionit",208110 - Arsimi i Lartë dhe Shkenca,90500 - Qendra e Studentë ve,0941,208110-2547415,19734,03.2025-12.2027,Adaptimi I objekteve ne qendren e studenteve për funksionalizim për Lojërat mesdhetare,GQ,,0.0,10000.0,0.0,10000.0,10000.0,10000.0,0.0,30000.0,"GQ 0 10,000 0 10,000 10,000 10,000 0 30,000"
3.2,161,199,project,"208000 - Ministria e Arsimit, Shkencës, Teknologjisë dhe Inovacionit",208110 - Arsimi i Lartë dhe Shkenca,90500 - Qendra e Studentë ve,0941,208110-2647682,20660,03.2026-12.2028,Digjitalizimi i Qendres se Studenteve,,,,,,,,,,,0941 208110-2647682 20660 03.2026-12.2028 Digjitalizimi i Qendres se Studenteve
3.2,161,213,source,"208000 - Ministria e Arsimit, Shkencës, Teknologjisë dhe Inovacionit",208110 - Arsimi i Lartë dhe Shkenca,90500 - Qendra e Studentë ve,0941,208110-2647682,20660,03.2026-12.2028,Digjitalizimi i Qendres se Studenteve,GQ,,0.0,0.0,50000.0,50000.0,100000.0,100000.0,0.0,250000.0,"GQ 0 0 50,000 50,000 100,000 100,000 0 250,000"
3.2,161,228,project,"208000 - Ministria e Arsimit, Shkencës, Teknologjisë dhe Inovacionit",208110 - Arsimi i Lartë dhe Shkenca,90500 - Qendra e Studentë ve,0960,208155-119924,11353,01.2011-12.2027,Ngritja e infrastruktures se re dhe renovimi I objekteve ekzistuese ne qendren e studenteve,,,,,,,,,,,0960 208155-119924 11353 01.2011-12.2027 Ngritja e infrastruktures se re dhe renovimi I objekteve ekzistuese ne qendren e studenteve
3.2,161,242,source,"208000 - Ministria e Arsimit, Shkencës, Teknologjisë dhe Inovacionit",208110 - Arsimi i Lartë dhe Shkenca,90500 - Qendra e Studentë ve,0960,208155-119924,11353,01.2011-12.2027,Ngritja e infrastruktures se re dhe renovimi I objekteve ekzistuese ne qendren e studenteve,GQ,,5395244.0,50000.0,0.0,50000.0,100000.0,100000.0,0.0,5645244.0,"GQ 5,395,244 50,000 0 50,000 100,000 100,000 0 5,645,244"
3.2,161,256,subtotal,"208000 - Ministria e Arsimit, Shkencës, Teknologjisë dhe Inovacionit",208110 - Arsimi i Lartë dhe Shkenca,90500 - Qendra e Studentë ve,,,,,Totali ( GQ ) - Qendra e Studentë ve,GQ,,5802943.0,260000.0,70000.0,330000.0,260000.0,310000.0,0.0,6702943.0,"Totali ( GQ ) - Qendra e Studentë ve 5,802,943 260,000 70,000 330,000 260,000 310,000 0 6,702,943"
3.2,161,270,subtotal,"208000 - Ministria e Arsimit, Shkencës, Teknologjisë dhe Inovacionit",208110 - Arsimi i Lartë dhe Shkenca,90500 - Qendra e Studentë ve,,,,,Totali - Qendra e Studentëve,,,5802943.0,260000.0,70000.0,330000.0,260000.0,310000.0,0.0,6702943.0,"Totali - Qendra e Studentëve 5,802,943 260,000 70,000 330,000 260,000 310,000 0 6,702,943"
3.2,161,298,project,"208000 - Ministria e Arsimit, Shkencës, Teknologjisë dhe Inovacionit",208110 - Arsimi i Lartë dhe Shkenca,91900 - Universiteti i Prizrenit,0941,208155-119919,12533,01.2011-07.2027,Ngritja e infrastruktures se re dhe renovimi i objekteve egzistuese per Universitetin e Prizrenit,,,,,,,,,,,0941 208155-119919 12533 01.2011-07.2027 Ngritja e infrastruktures se re dhe renovimi i objekteve egzistuese per Universitetin e Prizrenit
3.2,161,313,source,"208000 - Ministria e Arsimit, Shkencës, Teknologjisë dhe Inovacionit",208110 - Arsimi i Lartë dhe Shkenca,91900 - Universiteti i Prizrenit,0941,208155-119919,12533,01.2011-07.2027,Ngritja e infrastruktures se re dhe renovimi i objekteve egzistuese per Universitetin e Prizrenit,GQ,,3662933.0,50000.0,0.0,50000.0,100000.0,200000.0,0.0,4012933.0,"GQ 3,662,933 50,000 0 50,000 100,000 200,000 0 4,012,933"
3.2,161,327,subtotal,"208000 - Ministria e Arsimit, Shkencës, Teknologjisë dhe Inovacionit",208110 - Arsimi i Lartë dhe Shkenca,91900 - Universiteti i Prizrenit,,,,,Totali ( GQ ) - Universiteti i Prizrenit,GQ,,3662933.0,50000.0,0.0,50000.0,100000.0,200000.0,0.0,4012933.0,"Totali ( GQ ) - Universiteti i Prizrenit 3,662,933 50,000 0 50,000 100,000 200,000 0 4,012,933"
3.2,161,341,subtotal,"208000 - Ministria e Arsimit, Shkencës, Teknologjisë dhe Inovacionit",208110 - Arsimi i Lartë dhe Shkenca,91900 - Universiteti i Prizrenit,,,,,Totali - Universiteti i Prizrenit,,,3662933.0,50000.0,0.0,50000.0,100000.0,200000.0,0.0,4012933.0,"Totali - Universiteti i Prizrenit 3,662,933 50,000 0 50,000 100,000 200,000 0 4,012,933"
3.2,161,369,project,"208000 - Ministria e Arsimit, Shkencës, Teknologjisë dhe Inovacionit",208110 - Arsimi i Lartë dhe Shkenca,97000 - Instituti Albanologjik i Prishtinë s,0942,208110-2547357,19701,03.2025-12.2026,Renovimi i objektit të Insitutit Albanologjik,,,,,,,,,,,0942 208110-2547357 19701 03.2025-12.2026 Renovimi i objektit të Insitutit Albanologjik
3.2,161,383,source,"208000 - Ministria e Arsimit, Shkencës, Teknologjisë dhe Inovacionit",208110 - Arsimi i Lartë dhe Shkenca,97000 - Instituti Albanologjik i Prishtinë s,0942,208110-2547357,19701,03.2025-12.2026,Renovimi i objektit të Insitutit Albanologjik,GQ,,37107.0,0.0,250000.0,250000.0,50000.0,100000.0,0.0,437107.0,"GQ 37,107 0 250,000 250,000 50,000 100,000 0 437,107"
3.2,161,398,subtotal,"208000 - Ministria e Arsimit, Shkencës, Teknologjisë dhe Inovacionit",208110 - Arsimi i Lartë dhe Shkenca,97000 - Instituti Albanologjik i Prishtinë s,,,,,Totali ( GQ ) - Instituti Albanologjik i Prishtinë s,GQ,,37107.0,0.0,250000.0,250000.0,50000.0,100000.0,0.0,437107.0,"Totali ( GQ ) - Instituti Albanologjik i Prishtinë s 37,107 0 250,000 250,000 50,000 100,000 0 437,107"
3.2,161,412,subtotal,"208000 - Ministria e Arsimit, Shkencës, Teknologjisë dhe Inovacionit",208110 - Arsimi i Lartë dhe Shkenca,97000 - Instituti Albanologjik i Prishtinë s,,,,,Totali - Instituti Albanologjik i Prishtinës,,,37107.0,0.0,250000.0,250000.0,50000.0,100000.0,0.0,437107.0,"Totali - Instituti Albanologjik i Prishtinës 37,107 0 250,000 250,000 50,000 100,000 0 437,107"
3.2,161,440,project,"208000 - Ministria e Arsimit, Shkencës, Teknologjisë dhe Inovacionit",208110 - Arsimi i Lartë dhe Shkenca,97400 - Universiteti i Pejë s,0941,208110-1421242,14027,03.2014-12.2027,Ndertimi dhe Renovimi i infrastruktures ne Universitetin e Pejes,,,,,,,,,,,0941 208110-1421242 14027 03.2014-12.2027 Ndertimi dhe Renovimi i infrastruktures ne Universitetin e Pejes
3.2,161,454,source,"208000 - Ministria e Arsimit, Shkencës, Teknologjisë dhe Inovacionit",208110 - Arsimi i Lartë dhe Shkenca,97400 - Universiteti i Pejë s,0941,208110-1421242,14027,03.2014-12.2027,Ndertimi dhe Renovimi i infrastruktures ne Universitetin e Pejes,GQ,,8204171.0,1600000.0,0.0,1600000.0,900000.0,450000.0,0.0,11154171.0,"GQ 8,204,171 1,600,000 0 1,600,000 900,000 450,000 0 11,154,171"
3.2,161,469,project,"208000 - Ministria e Arsimit, Shkencës, Teknologjisë dhe Inovacionit",208110 - Arsimi i Lartë dhe Shkenca,97400 - Universiteti i Pejë s,0941,208110-1728196,15255,02.2014-12.2027,Blerja e pajisjeve laboratorike dhe te TI Univ. Pejes,,,,,,,,,,,0941 208110-1728196 15255 02.2014-12.2027 Blerja e pajisjeve laboratorike dhe te TI Univ. Pejes
3.2,161,483,source,"208000 - Ministria e Arsimit, Shkencës, Teknologjisë dhe Inovacionit",208110 - Arsimi i Lartë dhe Shkenca,97400 - Universiteti i Pejë s,0941,208110-1728196,15255,02.2014-12.2027,Blerja e pajisjeve laboratorike dhe te TI Univ. Pejes,GQ,,145072.0,20000.0,0.0,20000.0,20000.0,45000.0,0.0,230072.0,"GQ 145,072 20,000 0 20,000 20,000 45,000 0 230,072"
3.2,161,497,project,"208000 - Ministria e Arsimit, Shkencës, Teknologjisë dhe Inovacionit",208110 - Arsimi i Lartë dhe Shkenca,97400 - Universiteti i Pejë s,0941,208155-1423047,14050,02.2014-12.2026,Blerja e pajisjeve tjera per Universitetin e Pejes,,,,,,,,,,,0941 208155-1423047 14050 02.2014-12.2026 Blerja e pajisjeve tjera per Universitetin e Pejes
3.2,161,511,source,"208000 - Ministria e Arsimit, Shkencës, Teknologjisë dhe Inovacionit",208110 - Arsimi i Lartë dhe Shkenca,97400 - Universiteti i Pejë s,0941,208155-1423047,14050,02.2014-12.2026,Blerja e pajisjeve tjera per Universitetin e Pejes,GQ,,485702.0,10000.0,0.0,10000.0,10000.0,35000.0,0.0,540702.0,"GQ 485,702 10,000 0 10,000 10,000 35,000 0 540,702"
3.2,162,171,subtotal,"208000 - Ministria e Arsimit, Shkencës, Teknologjisë dhe Inovacionit",208110 - Arsimi i Lartë dhe Shkenca,97400 - Universiteti i Pejë s,,,,,Totali ( GQ ) - Universiteti i Pejë s,GQ,,8834945.0,1630000.0,0.0,1630000.0,930000.0,530000.0,0.0,11924945.0,"Totali ( GQ ) - Universiteti i Pejë s 8,834,945 1,630,000 0 1,630,000 930,000 530,000 0 11,924,945"
3.2,162,185,subtotal,"208000 - Ministria e Arsimit, Shkencës, Teknologjisë dhe Inovacionit",208110 - Arsimi i Lartë dhe Shkenca,97400 - Universiteti i Pejë s,,,,,Totali - Universiteti i Pejës,,,8834945.0,1630000.0,0.0,1630000.0,930000.0,530000.0,0.0,11924945.0,"Totali - Universiteti i Pejës 8,834,945 1,630,000 0 1,630,000 930,000 530,000 0 11,924,945"
3.2,162,213,project,"208000 - Ministria e Arsimit, Shkencës, Teknologjisë dhe Inovacionit",208110 - Arsimi i Lartë dhe Shkenca,97700 - Univerziteti i Gjilanit,0941,208110-1728195,15256,02.2014-12.2027,Blerja e pajisjeve laboratorike dhe te TI per Univ. Gjilanit,,,,,,,,,,,0941 208110-1728195 15256 02.2014-12.2027 Blerja e pajisjeve laboratorike dhe te TI per Univ. Gjilanit
3.2,162,228,source,"208000 - Ministria e Arsimit, Shkencës, Teknologjisë dhe Inovacionit",208110 - Arsimi i Lartë dhe Shkenca,97700 - Univerziteti i Gjilanit,0941,208110-1728195,15256,02.2014-12.2027,Blerja e pajisjeve laboratorike dhe te TI per Univ. Gjilanit,GQ,,146891.0,50000.0,0.0,50000.0,50000.0,50000.0,0.0,296891.0,"GQ 146,891 50,000 0 50,000 50,000 50,000 0 296,891"
3.2,162,242,project,"208000 - Ministria e Arsimit, Shkencës, Teknologjisë dhe Inovacionit",208110 - Arsimi i Lartë dhe Shkenca,97700 - Univerziteti i Gjilanit,0941,208155-1421241,14039,06.2014-12.2027,"Ndertimi i kampusit te Universitetit Kadri Zeka, Gjilan",,,,,,,,,,,"0941 208155-1421241 14039 06.2014-12.2027 Ndertimi i kampusit te Universitetit Kadri Zeka, Gjilan"
3.2,162,256,source,"208000 - Ministria e Arsimit, Shkencës, Teknologjisë dhe Inovacionit",208110 - Arsimi i Lartë dhe Shkenca,97700 - Univerziteti i Gjilanit,0941,208155-1421241,14039,06.2014-12.2027,"Ndertimi i kampusit te Universitetit Kadri Zeka, Gjilan",GQ,,718708.0,200000.0,0.0,200000.0,400000.0,500000.0,0.0,1818708.0,"GQ 718,708 200,000 0 200,000 400,000 500,000 0 1,818,708"
3.2,162,270,project,"208000 - Ministria e Arsimit, Shkencës, Teknologjisë dhe Inovacionit",208110 - Arsimi i Lartë dhe Shkenca,97700 - Univerziteti i Gjilanit,0941,208155-1423044,14047,02.2014-12.2027,Blerja e mobiljeve per Universitetin e Gjilanit,,,,,,,,,,,0941 208155-1423044 14047 02.2014-12.2027 Blerja e mobiljeve per Universitetin e Gjilanit
3.2,162,284,source,"208000 - Ministria e Arsimit, Shkencës, Teknologjisë dhe Inovacionit",208110 - Arsimi i Lartë dhe Shkenca,97700 - Univerziteti i Gjilanit,0941,208155-1423044,14047,02.2014-12.2027,Blerja e mobiljeve per Universitetin e Gjilanit,GQ,,184426.0,40000.0,0.0,40000.0,40000.0,40000.0,0.0,304426.0,"GQ 184,426 40,000 0 40,000 40,000 40,000 0 304,426"
3.2,162,298,subtotal,"208000 - Ministria e Arsimit, Shkencës, Teknologjisë dhe Inovacionit",208110 - Arsimi i Lartë dhe Shkenca,97700 - Univerziteti i Gjilanit,,,,,Totali ( GQ ) - Univerziteti i Gjilanit,GQ,,1050025.0,290000.0,0.0,290000.0,490000.0,590000.0,0.0,2420025.0,"Totali ( GQ ) - Univerziteti i Gjilanit 1,050,025 290,000 0 290,000 490,000 590,000 0 2,420,025"
3.2,162,313,subtotal,"208000 - Ministria e Arsimit, Shkencës, Teknologjisë dhe Inovacionit",208110 - Arsimi i Lartë dhe Shkenca,97700 - Univerziteti i Gjilanit,,,,,Totali - Univerziteti i Gjilanit,,,1050025.0,290000.0,0.0,290000.0,490000.0,590000.0,0.0,2420025.0,"Totali - Univerziteti i Gjilanit 1,050,025 290,000 0 290,000 490,000 590,000 0 2,420,025"
3.2,162,341,project,"208000 - Ministria e Arsimit, Shkencës, Teknologjisë dhe Inovacionit",208110 - Arsimi i Lartë dhe Shkenca,97800 - Univerziteti i Gjakoves,0941,208110-1728194,15257,02.2014-12.2027,"Blerja e pajisjeve laboratorike, inventar dhe te TI per Univ.Gjakoves",,,,,,,,,,,"0941 208110-1728194 15257 02.2014-12.2027 Blerja e pajisjeve laboratorike, inventar dhe te TI per Univ.Gjakoves"
3.2,162,355,source,"208000 - Ministria e Arsimit, Shkencës, Teknologjisë dhe Inovacionit",208110 - Arsimi i Lartë dhe Shkenca,97800 - Univerziteti i Gjakoves,0941,208110-1728194,15257,02.2014-12.2027,"Blerja e pajisjeve laboratorike, inventar dhe te TI per Univ.Gjakoves",GQ,,249575.0,40000.0,0.0,40000.0,40000.0,40000.0,0.0,369575.0,"GQ 249,575 40,000 0 40,000 40,000 40,000 0 369,575"
3.2,162,369,project,"208000 - Ministria e Arsimit, Shkencës, Teknologjisë dhe Inovacionit",208110 - Arsimi i Lartë dhe Shkenca,97800 - Univerziteti i Gjakoves,0941,208155-1421240,14038,03.2014-12.2027,Ndertimi dhe Renovimi i infrastruktures se Universitetit te Gjakoves,,,,,,,,,,,0941 208155-1421240 14038 03.2014-12.2027 Ndertimi dhe Renovimi i infrastruktures se Universitetit te Gjakoves
3.2,162,383,source,"208000 - Ministria e Arsimit, Shkencës, Teknologjisë dhe Inovacionit",208110 - Arsimi i Lartë dhe Shkenca,97800 - Univerziteti i Gjakoves,0941,208155-1421240,14038,03.2014-12.2027,Ndertimi dhe Renovimi i infrastruktures se Universitetit te Gjakoves,GQ,,2659137.0,1200000.0,0.0,1200000.0,1100000.0,1100000.0,0.0,6059137.0,"GQ 2,659,137 1,200,000 0 1,200,000 1,100,000 1,100,000 0 6,059,137"
3.2,162,398,subtotal,"208000 - Ministria e Arsimit, Shkencës, Teknologjisë dhe Inovacionit",208110 - Arsimi i Lartë dhe Shkenca,97800 - Univerziteti i Gjakoves,,,,,Totali ( GQ ) - Univerziteti i Gjakoves,GQ,,2908711.0,1240000.0,0.0,1240000.0,1140000.0,1140000.0,0.0,6428711.0,"Totali ( GQ ) - Univerziteti i Gjakoves 2,908,711 1,240,000 0 1,240,000 1,140,000 1,140,000 0 6,428,711"
3.2,162,412,subtotal,"208000 - Ministria e Arsimit, Shkencës, Teknologjisë dhe Inovacionit",208110 - Arsimi i Lartë dhe Shkenca,97800 - Univerziteti i Gjakoves,,,,,Totali - Univerziteti i Gjakoves,,,2908711.0,1240000.0,0.0,1240000.0,1140000.0,1140000.0,0.0,6428711.0,"Totali - Univerziteti i Gjakoves 2,908,711 1,240,000 0 1,240,000 1,140,000 1,140,000 0 6,428,711"
3.2,162,440,project,"208000 - Ministria e Arsimit, Shkencës, Teknologjisë dhe Inovacionit",208110 - Arsimi i Lartë dhe Shkenca,97900 - Univerziteti i Mitrovices,0941,208110-1728189,15258,03.2017-12.2025,Furnizimi me paisje te Inxhinierise Mekanike dhe Kompjuterike,,,,,,,,,,,0941 208110-1728189 15258 03.2017-12.2025 Furnizimi me paisje te Inxhinierise Mekanike dhe Kompjuterike
3.2,162,454,source,"208000 - Ministria e Arsimit, Shkencës, Teknologjisë dhe Inovacionit",208110 - Arsimi i Lartë dhe Shkenca,97900 - Univerziteti i Mitrovices,0941,208110-1728189,15258,03.2017-12.2025,Furnizimi me paisje te Inxhinierise Mekanike dhe Kompjuterike,GQ,,374013.0,20000.0,0.0,20000.0,0.0,0.0,0.0,394013.0,"GQ 374,013 20,000 0 20,000 0 0 0 394,013"
3.2,162,469,project,"208000 - Ministria e Arsimit, Shkencës, Teknologjisë dhe Inovacionit",208110 - Arsimi i Lartë dhe Shkenca,97900 - Univerziteti i Mitrovices,0941,208110-1728191,15259,03.2017-12.2025,Furnizimi me pajisje per laboratorine per Teknologji ushqimore,,,,,,,,,,,0941 208110-1728191 15259 03.2017-12.2025 Furnizimi me pajisje per laboratorine per Teknologji ushqimore
3.2,162,483,source,"208000 - Ministria e Arsimit, Shkencës, Teknologjisë dhe Inovacionit",208110 - Arsimi i Lartë dhe Shkenca,97900 - Univerziteti i Mitrovices,0941,208110-1728191,15259,03.2017-12.2025,Furnizimi me pajisje per laboratorine per Teknologji ushqimore,GQ,,762243.0,20000.0,0.0,20000.0,0.0,0.0,0.0,782243.0,"GQ 762,243 20,000 0 20,000 0 0 0 782,243"
3.2,162,497,project,"208000 - Ministria e Arsimit, Shkencës, Teknologjisë dhe Inovacionit",208110 - Arsimi i Lartë dhe Shkenca,97900 - Univerziteti i Mitrovices,0941,208110-1728192,15260,03.2017-12.2025,FUurnizimi me paisje per laborator te Gjeoshkencave,,,,,,,,,,,0941 208110-1728192 15260 03.2017-12.2025 FUurnizimi me paisje per laborator te Gjeoshkencave
3.2,162,511,source,"208000 - Ministria e Arsimit, Shkencës, Teknologjisë dhe Inovacionit",208110 - Arsimi i Lartë dhe Shkenca,97900 - Univerziteti i Mitrovices,0941,208110-1728192,15260,03.2017-12.2025,FUurnizimi me paisje per laborator te Gjeoshkencave,GQ,,621607.0,10000.0,0.0,10000.0,0.0,0.0,0.0,631607.0,"GQ 621,607 10,000 0 10,000 0 0 0 631,607"
3.2,163,171,project,"208000 - Ministria e Arsimit, Shkencës, Teknologjisë dhe Inovacionit",208110 - Arsimi i Lartë dhe Shkenca,97900 - Univerziteti i Mitrovices,0941,208110-2545949,19568,03.2025-12.2026,Furnizimi me paisje dhe inventar dhe funksionalizimi I menzës dhe konviktit  në UNIB,,,,,,,,,,,0941 208110-2545949 19568 03.2025-12.2026 Furnizimi me paisje dhe inventar dhe funksionalizimi I menzës dhe konviktit në UNIB
3.2,163,185,source,"208000 - Ministria e Arsimit, Shkencës, Teknologjisë dhe Inovacionit",208110 - Arsimi i Lartë dhe Shkenca,97900 - Univerziteti i Mitrovices,0941,208110-2545949,19568,03.2025-12.2026,Furnizimi me paisje dhe inventar dhe funksionalizimi I menzës dhe konviktit  në UNIB,GQ,,0.0,250000.0,0.0,250000.0,185000.0,0.0,0.0,435000.0,"GQ 0 250,000 0 250,000 185,000 0 0 435,000"
3.2,163,199,subtotal,"208000 - Ministria e Arsimit, Shkencës, Teknologjisë dhe Inovacionit",208110 - Arsimi i Lartë dhe Shkenca,97900 - Univerziteti i Mitrovices,,,,,Totali ( GQ ) - Univerziteti i Mitrovices,GQ,,1757862.0,300000.0,0.0,300000.0,185000.0,0.0,0.0,2242862.0,"Totali ( GQ ) - Univerziteti i Mitrovices 1,757,862 300,000 0 300,000 185,000 0 0 2,242,862"
3.2,163,213,subtotal,"208000 - Ministria e Arsimit, Shkencës, Teknologjisë dhe Inovacionit",208110 - Arsimi i Lartë dhe Shkenca,97900 - Univerziteti i Mitrovices,,,,,Totali - Univerziteti i Mitrovices,,,1757862.0,300000.0,0.0,300000.0,185000.0,0.0,0.0,2242862.0,"Totali - Univerziteti i Mitrovices 1,757,862 300,000 0 300,000 185,000 0 0 2,242,862"
3.2,163,242,project,"208000 - Ministria e Arsimit, Shkencës, Teknologjisë dhe Inovacionit",208110 - Arsimi i Lartë dhe Shkenca,97950 - Kolegji Ndërkombëtar i Biznesit në Mitrovicë,0941,208110-2445556,19354,03.2024-12.2027,Ngritja e infrastrukturës në IBCM,,,,,,,,,,,0941 208110-2445556 19354 03.2024-12.2027 Ngritja e infrastrukturës në IBCM
3.2,163,256,source,"208000 - Ministria e Arsimit, Shkencës, Teknologjisë dhe Inovacionit",208110 - Arsimi i Lartë dhe Shkenca,97950 - Kolegji Ndërkombëtar i Biznesit në Mitrovicë,0941,208110-2445556,19354,03.2024-12.2027,Ngritja e infrastrukturës në IBCM,GQ,,212308.0,150000.0,0.0,150000.0,80000.0,80000.0,0.0,522308.0,"GQ 212,308 150,000 0 150,000 80,000 80,000 0 522,308"
3.2,163,270,project,"208000 - Ministria e Arsimit, Shkencës, Teknologjisë dhe Inovacionit",208110 - Arsimi i Lartë dhe Shkenca,97950 - Kolegji Ndërkombëtar i Biznesit në Mitrovicë,0941,208110-2547358,19702,03.2025-12.2026,Paisje te IT per IBCM,,,,,,,,,,,0941 208110-2547358 19702 03.2025-12.2026 Paisje te IT per IBCM
3.2,163,284,source,"208000 - Ministria e Arsimit, Shkencës, Teknologjisë dhe Inovacionit",208110 - Arsimi i Lartë dhe Shkenca,97950 - Kolegji Ndërkombëtar i Biznesit në Mitrovicë,0941,208110-2547358,19702,03.2025-12.2026,Paisje te IT per IBCM,GQ,,22405.0,0.0,50000.0,50000.0,0.0,0.0,0.0,72405.0,"GQ 22,405 0 50,000 50,000 0 0 0 72,405"
3.2,163,298,project,"208000 - Ministria e Arsimit, Shkencës, Teknologjisë dhe Inovacionit",208110 - Arsimi i Lartë dhe Shkenca,97950 - Kolegji Ndërkombëtar i Biznesit në Mitrovicë,0941,208110-2647683,20661,03.2026-12.2028,"Investimet ne paisjet laboratorike per laboratoret (mjedis,teknologji dhe sowfter, bujqesi,Inovation hub)",,,,,,,,,,,"0941 208110-2647683 20661 03.2026-12.2028 Investimet ne paisjet laboratorike per laboratoret (mjedis,teknologji dhe sowfter, bujqesi,Inovation hub)"
3.2,163,313,source,"208000 - Ministria e Arsimit, Shkencës, Teknologjisë dhe Inovacionit",208110 - Arsimi i Lartë dhe Shkenca,97950 - Kolegji Ndërkombëtar i Biznesit në Mitrovicë,0941,208110-2647683,20661,03.2026-12.2028,"Investimet ne paisjet laboratorike per laboratoret (mjedis,teknologji dhe sowfter, bujqesi,Inovation hub)",GQ,,0.0,0.0,50000.0,50000.0,50000.0,100000.0,0.0,200000.0,"GQ 0 0 50,000 50,000 50,000 100,000 0 200,000"
3.2,163,327,subtotal,"208000 - Ministria e Arsimit, Shkencës, Teknologjisë dhe Inovacionit",208110 - Arsimi i Lartë dhe Shkenca,97950 - Kolegji Ndërkombëtar i Biznesit në Mitrovicë,,,,,Totali ( GQ ) - Kolegji Ndërkombëtar i Biznesit në Mitrovicë,GQ,,234713.0,150000.0,100000.0,250000.0,130000.0,180000.0,0.0,794713.0,"Totali ( GQ ) - Kolegji Ndërkombëtar i Biznesit në Mitrovicë 234,713 150,000 100,000 250,000 130,000 180,000 0 794,713"
3.2,163,341,subtotal,"208000 - Ministria e Arsimit, Shkencës, Teknologjisë dhe Inovacionit",208110 - Arsimi i Lartë dhe Shkenca,97950 - Kolegji Ndërkombëtar i Biznesit në Mitrovicë,,,,,Totali - Kolegji Ndërkombëtar i Biznesit në Mitrovicë,,,234713.0,150000.0,100000.0,250000.0,130000.0,180000.0,0.0,794713.0,"Totali - Kolegji Ndërkombëtar i Biznesit në Mitrovicë 234,713 150,000 100,000 250,000 130,000 180,000 0 794,713"
3.2,163,369,project,"208000 - Ministria e Arsimit, Shkencës, Teknologjisë dhe Inovacionit",208110 - Arsimi i Lartë dhe Shkenca,98200 - Investimet kapitale tjera në Ars.lartë dhe Shkencë,0942,208110-1728144,15118,04.2017-04.2027,Furnizim me paisje laboratorike dhe logjistike kërkimore-shkencore për Institucionet kërkimore-shkencore të Republikës së Kosovës,,,,,,,,,,,0942 208110-1728144 15118 04.2017-04.2027 Furnizim me paisje laboratorike dhe logjistike kërkimore-shkencore për Institucionet kërkimore-shkencore të Republikës së Kosovës
3.2,163,383,source,"208000 - Ministria e Arsimit, Shkencës, Teknologjisë dhe Inovacionit",208110 - Arsimi i Lartë dhe Shkenca,98200 - Investimet kapitale tjera në Ars.lartë dhe Shkencë,0942,208110-1728144,15118,04.2017-04.2027,Furnizim me paisje laboratorike dhe logjistike kërkimore-shkencore për Institucionet kërkimore-shkencore të Republikës së Kosovës,GQ,,601689.0,50000.0,0.0,50000.0,50000.0,50000.0,0.0,751689.0,"GQ 601,689 50,000 0 50,000 50,000 50,000 0 751,689"
3.2,163,398,project,"208000 - Ministria e Arsimit, Shkencës, Teknologjisë dhe Inovacionit",208110 - Arsimi i Lartë dhe Shkenca,98200 - Investimet kapitale tjera në Ars.lartë dhe Shkencë,0941,208110-1730133,15119,03.2018-12.2027,Blerja e mjeteve te konkretizimit per universitet publike,,,,,,,,,,,0941 208110-1730133 15119 03.2018-12.2027 Blerja e mjeteve te konkretizimit per universitet publike
3.2,163,412,source,"208000 - Ministria e Arsimit, Shkencës, Teknologjisë dhe Inovacionit",208110 - Arsimi i Lartë dhe Shkenca,98200 - Investimet kapitale tjera në Ars.lartë dhe Shkencë,0941,208110-1730133,15119,03.2018-12.2027,Blerja e mjeteve te konkretizimit per universitet publike,GQ,,107486.0,50000.0,0.0,50000.0,50000.0,50000.0,0.0,257486.0,"GQ 107,486 50,000 0 50,000 50,000 50,000 0 257,486"
3.2,163,426,project,"208000 - Ministria e Arsimit, Shkencës, Teknologjisë dhe Inovacionit",208110 - Arsimi i Lartë dhe Shkenca,98200 - Investimet kapitale tjera në Ars.lartë dhe Shkencë,0941,208155-095564,11034,04.2009-06.2027,Projekte per arsmin e larte,,,,,,,,,,,0941 208155-095564 11034 04.2009-06.2027 Projekte per arsmin e larte
3.2,163,440,source,"208000 - Ministria e Arsimit, Shkencës, Teknologjisë dhe Inovacionit",208110 - Arsimi i Lartë dhe Shkenca,98200 - Investimet kapitale tjera në Ars.lartë dhe Shkencë,0941,208155-095564,11034,04.2009-06.2027,Projekte per arsmin e larte,GQ,,208386.0,50000.0,0.0,50000.0,50000.0,50000.0,0.0,358386.0,"GQ 208,386 50,000 0 50,000 50,000 50,000 0 358,386"
3.2,163,454,subtotal,"208000 - Ministria e Arsimit, Shkencës, Teknologjisë dhe Inovacionit",208110 - Arsimi i Lartë dhe Shkenca,98200 - Investimet kapitale tjera në Ars.lartë dhe Shkencë,,,,,Totali ( GQ ) - Investimet kapitale tjera në Ars.lartë dhe Shkencë,GQ,,917562.0,150000.0,0.0,150000.0,150000.0,150000.0,0.0,1367562.0,"Totali ( GQ ) - Investimet kapitale tjera në Ars.lartë dhe Shkencë 917,562 150,000 0 150,000 150,000 150,000 0 1,367,562"
3.2,163,469,subtotal,"208000 - Ministria e Arsimit, Shkencës, Teknologjisë dhe Inovacionit",208110 - Arsimi i Lartë dhe Shkenca,98200 - Investimet kapitale tjera në Ars.lartë dhe Shkencë,,,,,Totali - Investimet kapitale tjera në Ars.lartë dhe Shkencë,,,917562.0,150000.0,0.0,150000.0,150000.0,150000.0,0.0,1367562.0,"Totali - Investimet kapitale tjera në Ars.lartë dhe Shkencë 917,562 150,000 0 150,000 150,000 150,000 0 1,367,562"
3.2,163,497,project,"208000 - Ministria e Arsimit, Shkencës, Teknologjisë dhe Inovacionit",208110 - Arsimi i Lartë dhe Shkenca,98400 - Univerziteti i Ferizajit,0941,208110-1627971,14967,03.2016-12.2027,Mjete konkretizimi,,,,,,,,,,,0941 208110-1627971 14967 03.2016-12.2027 Mjete konkretizimi
3.2,163,511,source,"208000 - Ministria e Arsimit, Shkencës, Teknologjisë dhe Inovacionit",208110 - Arsimi i Lartë dhe Shkenca,98400 - Univerziteti i Ferizajit,0941,208110-1627971,14967,03.2016-12.2027,Mjete konkretizimi,GQ,,702571.0,30000.0,0.0,30000.0,30000.0,30000.0,0.0,792571.0,"GQ 702,571 30,000 0 30,000 30,000 30,000 0 792,571"
3.2,164,171,project,"208000 - Ministria e Arsimit, Shkencës, Teknologjisë dhe Inovacionit",208110 - Arsimi i Lartë dhe Shkenca,98400 - Univerziteti i Ferizajit,0941,208110-1627972,14968,03.2016-12.2027,Pajisje laboratorike,,,,,,,,,,,0941 208110-1627972 14968 03.2016-12.2027 Pajisje laboratorike
3.2,164,185,source,"208000 - Ministria e Arsimit, Shkencës, Teknologjisë dhe Inovacionit",208110 - Arsimi i Lartë dhe Shkenca,98400 - Univerziteti i Ferizajit,0941,208110-1627972,14968,03.2016-12.2027,Pajisje laboratorike,GQ,,1422382.0,600000.0,0.0,600000.0,500000.0,500000.0,0.0,3022382.0,"GQ 1,422,382 600,000 0 600,000 500,000 500,000 0 3,022,382"
3.2,164,199,project,"208000 - Ministria e Arsimit, Shkencës, Teknologjisë dhe Inovacionit",208110 - Arsimi i Lartë dhe Shkenca,98400 - Univerziteti i Ferizajit,0941,208110-1728187,15120,03.2017-12.2027,Ngritja e infrastruktures se re dhe renovimi i objekteve egzistuese per Universitetin e Ferizajit,,,,,,,,,,,0941 208110-1728187 15120 03.2017-12.2027 Ngritja e infrastruktures se re dhe renovimi i objekteve egzistuese per Universitetin e Ferizajit
3.2,164,213,source,"208000 - Ministria e Arsimit, Shkencës, Teknologjisë dhe Inovacionit",208110 - Arsimi i Lartë dhe Shkenca,98400 - Univerziteti i Ferizajit,0941,208110-1728187,15120,03.2017-12.2027,Ngritja e infrastruktures se re dhe renovimi i objekteve egzistuese per Universitetin e Ferizajit,GQ,,1484479.0,50000.0,0.0,50000.0,50000.0,50000.0,0.0,1634479.0,"GQ 1,484,479 50,000 0 50,000 50,000 50,000 0 1,634,479"
3.2,164,228,subtotal,"208000 - Ministria e Arsimit, Shkencës, Teknologjisë dhe Inovacionit",208110 - Arsimi i Lartë dhe Shkenca,98400 - Univerziteti i Ferizajit,,,,,Totali( GQ ) - Univerziteti i Ferizajit,GQ,,3609433.0,680000.0,0.0,680000.0,580000.0,580000.0,0.0,5449433.0,"Totali( GQ ) - Univerziteti i Ferizajit 3,609,433 680,000 0 680,000 580,000 580,000 0 5,449,433"
3.2,164,242,subtotal,"208000 - Ministria e Arsimit, Shkencës, Teknologjisë dhe Inovacionit",208110 - Arsimi i Lartë dhe Shkenca,98400 - Univerziteti i Ferizajit,,,,,Totali - Univerziteti i Ferizajit,,,3609433.0,680000.0,0.0,680000.0,580000.0,580000.0,0.0,5449433.0,"Totali - Univerziteti i Ferizajit 3,609,433 680,000 0 680,000 580,000 580,000 0 5,449,433"
3.2,164,256,subtotal,"208000 - Ministria e Arsimit, Shkencës, Teknologjisë dhe Inovacionit",208110 - Arsimi i Lartë dhe Shkenca,98400 - Univerziteti i Ferizajit,,,,,Totali ( GQ ) - Arsimi i Lartë dhe Shkenca,GQ,,28816234.0,4750000.0,420000.0,5170000.0,4015000.0,3780000.0,0.0,41781234.0,"Totali ( GQ ) - Arsimi i Lartë dhe Shkenca 28,816,234 4,750,000 420,000 5,170,000 4,015,000 3,780,000 0 41,781,234"
3.2,164,270,subtotal,"208000 - Ministria e Arsimit, Shkencës, Teknologjisë dhe Inovacionit",208110 - Arsimi i Lartë dhe Shkenca,98400 - Univerziteti i Ferizajit,,,,,Totali - Arsimi i Lartë dhe Shkenca,,,28816234.0,4750000.0,420000.0,5170000.0,4015000.0,3780000.0,0.0,41781234.0,"Totali - Arsimi i Lartë dhe Shkenca 28,816,234 4,750,000 420,000 5,170,000 4,015,000 3,780,000 0 41,781,234"
3.2,164,313,project,"208000 - Ministria e Arsimit, Shkencës, Teknologjisë dhe Inovacionit",208111 - Arsimi Parauniverzitar,90800 - Arsimi pë r fë mijë t me nevoja të veqanta,0950,208111-2341386,19126,01.2023-12.2027,Ndertimi i anekseve dhe renovimi i qendrave burimore te arsimit special,,,,,,,,,,,0950 208111-2341386 19126 01.2023-12.2027 Ndertimi i anekseve dhe renovimi i qendrave burimore te arsimit special
3.2,164,327,source,"208000 - Ministria e Arsimit, Shkencës, Teknologjisë dhe Inovacionit",208111 - Arsimi Parauniverzitar,90800 - Arsimi pë r fë mijë t me nevoja të veqanta,0950,208111-2341386,19126,01.2023-12.2027,Ndertimi i anekseve dhe renovimi i qendrave burimore te arsimit special,GQ,,0.0,100000.0,0.0,100000.0,100000.0,100000.0,0.0,300000.0,"GQ 0 100,000 0 100,000 100,000 100,000 0 300,000"
3.2,164,341,project,"208000 - Ministria e Arsimit, Shkencës, Teknologjisë dhe Inovacionit",208111 - Arsimi Parauniverzitar,90800 - Arsimi pë r fë mijë t me nevoja të veqanta,0950,208111-2341428,19152,01.2023-12.2026,Furnizimi me paisje per krijimin e sintezës vokale në gjuhën shqipe për arsimin special,,,,,,,,,,,0950 208111-2341428 19152 01.2023-12.2026 Furnizimi me paisje per krijimin e sintezës vokale në gjuhën shqipe për arsimin special
3.2,164,355,source,"208000 - Ministria e Arsimit, Shkencës, Teknologjisë dhe Inovacionit",208111 - Arsimi Parauniverzitar,90800 - Arsimi pë r fë mijë t me nevoja të veqanta,0950,208111-2341428,19152,01.2023-12.2026,Furnizimi me paisje per krijimin e sintezës vokale në gjuhën shqipe për arsimin special,GQ,,499800.0,600000.0,0.0,600000.0,0.0,0.0,0.0,1099800.0,"GQ 499,800 600,000 0 600,000 0 0 0 1,099,800"
3.2,164,369,subtotal,"208000 - Ministria e Arsimit, Shkencës, Teknologjisë dhe Inovacionit",208111 - Arsimi Parauniverzitar,90800 - Arsimi pë r fë mijë t me nevoja të veqanta,,,,,Totali ( GQ ) - Arsimi pë r fë mijë t me nevoja të veqanta,GQ,,499800.0,700000.0,0.0,700000.0,100000.0,100000.0,0.0,1399800.0,"Totali ( GQ ) - Arsimi pë r fë mijë t me nevoja të veqanta 499,800 700,000 0 700,000 100,000 100,000 0 1,399,800"
3.2,164,383,subtotal,"208000 - Ministria e Arsimit, Shkencës, Teknologjisë dhe Inovacionit",208111 - Arsimi Parauniverzitar,90800 - Arsimi pë r fë mijë t me nevoja të veqanta,,,,,Totali - Arsimi me Nevoja Speciale,,,499800.0,700000.0,0.0,700000.0,100000.0,100000.0,0.0,1399800.0,"Totali - Arsimi me Nevoja Speciale 499,800 700,000 0 700,000 100,000 100,000 0 1,399,800"
3.2,164,412,project,"208000 - Ministria e Arsimit, Shkencës, Teknologjisë dhe Inovacionit",208111 - Arsimi Parauniverzitar,92500 - Programi i Arsimit Profesional,0922,208111-2341392,19131,03.2023-12.2027,Krijimi i hapësirave të IAAP-ve për mësimin modular dhe paisja e tyre,,,,,,,,,,,0922 208111-2341392 19131 03.2023-12.2027 Krijimi i hapësirave të IAAP-ve për mësimin modular dhe paisja e tyre
3.2,164,426,source,"208000 - Ministria e Arsimit, Shkencës, Teknologjisë dhe Inovacionit",208111 - Arsimi Parauniverzitar,92500 - Programi i Arsimit Profesional,0922,208111-2341392,19131,03.2023-12.2027,Krijimi i hapësirave të IAAP-ve për mësimin modular dhe paisja e tyre,GQ,,382666.0,200000.0,0.0,200000.0,100000.0,100000.0,0.0,782666.0,"GQ 382,666 200,000 0 200,000 100,000 100,000 0 782,666"
3.2,164,440,subtotal,"208000 - Ministria e Arsimit, Shkencës, Teknologjisë dhe Inovacionit",208111 - Arsimi Parauniverzitar,92500 - Programi i Arsimit Profesional,,,,,Totali ( GQ ) - Programi i Arsimit Profesional,GQ,,382666.0,200000.0,0.0,200000.0,100000.0,100000.0,0.0,782666.0,"Totali ( GQ ) - Programi i Arsimit Profesional 382,666 200,000 0 200,000 100,000 100,000 0 782,666"
3.2,164,454,subtotal,"208000 - Ministria e Arsimit, Shkencës, Teknologjisë dhe Inovacionit",208111 - Arsimi Parauniverzitar,92500 - Programi i Arsimit Profesional,,,,,Totali - Programi i Arsimit Bazik,,,382666.0,200000.0,0.0,200000.0,100000.0,100000.0,0.0,782666.0,"Totali - Programi i Arsimit Bazik 382,666 200,000 0 200,000 100,000 100,000 0 782,666"
3.2,164,483,project,"208000 - Ministria e Arsimit, Shkencës, Teknologjisë dhe Inovacionit",208111 - Arsimi Parauniverzitar,97500 - Agjencia Arsimit dhe Aftë simit Profofesional,0922,208111-2037508,18775,04.2020-11.2027,Reovimet e shkollave-qendrat e kompetences,,,,,,,,,,,0922 208111-2037508 18775 04.2020-11.2027 Reovimet e shkollave-qendrat e kompetences
3.2,164,497,source,"208000 - Ministria e Arsimit, Shkencës, Teknologjisë dhe Inovacionit",208111 - Arsimi Parauniverzitar,97500 - Agjencia Arsimit dhe Aftë simit Profofesional,0922,208111-2037508,18775,04.2020-11.2027,Reovimet e shkollave-qendrat e kompetences,GQ,,1307756.0,100000.0,0.0,100000.0,100000.0,200000.0,0.0,1707756.0,"GQ 1,307,756 100,000 0 100,000 100,000 200,000 0 1,707,756"
3.2,165,171,subtotal,"208000 - Ministria e Arsimit, Shkencës, Teknologjisë dhe Inovacionit",208111 - Arsimi Parauniverzitar,97500 - Agjencia Arsimit dhe Aftë simit Profofesional,,,,,Totali ( GQ ) - Agjencia Arsimit dhe Aftë simit Profofesional,GQ,,1307756.0,100000.0,0.0,100000.0,100000.0,200000.0,0.0,1707756.0,"Totali ( GQ ) - Agjencia Arsimit dhe Aftë simit Profofesional 1,307,756 100,000 0 100,000 100,000 200,000 0 1,707,756"
3.2,165,185,subtotal,"208000 - Ministria e Arsimit, Shkencës, Teknologjisë dhe Inovacionit",208111 - Arsimi Parauniverzitar,97500 - Agjencia Arsimit dhe Aftë simit Profofesional,,,,,Totali - Agjencia Arsimit dhe Aftësimit Profofesional,,,1307756.0,100000.0,0.0,100000.0,100000.0,200000.0,0.0,1707756.0,"Totali - Agjencia Arsimit dhe Aftësimit Profofesional 1,307,756 100,000 0 100,000 100,000 200,000 0 1,707,756"
3.2,165,213,project,"208000 - Ministria e Arsimit, Shkencës, Teknologjisë dhe Inovacionit",208111 - Arsimi Parauniverzitar,98100 - Investimet kapitale në Arsimin parauniversitar,0950,208111-1626118,14576,01.2016-09.2027,Proj. me bashkfinancim me donatorë për ngritje të Infrastrukturës,,,,,,,,,,,0950 208111-1626118 14576 01.2016-09.2027 Proj. me bashkfinancim me donatorë për ngritje të Infrastrukturës
3.2,165,228,source,"208000 - Ministria e Arsimit, Shkencës, Teknologjisë dhe Inovacionit",208111 - Arsimi Parauniverzitar,98100 - Investimet kapitale në Arsimin parauniversitar,0950,208111-1626118,14576,01.2016-09.2027,Proj. me bashkfinancim me donatorë për ngritje të Infrastrukturës,GQ,,13907.0,10000.0,0.0,10000.0,10000.0,10000.0,0.0,43907.0,"GQ 13,907 10,000 0 10,000 10,000 10,000 0 43,907"
3.2,165,242,project,"208000 - Ministria e Arsimit, Shkencës, Teknologjisë dhe Inovacionit",208111 - Arsimi Parauniverzitar,98100 - Investimet kapitale në Arsimin parauniversitar,0922,208111-1627935,14781,02.2016-12.2027,Përfundimi i shkollave në ndërtim e sipër nga MASHT,,,,,,,,,,,0922 208111-1627935 14781 02.2016-12.2027 Përfundimi i shkollave në ndërtim e sipër nga MASHT
3.2,165,256,source,"208000 - Ministria e Arsimit, Shkencës, Teknologjisë dhe Inovacionit",208111 - Arsimi Parauniverzitar,98100 - Investimet kapitale në Arsimin parauniversitar,0922,208111-1627935,14781,02.2016-12.2027,Përfundimi i shkollave në ndërtim e sipër nga MASHT,GQ,,4332100.0,300000.0,0.0,300000.0,500000.0,700000.0,0.0,5832100.0,"GQ 4,332,100 300,000 0 300,000 500,000 700,000 0 5,832,100"
3.2,165,270,project,"208000 - Ministria e Arsimit, Shkencës, Teknologjisë dhe Inovacionit",208111 - Arsimi Parauniverzitar,98100 - Investimet kapitale në Arsimin parauniversitar,0911,208111-1728149,15262,04.2017-12.2026,Ndertimi I objekteve per institucionet e nivelit parashkollor,,,,,,,,,,,0911 208111-1728149 15262 04.2017-12.2026 Ndertimi I objekteve per institucionet e nivelit parashkollor
3.2,165,284,source,"208000 - Ministria e Arsimit, Shkencës, Teknologjisë dhe Inovacionit",208111 - Arsimi Parauniverzitar,98100 - Investimet kapitale në Arsimin parauniversitar,0911,208111-1728149,15262,04.2017-12.2026,Ndertimi I objekteve per institucionet e nivelit parashkollor,GQ,,3913185.0,500000.0,0.0,500000.0,200000.0,0.0,0.0,4613185.0,"GQ 3,913,185 500,000 0 500,000 200,000 0 0 4,613,185"
3.2,165,298,project,"208000 - Ministria e Arsimit, Shkencës, Teknologjisë dhe Inovacionit",208111 - Arsimi Parauniverzitar,98100 - Investimet kapitale në Arsimin parauniversitar,0922,208111-1730170,15269,08.2017-12.2027,Ndertimi i shkolles se mesme Adem Gllavica ne Lipjan,,,,,,,,,,,0922 208111-1730170 15269 08.2017-12.2027 Ndertimi i shkolles se mesme Adem Gllavica ne Lipjan
3.2,165,313,source,"208000 - Ministria e Arsimit, Shkencës, Teknologjisë dhe Inovacionit",208111 - Arsimi Parauniverzitar,98100 - Investimet kapitale në Arsimin parauniversitar,0922,208111-1730170,15269,08.2017-12.2027,Ndertimi i shkolles se mesme Adem Gllavica ne Lipjan,GQ,,2181644.0,600000.0,0.0,600000.0,0.0,0.0,0.0,2781644.0,"GQ 2,181,644 600,000 0 600,000 0 0 0 2,781,644"
3.2,165,327,project,"208000 - Ministria e Arsimit, Shkencës, Teknologjisë dhe Inovacionit",208111 - Arsimi Parauniverzitar,98100 - Investimet kapitale në Arsimin parauniversitar,0912,208111-1830579,15532,03.2019-12.2025,Ndertimi i aneksit dhe renovimi i shkolles fillore në Zaskok-Ferizaj,,,,,,,,,,,0912 208111-1830579 15532 03.2019-12.2025 Ndertimi i aneksit dhe renovimi i shkolles fillore në Zaskok-Ferizaj
3.2,165,341,source,"208000 - Ministria e Arsimit, Shkencës, Teknologjisë dhe Inovacionit",208111 - Arsimi Parauniverzitar,98100 - Investimet kapitale në Arsimin parauniversitar,0912,208111-1830579,15532,03.2019-12.2025,Ndertimi i aneksit dhe renovimi i shkolles fillore në Zaskok-Ferizaj,GQ,,1397961.0,100000.0,0.0,100000.0,50000.0,0.0,0.0,1547961.0,"GQ 1,397,961 100,000 0 100,000 50,000 0 0 1,547,961"
3.2,165,355,project,"208000 - Ministria e Arsimit, Shkencës, Teknologjisë dhe Inovacionit",208111 - Arsimi Parauniverzitar,98100 - Investimet kapitale në Arsimin parauniversitar,0912,208111-1830586,15538,03.2019-12.2025,"Ndërtimi i shkollen fillore ne Vraniq, Suhareke",,,,,,,,,,,"0912 208111-1830586 15538 03.2019-12.2025 Ndërtimi i shkollen fillore ne Vraniq, Suhareke"
3.2,165,369,source,"208000 - Ministria e Arsimit, Shkencës, Teknologjisë dhe Inovacionit",208111 - Arsimi Parauniverzitar,98100 - Investimet kapitale në Arsimin parauniversitar,0912,208111-1830586,15538,03.2019-12.2025,"Ndërtimi i shkollen fillore ne Vraniq, Suhareke",GQ,,855501.0,300000.0,0.0,300000.0,600000.0,0.0,0.0,1755501.0,"GQ 855,501 300,000 0 300,000 600,000 0 0 1,755,501"
3.2,165,383,project,"208000 - Ministria e Arsimit, Shkencës, Teknologjisë dhe Inovacionit",208111 - Arsimi Parauniverzitar,98100 - Investimet kapitale në Arsimin parauniversitar,0912,208111-1830589,15541,03.2023-12.2026,Ndërtimi I sallës së sportit në Kamenicë,,,,,,,,,,,0912 208111-1830589 15541 03.2023-12.2026 Ndërtimi I sallës së sportit në Kamenicë
3.2,165,398,source,"208000 - Ministria e Arsimit, Shkencës, Teknologjisë dhe Inovacionit",208111 - Arsimi Parauniverzitar,98100 - Investimet kapitale në Arsimin parauniversitar,0912,208111-1830589,15541,03.2023-12.2026,Ndërtimi I sallës së sportit në Kamenicë,GQ,,20004.0,200000.0,0.0,200000.0,100000.0,0.0,0.0,320004.0,"GQ 20,004 200,000 0 200,000 100,000 0 0 320,004"
3.2,165,412,project,"208000 - Ministria e Arsimit, Shkencës, Teknologjisë dhe Inovacionit",208111 - Arsimi Parauniverzitar,98100 - Investimet kapitale në Arsimin parauniversitar,0912,208111-1830592,15544,03.2023-12.2026,Ndertimi I aneksit dhe renovimi i shkolles  në Samadraxhë - Suharekë,,,,,,,,,,,0912 208111-1830592 15544 03.2023-12.2026 Ndertimi I aneksit dhe renovimi i shkolles në Samadraxhë - Suharekë
3.2,165,426,source,"208000 - Ministria e Arsimit, Shkencës, Teknologjisë dhe Inovacionit",208111 - Arsimi Parauniverzitar,98100 - Investimet kapitale në Arsimin parauniversitar,0912,208111-1830592,15544,03.2023-12.2026,Ndertimi I aneksit dhe renovimi i shkolles  në Samadraxhë - Suharekë,GQ,,962362.0,200000.0,0.0,200000.0,500000.0,0.0,0.0,1662362.0,"GQ 962,362 200,000 0 200,000 500,000 0 0 1,662,362"
3.2,165,440,project,"208000 - Ministria e Arsimit, Shkencës, Teknologjisë dhe Inovacionit",208111 - Arsimi Parauniverzitar,98100 - Investimet kapitale në Arsimin parauniversitar,0912,208111-1830594,15546,03.2023-12.2027,Ndertimi I shkolles fillore ne Graçanicë,,,,,,,,,,,0912 208111-1830594 15546 03.2023-12.2027 Ndertimi I shkolles fillore ne Graçanicë
3.2,165,454,source,"208000 - Ministria e Arsimit, Shkencës, Teknologjisë dhe Inovacionit",208111 - Arsimi Parauniverzitar,98100 - Investimet kapitale në Arsimin parauniversitar,0912,208111-1830594,15546,03.2023-12.2027,Ndertimi I shkolles fillore ne Graçanicë,GQ,,0.0,50000.0,0.0,50000.0,100000.0,1000000.0,0.0,1150000.0,"GQ 0 50,000 0 50,000 100,000 1,000,000 0 1,150,000"
3.2,165,469,project,"208000 - Ministria e Arsimit, Shkencës, Teknologjisë dhe Inovacionit",208111 - Arsimi Parauniverzitar,98100 - Investimet kapitale në Arsimin parauniversitar,0912,208111-1830595,15547,03.2023-12.2026,Ndërtimi I shkollës fillore dhe të mesme të ulët në F.Kosovë,,,,,,,,,,,0912 208111-1830595 15547 03.2023-12.2026 Ndërtimi I shkollës fillore dhe të mesme të ulët në F.Kosovë
3.2,165,483,source,"208000 - Ministria e Arsimit, Shkencës, Teknologjisë dhe Inovacionit",208111 - Arsimi Parauniverzitar,98100 - Investimet kapitale në Arsimin parauniversitar,0912,208111-1830595,15547,03.2023-12.2026,Ndërtimi I shkollës fillore dhe të mesme të ulët në F.Kosovë,GQ,,850000.0,850000.0,0.0,850000.0,900000.0,1100000.0,0.0,3700000.0,"GQ 850,000 850,000 0 850,000 900,000 1,100,000 0 3,700,000"
3.2,165,497,project,"208000 - Ministria e Arsimit, Shkencës, Teknologjisë dhe Inovacionit",208111 - Arsimi Parauniverzitar,98100 - Investimet kapitale në Arsimin parauniversitar,0980,208111-1830597,15549,02.2018-12.2027,Blerja dhe pajisja e sallave te ed.fizike me pako sportive,,,,,,,,,,,0980 208111-1830597 15549 02.2018-12.2027 Blerja dhe pajisja e sallave te ed.fizike me pako sportive
3.2,165,511,source,"208000 - Ministria e Arsimit, Shkencës, Teknologjisë dhe Inovacionit",208111 - Arsimi Parauniverzitar,98100 - Investimet kapitale në Arsimin parauniversitar,0980,208111-1830597,15549,02.2018-12.2027,Blerja dhe pajisja e sallave te ed.fizike me pako sportive,GQ,,6597427.0,700000.0,0.0,700000.0,800000.0,1000000.0,0.0,9097427.0,"GQ 6,597,427 700,000 0 700,000 800,000 1,000,000 0 9,097,427"
3.2,166,171,project,"208000 - Ministria e Arsimit, Shkencës, Teknologjisë dhe Inovacionit",208111 - Arsimi Parauniverzitar,98100 - Investimet kapitale në Arsimin parauniversitar,0922,208111-1832872,15779,03.2018-12.2027,Ndërtimi i shkollës profesionale në Ferizaj,,,,,,,,,,,0922 208111-1832872 15779 03.2018-12.2027 Ndërtimi i shkollës profesionale në Ferizaj
3.2,166,185,source,"208000 - Ministria e Arsimit, Shkencës, Teknologjisë dhe Inovacionit",208111 - Arsimi Parauniverzitar,98100 - Investimet kapitale në Arsimin parauniversitar,0922,208111-1832872,15779,03.2018-12.2027,Ndërtimi i shkollës profesionale në Ferizaj,GQ,,778331.0,400000.0,0.0,400000.0,400000.0,0.0,0.0,1578331.0,"GQ 778,331 400,000 0 400,000 400,000 0 0 1,578,331"
3.2,166,199,project,"208000 - Ministria e Arsimit, Shkencës, Teknologjisë dhe Inovacionit",208111 - Arsimi Parauniverzitar,98100 - Investimet kapitale në Arsimin parauniversitar,0911,208111-1832878,15785,02.2018-12.2025,"Ndërtimi i qerdhës në lagjën Arbëria, Klinë",,,,,,,,,,,"0911 208111-1832878 15785 02.2018-12.2025 Ndërtimi i qerdhës në lagjën Arbëria, Klinë"
3.2,166,213,source,"208000 - Ministria e Arsimit, Shkencës, Teknologjisë dhe Inovacionit",208111 - Arsimi Parauniverzitar,98100 - Investimet kapitale në Arsimin parauniversitar,0911,208111-1832878,15785,02.2018-12.2025,"Ndërtimi i qerdhës në lagjën Arbëria, Klinë",GQ,,717946.0,350000.0,0.0,350000.0,0.0,0.0,0.0,1067946.0,"GQ 717,946 350,000 0 350,000 0 0 0 1,067,946"
3.2,166,228,project,"208000 - Ministria e Arsimit, Shkencës, Teknologjisë dhe Inovacionit",208111 - Arsimi Parauniverzitar,98100 - Investimet kapitale në Arsimin parauniversitar,0912,208111-1832882,15788,03.2018-12.2025,Ndërtimi i shkollës fillore Ibrahim Mazrek  në Malishevë,,,,,,,,,,,0912 208111-1832882 15788 03.2018-12.2025 Ndërtimi i shkollës fillore Ibrahim Mazrek në Malishevë
3.2,166,242,source,"208000 - Ministria e Arsimit, Shkencës, Teknologjisë dhe Inovacionit",208111 - Arsimi Parauniverzitar,98100 - Investimet kapitale në Arsimin parauniversitar,0912,208111-1832882,15788,03.2018-12.2025,Ndërtimi i shkollës fillore Ibrahim Mazrek  në Malishevë,GQ,,1862820.0,400000.0,0.0,400000.0,400000.0,0.0,0.0,2662820.0,"GQ 1,862,820 400,000 0 400,000 400,000 0 0 2,662,820"
3.2,166,256,project,"208000 - Ministria e Arsimit, Shkencës, Teknologjisë dhe Inovacionit",208111 - Arsimi Parauniverzitar,98100 - Investimet kapitale në Arsimin parauniversitar,0950,208111-1933002,18018,03.2021-12.2025,Ndërtimi I sallës së sportit në Vushtrri,,,,,,,,,,,0950 208111-1933002 18018 03.2021-12.2025 Ndërtimi I sallës së sportit në Vushtrri
3.2,166,270,source,"208000 - Ministria e Arsimit, Shkencës, Teknologjisë dhe Inovacionit",208111 - Arsimi Parauniverzitar,98100 - Investimet kapitale në Arsimin parauniversitar,0950,208111-1933002,18018,03.2021-12.2025,Ndërtimi I sallës së sportit në Vushtrri,GQ,,457014.0,150000.0,0.0,150000.0,0.0,0.0,0.0,607014.0,"GQ 457,014 150,000 0 150,000 0 0 0 607,014"
3.2,166,284,project,"208000 - Ministria e Arsimit, Shkencës, Teknologjisë dhe Inovacionit",208111 - Arsimi Parauniverzitar,98100 - Investimet kapitale në Arsimin parauniversitar,0950,208111-1933030,18031,03.2019-12.2027,Rregullimi I infrastruktures per objektet e arsimit special,,,,,,,,,,,0950 208111-1933030 18031 03.2019-12.2027 Rregullimi I infrastruktures per objektet e arsimit special
3.2,166,298,source,"208000 - Ministria e Arsimit, Shkencës, Teknologjisë dhe Inovacionit",208111 - Arsimi Parauniverzitar,98100 - Investimet kapitale në Arsimin parauniversitar,0950,208111-1933030,18031,03.2019-12.2027,Rregullimi I infrastruktures per objektet e arsimit special,GQ,,446747.0,100000.0,0.0,100000.0,100000.0,100000.0,0.0,746747.0,"GQ 446,747 100,000 0 100,000 100,000 100,000 0 746,747"
3.2,166,313,project,"208000 - Ministria e Arsimit, Shkencës, Teknologjisë dhe Inovacionit",208111 - Arsimi Parauniverzitar,98100 - Investimet kapitale në Arsimin parauniversitar,0922,208111-1933032,18032,03.2019-12.2027,Rregullimi I infrastruktures per objektet e arsimit profesional,,,,,,,,,,,0922 208111-1933032 18032 03.2019-12.2027 Rregullimi I infrastruktures per objektet e arsimit profesional
3.2,166,327,source,"208000 - Ministria e Arsimit, Shkencës, Teknologjisë dhe Inovacionit",208111 - Arsimi Parauniverzitar,98100 - Investimet kapitale në Arsimin parauniversitar,0922,208111-1933032,18032,03.2019-12.2027,Rregullimi I infrastruktures per objektet e arsimit profesional,GQ,,269074.0,100000.0,0.0,100000.0,100000.0,100000.0,0.0,569074.0,"GQ 269,074 100,000 0 100,000 100,000 100,000 0 569,074"
3.2,166,341,project,"208000 - Ministria e Arsimit, Shkencës, Teknologjisë dhe Inovacionit",208111 - Arsimi Parauniverzitar,98100 - Investimet kapitale në Arsimin parauniversitar,0912,208111-1933034,18033,03.2019-12.2025,Bashkfinancim per implementimin e projektit IPA II-2018,,,,,,,,,,,0912 208111-1933034 18033 03.2019-12.2025 Bashkfinancim per implementimin e projektit IPA II-2018
3.2,166,355,source,"208000 - Ministria e Arsimit, Shkencës, Teknologjisë dhe Inovacionit",208111 - Arsimi Parauniverzitar,98100 - Investimet kapitale në Arsimin parauniversitar,0912,208111-1933034,18033,03.2019-12.2025,Bashkfinancim per implementimin e projektit IPA II-2018,GQ,,2154523.0,50000.0,0.0,50000.0,0.0,0.0,0.0,2204523.0,"GQ 2,154,523 50,000 0 50,000 0 0 0 2,204,523"
3.2,166,369,project,"208000 - Ministria e Arsimit, Shkencës, Teknologjisë dhe Inovacionit",208111 - Arsimi Parauniverzitar,98100 - Investimet kapitale në Arsimin parauniversitar,0912,208111-1935233,18326,03.2019-10.2026,Ndertimi I objekti shkollor ne Doganaj Kacanik,,,,,,,,,,,0912 208111-1935233 18326 03.2019-10.2026 Ndertimi I objekti shkollor ne Doganaj Kacanik
3.2,166,383,source,"208000 - Ministria e Arsimit, Shkencës, Teknologjisë dhe Inovacionit",208111 - Arsimi Parauniverzitar,98100 - Investimet kapitale në Arsimin parauniversitar,0912,208111-1935233,18326,03.2019-10.2026,Ndertimi I objekti shkollor ne Doganaj Kacanik,GQ,,722044.0,400000.0,0.0,400000.0,400000.0,0.0,0.0,1522044.0,"GQ 722,044 400,000 0 400,000 400,000 0 0 1,522,044"
3.2,166,398,project,"208000 - Ministria e Arsimit, Shkencës, Teknologjisë dhe Inovacionit",208111 - Arsimi Parauniverzitar,98100 - Investimet kapitale në Arsimin parauniversitar,0950,208111-1935252,18340,03.2019-12.2027,Blerja e pakove te pajisjeve te nevojshme per fushat lendore dhe mirembajtje,,,,,,,,,,,0950 208111-1935252 18340 03.2019-12.2027 Blerja e pakove te pajisjeve te nevojshme per fushat lendore dhe mirembajtje
3.2,166,412,source,"208000 - Ministria e Arsimit, Shkencës, Teknologjisë dhe Inovacionit",208111 - Arsimi Parauniverzitar,98100 - Investimet kapitale në Arsimin parauniversitar,0950,208111-1935252,18340,03.2019-12.2027,Blerja e pakove te pajisjeve te nevojshme per fushat lendore dhe mirembajtje,GQ,,4431493.0,800000.0,0.0,800000.0,800000.0,1000000.0,0.0,7031493.0,"GQ 4,431,493 800,000 0 800,000 800,000 1,000,000 0 7,031,493"
3.2,166,426,project,"208000 - Ministria e Arsimit, Shkencës, Teknologjisë dhe Inovacionit",208111 - Arsimi Parauniverzitar,98100 - Investimet kapitale në Arsimin parauniversitar,0912,208111-1935488,18472,03.2019-12.2027,"Ndërtimi i Shkollës së Mesme të Ulët ""Lidhja e Prizrenit"", Deçan",,,,,,,,,,,"0912 208111-1935488 18472 03.2019-12.2027 Ndërtimi i Shkollës së Mesme të Ulët ""Lidhja e Prizrenit"", Deçan"
3.2,166,440,source,"208000 - Ministria e Arsimit, Shkencës, Teknologjisë dhe Inovacionit",208111 - Arsimi Parauniverzitar,98100 - Investimet kapitale në Arsimin parauniversitar,0912,208111-1935488,18472,03.2019-12.2027,"Ndërtimi i Shkollës së Mesme të Ulët ""Lidhja e Prizrenit"", Deçan",GQ,,902638.0,450000.0,0.0,450000.0,750000.0,0.0,0.0,2102638.0,"GQ 902,638 450,000 0 450,000 750,000 0 0 2,102,638"
3.2,166,454,project,"208000 - Ministria e Arsimit, Shkencës, Teknologjisë dhe Inovacionit",208111 - Arsimi Parauniverzitar,98100 - Investimet kapitale në Arsimin parauniversitar,0912,208111-1935489,18473,03.2019-12.2025,Ndërtimi i Shkollës së Mesme të Ulët në Talinoc i Muhaxherëve-Ferizaj,,,,,,,,,,,0912 208111-1935489 18473 03.2019-12.2025 Ndërtimi i Shkollës së Mesme të Ulët në Talinoc i Muhaxherëve-Ferizaj
3.2,166,469,source,"208000 - Ministria e Arsimit, Shkencës, Teknologjisë dhe Inovacionit",208111 - Arsimi Parauniverzitar,98100 - Investimet kapitale në Arsimin parauniversitar,0912,208111-1935489,18473,03.2019-12.2025,Ndërtimi i Shkollës së Mesme të Ulët në Talinoc i Muhaxherëve-Ferizaj,GQ,,1031507.0,50000.0,0.0,50000.0,0.0,0.0,0.0,1081507.0,"GQ 1,031,507 50,000 0 50,000 0 0 0 1,081,507"
3.2,166,483,project,"208000 - Ministria e Arsimit, Shkencës, Teknologjisë dhe Inovacionit",208111 - Arsimi Parauniverzitar,98100 - Investimet kapitale në Arsimin parauniversitar,0950,208111-2035595,18556,03.2020-12.2027,Funksionalizimi I laboratoreve dhe furnizimi me pako laboratorike I shkollave në arsimin parauniversitar,,,,,,,,,,,0950 208111-2035595 18556 03.2020-12.2027 Funksionalizimi I laboratoreve dhe furnizimi me pako laboratorike I shkollave në arsimin parauniversitar
3.2,166,497,source,"208000 - Ministria e Arsimit, Shkencës, Teknologjisë dhe Inovacionit",208111 - Arsimi Parauniverzitar,98100 - Investimet kapitale në Arsimin parauniversitar,0950,208111-2035595,18556,03.2020-12.2027,Funksionalizimi I laboratoreve dhe furnizimi me pako laboratorike I shkollave në arsimin parauniversitar,GQ,,2641357.0,800000.0,0.0,800000.0,800000.0,1000000.0,0.0,5241357.0,"GQ 2,641,357 800,000 0 800,000 800,000 1,000,000 0 5,241,357"
3.2,167,171,project,"208000 - Ministria e Arsimit, Shkencës, Teknologjisë dhe Inovacionit",208111 - Arsimi Parauniverzitar,98100 - Investimet kapitale në Arsimin parauniversitar,0911,208111-2035597,18558,03.2020-12.2027,Renovimi dhe funksionalizimi I objekteve shkollore në kopshte për fëmijë,,,,,,,,,,,0911 208111-2035597 18558 03.2020-12.2027 Renovimi dhe funksionalizimi I objekteve shkollore në kopshte për fëmijë
3.2,167,185,source,"208000 - Ministria e Arsimit, Shkencës, Teknologjisë dhe Inovacionit",208111 - Arsimi Parauniverzitar,98100 - Investimet kapitale në Arsimin parauniversitar,0911,208111-2035597,18558,03.2020-12.2027,Renovimi dhe funksionalizimi I objekteve shkollore në kopshte për fëmijë,GQ,,2249979.0,400000.0,0.0,400000.0,300000.0,800000.0,0.0,3749979.0,"GQ 2,249,979 400,000 0 400,000 300,000 800,000 0 3,749,979"
3.2,167,199,project,"208000 - Ministria e Arsimit, Shkencës, Teknologjisë dhe Inovacionit",208111 - Arsimi Parauniverzitar,98100 - Investimet kapitale në Arsimin parauniversitar,0950,208111-2035598,18559,03.2020-12.2027,Renovimi dhe funksionalizimi I tualeteteve në shkolla,,,,,,,,,,,0950 208111-2035598 18559 03.2020-12.2027 Renovimi dhe funksionalizimi I tualeteteve në shkolla
3.2,167,213,source,"208000 - Ministria e Arsimit, Shkencës, Teknologjisë dhe Inovacionit",208111 - Arsimi Parauniverzitar,98100 - Investimet kapitale në Arsimin parauniversitar,0950,208111-2035598,18559,03.2020-12.2027,Renovimi dhe funksionalizimi I tualeteteve në shkolla,GQ,,861569.0,50000.0,0.0,50000.0,200000.0,500000.0,0.0,1611569.0,"GQ 861,569 50,000 0 50,000 200,000 500,000 0 1,611,569"
3.2,167,228,project,"208000 - Ministria e Arsimit, Shkencës, Teknologjisë dhe Inovacionit",208111 - Arsimi Parauniverzitar,98100 - Investimet kapitale në Arsimin parauniversitar,0912,208111-2035599,18560,03.2020-12.2026,Ndërtimi I shkollës në Damjan-Gjakovë,,,,,,,,,,,0912 208111-2035599 18560 03.2020-12.2026 Ndërtimi I shkollës në Damjan-Gjakovë
3.2,167,242,source,"208000 - Ministria e Arsimit, Shkencës, Teknologjisë dhe Inovacionit",208111 - Arsimi Parauniverzitar,98100 - Investimet kapitale në Arsimin parauniversitar,0912,208111-2035599,18560,03.2020-12.2026,Ndërtimi I shkollës në Damjan-Gjakovë,GQ,,740391.0,400000.0,0.0,400000.0,400000.0,0.0,0.0,1540391.0,"GQ 740,391 400,000 0 400,000 400,000 0 0 1,540,391"
3.2,167,256,project,"208000 - Ministria e Arsimit, Shkencës, Teknologjisë dhe Inovacionit",208111 - Arsimi Parauniverzitar,98100 - Investimet kapitale në Arsimin parauniversitar,0911,208111-2037462,18713,02.2020-12.2025,Ndërtimi I çerdhes së fëmijëve në Komoran-Gllogoc,,,,,,,,,,,0911 208111-2037462 18713 02.2020-12.2025 Ndërtimi I çerdhes së fëmijëve në Komoran-Gllogoc
3.2,167,270,source,"208000 - Ministria e Arsimit, Shkencës, Teknologjisë dhe Inovacionit",208111 - Arsimi Parauniverzitar,98100 - Investimet kapitale në Arsimin parauniversitar,0911,208111-2037462,18713,02.2020-12.2025,Ndërtimi I çerdhes së fëmijëve në Komoran-Gllogoc,GQ,,148379.0,200000.0,0.0,200000.0,100000.0,0.0,0.0,448379.0,"GQ 148,379 200,000 0 200,000 100,000 0 0 448,379"
3.2,167,284,project,"208000 - Ministria e Arsimit, Shkencës, Teknologjisë dhe Inovacionit",208111 - Arsimi Parauniverzitar,98100 - Investimet kapitale në Arsimin parauniversitar,0912,208111-2037570,18779,03.2020-12.2026,"Ndertimi i shkolles fillore ""F.Noli"" ne Kamenice",,,,,,,,,,,"0912 208111-2037570 18779 03.2020-12.2026 Ndertimi i shkolles fillore ""F.Noli"" ne Kamenice"
3.2,167,298,source,"208000 - Ministria e Arsimit, Shkencës, Teknologjisë dhe Inovacionit",208111 - Arsimi Parauniverzitar,98100 - Investimet kapitale në Arsimin parauniversitar,0912,208111-2037570,18779,03.2020-12.2026,"Ndertimi i shkolles fillore ""F.Noli"" ne Kamenice",GQ,,1349759.0,850000.0,0.0,850000.0,1000000.0,0.0,0.0,3199759.0,"GQ 1,349,759 850,000 0 850,000 1,000,000 0 0 3,199,759"
3.2,167,313,project,"208000 - Ministria e Arsimit, Shkencës, Teknologjisë dhe Inovacionit",208111 - Arsimi Parauniverzitar,98100 - Investimet kapitale në Arsimin parauniversitar,0950,208111-2037572,18780,03.2019-12.2027,Ndertimi i objekteve shkollore ne zonat urbane,,,,,,,,,,,0950 208111-2037572 18780 03.2019-12.2027 Ndertimi i objekteve shkollore ne zonat urbane
3.2,167,327,source,"208000 - Ministria e Arsimit, Shkencës, Teknologjisë dhe Inovacionit",208111 - Arsimi Parauniverzitar,98100 - Investimet kapitale në Arsimin parauniversitar,0950,208111-2037572,18780,03.2019-12.2027,Ndertimi i objekteve shkollore ne zonat urbane,GQ,,5505478.0,3202054.0,0.0,3202054.0,3732054.0,5850000.0,0.0,18289586.0,"GQ 5,505,478 3,202,054 0 3,202,054 3,732,054 5,850,000 0 18,289,586"
3.2,167,341,project,"208000 - Ministria e Arsimit, Shkencës, Teknologjisë dhe Inovacionit",208111 - Arsimi Parauniverzitar,98100 - Investimet kapitale në Arsimin parauniversitar,0912,208111-2239560,18929,03.2022-12.2026,"Ndërtimi i objektit të sh.f.mu. ""Ilir Konushevci"" në Llugë-Podujevë",,,,,,,,,,,"0912 208111-2239560 18929 03.2022-12.2026 Ndërtimi i objektit të sh.f.mu. ""Ilir Konushevci"" në Llugë-Podujevë"
3.2,167,355,source,"208000 - Ministria e Arsimit, Shkencës, Teknologjisë dhe Inovacionit",208111 - Arsimi Parauniverzitar,98100 - Investimet kapitale në Arsimin parauniversitar,0912,208111-2239560,18929,03.2022-12.2026,"Ndërtimi i objektit të sh.f.mu. ""Ilir Konushevci"" në Llugë-Podujevë",GQ,,1299116.0,350000.0,0.0,350000.0,200000.0,0.0,0.0,1849116.0,"GQ 1,299,116 350,000 0 350,000 200,000 0 0 1,849,116"
3.2,167,369,project,"208000 - Ministria e Arsimit, Shkencës, Teknologjisë dhe Inovacionit",208111 - Arsimi Parauniverzitar,98100 - Investimet kapitale në Arsimin parauniversitar,0911,208111-2240822,19008,01.2022-12.2027,Ndërtimi i çerdheve për fëmijë,,,,,,,,,,,0911 208111-2240822 19008 01.2022-12.2027 Ndërtimi i çerdheve për fëmijë
3.2,167,383,source,"208000 - Ministria e Arsimit, Shkencës, Teknologjisë dhe Inovacionit",208111 - Arsimi Parauniverzitar,98100 - Investimet kapitale në Arsimin parauniversitar,0911,208111-2240822,19008,01.2022-12.2027,Ndërtimi i çerdheve për fëmijë,GQ,,4196617.0,2915000.0,0.0,2915000.0,2900000.0,3100000.0,0.0,13111617.0,"GQ 4,196,617 2,915,000 0 2,915,000 2,900,000 3,100,000 0 13,111,617"
3.2,167,398,project,"208000 - Ministria e Arsimit, Shkencës, Teknologjisë dhe Inovacionit",208111 - Arsimi Parauniverzitar,98100 - Investimet kapitale në Arsimin parauniversitar,0111,208111-2240868,19058,03.2022-10.2027,Ndërtimi i çerdhes së re ne lagjen Ilirida te Mitrovices,,,,,,,,,,,0111 208111-2240868 19058 03.2022-10.2027 Ndërtimi i çerdhes së re ne lagjen Ilirida te Mitrovices
3.2,167,412,source,"208000 - Ministria e Arsimit, Shkencës, Teknologjisë dhe Inovacionit",208111 - Arsimi Parauniverzitar,98100 - Investimet kapitale në Arsimin parauniversitar,0111,208111-2240868,19058,03.2022-10.2027,Ndërtimi i çerdhes së re ne lagjen Ilirida te Mitrovices,GQ,,0.0,100000.0,0.0,100000.0,300000.0,0.0,0.0,400000.0,"GQ 0 100,000 0 100,000 300,000 0 0 400,000"
3.2,167,426,project,"208000 - Ministria e Arsimit, Shkencës, Teknologjisë dhe Inovacionit",208111 - Arsimi Parauniverzitar,98100 - Investimet kapitale në Arsimin parauniversitar,0980,208111-2240870,19060,02.2022-11.2025,Ndërtimin e çerdhës në fshatin Koretin të Kamenicës,,,,,,,,,,,0980 208111-2240870 19060 02.2022-11.2025 Ndërtimin e çerdhës në fshatin Koretin të Kamenicës
3.2,167,440,source,"208000 - Ministria e Arsimit, Shkencës, Teknologjisë dhe Inovacionit",208111 - Arsimi Parauniverzitar,98100 - Investimet kapitale në Arsimin parauniversitar,0980,208111-2240870,19060,02.2022-11.2025,Ndërtimin e çerdhës në fshatin Koretin të Kamenicës,GQ,,281422.0,135000.0,0.0,135000.0,0.0,0.0,0.0,416422.0,"GQ 281,422 135,000 0 135,000 0 0 0 416,422"
3.2,167,454,project,"208000 - Ministria e Arsimit, Shkencës, Teknologjisë dhe Inovacionit",208111 - Arsimi Parauniverzitar,98100 - Investimet kapitale në Arsimin parauniversitar,0980,208111-2240871,19061,02.2022-11.2025,Ndërtimi i çerdhes në qytetin e Rahovecit,,,,,,,,,,,0980 208111-2240871 19061 02.2022-11.2025 Ndërtimi i çerdhes në qytetin e Rahovecit
3.2,167,469,source,"208000 - Ministria e Arsimit, Shkencës, Teknologjisë dhe Inovacionit",208111 - Arsimi Parauniverzitar,98100 - Investimet kapitale në Arsimin parauniversitar,0980,208111-2240871,19061,02.2022-11.2025,Ndërtimi i çerdhes në qytetin e Rahovecit,GQ,,419313.0,220000.0,0.0,220000.0,0.0,0.0,0.0,639313.0,"GQ 419,313 220,000 0 220,000 0 0 0 639,313"
3.2,167,483,project,"208000 - Ministria e Arsimit, Shkencës, Teknologjisë dhe Inovacionit",208111 - Arsimi Parauniverzitar,98100 - Investimet kapitale në Arsimin parauniversitar,0980,208111-2240874,19063,03.2022-12.2025,Ndërtimi i shkollës së re në Ponoshec të Gjakovës,,,,,,,,,,,0980 208111-2240874 19063 03.2022-12.2025 Ndërtimi i shkollës së re në Ponoshec të Gjakovës
3.2,167,497,source,"208000 - Ministria e Arsimit, Shkencës, Teknologjisë dhe Inovacionit",208111 - Arsimi Parauniverzitar,98100 - Investimet kapitale në Arsimin parauniversitar,0980,208111-2240874,19063,03.2022-12.2025,Ndërtimi i shkollës së re në Ponoshec të Gjakovës,GQ,,1361502.0,200000.0,0.0,200000.0,0.0,0.0,0.0,1561502.0,"GQ 1,361,502 200,000 0 200,000 0 0 0 1,561,502"
3.2,168,171,project,"208000 - Ministria e Arsimit, Shkencës, Teknologjisë dhe Inovacionit",208111 - Arsimi Parauniverzitar,98100 - Investimet kapitale në Arsimin parauniversitar,0980,208111-2240875,19064,01.2022-09.2026,"Ndërtimi i shkollës së mesme të ulët ""Milaim Krasniqi""",,,,,,,,,,,"0980 208111-2240875 19064 01.2022-09.2026 Ndërtimi i shkollës së mesme të ulët ""Milaim Krasniqi"""
3.2,168,185,source,"208000 - Ministria e Arsimit, Shkencës, Teknologjisë dhe Inovacionit",208111 - Arsimi Parauniverzitar,98100 - Investimet kapitale në Arsimin parauniversitar,0980,208111-2240875,19064,01.2022-09.2026,"Ndërtimi i shkollës së mesme të ulët ""Milaim Krasniqi""",GQ,,566761.0,200000.0,0.0,200000.0,0.0,0.0,0.0,766761.0,"GQ 566,761 200,000 0 200,000 0 0 0 766,761"
3.2,168,199,project,"208000 - Ministria e Arsimit, Shkencës, Teknologjisë dhe Inovacionit",208111 - Arsimi Parauniverzitar,98100 - Investimet kapitale në Arsimin parauniversitar,0980,208111-2240877,19066,02.2022-08.20226,Restaurimi i shkolles Gjon Sereçi- Ferizaj,,,,,,,,,,,0980 208111-2240877 19066 02.2022-08.20226 Restaurimi i shkolles Gjon Sereçi- Ferizaj
3.2,168,213,source,"208000 - Ministria e Arsimit, Shkencës, Teknologjisë dhe Inovacionit",208111 - Arsimi Parauniverzitar,98100 - Investimet kapitale në Arsimin parauniversitar,0980,208111-2240877,19066,02.2022-08.20226,Restaurimi i shkolles Gjon Sereçi- Ferizaj,GQ,,0.0,50000.0,0.0,50000.0,100000.0,0.0,0.0,150000.0,"GQ 0 50,000 0 50,000 100,000 0 0 150,000"
3.2,168,228,project,"208000 - Ministria e Arsimit, Shkencës, Teknologjisë dhe Inovacionit",208111 - Arsimi Parauniverzitar,98100 - Investimet kapitale në Arsimin parauniversitar,0911,208111-2341376,19117,03.2024-12.2027,Participim në projektin IPA 2023 në ndërtim  të çerdheve,,,,,,,,,,,0911 208111-2341376 19117 03.2024-12.2027 Participim në projektin IPA 2023 në ndërtim të çerdheve
3.2,168,242,source,"208000 - Ministria e Arsimit, Shkencës, Teknologjisë dhe Inovacionit",208111 - Arsimi Parauniverzitar,98100 - Investimet kapitale në Arsimin parauniversitar,0911,208111-2341376,19117,03.2024-12.2027,Participim në projektin IPA 2023 në ndërtim  të çerdheve,GQ,,3703616.0,1000000.0,0.0,1000000.0,1000000.0,2000000.0,0.0,7703616.0,"GQ 3,703,616 1,000,000 0 1,000,000 1,000,000 2,000,000 0 7,703,616"
3.2,168,256,project,"208000 - Ministria e Arsimit, Shkencës, Teknologjisë dhe Inovacionit",208111 - Arsimi Parauniverzitar,98100 - Investimet kapitale në Arsimin parauniversitar,0912,208111-2341377,19118,06.2025-12.2027,Ndërtimi I shkollës fillore në Prishtinë,,,,,,,,,,,0912 208111-2341377 19118 06.2025-12.2027 Ndërtimi I shkollës fillore në Prishtinë
3.2,168,270,source,"208000 - Ministria e Arsimit, Shkencës, Teknologjisë dhe Inovacionit",208111 - Arsimi Parauniverzitar,98100 - Investimet kapitale në Arsimin parauniversitar,0912,208111-2341377,19118,06.2025-12.2027,Ndërtimi I shkollës fillore në Prishtinë,GQ,,1032021.0,1000000.0,0.0,1000000.0,900000.0,900000.0,0.0,3832021.0,"GQ 1,032,021 1,000,000 0 1,000,000 900,000 900,000 0 3,832,021"
3.2,168,284,project,"208000 - Ministria e Arsimit, Shkencës, Teknologjisë dhe Inovacionit",208111 - Arsimi Parauniverzitar,98100 - Investimet kapitale në Arsimin parauniversitar,0912,208111-2341379,19120,06.2025-12.2027,Ndërtimi I Sallës së sportit të sh.f.mu. ?Shaban Shala?në Podujevë,,,,,,,,,,,0912 208111-2341379 19120 06.2025-12.2027 Ndërtimi I Sallës së sportit të sh.f.mu. ?Shaban Shala?në Podujevë
3.2,168,298,source,"208000 - Ministria e Arsimit, Shkencës, Teknologjisë dhe Inovacionit",208111 - Arsimi Parauniverzitar,98100 - Investimet kapitale në Arsimin parauniversitar,0912,208111-2341379,19120,06.2025-12.2027,Ndërtimi I Sallës së sportit të sh.f.mu. ?Shaban Shala?në Podujevë,GQ,,118477.0,300000.0,0.0,300000.0,50000.0,0.0,0.0,468477.0,"GQ 118,477 300,000 0 300,000 50,000 0 0 468,477"
3.2,168,313,project,"208000 - Ministria e Arsimit, Shkencës, Teknologjisë dhe Inovacionit",208111 - Arsimi Parauniverzitar,98100 - Investimet kapitale në Arsimin parauniversitar,0922,208111-2341384,19125,06.2024-12.2025,Renovimi i gjimnazit Ismail Qemali ne Kamenice,,,,,,,,,,,0922 208111-2341384 19125 06.2024-12.2025 Renovimi i gjimnazit Ismail Qemali ne Kamenice
3.2,168,327,source,"208000 - Ministria e Arsimit, Shkencës, Teknologjisë dhe Inovacionit",208111 - Arsimi Parauniverzitar,98100 - Investimet kapitale në Arsimin parauniversitar,0922,208111-2341384,19125,06.2024-12.2025,Renovimi i gjimnazit Ismail Qemali ne Kamenice,GQ,,23480.0,150000.0,0.0,150000.0,0.0,0.0,0.0,173480.0,"GQ 23,480 150,000 0 150,000 0 0 0 173,480"
3.2,168,341,project,"208000 - Ministria e Arsimit, Shkencës, Teknologjisë dhe Inovacionit",208111 - Arsimi Parauniverzitar,98100 - Investimet kapitale në Arsimin parauniversitar,0950,208111-2341389,19128,02.2023-12.2027,"Dixhitalizim, pajisje me kompjuter, tabela smart e projektor",,,,,,,,,,,"0950 208111-2341389 19128 02.2023-12.2027 Dixhitalizim, pajisje me kompjuter, tabela smart e projektor"
3.2,168,355,source,"208000 - Ministria e Arsimit, Shkencës, Teknologjisë dhe Inovacionit",208111 - Arsimi Parauniverzitar,98100 - Investimet kapitale në Arsimin parauniversitar,0950,208111-2341389,19128,02.2023-12.2027,"Dixhitalizim, pajisje me kompjuter, tabela smart e projektor",GQ,,0.0,4000000.0,0.0,4000000.0,6000000.0,6000000.0,0.0,16000000.0,"GQ 0 4,000,000 0 4,000,000 6,000,000 6,000,000 0 16,000,000"
3.2,168,369,project,"208000 - Ministria e Arsimit, Shkencës, Teknologjisë dhe Inovacionit",208111 - Arsimi Parauniverzitar,98100 - Investimet kapitale në Arsimin parauniversitar,0912,208111-2343579,19189,03.2024-12.2025,Ndërtimi i sallës së sportit në sh.f.mu. në Godancë-Shtime,,,,,,,,,,,0912 208111-2343579 19189 03.2024-12.2025 Ndërtimi i sallës së sportit në sh.f.mu. në Godancë-Shtime
3.2,168,383,source,"208000 - Ministria e Arsimit, Shkencës, Teknologjisë dhe Inovacionit",208111 - Arsimi Parauniverzitar,98100 - Investimet kapitale në Arsimin parauniversitar,0912,208111-2343579,19189,03.2024-12.2025,Ndërtimi i sallës së sportit në sh.f.mu. në Godancë-Shtime,GQ,,37333.0,250000.0,0.0,250000.0,0.0,0.0,0.0,287333.0,"GQ 37,333 250,000 0 250,000 0 0 0 287,333"
3.2,168,398,project,"208000 - Ministria e Arsimit, Shkencës, Teknologjisë dhe Inovacionit",208111 - Arsimi Parauniverzitar,98100 - Investimet kapitale në Arsimin parauniversitar,0911,208111-2343591,19197,02.2025-12.2027,Ndërtimi i çerdhes në Malishevë,,,,,,,,,,,0911 208111-2343591 19197 02.2025-12.2027 Ndërtimi i çerdhes në Malishevë
3.2,168,412,source,"208000 - Ministria e Arsimit, Shkencës, Teknologjisë dhe Inovacionit",208111 - Arsimi Parauniverzitar,98100 - Investimet kapitale në Arsimin parauniversitar,0911,208111-2343591,19197,02.2025-12.2027,Ndërtimi i çerdhes në Malishevë,GQ,,0.0,150000.0,0.0,150000.0,500000.0,200000.0,0.0,850000.0,"GQ 0 150,000 0 150,000 500,000 200,000 0 850,000"
3.2,168,426,project,"208000 - Ministria e Arsimit, Shkencës, Teknologjisë dhe Inovacionit",208111 - Arsimi Parauniverzitar,98100 - Investimet kapitale në Arsimin parauniversitar,0911,208111-2343592,19198,02.2025-12.2027,Ndërtimi i çerdhes në Ferizaj,,,,,,,,,,,0911 208111-2343592 19198 02.2025-12.2027 Ndërtimi i çerdhes në Ferizaj
3.2,168,440,source,"208000 - Ministria e Arsimit, Shkencës, Teknologjisë dhe Inovacionit",208111 - Arsimi Parauniverzitar,98100 - Investimet kapitale në Arsimin parauniversitar,0911,208111-2343592,19198,02.2025-12.2027,Ndërtimi i çerdhes në Ferizaj,GQ,,0.0,50000.0,0.0,50000.0,350000.0,600000.0,0.0,1000000.0,"GQ 0 50,000 0 50,000 350,000 600,000 0 1,000,000"
3.2,168,454,project,"208000 - Ministria e Arsimit, Shkencës, Teknologjisë dhe Inovacionit",208111 - Arsimi Parauniverzitar,98100 - Investimet kapitale në Arsimin parauniversitar,0911,208111-2343595,19199,02.2025-12.2027,Ndërtimi i çerdhes në Gjilan,,,,,,,,,,,0911 208111-2343595 19199 02.2025-12.2027 Ndërtimi i çerdhes në Gjilan
3.2,168,469,source,"208000 - Ministria e Arsimit, Shkencës, Teknologjisë dhe Inovacionit",208111 - Arsimi Parauniverzitar,98100 - Investimet kapitale në Arsimin parauniversitar,0911,208111-2343595,19199,02.2025-12.2027,Ndërtimi i çerdhes në Gjilan,GQ,,0.0,0.0,0.0,0.0,300000.0,500000.0,0.0,800000.0,"GQ 0 0 0 0 300,000 500,000 0 800,000"
3.2,168,483,project,"208000 - Ministria e Arsimit, Shkencës, Teknologjisë dhe Inovacionit",208111 - Arsimi Parauniverzitar,98100 - Investimet kapitale në Arsimin parauniversitar,0911,208111-2343596,19200,02.2025-12.2027,Ndërtimi i çerdhes në Pejë,,,,,,,,,,,0911 208111-2343596 19200 02.2025-12.2027 Ndërtimi i çerdhes në Pejë
3.2,168,497,source,"208000 - Ministria e Arsimit, Shkencës, Teknologjisë dhe Inovacionit",208111 - Arsimi Parauniverzitar,98100 - Investimet kapitale në Arsimin parauniversitar,0911,208111-2343596,19200,02.2025-12.2027,Ndërtimi i çerdhes në Pejë,GQ,,0.0,50000.0,0.0,50000.0,350000.0,600000.0,0.0,1000000.0,"GQ 0 50,000 0 50,000 350,000 600,000 0 1,000,000"
3.2,169,171,project,"208000 - Ministria e Arsimit, Shkencës, Teknologjisë dhe Inovacionit",208111 - Arsimi Parauniverzitar,98100 - Investimet kapitale në Arsimin parauniversitar,0911,208111-2343597,19201,02.2025-12.2027,Ndërtimi i çerdhes në Podujevë,,,,,,,,,,,0911 208111-2343597 19201 02.2025-12.2027 Ndërtimi i çerdhes në Podujevë
3.2,169,185,source,"208000 - Ministria e Arsimit, Shkencës, Teknologjisë dhe Inovacionit",208111 - Arsimi Parauniverzitar,98100 - Investimet kapitale në Arsimin parauniversitar,0911,208111-2343597,19201,02.2025-12.2027,Ndërtimi i çerdhes në Podujevë,GQ,,0.0,0.0,0.0,0.0,300000.0,500000.0,0.0,800000.0,"GQ 0 0 0 0 300,000 500,000 0 800,000"
3.2,169,199,project,"208000 - Ministria e Arsimit, Shkencës, Teknologjisë dhe Inovacionit",208111 - Arsimi Parauniverzitar,98100 - Investimet kapitale në Arsimin parauniversitar,0911,208111-2343598,19202,02.2025-12.2027,Ndërtimi i çerdhes në Prishtinë,,,,,,,,,,,0911 208111-2343598 19202 02.2025-12.2027 Ndërtimi i çerdhes në Prishtinë
3.2,169,213,source,"208000 - Ministria e Arsimit, Shkencës, Teknologjisë dhe Inovacionit",208111 - Arsimi Parauniverzitar,98100 - Investimet kapitale në Arsimin parauniversitar,0911,208111-2343598,19202,02.2025-12.2027,Ndërtimi i çerdhes në Prishtinë,GQ,,0.0,50000.0,0.0,50000.0,450000.0,650000.0,0.0,1150000.0,"GQ 0 50,000 0 50,000 450,000 650,000 0 1,150,000"
3.2,169,228,project,"208000 - Ministria e Arsimit, Shkencës, Teknologjisë dhe Inovacionit",208111 - Arsimi Parauniverzitar,98100 - Investimet kapitale në Arsimin parauniversitar,0911,208111-2343599,19203,02.2025-12.2026,Ndërtimi i çerdhes në Prizren,,,,,,,,,,,0911 208111-2343599 19203 02.2025-12.2026 Ndërtimi i çerdhes në Prizren
3.2,169,242,source,"208000 - Ministria e Arsimit, Shkencës, Teknologjisë dhe Inovacionit",208111 - Arsimi Parauniverzitar,98100 - Investimet kapitale në Arsimin parauniversitar,0911,208111-2343599,19203,02.2025-12.2026,Ndërtimi i çerdhes në Prizren,GQ,,0.0,0.0,0.0,0.0,300000.0,500000.0,0.0,800000.0,"GQ 0 0 0 0 300,000 500,000 0 800,000"
3.2,169,256,project,"208000 - Ministria e Arsimit, Shkencës, Teknologjisë dhe Inovacionit",208111 - Arsimi Parauniverzitar,98100 - Investimet kapitale në Arsimin parauniversitar,0911,208111-2343600,19204,02.2025-12.2027,Ndërtimi i çerdhes në Vushtrri,,,,,,,,,,,0911 208111-2343600 19204 02.2025-12.2027 Ndërtimi i çerdhes në Vushtrri
3.2,169,270,source,"208000 - Ministria e Arsimit, Shkencës, Teknologjisë dhe Inovacionit",208111 - Arsimi Parauniverzitar,98100 - Investimet kapitale në Arsimin parauniversitar,0911,208111-2343600,19204,02.2025-12.2027,Ndërtimi i çerdhes në Vushtrri,GQ,,0.0,0.0,0.0,0.0,300000.0,500000.0,0.0,800000.0,"GQ 0 0 0 0 300,000 500,000 0 800,000"
3.2,169,284,project,"208000 - Ministria e Arsimit, Shkencës, Teknologjisë dhe Inovacionit",208111 - Arsimi Parauniverzitar,98100 - Investimet kapitale në Arsimin parauniversitar,0911,208111-2343601,19205,02.2025-12.2026,Ndërtimi i çerdhes në Mamushë,,,,,,,,,,,0911 208111-2343601 19205 02.2025-12.2026 Ndërtimi i çerdhes në Mamushë
3.2,169,298,source,"208000 - Ministria e Arsimit, Shkencës, Teknologjisë dhe Inovacionit",208111 - Arsimi Parauniverzitar,98100 - Investimet kapitale në Arsimin parauniversitar,0911,208111-2343601,19205,02.2025-12.2026,Ndërtimi i çerdhes në Mamushë,GQ,,95548.0,200000.0,0.0,200000.0,250000.0,0.0,0.0,545548.0,"GQ 95,548 200,000 0 200,000 250,000 0 0 545,548"
3.2,169,313,project,"208000 - Ministria e Arsimit, Shkencës, Teknologjisë dhe Inovacionit",208111 - Arsimi Parauniverzitar,98100 - Investimet kapitale në Arsimin parauniversitar,0911,208111-2343602,19206,02.2023-12.2025,Ndërtimi i çerdhes në Godancë- Shtime,,,,,,,,,,,0911 208111-2343602 19206 02.2023-12.2025 Ndërtimi i çerdhes në Godancë- Shtime
3.2,169,327,source,"208000 - Ministria e Arsimit, Shkencës, Teknologjisë dhe Inovacionit",208111 - Arsimi Parauniverzitar,98100 - Investimet kapitale në Arsimin parauniversitar,0911,208111-2343602,19206,02.2023-12.2025,Ndërtimi i çerdhes në Godancë- Shtime,GQ,,329938.0,50000.0,0.0,50000.0,0.0,0.0,0.0,379938.0,"GQ 329,938 50,000 0 50,000 0 0 0 379,938"
3.2,169,341,project,"208000 - Ministria e Arsimit, Shkencës, Teknologjisë dhe Inovacionit",208111 - Arsimi Parauniverzitar,98100 - Investimet kapitale në Arsimin parauniversitar,0911,208111-2343607,19208,01.2023-12.2027,Furnizim me pajise themelore per IP,,,,,,,,,,,0911 208111-2343607 19208 01.2023-12.2027 Furnizim me pajise themelore per IP
3.2,169,355,source,"208000 - Ministria e Arsimit, Shkencës, Teknologjisë dhe Inovacionit",208111 - Arsimi Parauniverzitar,98100 - Investimet kapitale në Arsimin parauniversitar,0911,208111-2343607,19208,01.2023-12.2027,Furnizim me pajise themelore per IP,GQ,,520168.0,150000.0,0.0,150000.0,100000.0,200000.0,0.0,970168.0,"GQ 520,168 150,000 0 150,000 100,000 200,000 0 970,168"
3.2,169,369,project,"208000 - Ministria e Arsimit, Shkencës, Teknologjisë dhe Inovacionit",208111 - Arsimi Parauniverzitar,98100 - Investimet kapitale në Arsimin parauniversitar,0950,208111-2343610,19211,01.2023-12.2027,Transformimi i objekteve arsimore ne mjedise eko-miqesore per ruajtjen e energjise permes sistemeve fotovoltaike,,,,,,,,,,,0950 208111-2343610 19211 01.2023-12.2027 Transformimi i objekteve arsimore ne mjedise eko-miqesore per ruajtjen e energjise permes sistemeve fotovoltaike
3.2,169,383,source,"208000 - Ministria e Arsimit, Shkencës, Teknologjisë dhe Inovacionit",208111 - Arsimi Parauniverzitar,98100 - Investimet kapitale në Arsimin parauniversitar,0950,208111-2343610,19211,01.2023-12.2027,Transformimi i objekteve arsimore ne mjedise eko-miqesore per ruajtjen e energjise permes sistemeve fotovoltaike,GQ,,0.0,500000.0,0.0,500000.0,1000000.0,950000.0,0.0,2450000.0,"GQ 0 500,000 0 500,000 1,000,000 950,000 0 2,450,000"
3.2,169,398,project,"208000 - Ministria e Arsimit, Shkencës, Teknologjisë dhe Inovacionit",208111 - Arsimi Parauniverzitar,98100 - Investimet kapitale në Arsimin parauniversitar,0911,208111-2343617,19216,02.2025-12.2027,Ndërtimi i çerdhes në F.Kosovë,,,,,,,,,,,0911 208111-2343617 19216 02.2025-12.2027 Ndërtimi i çerdhes në F.Kosovë
3.2,169,412,source,"208000 - Ministria e Arsimit, Shkencës, Teknologjisë dhe Inovacionit",208111 - Arsimi Parauniverzitar,98100 - Investimet kapitale në Arsimin parauniversitar,0911,208111-2343617,19216,02.2025-12.2027,Ndërtimi i çerdhes në F.Kosovë,GQ,,0.0,0.0,0.0,0.0,300000.0,500000.0,0.0,800000.0,"GQ 0 0 0 0 300,000 500,000 0 800,000"
3.2,169,426,project,"208000 - Ministria e Arsimit, Shkencës, Teknologjisë dhe Inovacionit",208111 - Arsimi Parauniverzitar,98100 - Investimet kapitale në Arsimin parauniversitar,0912,208111-2443923,19269,06.2026-12.2030,"Ndërtimi i shkollës në Livoq të Ulët në Gjilan dhe renovimi i shkollës në Bresalc në Gjilanë,ndërtimi i shkollës E.Duraku në Kaçanik .",,,,,,,,,,,"0912 208111-2443923 19269 06.2026-12.2030 Ndërtimi i shkollës në Livoq të Ulët në Gjilan dhe renovimi i shkollës në Bresalc në Gjilanë,ndërtimi i shkollës E.Duraku në Kaçanik ."
3.2,169,440,source,"208000 - Ministria e Arsimit, Shkencës, Teknologjisë dhe Inovacionit",208111 - Arsimi Parauniverzitar,98100 - Investimet kapitale në Arsimin parauniversitar,0912,208111-2443923,19269,06.2026-12.2030,"Ndërtimi i shkollës në Livoq të Ulët në Gjilan dhe renovimi i shkollës në Bresalc në Gjilanë,ndërtimi i shkollës E.Duraku në Kaçanik .",GQ,,0.0,800000.0,0.0,800000.0,2400000.0,4052054.0,0.0,7252054.0,"GQ 0 800,000 0 800,000 2,400,000 4,052,054 0 7,252,054"
3.2,169,454,project,"208000 - Ministria e Arsimit, Shkencës, Teknologjisë dhe Inovacionit",208111 - Arsimi Parauniverzitar,98100 - Investimet kapitale në Arsimin parauniversitar,0911,208111-2443928,19272,06.2024-12.2030,"Ndërtimi i çerdheve modulare ne 7 regjionet e Kosoves, Prishtinë, Mitrovicë, Gjilan, Ferizaj, Pejë, Prizeren  dhe Gjakovë",,,,,,,,,,,"0911 208111-2443928 19272 06.2024-12.2030 Ndërtimi i çerdheve modulare ne 7 regjionet e Kosoves, Prishtinë, Mitrovicë, Gjilan, Ferizaj, Pejë, Prizeren dhe Gjakovë"
3.2,169,469,source,"208000 - Ministria e Arsimit, Shkencës, Teknologjisë dhe Inovacionit",208111 - Arsimi Parauniverzitar,98100 - Investimet kapitale në Arsimin parauniversitar,0911,208111-2443928,19272,06.2024-12.2030,"Ndërtimi i çerdheve modulare ne 7 regjionet e Kosoves, Prishtinë, Mitrovicë, Gjilan, Ferizaj, Pejë, Prizeren  dhe Gjakovë",GQ,,3322258.0,2300000.0,0.0,2300000.0,2000000.0,3500000.0,0.0,11122258.0,"GQ 3,322,258 2,300,000 0 2,300,000 2,000,000 3,500,000 0 11,122,258"
3.2,169,483,project,"208000 - Ministria e Arsimit, Shkencës, Teknologjisë dhe Inovacionit",208111 - Arsimi Parauniverzitar,98100 - Investimet kapitale në Arsimin parauniversitar,0912,208111-2443943,19275,05.2025-12.2032,"Ndërtimi I shkallëve emergjente në shkolla ne 7 regjionet e Kosoves, Prishtinë, Mitrovicë, Gjilan, Ferizaj, Pejë, Prizeren  dhe Gjakovë",,,,,,,,,,,"0912 208111-2443943 19275 05.2025-12.2032 Ndërtimi I shkallëve emergjente në shkolla ne 7 regjionet e Kosoves, Prishtinë, Mitrovicë, Gjilan, Ferizaj, Pejë, Prizeren dhe Gjakovë"
3.2,169,497,source,"208000 - Ministria e Arsimit, Shkencës, Teknologjisë dhe Inovacionit",208111 - Arsimi Parauniverzitar,98100 - Investimet kapitale në Arsimin parauniversitar,0912,208111-2443943,19275,05.2025-12.2032,"Ndërtimi I shkallëve emergjente në shkolla ne 7 regjionet e Kosoves, Prishtinë, Mitrovicë, Gjilan, Ferizaj, Pejë, Prizeren  dhe Gjakovë",GQ,,0.0,150000.0,0.0,150000.0,300000.0,1000000.0,0.0,1450000.0,"GQ 0 150,000 0 150,000 300,000 1,000,000 0 1,450,000"
3.2,170,171,project,"208000 - Ministria e Arsimit, Shkencës, Teknologjisë dhe Inovacionit",208111 - Arsimi Parauniverzitar,98100 - Investimet kapitale në Arsimin parauniversitar,0950,208111-2445550,19349,03.2024-12.2027,"Ndertimi i sallave te sportit ne shkollane 7 regjionet e Kosoves, Prishtinë, Mitrovicë, Gjilan, Ferizaj, Pejë, Prizeren  dhe Gjakovë",,,,,,,,,,,"0950 208111-2445550 19349 03.2024-12.2027 Ndertimi i sallave te sportit ne shkollane 7 regjionet e Kosoves, Prishtinë, Mitrovicë, Gjilan, Ferizaj, Pejë, Prizeren dhe Gjakovë"
3.2,170,185,source,"208000 - Ministria e Arsimit, Shkencës, Teknologjisë dhe Inovacionit",208111 - Arsimi Parauniverzitar,98100 - Investimet kapitale në Arsimin parauniversitar,0950,208111-2445550,19349,03.2024-12.2027,"Ndertimi i sallave te sportit ne shkollane 7 regjionet e Kosoves, Prishtinë, Mitrovicë, Gjilan, Ferizaj, Pejë, Prizeren  dhe Gjakovë",GQ,,181114.0,800000.0,0.0,800000.0,1705000.0,1350000.0,0.0,4036114.0,"GQ 181,114 800,000 0 800,000 1,705,000 1,350,000 0 4,036,114"
3.2,170,199,project,"208000 - Ministria e Arsimit, Shkencës, Teknologjisë dhe Inovacionit",208111 - Arsimi Parauniverzitar,98100 - Investimet kapitale në Arsimin parauniversitar,0912,208111-2445552,19350,03.2024-12.2025,Ndërtimi I aneksit të shkollës në Petrovë-Shtime,,,,,,,,,,,0912 208111-2445552 19350 03.2024-12.2025 Ndërtimi I aneksit të shkollës në Petrovë-Shtime
3.2,170,213,source,"208000 - Ministria e Arsimit, Shkencës, Teknologjisë dhe Inovacionit",208111 - Arsimi Parauniverzitar,98100 - Investimet kapitale në Arsimin parauniversitar,0912,208111-2445552,19350,03.2024-12.2025,Ndërtimi I aneksit të shkollës në Petrovë-Shtime,GQ,,249999.0,550000.0,0.0,550000.0,450000.0,0.0,0.0,1249999.0,"GQ 249,999 550,000 0 550,000 450,000 0 0 1,249,999"
3.2,170,228,project,"208000 - Ministria e Arsimit, Shkencës, Teknologjisë dhe Inovacionit",208111 - Arsimi Parauniverzitar,98100 - Investimet kapitale në Arsimin parauniversitar,0950,208111-2445553,19351,03.2024-12.2027,"Renovimi I shkollave ekzistuese: Gjon Buzuku në Prizren sh.f në Vërbovc-Gllogoc, sh.f. Jeronim De Rada në Ferizaj,sh.f në Vojnoc-Shtime,  sh.f në Xërxë-Rahovec, I sh.f. në Rogovë-Gjakov",,,,,,,,,,,"0950 208111-2445553 19351 03.2024-12.2027 Renovimi I shkollave ekzistuese: Gjon Buzuku në Prizren sh.f në Vërbovc-Gllogoc, sh.f. Jeronim De Rada në Ferizaj,sh.f në Vojnoc-Shtime, sh.f në Xërxë-Rahovec, I sh.f. në Rogovë-Gjakov"
3.2,170,242,source,"208000 - Ministria e Arsimit, Shkencës, Teknologjisë dhe Inovacionit",208111 - Arsimi Parauniverzitar,98100 - Investimet kapitale në Arsimin parauniversitar,0950,208111-2445553,19351,03.2024-12.2027,"Renovimi I shkollave ekzistuese: Gjon Buzuku në Prizren sh.f në Vërbovc-Gllogoc, sh.f. Jeronim De Rada në Ferizaj,sh.f në Vojnoc-Shtime,  sh.f në Xërxë-Rahovec, I sh.f. në Rogovë-Gjakov",GQ,,99999.0,200000.0,0.0,200000.0,600000.0,1000000.0,0.0,1899999.0,"GQ 99,999 200,000 0 200,000 600,000 1,000,000 0 1,899,999"
3.2,170,256,project,"208000 - Ministria e Arsimit, Shkencës, Teknologjisë dhe Inovacionit",208111 - Arsimi Parauniverzitar,98100 - Investimet kapitale në Arsimin parauniversitar,0911,208111-2545948,19567,03.2025-12.2027,Projekti për Edukimin në Fëmijërinë e Herëshme--kredia nga Banka Botërore,,,,,,,,,,,0911 208111-2545948 19567 03.2025-12.2027 Projekti për Edukimin në Fëmijërinë e Herëshme--kredia nga Banka Botërore
3.2,170,270,source,"208000 - Ministria e Arsimit, Shkencës, Teknologjisë dhe Inovacionit",208111 - Arsimi Parauniverzitar,98100 - Investimet kapitale në Arsimin parauniversitar,0911,208111-2545948,19567,03.2025-12.2027,Projekti për Edukimin në Fëmijërinë e Herëshme--kredia nga Banka Botërore,FH,,0.0,0.0,0.0,0.0,6000000.0,0.0,0.0,6000000.0,"FH 0 0 0 0 6,000,000 0 0 6,000,000"
3.2,170,284,project,"208000 - Ministria e Arsimit, Shkencës, Teknologjisë dhe Inovacionit",208111 - Arsimi Parauniverzitar,98100 - Investimet kapitale në Arsimin parauniversitar,0912,208111-2547351,19699,03.2025-12.2027,Ndërtimi I objektit të shkollës fillore dhe të mesme të ulët në Dobrushë-Istog,,,,,,,,,,,0912 208111-2547351 19699 03.2025-12.2027 Ndërtimi I objektit të shkollës fillore dhe të mesme të ulët në Dobrushë-Istog
3.2,170,298,source,"208000 - Ministria e Arsimit, Shkencës, Teknologjisë dhe Inovacionit",208111 - Arsimi Parauniverzitar,98100 - Investimet kapitale në Arsimin parauniversitar,0912,208111-2547351,19699,03.2025-12.2027,Ndërtimi I objektit të shkollës fillore dhe të mesme të ulët në Dobrushë-Istog,GQ,,0.0,150000.0,0.0,150000.0,300000.0,300000.0,0.0,750000.0,"GQ 0 150,000 0 150,000 300,000 300,000 0 750,000"
3.2,170,313,project,"208000 - Ministria e Arsimit, Shkencës, Teknologjisë dhe Inovacionit",208111 - Arsimi Parauniverzitar,98100 - Investimet kapitale në Arsimin parauniversitar,0912,208111-2547352,19700,03.2025-12.2026,Renovimi i sh.f.mu. ?I.Qemali? në Mitrovicë,,,,,,,,,,,0912 208111-2547352 19700 03.2025-12.2026 Renovimi i sh.f.mu. ?I.Qemali? në Mitrovicë
3.2,170,327,source,"208000 - Ministria e Arsimit, Shkencës, Teknologjisë dhe Inovacionit",208111 - Arsimi Parauniverzitar,98100 - Investimet kapitale në Arsimin parauniversitar,0912,208111-2547352,19700,03.2025-12.2026,Renovimi i sh.f.mu. ?I.Qemali? në Mitrovicë,GQ,,297893.0,300000.0,0.0,300000.0,0.0,0.0,0.0,597893.0,"GQ 297,893 300,000 0 300,000 0 0 0 597,893"
3.2,170,341,project,"208000 - Ministria e Arsimit, Shkencës, Teknologjisë dhe Inovacionit",208111 - Arsimi Parauniverzitar,98100 - Investimet kapitale në Arsimin parauniversitar,0922,208111-2547380,19706,03.2025-12.2026,"Renovimi I gjimnazit ""Naim Frasheri"" ne Shtime",,,,,,,,,,,"0922 208111-2547380 19706 03.2025-12.2026 Renovimi I gjimnazit ""Naim Frasheri"" ne Shtime"
3.2,170,355,source,"208000 - Ministria e Arsimit, Shkencës, Teknologjisë dhe Inovacionit",208111 - Arsimi Parauniverzitar,98100 - Investimet kapitale në Arsimin parauniversitar,0922,208111-2547380,19706,03.2025-12.2026,"Renovimi I gjimnazit ""Naim Frasheri"" ne Shtime",GQ,,27655.0,250000.0,0.0,250000.0,0.0,0.0,0.0,277655.0,"GQ 27,655 250,000 0 250,000 0 0 0 277,655"
3.2,170,369,project,"208000 - Ministria e Arsimit, Shkencës, Teknologjisë dhe Inovacionit",208111 - Arsimi Parauniverzitar,98100 - Investimet kapitale në Arsimin parauniversitar,0911,208111-2647685,20663,02.2026-12.2028,Blerja e Inventarit dhe paisje të kuzhinave për IP,,,,,,,,,,,0911 208111-2647685 20663 02.2026-12.2028 Blerja e Inventarit dhe paisje të kuzhinave për IP
3.2,170,383,source,"208000 - Ministria e Arsimit, Shkencës, Teknologjisë dhe Inovacionit",208111 - Arsimi Parauniverzitar,98100 - Investimet kapitale në Arsimin parauniversitar,0911,208111-2647685,20663,02.2026-12.2028,Blerja e Inventarit dhe paisje të kuzhinave për IP,GQ,,0.0,0.0,450000.0,450000.0,450000.0,900000.0,0.0,1800000.0,"GQ 0 0 450,000 450,000 450,000 900,000 0 1,800,000"
3.2,170,398,project,"208000 - Ministria e Arsimit, Shkencës, Teknologjisë dhe Inovacionit",208111 - Arsimi Parauniverzitar,98100 - Investimet kapitale në Arsimin parauniversitar,0912,208111-2647724,20674,02.2026-12.2028,Punimi i projekt dizajneve dhe mbikqyrja e ndërtimit të objekteve arsimore,,,,,,,,,,,0912 208111-2647724 20674 02.2026-12.2028 Punimi i projekt dizajneve dhe mbikqyrja e ndërtimit të objekteve arsimore
3.2,170,412,source,"208000 - Ministria e Arsimit, Shkencës, Teknologjisë dhe Inovacionit",208111 - Arsimi Parauniverzitar,98100 - Investimet kapitale në Arsimin parauniversitar,0912,208111-2647724,20674,02.2026-12.2028,Punimi i projekt dizajneve dhe mbikqyrja e ndërtimit të objekteve arsimore,GQ,,0.0,0.0,430000.0,430000.0,480000.0,650000.0,0.0,1560000.0,"GQ 0 0 430,000 430,000 480,000 650,000 0 1,560,000"
3.2,170,426,project,"208000 - Ministria e Arsimit, Shkencës, Teknologjisë dhe Inovacionit",208111 - Arsimi Parauniverzitar,98100 - Investimet kapitale në Arsimin parauniversitar,0912,208111-2647726,20675,02.2026-12.2028,Ndertimi I shkolles fillore ne Vojnoc Shtime,,,,,,,,,,,0912 208111-2647726 20675 02.2026-12.2028 Ndertimi I shkolles fillore ne Vojnoc Shtime
3.2,170,440,source,"208000 - Ministria e Arsimit, Shkencës, Teknologjisë dhe Inovacionit",208111 - Arsimi Parauniverzitar,98100 - Investimet kapitale në Arsimin parauniversitar,0912,208111-2647726,20675,02.2026-12.2028,Ndertimi I shkolles fillore ne Vojnoc Shtime,GQ,,0.0,0.0,200000.0,200000.0,400000.0,800000.0,0.0,1400000.0,"GQ 0 0 200,000 200,000 400,000 800,000 0 1,400,000"
3.2,170,454,project,"208000 - Ministria e Arsimit, Shkencës, Teknologjisë dhe Inovacionit",208111 - Arsimi Parauniverzitar,98100 - Investimet kapitale në Arsimin parauniversitar,0912,208111-2647729,20676,02.2026-12.2028,"Renovimi, sanimi dhe adaptimi i objekteve arsimore në 7 regjionet e Kosoves: Prishtinë, Mitrovicë, Gjilan, Ferizaj, Pejë, Prizren dhe Gjakovë",,,,,,,,,,,"0912 208111-2647729 20676 02.2026-12.2028 Renovimi, sanimi dhe adaptimi i objekteve arsimore në 7 regjionet e Kosoves: Prishtinë, Mitrovicë, Gjilan, Ferizaj, Pejë, Prizren dhe Gjakovë"
3.2,170,469,source,"208000 - Ministria e Arsimit, Shkencës, Teknologjisë dhe Inovacionit",208111 - Arsimi Parauniverzitar,98100 - Investimet kapitale në Arsimin parauniversitar,0912,208111-2647729,20676,02.2026-12.2028,"Renovimi, sanimi dhe adaptimi i objekteve arsimore në 7 regjionet e Kosoves: Prishtinë, Mitrovicë, Gjilan, Ferizaj, Pejë, Prizren dhe Gjakovë",GQ,,0.0,0.0,150000.0,150000.0,550000.0,200000.0,0.0,900000.0,"GQ 0 0 150,000 150,000 550,000 200,000 0 900,000"
3.2,170,483,project,"208000 - Ministria e Arsimit, Shkencës, Teknologjisë dhe Inovacionit",208111 - Arsimi Parauniverzitar,98100 - Investimet kapitale në Arsimin parauniversitar,0912,208111-2647730,20677,03.2026-12.2030,Adaptimi i objekteve shkollore per qendrueshmeri ndaj zjarrit,,,,,,,,,,,0912 208111-2647730 20677 03.2026-12.2030 Adaptimi i objekteve shkollore per qendrueshmeri ndaj zjarrit
3.2,170,497,source,"208000 - Ministria e Arsimit, Shkencës, Teknologjisë dhe Inovacionit",208111 - Arsimi Parauniverzitar,98100 - Investimet kapitale në Arsimin parauniversitar,0912,208111-2647730,20677,03.2026-12.2030,Adaptimi i objekteve shkollore per qendrueshmeri ndaj zjarrit,GQ,,0.0,0.0,50000.0,50000.0,50000.0,50000.0,0.0,150000.0,"GQ 0 0 50,000 50,000 50,000 50,000 0 150,000"
3.2,171,171,project,"208000 - Ministria e Arsimit, Shkencës, Teknologjisë dhe Inovacionit",208111 - Arsimi Parauniverzitar,98100 - Investimet kapitale në Arsimin parauniversitar,0950,208112-072422,10331,03.2009-12.2027,Blerja e Inventarit dhe paisje laboratorike,,,,,,,,,,,0950 208112-072422 10331 03.2009-12.2027 Blerja e Inventarit dhe paisje laboratorike
3.2,171,185,source,"208000 - Ministria e Arsimit, Shkencës, Teknologjisë dhe Inovacionit",208111 - Arsimi Parauniverzitar,98100 - Investimet kapitale në Arsimin parauniversitar,0950,208112-072422,10331,03.2009-12.2027,Blerja e Inventarit dhe paisje laboratorike,GQ,,17976418.0,500000.0,0.0,500000.0,500000.0,1000000.0,0.0,19976418.0,"GQ 17,976,418 500,000 0 500,000 500,000 1,000,000 0 19,976,418"
3.2,171,199,subtotal,"208000 - Ministria e Arsimit, Shkencës, Teknologjisë dhe Inovacionit",208111 - Arsimi Parauniverzitar,98100 - Investimet kapitale në Arsimin parauniversitar,,,,,Totali( GQ ) - Investimet kapitale në Arsimin parauniversitar,GQ,,84535789.0,31032054.0,1280000.0,32312054.0,39377054.0,45662054.0,0.0,201886951.0,"Totali( GQ ) - Investimet kapitale në Arsimin parauniversitar 84,535,789 31,032,054 1,280,000 32,312,054 39,377,054 45,662,054 0 201,886,951"
3.2,171,213,subtotal,"208000 - Ministria e Arsimit, Shkencës, Teknologjisë dhe Inovacionit",208111 - Arsimi Parauniverzitar,98100 - Investimet kapitale në Arsimin parauniversitar,,,,,Totali ( Financimi nga Huamarrja ) - Investimet kapitale në Arsimin parauniversitar,,,0.0,0.0,0.0,0.0,6000000.0,0.0,0.0,6000000.0,"Totali ( Financimi nga Huamarrja ) - Investimet kapitale në Arsimin parauniversitar 0 0 0 0 6,000,000 0 0 6,000,000"
3.2,171,228,subtotal,"208000 - Ministria e Arsimit, Shkencës, Teknologjisë dhe Inovacionit",208111 - Arsimi Parauniverzitar,98100 - Investimet kapitale në Arsimin parauniversitar,,,,,Totali - Investimet kapitale në Arsimin parauniversitar,,,84535789.0,31032054.0,1280000.0,32312054.0,45377054.0,45662054.0,0.0,207886951.0,"Totali - Investimet kapitale në Arsimin parauniversitar 84,535,789 31,032,054 1,280,000 32,312,054 45,377,054 45,662,054 0 207,886,951"
3.2,171,242,subtotal,"208000 - Ministria e Arsimit, Shkencës, Teknologjisë dhe Inovacionit",208111 - Arsimi Parauniverzitar,98100 - Investimet kapitale në Arsimin parauniversitar,,,,,Totali ( GQ ) - Arsimi Parauniverzitar,GQ,,86726011.0,32032054.0,1280000.0,33312054.0,39677054.0,46062054.0,0.0,205777173.0,"Totali ( GQ ) - Arsimi Parauniverzitar 86,726,011 32,032,054 1,280,000 33,312,054 39,677,054 46,062,054 0 205,777,173"
3.2,171,256,subtotal,"208000 - Ministria e Arsimit, Shkencës, Teknologjisë dhe Inovacionit",208111 - Arsimi Parauniverzitar,98100 - Investimet kapitale në Arsimin parauniversitar,,,,,Totali ( Financimi nga Huamarrja ) - Arsimi Parauniverzitar,,,0.0,0.0,0.0,0.0,6000000.0,0.0,0.0,6000000.0,"Totali ( Financimi nga Huamarrja ) - Arsimi Parauniverzitar 0 0 0 0 6,000,000 0 0 6,000,000"
3.2,171,270,subtotal,"208000 - Ministria e Arsimit, Shkencës, Teknologjisë dhe Inovacionit",208111 - Arsimi Parauniverzitar,98100 - Investimet kapitale në Arsimin parauniversitar,,,,,Totali - Arsimi Parauniverzitar,,,86726011.0,32032054.0,1280000.0,33312054.0,45677054.0,46062054.0,0.0,211777173.0,"Totali - Arsimi Parauniverzitar 86,726,011 32,032,054 1,280,000 33,312,054 45,677,054 46,062,054 0 211,777,173"
3.2,171,313,project,"208000 - Ministria e Arsimit, Shkencës, Teknologjisë dhe Inovacionit",208155 - Shërbimet e Administratës Qendrore,11308 - Administrata Qendrore,0960,208155-2445557,19355,03.2024-12.2027,Teknologji Informative,,,,,,,,,,,0960 208155-2445557 19355 03.2024-12.2027 Teknologji Informative
3.2,171,327,source,"208000 - Ministria e Arsimit, Shkencës, Teknologjisë dhe Inovacionit",208155 - Shërbimet e Administratës Qendrore,11308 - Administrata Qendrore,0960,208155-2445557,19355,03.2024-12.2027,Teknologji Informative,GQ,,50000.0,50000.0,0.0,50000.0,50000.0,0.0,0.0,150000.0,"GQ 50,000 50,000 0 50,000 50,000 0 0 150,000"
3.2,171,341,project,"208000 - Ministria e Arsimit, Shkencës, Teknologjisë dhe Inovacionit",208155 - Shërbimet e Administratës Qendrore,11308 - Administrata Qendrore,0950,208155-2547381,19707,03.2025-12.2027,Blerja e veturave,,,,,,,,,,,0950 208155-2547381 19707 03.2025-12.2027 Blerja e veturave
3.2,171,355,source,"208000 - Ministria e Arsimit, Shkencës, Teknologjisë dhe Inovacionit",208155 - Shërbimet e Administratës Qendrore,11308 - Administrata Qendrore,0950,208155-2547381,19707,03.2025-12.2027,Blerja e veturave,GQ,,77900.0,100000.0,0.0,100000.0,100000.0,0.0,0.0,277900.0,"GQ 77,900 100,000 0 100,000 100,000 0 0 277,900"
3.2,171,369,subtotal,"208000 - Ministria e Arsimit, Shkencës, Teknologjisë dhe Inovacionit",208155 - Shërbimet e Administratës Qendrore,11308 - Administrata Qendrore,,,,,Totali ( GQ ) - Administrata Qendrore,GQ,,127900.0,150000.0,0.0,150000.0,150000.0,0.0,0.0,427900.0,"Totali ( GQ ) - Administrata Qendrore 127,900 150,000 0 150,000 150,000 0 0 427,900"
3.2,171,383,subtotal,"208000 - Ministria e Arsimit, Shkencës, Teknologjisë dhe Inovacionit",208155 - Shërbimet e Administratës Qendrore,11308 - Administrata Qendrore,,,,,Totali - Administrata Qendrore,,,127900.0,150000.0,0.0,150000.0,150000.0,0.0,0.0,427900.0,"Totali - Administrata Qendrore 127,900 150,000 0 150,000 150,000 0 0 427,900"
3.2,171,412,project,"208000 - Ministria e Arsimit, Shkencës, Teknologjisë dhe Inovacionit",208155 - Shërbimet e Administratës Qendrore,98000 - Inspektoriati i Arsimit të Kosovë s,0452,208155-2341390,19129,02.2023-12.2026,Blerja e veturave për inspektoriatin e arsimit,,,,,,,,,,,0452 208155-2341390 19129 02.2023-12.2026 Blerja e veturave për inspektoriatin e arsimit
3.2,171,426,source,"208000 - Ministria e Arsimit, Shkencës, Teknologjisë dhe Inovacionit",208155 - Shërbimet e Administratës Qendrore,98000 - Inspektoriati i Arsimit të Kosovë s,0452,208155-2341390,19129,02.2023-12.2026,Blerja e veturave për inspektoriatin e arsimit,GQ,,142609.0,60000.0,0.0,60000.0,0.0,0.0,0.0,202609.0,"GQ 142,609 60,000 0 60,000 0 0 0 202,609"
3.2,171,440,project,"208000 - Ministria e Arsimit, Shkencës, Teknologjisë dhe Inovacionit",208155 - Shërbimet e Administratës Qendrore,98000 - Inspektoriati i Arsimit të Kosovë s,0452,208155-2341391,19130,03.2023-12.2027,Renovim i objekteve të Inspektoriatit te Arsimit ne rajone,,,,,,,,,,,0452 208155-2341391 19130 03.2023-12.2027 Renovim i objekteve të Inspektoriatit te Arsimit ne rajone
3.2,171,454,source,"208000 - Ministria e Arsimit, Shkencës, Teknologjisë dhe Inovacionit",208155 - Shërbimet e Administratës Qendrore,98000 - Inspektoriati i Arsimit të Kosovë s,0452,208155-2341391,19130,03.2023-12.2027,Renovim i objekteve të Inspektoriatit te Arsimit ne rajone,GQ,,21107.0,20000.0,0.0,20000.0,20000.0,20000.0,0.0,81107.0,"GQ 21,107 20,000 0 20,000 20,000 20,000 0 81,107"
3.2,171,469,project,"208000 - Ministria e Arsimit, Shkencës, Teknologjisë dhe Inovacionit",208155 - Shërbimet e Administratës Qendrore,98000 - Inspektoriati i Arsimit të Kosovë s,0960,208155-2647684,20662,02.2026-12.2026,Zhvillimi i softwerit Platforma digjitale/data baza e Inspektoratit të Arsimit,,,,,,,,,,,0960 208155-2647684 20662 02.2026-12.2026 Zhvillimi i softwerit Platforma digjitale/data baza e Inspektoratit të Arsimit
3.2,171,483,source,"208000 - Ministria e Arsimit, Shkencës, Teknologjisë dhe Inovacionit",208155 - Shërbimet e Administratës Qendrore,98000 - Inspektoriati i Arsimit të Kosovë s,0960,208155-2647684,20662,02.2026-12.2026,Zhvillimi i softwerit Platforma digjitale/data baza e Inspektoratit të Arsimit,GQ,,0.0,0.0,150000.0,150000.0,0.0,0.0,0.0,150000.0,"GQ 0 0 150,000 150,000 0 0 0 150,000"
3.2,171,497,subtotal,"208000 - Ministria e Arsimit, Shkencës, Teknologjisë dhe Inovacionit",208155 - Shërbimet e Administratës Qendrore,98000 - Inspektoriati i Arsimit të Kosovë s,,,,,Totali ( GQ ) - Inspektoriati i Arsimit të Kosovë s,GQ,,163716.0,80000.0,150000.0,230000.0,20000.0,20000.0,0.0,433716.0,"Totali ( GQ ) - Inspektoriati i Arsimit të Kosovë s 163,716 80,000 150,000 230,000 20,000 20,000 0 433,716"
3.2,171,511,subtotal,"208000 - Ministria e Arsimit, Shkencës, Teknologjisë dhe Inovacionit",208155 - Shërbimet e Administratës Qendrore,98000 - Inspektoriati i Arsimit të Kosovë s,,,,,Totali - Inspektoriati i Arsimit të Kosovës,,,163716.0,80000.0,150000.0,230000.0,20000.0,20000.0,0.0,433716.0,"Totali - Inspektoriati i Arsimit të Kosovës 163,716 80,000 150,000 230,000 20,000 20,000 0 433,716"
3.2,172,171,subtotal,"208000 - Ministria e Arsimit, Shkencës, Teknologjisë dhe Inovacionit",208155 - Shërbimet e Administratës Qendrore,98000 - Inspektoriati i Arsimit të Kosovë s,,,,,Totali ( GQ ) - Shërbimet e Administratës Qendrore,GQ,,291616.0,230000.0,150000.0,380000.0,170000.0,20000.0,0.0,861616.0,"Totali ( GQ ) - Shërbimet e Administratës Qendrore 291,616 230,000 150,000 380,000 170,000 20,000 0 861,616"
3.2,172,185,subtotal,"208000 - Ministria e Arsimit, Shkencës, Teknologjisë dhe Inovacionit",208155 - Shërbimet e Administratës Qendrore,98000 - Inspektoriati i Arsimit të Kosovë s,,,,,Totali - Shërbimet e Administratës Qendrore,,,291616.0,230000.0,150000.0,380000.0,170000.0,20000.0,0.0,861616.0,"Totali - Shërbimet e Administratës Qendrore 291,616 230,000 150,000 380,000 170,000 20,000 0 861,616"
3.2,172,199,subtotal,"208000 - Ministria e Arsimit, Shkencës, Teknologjisë dhe Inovacionit",208155 - Shërbimet e Administratës Qendrore,98000 - Inspektoriati i Arsimit të Kosovë s,,,,,"Totali ( GQ ) - Ministria e Arsimit, Shkencës, Teknologjisë dhe Inovacionit",GQ,,115833861.0,37012054.0,1850000.0,38862054.0,43862054.0,49862054.0,0.0,248420023.0,"Totali ( GQ ) - Ministria e Arsimit, Shkencës, Teknologjisë dhe Inovacionit 115,833,861 37,012,054 1,850,000 38,862,054 43,862,054 49,862,054 0 248,420,023"
3.2,172,213,subtotal,"208000 - Ministria e Arsimit, Shkencës, Teknologjisë dhe Inovacionit",208155 - Shërbimet e Administratës Qendrore,98000 - Inspektoriati i Arsimit të Kosovë s,,,,,"Totali ( FH ) - Ministria e Arsimit, Shkencës, Teknologjisë dhe Inovacionit",FH,,0.0,0.0,0.0,0.0,6000000.0,0.0,0.0,6000000.0,"Totali ( FH ) - Ministria e Arsimit, Shkencës, Teknologjisë dhe Inovacionit 0 0 0 0 6,000,000 0 0 6,000,000"
3.2,172,227,subtotal,"208000 - Ministria e Arsimit, Shkencës, Teknologjisë dhe Inovacionit",208155 - Shërbimet e Administratës Qendrore,98000 - Inspektoriati i Arsimit të Kosovë s,,,,,"Totali - Ministria e Arsimit, Shkencës, Teknologjisë dhe Inovacionit",,,115833861.0,37012054.0,1850000.0,38862054.0,49862054.0,49862054.0,0.0,254420023.0,"Totali - Ministria e Arsimit, Shkencës, Teknologjisë dhe Inovacionit 115,833,861 37,012,054 1,850,000 38,862,054 49,862,054 49,862,054 0 254,420,023"
3.2,172,298,project,211000 - Ministria për Komunitete dhe Kthim,211144 - Projekti i Konsoliduar për të Kthyerit,46200 - Projekti i Konsoliduar pë r të Kthyerit,0610,211155-119901,12380,01.2026-12.2026,Projekti Per Kthim (Ndertimi i shtepive per te kthyerit),,,,,,,,,,,0610 211155-119901 12380 01.2026-12.2026 Projekti Per Kthim (Ndertimi i shtepive per te kthyerit)
3.2,172,313,source,211000 - Ministria për Komunitete dhe Kthim,211144 - Projekti i Konsoliduar për të Kthyerit,46200 - Projekti i Konsoliduar pë r të Kthyerit,0610,211155-119901,12380,01.2026-12.2026,Projekti Per Kthim (Ndertimi i shtepive per te kthyerit),GQ,,19972506.0,500000.0,0.0,500000.0,500000.0,500000.0,0.0,21472506.0,"GQ 19,972,506 500,000 0 500,000 500,000 500,000 0 21,472,506"
3.2,172,327,project,211000 - Ministria për Komunitete dhe Kthim,211144 - Projekti i Konsoliduar për të Kthyerit,46200 - Projekti i Konsoliduar pë r të Kthyerit,0620,211155-119902,12714,01.2026-12.2026,Projekti per komunitete,,,,,,,,,,,0620 211155-119902 12714 01.2026-12.2026 Projekti per komunitete
3.2,172,341,source,211000 - Ministria për Komunitete dhe Kthim,211144 - Projekti i Konsoliduar për të Kthyerit,46200 - Projekti i Konsoliduar pë r të Kthyerit,0620,211155-119902,12714,01.2026-12.2026,Projekti per komunitete,GQ,,29006223.0,1500000.0,0.0,1500000.0,1500000.0,1500000.0,0.0,33506223.0,"GQ 29,006,223 1,500,000 0 1,500,000 1,500,000 1,500,000 0 33,506,223"
3.2,172,355,subtotal,211000 - Ministria për Komunitete dhe Kthim,211144 - Projekti i Konsoliduar për të Kthyerit,46200 - Projekti i Konsoliduar pë r të Kthyerit,,,,,Totali ( GQ ) - Projekti i Konsoliduar pë r të Kthyerit,GQ,,48978728.0,2000000.0,0.0,2000000.0,2000000.0,2000000.0,0.0,54978728.0,"Totali ( GQ ) - Projekti i Konsoliduar pë r të Kthyerit 48,978,728 2,000,000 0 2,000,000 2,000,000 2,000,000 0 54,978,728"
3.2,172,369,subtotal,211000 - Ministria për Komunitete dhe Kthim,211144 - Projekti i Konsoliduar për të Kthyerit,46200 - Projekti i Konsoliduar pë r të Kthyerit,,,,,Totali - Projekti i Konsoliduar për të Kthyerit,,,48978728.0,2000000.0,0.0,2000000.0,2000000.0,2000000.0,0.0,54978728.0,"Totali - Projekti i Konsoliduar për të Kthyerit 48,978,728 2,000,000 0 2,000,000 2,000,000 2,000,000 0 54,978,728"
3.2,172,383,subtotal,211000 - Ministria për Komunitete dhe Kthim,211144 - Projekti i Konsoliduar për të Kthyerit,46200 - Projekti i Konsoliduar pë r të Kthyerit,,,,,Totali ( GQ ) - Projekti i Konsoliduar për të Kthyerit,GQ,,48978728.0,2000000.0,0.0,2000000.0,2000000.0,2000000.0,0.0,54978728.0,"Totali ( GQ ) - Projekti i Konsoliduar për të Kthyerit 48,978,728 2,000,000 0 2,000,000 2,000,000 2,000,000 0 54,978,728"
3.2,172,397,subtotal,211000 - Ministria për Komunitete dhe Kthim,211144 - Projekti i Konsoliduar për të Kthyerit,46200 - Projekti i Konsoliduar pë r të Kthyerit,,,,,Totali - Projekti i Konsoliduar për të Kthyerit,,,48978728.0,2000000.0,0.0,2000000.0,2000000.0,2000000.0,0.0,54978728.0,"Totali - Projekti i Konsoliduar për të Kthyerit 48,978,728 2,000,000 0 2,000,000 2,000,000 2,000,000 0 54,978,728"
3.2,172,412,subtotal,211000 - Ministria për Komunitete dhe Kthim,211144 - Projekti i Konsoliduar për të Kthyerit,46200 - Projekti i Konsoliduar pë r të Kthyerit,,,,,Totali ( GQ ) - Ministria për Komunitete dhe Kthim,GQ,,48978728.0,2000000.0,0.0,2000000.0,2000000.0,2000000.0,0.0,54978728.0,"Totali ( GQ ) - Ministria për Komunitete dhe Kthim 48,978,728 2,000,000 0 2,000,000 2,000,000 2,000,000 0 54,978,728"
3.2,172,426,subtotal,211000 - Ministria për Komunitete dhe Kthim,211144 - Projekti i Konsoliduar për të Kthyerit,46200 - Projekti i Konsoliduar pë r të Kthyerit,,,,,Totali - Ministria për Komunitete dhe Kthim,,,48978728.0,2000000.0,0.0,2000000.0,2000000.0,2000000.0,0.0,54978728.0,"Totali - Ministria për Komunitete dhe Kthim 48,978,728 2,000,000 0 2,000,000 2,000,000 2,000,000 0 54,978,728"
3.2,172,483,project,212000 - Ministria e Administrimit të Pushtetit Lokal,212155 - Sherbimet e Administrata Qendrore,11312 - Administrata Qendrore,0133,212155-1832636,15633,02.2018-12.2028,Programi komunal për zhvillim të infrastrukturës socio-ekonomike dhe bashkepunim nder-komunal,,,,,,,,,,,0133 212155-1832636 15633 02.2018-12.2028 Programi komunal për zhvillim të infrastrukturës socio-ekonomike dhe bashkepunim nder-komunal
3.2,172,497,source,212000 - Ministria e Administrimit të Pushtetit Lokal,212155 - Sherbimet e Administrata Qendrore,11312 - Administrata Qendrore,0133,212155-1832636,15633,02.2018-12.2028,Programi komunal për zhvillim të infrastrukturës socio-ekonomike dhe bashkepunim nder-komunal,GQ,,3682549.0,50000.0,0.0,50000.0,50000.0,50000.0,0.0,3832549.0,"GQ 3,682,549 50,000 0 50,000 50,000 50,000 0 3,832,549"
3.2,173,171,project,212000 - Ministria e Administrimit të Pushtetit Lokal,212155 - Sherbimet e Administrata Qendrore,11312 - Administrata Qendrore,0133,212155-2647680,20659,02.2026-12.2028,Programi për Grantin e Përformancës Komunale?,,,,,,,,,,,0133 212155-2647680 20659 02.2026-12.2028 Programi për Grantin e Përformancës Komunale?
3.2,173,185,source,212000 - Ministria e Administrimit të Pushtetit Lokal,212155 - Sherbimet e Administrata Qendrore,11312 - Administrata Qendrore,0133,212155-2647680,20659,02.2026-12.2028,Programi për Grantin e Përformancës Komunale?,GQ,,0.0,0.0,4000000.0,4000000.0,4000000.0,4000000.0,0.0,12000000.0,"GQ 0 0 4,000,000 4,000,000 4,000,000 4,000,000 0 12,000,000"
3.2,173,199,subtotal,212000 - Ministria e Administrimit të Pushtetit Lokal,212155 - Sherbimet e Administrata Qendrore,11312 - Administrata Qendrore,,,,,Totali ( GQ ) - Administrata Qendrore,GQ,,3682549.0,50000.0,4000000.0,4050000.0,4050000.0,4050000.0,0.0,15832549.0,"Totali ( GQ ) - Administrata Qendrore 3,682,549 50,000 4,000,000 4,050,000 4,050,000 4,050,000 0 15,832,549"
3.2,173,213,subtotal,212000 - Ministria e Administrimit të Pushtetit Lokal,212155 - Sherbimet e Administrata Qendrore,11312 - Administrata Qendrore,,,,,Totali - Administrata Qendrore,,,3682549.0,50000.0,4000000.0,4050000.0,4050000.0,4050000.0,0.0,15832549.0,"Totali - Administrata Qendrore 3,682,549 50,000 4,000,000 4,050,000 4,050,000 4,050,000 0 15,832,549"
3.2,173,227,subtotal,212000 - Ministria e Administrimit të Pushtetit Lokal,212155 - Sherbimet e Administrata Qendrore,11312 - Administrata Qendrore,,,,,Totali ( GQ ) - Sherbimet e Administrata Qendrore,GQ,,3682549.0,50000.0,4000000.0,4050000.0,4050000.0,4050000.0,0.0,15832549.0,"Totali ( GQ ) - Sherbimet e Administrata Qendrore 3,682,549 50,000 4,000,000 4,050,000 4,050,000 4,050,000 0 15,832,549"
3.2,173,242,subtotal,212000 - Ministria e Administrimit të Pushtetit Lokal,212155 - Sherbimet e Administrata Qendrore,11312 - Administrata Qendrore,,,,,Totali - Sherbimet e Administrata Qendrore,,,3682549.0,50000.0,4000000.0,4050000.0,4050000.0,4050000.0,0.0,15832549.0,"Totali - Sherbimet e Administrata Qendrore 3,682,549 50,000 4,000,000 4,050,000 4,050,000 4,050,000 0 15,832,549"
3.2,173,256,subtotal,212000 - Ministria e Administrimit të Pushtetit Lokal,212155 - Sherbimet e Administrata Qendrore,11312 - Administrata Qendrore,,,,,Totali ( GQ ) - Ministria e Administrimit të Pushtetit Lokal,GQ,,3682549.0,50000.0,4000000.0,4050000.0,4050000.0,4050000.0,0.0,15832549.0,"Totali ( GQ ) - Ministria e Administrimit të Pushtetit Lokal 3,682,549 50,000 4,000,000 4,050,000 4,050,000 4,050,000 0 15,832,549"
3.2,173,270,subtotal,212000 - Ministria e Administrimit të Pushtetit Lokal,212155 - Sherbimet e Administrata Qendrore,11312 - Administrata Qendrore,,,,,Totali - Ministria e Administrimit të Pushtetit Lokal,,,3682549.0,50000.0,4000000.0,4050000.0,4050000.0,4050000.0,0.0,15832549.0,"Totali - Ministria e Administrimit të Pushtetit Lokal 3,682,549 50,000 4,000,000 4,050,000 4,050,000 4,050,000 0 15,832,549"
3.2,173,327,project,213000 - Ministria e Ekonomisë,213155 - Shërbimet e Administrates Qendrore,11313 - Administrata Qendrore,0451,213155-2647637,20651,01.2026-12.2028,Vetura Zyrtare,,,,,,,,,,,0451 213155-2647637 20651 01.2026-12.2028 Vetura Zyrtare
3.2,173,341,source,213000 - Ministria e Ekonomisë,213155 - Shërbimet e Administrates Qendrore,11313 - Administrata Qendrore,0451,213155-2647637,20651,01.2026-12.2028,Vetura Zyrtare,GQ,,0.0,0.0,90000.0,90000.0,50000.0,100000.0,0.0,240000.0,"GQ 0 0 90,000 90,000 50,000 100,000 0 240,000"
3.2,173,355,subtotal,213000 - Ministria e Ekonomisë,213155 - Shërbimet e Administrates Qendrore,11313 - Administrata Qendrore,,,,,Totali( GQ ) - Administrata Qendrore,GQ,,0.0,0.0,90000.0,90000.0,50000.0,100000.0,0.0,240000.0,"Totali( GQ ) - Administrata Qendrore 0 0 90,000 90,000 50,000 100,000 0 240,000"
3.2,173,369,subtotal,213000 - Ministria e Ekonomisë,213155 - Shërbimet e Administrates Qendrore,11313 - Administrata Qendrore,,,,,Totali - Administrata Qendrore,,,0.0,0.0,90000.0,90000.0,50000.0,100000.0,0.0,240000.0,"Totali - Administrata Qendrore 0 0 90,000 90,000 50,000 100,000 0 240,000"
3.2,173,383,subtotal,213000 - Ministria e Ekonomisë,213155 - Shërbimet e Administrates Qendrore,11313 - Administrata Qendrore,,,,,Totali ( GQ ) - Shërbimet e Administrates Qendrore,GQ,,0.0,0.0,90000.0,90000.0,50000.0,100000.0,0.0,240000.0,"Totali ( GQ ) - Shërbimet e Administrates Qendrore 0 0 90,000 90,000 50,000 100,000 0 240,000"
3.2,173,398,subtotal,213000 - Ministria e Ekonomisë,213155 - Shërbimet e Administrates Qendrore,11313 - Administrata Qendrore,,,,,Totali - Shërbimet e Administrates Qendrore,,,0.0,0.0,90000.0,90000.0,50000.0,100000.0,0.0,240000.0,"Totali - Shërbimet e Administrates Qendrore 0 0 90,000 90,000 50,000 100,000 0 240,000"
3.2,173,440,project,213000 - Ministria e Ekonomisë,213165 - Njësia për Politika dhe Monitorimin e NP,22500 - Uji dhe Hedhurinat,0520,210133-1730131,15148,02.2018-12.2029,Impianti per ujera te zeza ne Komunen e Prishtines,,,,,,,,,,,0520 210133-1730131 15148 02.2018-12.2029 Impianti per ujera te zeza ne Komunen e Prishtines
3.2,173,454,source,213000 - Ministria e Ekonomisë,213165 - Njësia për Politika dhe Monitorimin e NP,22500 - Uji dhe Hedhurinat,0520,210133-1730131,15148,02.2018-12.2029,Impianti per ujera te zeza ne Komunen e Prishtines,FH,,0.0,0.0,0.0,0.0,23124196.0,15000000.0,0.0,38124196.0,"FH 0 0 0 0 23,124,196 15,000,000 0 38,124,196"
3.2,173,469,project,213000 - Ministria e Ekonomisë,213165 - Njësia për Politika dhe Monitorimin e NP,22500 - Uji dhe Hedhurinat,0520,213165-1935383,18524,03.2025-12.2028,Ndërtimi i impiantit për trajtimin e ujërve të zeza - Ferizaj,,,,,,,,,,,0520 213165-1935383 18524 03.2025-12.2028 Ndërtimi i impiantit për trajtimin e ujërve të zeza - Ferizaj
3.2,173,483,source,213000 - Ministria e Ekonomisë,213165 - Njësia për Politika dhe Monitorimin e NP,22500 - Uji dhe Hedhurinat,0520,213165-1935383,18524,03.2025-12.2028,Ndërtimi i impiantit për trajtimin e ujërve të zeza - Ferizaj,FH,,0.0,0.0,0.0,0.0,12050000.0,0.0,0.0,12050000.0,"FH 0 0 0 0 12,050,000 0 0 12,050,000"
3.2,173,497,project,213000 - Ministria e Ekonomisë,213165 - Njësia për Politika dhe Monitorimin e NP,22500 - Uji dhe Hedhurinat,0630,213165-2444025,19299,01.2024-12.2030,Rezistenca klimatike per KRU-te,,,,,,,,,,,0630 213165-2444025 19299 01.2024-12.2030 Rezistenca klimatike per KRU-te
3.2,173,511,source,213000 - Ministria e Ekonomisë,213165 - Njësia për Politika dhe Monitorimin e NP,22500 - Uji dhe Hedhurinat,0630,213165-2444025,19299,01.2024-12.2030,Rezistenca klimatike per KRU-te,GQ,,0.0,475000.0,0.0,475000.0,0.0,275000.0,0.0,750000.0,"GQ 0 475,000 0 475,000 0 275,000 0 750,000"
3.2,174,171,project,213000 - Ministria e Ekonomisë,213165 - Njësia për Politika dhe Monitorimin e NP,22500 - Uji dhe Hedhurinat,0520,213165-2545919,19561,01.2025-12.2029,Impianti per Trajtimin e ujerave te zeza ne Podujeve,,,,,,,,,,,0520 213165-2545919 19561 01.2025-12.2029 Impianti per Trajtimin e ujerave te zeza ne Podujeve
3.2,174,185,source,213000 - Ministria e Ekonomisë,213165 - Njësia për Politika dhe Monitorimin e NP,22500 - Uji dhe Hedhurinat,0520,213165-2545919,19561,01.2025-12.2029,Impianti per Trajtimin e ujerave te zeza ne Podujeve,FH,,0.0,0.0,0.0,0.0,3000000.0,0.0,0.0,3000000.0,"FH 0 0 0 0 3,000,000 0 0 3,000,000"
3.2,174,199,project,213000 - Ministria e Ekonomisë,213165 - Njësia për Politika dhe Monitorimin e NP,22500 - Uji dhe Hedhurinat,0520,213177-2341459,19174,02.2023-12.2027,Projekti izhvillimit te ujerave te zeza ne Gjilan dhe Ndertimi i Impiantit per Trajtimin e Ujerave ne Gjian,,,,,,,,,,,0520 213177-2341459 19174 02.2023-12.2027 Projekti izhvillimit te ujerave te zeza ne Gjilan dhe Ndertimi i Impiantit per Trajtimin e Ujerave ne Gjian
3.2,174,213,source,213000 - Ministria e Ekonomisë,213165 - Njësia për Politika dhe Monitorimin e NP,22500 - Uji dhe Hedhurinat,0520,213177-2341459,19174,02.2023-12.2027,Projekti izhvillimit te ujerave te zeza ne Gjilan dhe Ndertimi i Impiantit per Trajtimin e Ujerave ne Gjian,FH,,0.0,0.0,0.0,0.0,3600000.0,0.0,0.0,3600000.0,"FH 0 0 0 0 3,600,000 0 0 3,600,000"
3.2,174,228,project,213000 - Ministria e Ekonomisë,213165 - Njësia për Politika dhe Monitorimin e NP,22500 - Uji dhe Hedhurinat,0520,213177-2341460,19175,02.2023-12.2028,Projekti i Trajtimit te Ujerave te Zeza Mitrovice,,,,,,,,,,,0520 213177-2341460 19175 02.2023-12.2028 Projekti i Trajtimit te Ujerave te Zeza Mitrovice
3.2,174,242,source,213000 - Ministria e Ekonomisë,213165 - Njësia për Politika dhe Monitorimin e NP,22500 - Uji dhe Hedhurinat,0520,213177-2341460,19175,02.2023-12.2028,Projekti i Trajtimit te Ujerave te Zeza Mitrovice,FH,,0.0,0.0,0.0,0.0,3878000.0,4200000.0,0.0,8078000.0,"FH 0 0 0 0 3,878,000 4,200,000 0 8,078,000"
3.2,174,256,subtotal,213000 - Ministria e Ekonomisë,213165 - Njësia për Politika dhe Monitorimin e NP,22500 - Uji dhe Hedhurinat,,,,,Totali( GQ ) - Uji dhe Hedhurinat,GQ,,0.0,475000.0,0.0,475000.0,0.0,275000.0,0.0,750000.0,"Totali( GQ ) - Uji dhe Hedhurinat 0 475,000 0 475,000 0 275,000 0 750,000"
3.2,174,270,subtotal,213000 - Ministria e Ekonomisë,213165 - Njësia për Politika dhe Monitorimin e NP,22500 - Uji dhe Hedhurinat,,,,,Totali ( Financimi nga Huamarrja ) - Uji dhe Hedhurinat,,,0.0,0.0,0.0,0.0,45652196.0,19200000.0,0.0,64852196.0,"Totali ( Financimi nga Huamarrja ) - Uji dhe Hedhurinat 0 0 0 0 45,652,196 19,200,000 0 64,852,196"
3.2,174,284,subtotal,213000 - Ministria e Ekonomisë,213165 - Njësia për Politika dhe Monitorimin e NP,22500 - Uji dhe Hedhurinat,,,,,Totali - Uji dhe Hedhurinat,,,0.0,475000.0,0.0,475000.0,45652196.0,19475000.0,0.0,65602196.0,"Totali - Uji dhe Hedhurinat 0 475,000 0 475,000 45,652,196 19,475,000 0 65,602,196"
3.2,174,298,subtotal,213000 - Ministria e Ekonomisë,213165 - Njësia për Politika dhe Monitorimin e NP,22500 - Uji dhe Hedhurinat,,,,,Totali ( GQ ) - Njësia për Politika dhe Monitorimin e NP,GQ,,0.0,475000.0,0.0,475000.0,0.0,275000.0,0.0,750000.0,"Totali ( GQ ) - Njësia për Politika dhe Monitorimin e NP 0 475,000 0 475,000 0 275,000 0 750,000"
3.2,174,313,subtotal,213000 - Ministria e Ekonomisë,213165 - Njësia për Politika dhe Monitorimin e NP,22500 - Uji dhe Hedhurinat,,,,,Totali ( Financimi nga Huamarrja ) - Njësia për Politika dhe Monitorimin e NP,,,0.0,0.0,0.0,0.0,45652196.0,19200000.0,0.0,64852196.0,"Totali ( Financimi nga Huamarrja ) - Njësia për Politika dhe Monitorimin e NP 0 0 0 0 45,652,196 19,200,000 0 64,852,196"
3.2,174,327,subtotal,213000 - Ministria e Ekonomisë,213165 - Njësia për Politika dhe Monitorimin e NP,22500 - Uji dhe Hedhurinat,,,,,Totali - Njësia për Politika dhe Monitorimin e NP,,,0.0,475000.0,0.0,475000.0,45652196.0,19475000.0,0.0,65602196.0,"Totali - Njësia për Politika dhe Monitorimin e NP 0 475,000 0 475,000 45,652,196 19,475,000 0 65,602,196"
3.2,174,369,project,213000 - Ministria e Ekonomisë,213167 - Departamenti I Postës-Telekomunikacionit dhe Teknologjisë Informative,42300 - Departamenti I Postë s-Telekomunikacionit dhe Teknologjisë Informative,0133,213167-1935288,18361,05.2019-03.2025,Krijimi i Qendres per Ekselence Digjitale ne Parkun e Inovacionit dhe Trajnimit (ITP)-Prizren,,,,,,,,,,,0133 213167-1935288 18361 05.2019-03.2025 Krijimi i Qendres per Ekselence Digjitale ne Parkun e Inovacionit dhe Trajnimit (ITP)-Prizren
3.2,174,383,source,213000 - Ministria e Ekonomisë,213167 - Departamenti I Postës-Telekomunikacionit dhe Teknologjisë Informative,42300 - Departamenti I Postë s-Telekomunikacionit dhe Teknologjisë Informative,0133,213167-1935288,18361,05.2019-03.2025,Krijimi i Qendres per Ekselence Digjitale ne Parkun e Inovacionit dhe Trajnimit (ITP)-Prizren,GQ,,1578990.0,50000.0,0.0,50000.0,0.0,0.0,0.0,1628990.0,"GQ 1,578,990 50,000 0 50,000 0 0 0 1,628,990"
3.2,174,398,project,213000 - Ministria e Ekonomisë,213167 - Departamenti I Postës-Telekomunikacionit dhe Teknologjisë Informative,42300 - Departamenti I Postë s-Telekomunikacionit dhe Teknologjisë Informative,0460,213167-2240834,19011,07.2023-11.2026,Pilotimi 5G,,,,,,,,,,,0460 213167-2240834 19011 07.2023-11.2026 Pilotimi 5G
3.2,174,412,source,213000 - Ministria e Ekonomisë,213167 - Departamenti I Postës-Telekomunikacionit dhe Teknologjisë Informative,42300 - Departamenti I Postë s-Telekomunikacionit dhe Teknologjisë Informative,0460,213167-2240834,19011,07.2023-11.2026,Pilotimi 5G,GQ,,500000.0,385000.0,0.0,385000.0,300000.0,300000.0,0.0,1485000.0,"GQ 500,000 385,000 0 385,000 300,000 300,000 0 1,485,000"
3.2,174,426,project,213000 - Ministria e Ekonomisë,213167 - Departamenti I Postës-Telekomunikacionit dhe Teknologjisë Informative,42300 - Departamenti I Postë s-Telekomunikacionit dhe Teknologjisë Informative,0460,213167-2341449,19166,01.2023-12.2026,Krijimi i Pikës së Vetme të Informacionit për infrastrukturën fizike të komunikimeve elektronike,,,,,,,,,,,0460 213167-2341449 19166 01.2023-12.2026 Krijimi i Pikës së Vetme të Informacionit për infrastrukturën fizike të komunikimeve elektronike
3.2,174,440,source,213000 - Ministria e Ekonomisë,213167 - Departamenti I Postës-Telekomunikacionit dhe Teknologjisë Informative,42300 - Departamenti I Postë s-Telekomunikacionit dhe Teknologjisë Informative,0460,213167-2341449,19166,01.2023-12.2026,Krijimi i Pikës së Vetme të Informacionit për infrastrukturën fizike të komunikimeve elektronike,GQ,,210780.0,50000.0,0.0,50000.0,0.0,0.0,0.0,260780.0,"GQ 210,780 50,000 0 50,000 0 0 0 260,780"
3.2,174,454,project,213000 - Ministria e Ekonomisë,213167 - Departamenti I Postës-Telekomunikacionit dhe Teknologjisë Informative,42300 - Departamenti I Postë s-Telekomunikacionit dhe Teknologjisë Informative,0435,213167-2341450,19167,02.2024-06.2026,Krijimi i CERT-it Sektorial për sektorin e Energjisë,,,,,,,,,,,0435 213167-2341450 19167 02.2024-06.2026 Krijimi i CERT-it Sektorial për sektorin e Energjisë
3.2,174,469,source,213000 - Ministria e Ekonomisë,213167 - Departamenti I Postës-Telekomunikacionit dhe Teknologjisë Informative,42300 - Departamenti I Postë s-Telekomunikacionit dhe Teknologjisë Informative,0435,213167-2341450,19167,02.2024-06.2026,Krijimi i CERT-it Sektorial për sektorin e Energjisë,GQ,,0.0,360000.0,0.0,360000.0,700000.0,700000.0,0.0,1760000.0,"GQ 0 360,000 0 360,000 700,000 700,000 0 1,760,000"
3.2,174,483,project,213000 - Ministria e Ekonomisë,213167 - Departamenti I Postës-Telekomunikacionit dhe Teknologjisë Informative,42300 - Departamenti I Postë s-Telekomunikacionit dhe Teknologjisë Informative,0460,213167-2341452,19169,03.2023-12.2026,"Pilotimi i konceptit të ?Smart City (Neutral Host)"" në komunën e Gjilanit",,,,,,,,,,,"0460 213167-2341452 19169 03.2023-12.2026 Pilotimi i konceptit të ?Smart City (Neutral Host)"" në komunën e Gjilanit"
3.2,174,497,source,213000 - Ministria e Ekonomisë,213167 - Departamenti I Postës-Telekomunikacionit dhe Teknologjisë Informative,42300 - Departamenti I Postë s-Telekomunikacionit dhe Teknologjisë Informative,0460,213167-2341452,19169,03.2023-12.2026,"Pilotimi i konceptit të ?Smart City (Neutral Host)"" në komunën e Gjilanit",GQ,,0.0,200000.0,0.0,200000.0,50000.0,0.0,0.0,250000.0,"GQ 0 200,000 0 200,000 50,000 0 0 250,000"
3.2,175,171,project,213000 - Ministria e Ekonomisë,213167 - Departamenti I Postës-Telekomunikacionit dhe Teknologjisë Informative,42300 - Departamenti I Postë s-Telekomunikacionit dhe Teknologjisë Informative,0474,213167-2443925,19270,11.2025-06.2028,Ndertimi i QED- Prizeren,,,,,,,,,,,0474 213167-2443925 19270 11.2025-06.2028 Ndertimi i QED- Prizeren
3.2,175,185,source,213000 - Ministria e Ekonomisë,213167 - Departamenti I Postës-Telekomunikacionit dhe Teknologjisë Informative,42300 - Departamenti I Postë s-Telekomunikacionit dhe Teknologjisë Informative,0474,213167-2443925,19270,11.2025-06.2028,Ndertimi i QED- Prizeren,GQ,,0.0,290000.0,0.0,290000.0,1300000.0,1025000.0,0.0,2615000.0,"GQ 0 290,000 0 290,000 1,300,000 1,025,000 0 2,615,000"
3.2,175,199,project,213000 - Ministria e Ekonomisë,213167 - Departamenti I Postës-Telekomunikacionit dhe Teknologjisë Informative,42300 - Departamenti I Postë s-Telekomunikacionit dhe Teknologjisë Informative,0486,213167-2647704,20670,01.2026-12.2028,Pilot projektet për funksionalizmin e Portofolit Digjital,,,,,,,,,,,0486 213167-2647704 20670 01.2026-12.2028 Pilot projektet për funksionalizmin e Portofolit Digjital
3.2,175,213,source,213000 - Ministria e Ekonomisë,213167 - Departamenti I Postës-Telekomunikacionit dhe Teknologjisë Informative,42300 - Departamenti I Postë s-Telekomunikacionit dhe Teknologjisë Informative,0486,213167-2647704,20670,01.2026-12.2028,Pilot projektet për funksionalizmin e Portofolit Digjital,GQ,,0.0,0.0,500000.0,500000.0,0.0,0.0,0.0,500000.0,"GQ 0 0 500,000 500,000 0 0 0 500,000"
3.2,175,227,subtotal,213000 - Ministria e Ekonomisë,213167 - Departamenti I Postës-Telekomunikacionit dhe Teknologjisë Informative,42300 - Departamenti I Postë s-Telekomunikacionit dhe Teknologjisë Informative,,,,,Totali ( GQ ) - Departamenti I Postë s-Telekomunikacionit dhe Teknologjisë Informative,GQ,,2289770.0,1335000.0,500000.0,1835000.0,2350000.0,2025000.0,0.0,8499770.0,"Totali ( GQ ) - Departamenti I Postë s-Telekomunikacionit dhe Teknologjisë Informative 2,289,770 1,335,000 500,000 1,835,000 2,350,000 2,025,000 0 8,499,770"
3.2,175,242,subtotal,213000 - Ministria e Ekonomisë,213167 - Departamenti I Postës-Telekomunikacionit dhe Teknologjisë Informative,42300 - Departamenti I Postë s-Telekomunikacionit dhe Teknologjisë Informative,,,,,Totali - Departamenti I Postës-Telekomunikacionit dhe Teknologjisë Informative,,,2289770.0,1335000.0,500000.0,1835000.0,2350000.0,2025000.0,0.0,8499770.0,"Totali - Departamenti I Postës-Telekomunikacionit dhe Teknologjisë Informative 2,289,770 1,335,000 500,000 1,835,000 2,350,000 2,025,000 0 8,499,770"
3.2,175,256,subtotal,213000 - Ministria e Ekonomisë,213167 - Departamenti I Postës-Telekomunikacionit dhe Teknologjisë Informative,42300 - Departamenti I Postë s-Telekomunikacionit dhe Teknologjisë Informative,,,,,Totali ( GQ ) - Departamenti I Postës-Telekomunikacionit dhe Teknologjisë Informative,GQ,,2289770.0,1335000.0,500000.0,1835000.0,2350000.0,2025000.0,0.0,8499770.0,"Totali ( GQ ) - Departamenti I Postës-Telekomunikacionit dhe Teknologjisë Informative 2,289,770 1,335,000 500,000 1,835,000 2,350,000 2,025,000 0 8,499,770"
3.2,175,270,subtotal,213000 - Ministria e Ekonomisë,213167 - Departamenti I Postës-Telekomunikacionit dhe Teknologjisë Informative,42300 - Departamenti I Postë s-Telekomunikacionit dhe Teknologjisë Informative,,,,,Totali - Departamenti I Postës-Telekomunikacionit dhe Teknologjisë Informative,,,2289770.0,1335000.0,500000.0,1835000.0,2350000.0,2025000.0,0.0,8499770.0,"Totali - Departamenti I Postës-Telekomunikacionit dhe Teknologjisë Informative 2,289,770 1,335,000 500,000 1,835,000 2,350,000 2,025,000 0 8,499,770"
3.2,175,284,subtotal,213000 - Ministria e Ekonomisë,213167 - Departamenti I Postës-Telekomunikacionit dhe Teknologjisë Informative,42300 - Departamenti I Postë s-Telekomunikacionit dhe Teknologjisë Informative,,,,,Totali ( GQ ) - Ministria e Ekonomisë,GQ,,2289770.0,1810000.0,590000.0,2400000.0,2400000.0,2400000.0,0.0,9489770.0,"Totali ( GQ ) - Ministria e Ekonomisë 2,289,770 1,810,000 590,000 2,400,000 2,400,000 2,400,000 0 9,489,770"
3.2,175,298,subtotal,213000 - Ministria e Ekonomisë,213167 - Departamenti I Postës-Telekomunikacionit dhe Teknologjisë Informative,42300 - Departamenti I Postë s-Telekomunikacionit dhe Teknologjisë Informative,,,,,Totali ( FH ) - Ministria e Ekonomisë,FH,,0.0,0.0,0.0,0.0,45652196.0,19200000.0,0.0,64852196.0,"Totali ( FH ) - Ministria e Ekonomisë 0 0 0 0 45,652,196 19,200,000 0 64,852,196"
3.2,175,312,subtotal,213000 - Ministria e Ekonomisë,213167 - Departamenti I Postës-Telekomunikacionit dhe Teknologjisë Informative,42300 - Departamenti I Postë s-Telekomunikacionit dhe Teknologjisë Informative,,,,,Totali - Ministria e Ekonomisë,,,2289770.0,1810000.0,590000.0,2400000.0,48052196.0,21600000.0,0.0,74341966.0,"Totali - Ministria e Ekonomisë 2,289,770 1,810,000 590,000 2,400,000 48,052,196 21,600,000 0 74,341,966"
3.2,175,369,project,214000 - Ministria e Punëve të Brendshme,214155 - Shërbimet e Administratës Qendrore,11314 - Administrata Qendrore,0133,214155-2444049,19304,.02.2024-12.2028,Blerja dhe avancimi i softuerëve për MPB-në,,,,,,,,,,,0133 214155-2444049 19304 .02.2024-12.2028 Blerja dhe avancimi i softuerëve për MPB-në
3.2,175,383,source,214000 - Ministria e Punëve të Brendshme,214155 - Shërbimet e Administratës Qendrore,11314 - Administrata Qendrore,0133,214155-2444049,19304,.02.2024-12.2028,Blerja dhe avancimi i softuerëve për MPB-në,GQ,,0.0,50000.0,0.0,50000.0,150000.0,150000.0,0.0,350000.0,"GQ 0 50,000 0 50,000 150,000 150,000 0 350,000"
3.2,175,398,project,214000 - Ministria e Punëve të Brendshme,214155 - Shërbimet e Administratës Qendrore,11314 - Administrata Qendrore,0133,214155-2545902,19554,02.2024-12.2028,Blerja e Automjeteve në SHAQ,,,,,,,,,,,0133 214155-2545902 19554 02.2024-12.2028 Blerja e Automjeteve në SHAQ
3.2,175,412,source,214000 - Ministria e Punëve të Brendshme,214155 - Shërbimet e Administratës Qendrore,11314 - Administrata Qendrore,0133,214155-2545902,19554,02.2024-12.2028,Blerja e Automjeteve në SHAQ,GQ,,77900.0,550000.0,0.0,550000.0,100000.0,100000.0,0.0,827900.0,"GQ 77,900 550,000 0 550,000 100,000 100,000 0 827,900"
3.2,175,426,subtotal,214000 - Ministria e Punëve të Brendshme,214155 - Shërbimet e Administratës Qendrore,11314 - Administrata Qendrore,,,,,Totali( GQ ) - Administrata Qendrore,GQ,,77900.0,600000.0,0.0,600000.0,250000.0,250000.0,0.0,1177900.0,"Totali( GQ ) - Administrata Qendrore 77,900 600,000 0 600,000 250,000 250,000 0 1,177,900"
3.2,175,440,subtotal,214000 - Ministria e Punëve të Brendshme,214155 - Shërbimet e Administratës Qendrore,11314 - Administrata Qendrore,,,,,Totali - Administrata Qendrore,,,77900.0,600000.0,0.0,600000.0,250000.0,250000.0,0.0,1177900.0,"Totali - Administrata Qendrore 77,900 600,000 0 600,000 250,000 250,000 0 1,177,900"
3.2,175,454,subtotal,214000 - Ministria e Punëve të Brendshme,214155 - Shërbimet e Administratës Qendrore,11314 - Administrata Qendrore,,,,,Totali ( GQ ) - Shërbimet e Administratës Qendrore,GQ,,77900.0,600000.0,0.0,600000.0,250000.0,250000.0,0.0,1177900.0,"Totali ( GQ ) - Shërbimet e Administratës Qendrore 77,900 600,000 0 600,000 250,000 250,000 0 1,177,900"
3.2,175,469,subtotal,214000 - Ministria e Punëve të Brendshme,214155 - Shërbimet e Administratës Qendrore,11314 - Administrata Qendrore,,,,,Totali - Shërbimet e Administratës Qendrore,,,77900.0,600000.0,0.0,600000.0,250000.0,250000.0,0.0,1177900.0,"Totali - Shërbimet e Administratës Qendrore 77,900 600,000 0 600,000 250,000 250,000 0 1,177,900"
3.2,176,171,project,214000 - Ministria e Punëve të Brendshme,214159 - Agjensioni i Regjistrimit Civil,14800 - Agjensioni i regjistrimit Civil,0133,214155-1832756,15716,02.2021-12.2028,"Furnizim me pisje rezerve (Kopresor,UPS,TI-së,Klimatizimit,Kamerave vëzhguese)",,,,,,,,,,,"0133 214155-1832756 15716 02.2021-12.2028 Furnizim me pisje rezerve (Kopresor,UPS,TI-së,Klimatizimit,Kamerave vëzhguese)"
3.2,176,185,source,214000 - Ministria e Punëve të Brendshme,214159 - Agjensioni i Regjistrimit Civil,14800 - Agjensioni i regjistrimit Civil,0133,214155-1832756,15716,02.2021-12.2028,"Furnizim me pisje rezerve (Kopresor,UPS,TI-së,Klimatizimit,Kamerave vëzhguese)",GQ,,90639.0,110000.0,0.0,110000.0,160000.0,210000.0,0.0,570639.0,"GQ 90,639 110,000 0 110,000 160,000 210,000 0 570,639"
3.2,176,199,project,214000 - Ministria e Punëve të Brendshme,214159 - Agjensioni i Regjistrimit Civil,14800 - Agjensioni i regjistrimit Civil,0133,214159-2341370,19112,02.2023-12.2028,"SISTEMI PËR LETERNJOFTIME, PASAPORTA DHE PATENTË SHOFERI",,,,,,,,,,,"0133 214159-2341370 19112 02.2023-12.2028 SISTEMI PËR LETERNJOFTIME, PASAPORTA DHE PATENTË SHOFERI"
3.2,176,213,source,214000 - Ministria e Punëve të Brendshme,214159 - Agjensioni i Regjistrimit Civil,14800 - Agjensioni i regjistrimit Civil,0133,214159-2341370,19112,02.2023-12.2028,"SISTEMI PËR LETERNJOFTIME, PASAPORTA DHE PATENTË SHOFERI",GQ,,3038929.0,50000.0,0.0,50000.0,700000.0,700000.0,0.0,4488929.0,"GQ 3,038,929 50,000 0 50,000 700,000 700,000 0 4,488,929"
3.2,176,228,project,214000 - Ministria e Punëve të Brendshme,214159 - Agjensioni i Regjistrimit Civil,14800 - Agjensioni i regjistrimit Civil,0451,214159-2647649,20652,03.2027-12.2028,Blerja e Veturave për ARC,,,,,,,,,,,0451 214159-2647649 20652 03.2027-12.2028 Blerja e Veturave për ARC
3.2,176,242,source,214000 - Ministria e Punëve të Brendshme,214159 - Agjensioni i Regjistrimit Civil,14800 - Agjensioni i regjistrimit Civil,0451,214159-2647649,20652,03.2027-12.2028,Blerja e Veturave për ARC,GQ,,0.0,0.0,0.0,0.0,150000.0,100000.0,0.0,250000.0,"GQ 0 0 0 0 150,000 100,000 0 250,000"
3.2,176,256,project,214000 - Ministria e Punëve të Brendshme,214159 - Agjensioni i Regjistrimit Civil,14800 - Agjensioni i regjistrimit Civil,0160,214210-119481,12201,03.2022-12.2028,Krijimi i Arkives Elektronike,,,,,,,,,,,0160 214210-119481 12201 03.2022-12.2028 Krijimi i Arkives Elektronike
3.2,176,270,source,214000 - Ministria e Punëve të Brendshme,214159 - Agjensioni i Regjistrimit Civil,14800 - Agjensioni i regjistrimit Civil,0160,214210-119481,12201,03.2022-12.2028,Krijimi i Arkives Elektronike,GQ,,1241366.0,150000.0,0.0,150000.0,150000.0,150000.0,0.0,1691366.0,"GQ 1,241,366 150,000 0 150,000 150,000 150,000 0 1,691,366"
3.2,176,284,subtotal,214000 - Ministria e Punëve të Brendshme,214159 - Agjensioni i Regjistrimit Civil,14800 - Agjensioni i regjistrimit Civil,,,,,Totali( GQ ) - Agjensioni i regjistrimit Civil,GQ,,4370934.0,310000.0,0.0,310000.0,1160000.0,1160000.0,0.0,7000934.0,"Totali( GQ ) - Agjensioni i regjistrimit Civil 4,370,934 310,000 0 310,000 1,160,000 1,160,000 0 7,000,934"
3.2,176,298,subtotal,214000 - Ministria e Punëve të Brendshme,214159 - Agjensioni i Regjistrimit Civil,14800 - Agjensioni i regjistrimit Civil,,,,,Totali - Agjensioni i regjistrimit Civil,,,4370934.0,310000.0,0.0,310000.0,1160000.0,1160000.0,0.0,7000934.0,"Totali - Agjensioni i regjistrimit Civil 4,370,934 310,000 0 310,000 1,160,000 1,160,000 0 7,000,934"
3.2,176,313,subtotal,214000 - Ministria e Punëve të Brendshme,214159 - Agjensioni i Regjistrimit Civil,14800 - Agjensioni i regjistrimit Civil,,,,,Totali ( GQ ) - Agjensioni i Regjistrimit Civil,GQ,,4370934.0,310000.0,0.0,310000.0,1160000.0,1160000.0,0.0,7000934.0,"Totali ( GQ ) - Agjensioni i Regjistrimit Civil 4,370,934 310,000 0 310,000 1,160,000 1,160,000 0 7,000,934"
3.2,176,327,subtotal,214000 - Ministria e Punëve të Brendshme,214159 - Agjensioni i Regjistrimit Civil,14800 - Agjensioni i regjistrimit Civil,,,,,Totali - Agjensioni i Regjistrimit Civil,,,4370934.0,310000.0,0.0,310000.0,1160000.0,1160000.0,0.0,7000934.0,"Totali - Agjensioni i Regjistrimit Civil 4,370,934 310,000 0 310,000 1,160,000 1,160,000 0 7,000,934"
3.2,176,369,project,214000 - Ministria e Punëve të Brendshme,214162 - Agjencia e Kosovës për Forenzikë,35000 - Agjencia e Kosovë s pë r Forenzikë,0350,214162-2443914,19264,04.2024-12.2028,Pajisjet e Specializuara Laboratorike Forenzike për Agjencinë e Kosovës për Forenzikë,,,,,,,,,,,0350 214162-2443914 19264 04.2024-12.2028 Pajisjet e Specializuara Laboratorike Forenzike për Agjencinë e Kosovës për Forenzikë
3.2,176,383,source,214000 - Ministria e Punëve të Brendshme,214162 - Agjencia e Kosovës për Forenzikë,35000 - Agjencia e Kosovë s pë r Forenzikë,0350,214162-2443914,19264,04.2024-12.2028,Pajisjet e Specializuara Laboratorike Forenzike për Agjencinë e Kosovës për Forenzikë,GQ,,237964.0,283600.0,0.0,283600.0,323602.0,383602.0,0.0,1228768.0,"GQ 237,964 283,600 0 283,600 323,602 383,602 0 1,228,768"
3.2,176,398,project,214000 - Ministria e Punëve të Brendshme,214162 - Agjencia e Kosovës për Forenzikë,35000 - Agjencia e Kosovë s pë r Forenzikë,0443,214162-2443919,19267,03.2024-12.2028,Objekti i AKF dhe Dhoma e Dëshmive,,,,,,,,,,,0443 214162-2443919 19267 03.2024-12.2028 Objekti i AKF dhe Dhoma e Dëshmive
3.2,176,412,source,214000 - Ministria e Punëve të Brendshme,214162 - Agjencia e Kosovës për Forenzikë,35000 - Agjencia e Kosovë s pë r Forenzikë,0443,214162-2443919,19267,03.2024-12.2028,Objekti i AKF dhe Dhoma e Dëshmive,GQ,,132239.0,200002.0,0.0,200002.0,160000.0,100000.0,0.0,592241.0,"GQ 132,239 200,002 0 200,002 160,000 100,000 0 592,241"
3.2,176,426,subtotal,214000 - Ministria e Punëve të Brendshme,214162 - Agjencia e Kosovës për Forenzikë,35000 - Agjencia e Kosovë s pë r Forenzikë,,,,,Totali( GQ ) - Agjencia e Kosovë s pë r Forenzikë,GQ,,370203.0,483602.0,0.0,483602.0,483602.0,483602.0,0.0,1821009.0,"Totali( GQ ) - Agjencia e Kosovë s pë r Forenzikë 370,203 483,602 0 483,602 483,602 483,602 0 1,821,009"
3.2,176,440,subtotal,214000 - Ministria e Punëve të Brendshme,214162 - Agjencia e Kosovës për Forenzikë,35000 - Agjencia e Kosovë s pë r Forenzikë,,,,,Totali - Agjencia e Kosovë s pë r Forenzikë,,,370203.0,483602.0,0.0,483602.0,483602.0,483602.0,0.0,1821009.0,"Totali - Agjencia e Kosovë s pë r Forenzikë 370,203 483,602 0 483,602 483,602 483,602 0 1,821,009"
3.2,176,454,subtotal,214000 - Ministria e Punëve të Brendshme,214162 - Agjencia e Kosovës për Forenzikë,35000 - Agjencia e Kosovë s pë r Forenzikë,,,,,Totali ( GQ ) - Agjencia e Kosovës për Forenzikë,GQ,,370203.0,483602.0,0.0,483602.0,483602.0,483602.0,0.0,1821009.0,"Totali ( GQ ) - Agjencia e Kosovës për Forenzikë 370,203 483,602 0 483,602 483,602 483,602 0 1,821,009"
3.2,176,469,subtotal,214000 - Ministria e Punëve të Brendshme,214162 - Agjencia e Kosovës për Forenzikë,35000 - Agjencia e Kosovë s pë r Forenzikë,,,,,Totali - Agjencia e Kosovës për Forenzikë,,,370203.0,483602.0,0.0,483602.0,483602.0,483602.0,0.0,1821009.0,"Totali - Agjencia e Kosovës për Forenzikë 370,203 483,602 0 483,602 483,602 483,602 0 1,821,009"
3.2,177,171,project,214000 - Ministria e Punëve të Brendshme,214220 - Agjëncia për Menaxhimin Emergjent,32700 - Agjë ncia pë r Menaxhimin Emergjent,0443,214220-1213940,13162,07.2019-12.2027,Ndertimi dhe Renovimi i Objekteve në AME,,,,,,,,,,,0443 214220-1213940 13162 07.2019-12.2027 Ndertimi dhe Renovimi i Objekteve në AME
3.2,177,185,source,214000 - Ministria e Punëve të Brendshme,214220 - Agjëncia për Menaxhimin Emergjent,32700 - Agjë ncia pë r Menaxhimin Emergjent,0443,214220-1213940,13162,07.2019-12.2027,Ndertimi dhe Renovimi i Objekteve në AME,GQ,,3187964.0,1000000.0,0.0,1000000.0,1625000.0,1850000.0,0.0,7662964.0,"GQ 3,187,964 1,000,000 0 1,000,000 1,625,000 1,850,000 0 7,662,964"
3.2,177,199,project,214000 - Ministria e Punëve të Brendshme,214220 - Agjëncia për Menaxhimin Emergjent,32700 - Agjë ncia pë r Menaxhimin Emergjent,0320,214220-1217502,13379,07.2025-12.2028,Furnizim me Paisje tjera per Sherbimet e Zjarrefikesve,,,,,,,,,,,0320 214220-1217502 13379 07.2025-12.2028 Furnizim me Paisje tjera per Sherbimet e Zjarrefikesve
3.2,177,213,source,214000 - Ministria e Punëve të Brendshme,214220 - Agjëncia për Menaxhimin Emergjent,32700 - Agjë ncia pë r Menaxhimin Emergjent,0320,214220-1217502,13379,07.2025-12.2028,Furnizim me Paisje tjera per Sherbimet e Zjarrefikesve,GQ,,6329659.0,1149481.0,0.0,1149481.0,1035000.0,1035000.0,0.0,9549140.0,"GQ 6,329,659 1,149,481 0 1,149,481 1,035,000 1,035,000 0 9,549,140"
3.2,177,228,project,214000 - Ministria e Punëve të Brendshme,214220 - Agjëncia për Menaxhimin Emergjent,32700 - Agjë ncia pë r Menaxhimin Emergjent,0320,214220-1627909,14693,02.2016-11.2028,Furnizimi me Automjete të Zjarrfikjes dhe Shpëtimit,,,,,,,,,,,0320 214220-1627909 14693 02.2016-11.2028 Furnizimi me Automjete të Zjarrfikjes dhe Shpëtimit
3.2,177,242,source,214000 - Ministria e Punëve të Brendshme,214220 - Agjëncia për Menaxhimin Emergjent,32700 - Agjë ncia pë r Menaxhimin Emergjent,0320,214220-1627909,14693,02.2016-11.2028,Furnizimi me Automjete të Zjarrfikjes dhe Shpëtimit,GQ,,3455551.0,1780048.0,0.0,1780048.0,2950000.0,3000000.0,0.0,11185599.0,"GQ 3,455,551 1,780,048 0 1,780,048 2,950,000 3,000,000 0 11,185,599"
3.2,177,256,project,214000 - Ministria e Punëve të Brendshme,214220 - Agjëncia për Menaxhimin Emergjent,32700 - Agjë ncia pë r Menaxhimin Emergjent,0320,214220-2239544,18928,01.2022-12.2025,Ngritja e sistemit te radio komunikimit me infrastrukture percjellse,,,,,,,,,,,0320 214220-2239544 18928 01.2022-12.2025 Ngritja e sistemit te radio komunikimit me infrastrukture percjellse
3.2,177,270,source,214000 - Ministria e Punëve të Brendshme,214220 - Agjëncia për Menaxhimin Emergjent,32700 - Agjë ncia pë r Menaxhimin Emergjent,0320,214220-2239544,18928,01.2022-12.2025,Ngritja e sistemit te radio komunikimit me infrastrukture percjellse,GQ,,0.0,50000.0,0.0,50000.0,50000.0,100000.0,0.0,200000.0,"GQ 0 50,000 0 50,000 50,000 100,000 0 200,000"
3.2,177,284,project,214000 - Ministria e Punëve të Brendshme,214220 - Agjëncia për Menaxhimin Emergjent,32700 - Agjë ncia pë r Menaxhimin Emergjent,0220,214220-2443910,19262,01.2024-12.2026,"Funksionimi, Digjitalizimi I Qendres Operative  te AME-se  dhe Avancimi i  Qendrave Regjionale",,,,,,,,,,,"0220 214220-2443910 19262 01.2024-12.2026 Funksionimi, Digjitalizimi I Qendres Operative te AME-se dhe Avancimi i Qendrave Regjionale"
3.2,177,298,source,214000 - Ministria e Punëve të Brendshme,214220 - Agjëncia për Menaxhimin Emergjent,32700 - Agjë ncia pë r Menaxhimin Emergjent,0220,214220-2443910,19262,01.2024-12.2026,"Funksionimi, Digjitalizimi I Qendres Operative  te AME-se  dhe Avancimi i  Qendrave Regjionale",GQ,,0.0,350000.0,0.0,350000.0,50000.0,0.0,0.0,400000.0,"GQ 0 350,000 0 350,000 50,000 0 0 400,000"
3.2,177,313,project,214000 - Ministria e Punëve të Brendshme,214220 - Agjëncia për Menaxhimin Emergjent,32700 - Agjë ncia pë r Menaxhimin Emergjent,0133,214220-2545876,19541,06.2024-09.2027,Furnizim me automjete per AME,,,,,,,,,,,0133 214220-2545876 19541 06.2024-09.2027 Furnizim me automjete per AME
3.2,177,327,source,214000 - Ministria e Punëve të Brendshme,214220 - Agjëncia për Menaxhimin Emergjent,32700 - Agjë ncia pë r Menaxhimin Emergjent,0133,214220-2545876,19541,06.2024-09.2027,Furnizim me automjete per AME,GQ,,83400.0,75000.0,0.0,75000.0,75000.0,100000.0,0.0,333400.0,"GQ 83,400 75,000 0 75,000 75,000 100,000 0 333,400"
3.2,177,341,project,214000 - Ministria e Punëve të Brendshme,214220 - Agjëncia për Menaxhimin Emergjent,32700 - Agjë ncia pë r Menaxhimin Emergjent,0220,214220-2545888,19545,02.2025-11.2027,Furnizim me Veshmbathje speciale (uniforma specilae mbrotjese per ekipin e kërkim shpëtimit në ujera me barka),,,,,,,,,,,0220 214220-2545888 19545 02.2025-11.2027 Furnizim me Veshmbathje speciale (uniforma specilae mbrotjese per ekipin e kërkim shpëtimit në ujera me barka)
3.2,177,355,source,214000 - Ministria e Punëve të Brendshme,214220 - Agjëncia për Menaxhimin Emergjent,32700 - Agjë ncia pë r Menaxhimin Emergjent,0220,214220-2545888,19545,02.2025-11.2027,Furnizim me Veshmbathje speciale (uniforma specilae mbrotjese per ekipin e kërkim shpëtimit në ujera me barka),GQ,,198956.0,0.0,119151.0,119151.0,100000.0,0.0,0.0,418107.0,"GQ 198,956 0 119,151 119,151 100,000 0 0 418,107"
3.2,177,369,project,214000 - Ministria e Punëve të Brendshme,214220 - Agjëncia për Menaxhimin Emergjent,32700 - Agjë ncia pë r Menaxhimin Emergjent,0220,214220-2647543,20625,01.2026-12.2028,Furnizim me Dron për menaxhimin e situatave emergjente,,,,,,,,,,,0220 214220-2647543 20625 01.2026-12.2028 Furnizim me Dron për menaxhimin e situatave emergjente
3.2,177,383,source,214000 - Ministria e Punëve të Brendshme,214220 - Agjëncia për Menaxhimin Emergjent,32700 - Agjë ncia pë r Menaxhimin Emergjent,0220,214220-2647543,20625,01.2026-12.2028,Furnizim me Dron për menaxhimin e situatave emergjente,GQ,,0.0,0.0,87500.0,87500.0,50000.0,0.0,0.0,137500.0,"GQ 0 0 87,500 87,500 50,000 0 0 137,500"
3.2,177,398,project,214000 - Ministria e Punëve të Brendshme,214220 - Agjëncia për Menaxhimin Emergjent,32700 - Agjë ncia pë r Menaxhimin Emergjent,0220,214220-2647544,20626,02.2026-11.2028,Furnizim me pasije personale dhe te perbashketa  per ekipet dhe Qendren e trajnimeve per  kerkim shpetim,,,,,,,,,,,0220 214220-2647544 20626 02.2026-11.2028 Furnizim me pasije personale dhe te perbashketa per ekipet dhe Qendren e trajnimeve per kerkim shpetim
3.2,177,412,source,214000 - Ministria e Punëve të Brendshme,214220 - Agjëncia për Menaxhimin Emergjent,32700 - Agjë ncia pë r Menaxhimin Emergjent,0220,214220-2647544,20626,02.2026-11.2028,Furnizim me pasije personale dhe te perbashketa  per ekipet dhe Qendren e trajnimeve per  kerkim shpetim,GQ,,0.0,0.0,373820.0,373820.0,75000.0,0.0,0.0,448820.0,"GQ 0 0 373,820 373,820 75,000 0 0 448,820"
3.2,177,426,project,214000 - Ministria e Punëve të Brendshme,214220 - Agjëncia për Menaxhimin Emergjent,32700 - Agjë ncia pë r Menaxhimin Emergjent,0220,214220-2647608,20645,02.2026-10.2028,Furnizim me motoqikleta per ekipet reaguese (NJPZSH dhe EKipet per kerkim shpetim),,,,,,,,,,,0220 214220-2647608 20645 02.2026-10.2028 Furnizim me motoqikleta per ekipet reaguese (NJPZSH dhe EKipet per kerkim shpetim)
3.2,177,440,source,214000 - Ministria e Punëve të Brendshme,214220 - Agjëncia për Menaxhimin Emergjent,32700 - Agjë ncia pë r Menaxhimin Emergjent,0220,214220-2647608,20645,02.2026-10.2028,Furnizim me motoqikleta per ekipet reaguese (NJPZSH dhe EKipet per kerkim shpetim),GQ,,0.0,0.0,100000.0,100000.0,75000.0,0.0,0.0,175000.0,"GQ 0 0 100,000 100,000 75,000 0 0 175,000"
3.2,177,454,subtotal,214000 - Ministria e Punëve të Brendshme,214220 - Agjëncia për Menaxhimin Emergjent,32700 - Agjë ncia pë r Menaxhimin Emergjent,,,,,Totali( GQ ) - Agjë ncia pë r Menaxhimin Emergjent,GQ,,13255531.0,4404529.0,680471.0,5085000.0,6085000.0,6085000.0,0.0,30510531.0,"Totali( GQ ) - Agjë ncia pë r Menaxhimin Emergjent 13,255,531 4,404,529 680,471 5,085,000 6,085,000 6,085,000 0 30,510,531"
3.2,177,469,subtotal,214000 - Ministria e Punëve të Brendshme,214220 - Agjëncia për Menaxhimin Emergjent,32700 - Agjë ncia pë r Menaxhimin Emergjent,,,,,Totali - Agjë ncia pë r Menaxhimin Emergjent,,,13255531.0,4404529.0,680471.0,5085000.0,6085000.0,6085000.0,0.0,30510531.0,"Totali - Agjë ncia pë r Menaxhimin Emergjent 13,255,531 4,404,529 680,471 5,085,000 6,085,000 6,085,000 0 30,510,531"
3.2,177,483,subtotal,214000 - Ministria e Punëve të Brendshme,214220 - Agjëncia për Menaxhimin Emergjent,32700 - Agjë ncia pë r Menaxhimin Emergjent,,,,,Totali ( GQ ) - Agjëncia për Menaxhimin Emergjent,GQ,,13255531.0,4404529.0,680471.0,5085000.0,6085000.0,6085000.0,0.0,30510531.0,"Totali ( GQ ) - Agjëncia për Menaxhimin Emergjent 13,255,531 4,404,529 680,471 5,085,000 6,085,000 6,085,000 0 30,510,531"
3.2,177,497,subtotal,214000 - Ministria e Punëve të Brendshme,214220 - Agjëncia për Menaxhimin Emergjent,32700 - Agjë ncia pë r Menaxhimin Emergjent,,,,,Totali - Agjëncia për Menaxhimin Emergjent,,,13255531.0,4404529.0,680471.0,5085000.0,6085000.0,6085000.0,0.0,30510531.0,"Totali - Agjëncia për Menaxhimin Emergjent 13,255,531 4,404,529 680,471 5,085,000 6,085,000 6,085,000 0 30,510,531"
3.2,178,199,project,214000 - Ministria e Punëve të Brendshme,214230 - Inspektoriati Policor i Kosoves,32900 - Inspektoriati Policor i Kosovë s,0360,214230-1728105,15159,01.2024-10.2028,Furnizimi me automjete zyrtare,,,,,,,,,,,0360 214230-1728105 15159 01.2024-10.2028 Furnizimi me automjete zyrtare
3.2,178,213,source,214000 - Ministria e Punëve të Brendshme,214230 - Inspektoriati Policor i Kosoves,32900 - Inspektoriati Policor i Kosovë s,0360,214230-1728105,15159,01.2024-10.2028,Furnizimi me automjete zyrtare,GQ,,336712.0,40000.0,0.0,40000.0,176094.0,176094.0,0.0,728900.0,"GQ 336,712 40,000 0 40,000 176,094 176,094 0 728,900"
3.2,178,228,project,214000 - Ministria e Punëve të Brendshme,214230 - Inspektoriati Policor i Kosoves,32900 - Inspektoriati Policor i Kosovë s,0360,214230-1728128,15162,06.2024-11.2028,Furnizimi me pajisje për vëzhgim,,,,,,,,,,,0360 214230-1728128 15162 06.2024-11.2028 Furnizimi me pajisje për vëzhgim
3.2,178,242,source,214000 - Ministria e Punëve të Brendshme,214230 - Inspektoriati Policor i Kosoves,32900 - Inspektoriati Policor i Kosovë s,0360,214230-1728128,15162,06.2024-11.2028,Furnizimi me pajisje për vëzhgim,GQ,,51410.0,40000.0,0.0,40000.0,40000.0,40000.0,0.0,171410.0,"GQ 51,410 40,000 0 40,000 40,000 40,000 0 171,410"
3.2,178,256,project,214000 - Ministria e Punëve të Brendshme,214230 - Inspektoriati Policor i Kosoves,32900 - Inspektoriati Policor i Kosovë s,0360,214230-1830609,15553,03.2025-09.2028,Furnizimi me pajisje të TI (SOFTUER dhe  pajisje të tjera për data bazë),,,,,,,,,,,0360 214230-1830609 15553 03.2025-09.2028 Furnizimi me pajisje të TI (SOFTUER dhe pajisje të tjera për data bazë)
3.2,178,270,source,214000 - Ministria e Punëve të Brendshme,214230 - Inspektoriati Policor i Kosoves,32900 - Inspektoriati Policor i Kosovë s,0360,214230-1830609,15553,03.2025-09.2028,Furnizimi me pajisje të TI (SOFTUER dhe  pajisje të tjera për data bazë),GQ,,80457.0,176094.0,0.0,176094.0,40000.0,40000.0,0.0,336551.0,"GQ 80,457 176,094 0 176,094 40,000 40,000 0 336,551"
3.2,178,284,subtotal,214000 - Ministria e Punëve të Brendshme,214230 - Inspektoriati Policor i Kosoves,32900 - Inspektoriati Policor i Kosovë s,,,,,Totali( GQ ) - Inspektoriati Policor i Kosovë s,GQ,,468580.0,256094.0,0.0,256094.0,256094.0,256094.0,0.0,1236862.0,"Totali( GQ ) - Inspektoriati Policor i Kosovë s 468,580 256,094 0 256,094 256,094 256,094 0 1,236,862"
3.2,178,298,subtotal,214000 - Ministria e Punëve të Brendshme,214230 - Inspektoriati Policor i Kosoves,32900 - Inspektoriati Policor i Kosovë s,,,,,Totali - Inspektoriati Policor i Kosovë s,,,468580.0,256094.0,0.0,256094.0,256094.0,256094.0,0.0,1236862.0,"Totali - Inspektoriati Policor i Kosovë s 468,580 256,094 0 256,094 256,094 256,094 0 1,236,862"
3.2,178,313,subtotal,214000 - Ministria e Punëve të Brendshme,214230 - Inspektoriati Policor i Kosoves,32900 - Inspektoriati Policor i Kosovë s,,,,,Totali ( GQ ) - Inspektoriati Policor i Kosoves,GQ,,468580.0,256094.0,0.0,256094.0,256094.0,256094.0,0.0,1236862.0,"Totali ( GQ ) - Inspektoriati Policor i Kosoves 468,580 256,094 0 256,094 256,094 256,094 0 1,236,862"
3.2,178,327,subtotal,214000 - Ministria e Punëve të Brendshme,214230 - Inspektoriati Policor i Kosoves,32900 - Inspektoriati Policor i Kosovë s,,,,,Totali - Inspektoriati Policor i Kosoves,,,468580.0,256094.0,0.0,256094.0,256094.0,256094.0,0.0,1236862.0,"Totali - Inspektoriati Policor i Kosoves 468,580 256,094 0 256,094 256,094 256,094 0 1,236,862"
3.2,178,369,project,214000 - Ministria e Punëve të Brendshme,214251 - Policia e Kosovës,30400 - Shërbimet e Mbë shtetjes,0310,214251-2239652,18966,02.2022-12.2028,Paisje për sistemin e komunikimit,,,,,,,,,,,0310 214251-2239652 18966 02.2022-12.2028 Paisje për sistemin e komunikimit
3.2,178,383,source,214000 - Ministria e Punëve të Brendshme,214251 - Policia e Kosovës,30400 - Shërbimet e Mbë shtetjes,0310,214251-2239652,18966,02.2022-12.2028,Paisje për sistemin e komunikimit,GQ,,1893118.0,800000.0,0.0,800000.0,800000.0,1600000.0,0.0,5093118.0,"GQ 1,893,118 800,000 0 800,000 800,000 1,600,000 0 5,093,118"
3.2,178,398,project,214000 - Ministria e Punëve të Brendshme,214251 - Policia e Kosovës,30400 - Shërbimet e Mbë shtetjes,0310,214251-2341397,19089,01.2023-12.2028,"Ndërtimi i depove për armë, municione dhe rezerarë nafte nëpër Drejtoritë rajonale te PK-se",,,,,,,,,,,"0310 214251-2341397 19089 01.2023-12.2028 Ndërtimi i depove për armë, municione dhe rezerarë nafte nëpër Drejtoritë rajonale te PK-se"
3.2,178,412,source,214000 - Ministria e Punëve të Brendshme,214251 - Policia e Kosovës,30400 - Shërbimet e Mbë shtetjes,0310,214251-2341397,19089,01.2023-12.2028,"Ndërtimi i depove për armë, municione dhe rezerarë nafte nëpër Drejtoritë rajonale te PK-se",GQ,,914031.0,1500000.0,0.0,1500000.0,1600000.0,1600000.0,0.0,5614031.0,"GQ 914,031 1,500,000 0 1,500,000 1,600,000 1,600,000 0 5,614,031"
3.2,178,426,project,214000 - Ministria e Punëve të Brendshme,214251 - Policia e Kosovës,30400 - Shërbimet e Mbë shtetjes,0310,214251-2343585,19195,01.2023-12.2028,Automjete të blinduara dhe automjete të veçanta,,,,,,,,,,,0310 214251-2343585 19195 01.2023-12.2028 Automjete të blinduara dhe automjete të veçanta
3.2,178,440,source,214000 - Ministria e Punëve të Brendshme,214251 - Policia e Kosovës,30400 - Shërbimet e Mbë shtetjes,0310,214251-2343585,19195,01.2023-12.2028,Automjete të blinduara dhe automjete të veçanta,GQ,,17517801.0,3700000.0,0.0,3700000.0,3700000.0,3700000.0,0.0,28617801.0,"GQ 17,517,801 3,700,000 0 3,700,000 3,700,000 3,700,000 0 28,617,801"
3.2,178,454,project,214000 - Ministria e Punëve të Brendshme,214251 - Policia e Kosovës,30400 - Shërbimet e Mbë shtetjes,0310,214251-2343609,19210,02.2023-12.2028,Armë dhe paisje speciale të PK,,,,,,,,,,,0310 214251-2343609 19210 02.2023-12.2028 Armë dhe paisje speciale të PK
3.2,178,469,source,214000 - Ministria e Punëve të Brendshme,214251 - Policia e Kosovës,30400 - Shërbimet e Mbë shtetjes,0310,214251-2343609,19210,02.2023-12.2028,Armë dhe paisje speciale të PK,GQ,,19153953.0,3300000.0,0.0,3300000.0,2800000.0,2800000.0,0.0,28053953.0,"GQ 19,153,953 3,300,000 0 3,300,000 2,800,000 2,800,000 0 28,053,953"
3.2,178,483,project,214000 - Ministria e Punëve të Brendshme,214251 - Policia e Kosovës,30400 - Shërbimet e Mbë shtetjes,0310,214251-2343616,19215,01.2023-12.2028,"Pajisje të TIK-ut, Softuere dhe siguria e të dhënave",,,,,,,,,,,"0310 214251-2343616 19215 01.2023-12.2028 Pajisje të TIK-ut, Softuere dhe siguria e të dhënave"
3.2,178,497,source,214000 - Ministria e Punëve të Brendshme,214251 - Policia e Kosovës,30400 - Shërbimet e Mbë shtetjes,0310,214251-2343616,19215,01.2023-12.2028,"Pajisje të TIK-ut, Softuere dhe siguria e të dhënave",GQ,,5077303.0,2220000.0,0.0,2220000.0,2620000.0,3020000.0,0.0,12937303.0,"GQ 5,077,303 2,220,000 0 2,220,000 2,620,000 3,020,000 0 12,937,303"
3.2,179,171,project,214000 - Ministria e Punëve të Brendshme,214251 - Policia e Kosovës,30400 - Shërbimet e Mbë shtetjes,0133,214251-2343619,19217,01.2023-12.2028,Ndërtime dhe Renovime për Policinë e Kosovës,,,,,,,,,,,0133 214251-2343619 19217 01.2023-12.2028 Ndërtime dhe Renovime për Policinë e Kosovës
3.2,179,185,source,214000 - Ministria e Punëve të Brendshme,214251 - Policia e Kosovës,30400 - Shërbimet e Mbë shtetjes,0133,214251-2343619,19217,01.2023-12.2028,Ndërtime dhe Renovime për Policinë e Kosovës,GQ,,5977521.0,3250000.0,0.0,3250000.0,3250000.0,3250000.0,0.0,15727521.0,"GQ 5,977,521 3,250,000 0 3,250,000 3,250,000 3,250,000 0 15,727,521"
3.2,179,199,project,214000 - Ministria e Punëve të Brendshme,214251 - Policia e Kosovës,30400 - Shërbimet e Mbë shtetjes,0310,214251-2343627,19222,02.2023-12.2028,Pajisje dhe Arme për kontroll dhe siguri kufitare,,,,,,,,,,,0310 214251-2343627 19222 02.2023-12.2028 Pajisje dhe Arme për kontroll dhe siguri kufitare
3.2,179,213,source,214000 - Ministria e Punëve të Brendshme,214251 - Policia e Kosovës,30400 - Shërbimet e Mbë shtetjes,0310,214251-2343627,19222,02.2023-12.2028,Pajisje dhe Arme për kontroll dhe siguri kufitare,GQ,,1913228.0,800000.0,0.0,800000.0,1000000.0,1250000.0,0.0,4963228.0,"GQ 1,913,228 800,000 0 800,000 1,000,000 1,250,000 0 4,963,228"
3.2,179,228,project,214000 - Ministria e Punëve të Brendshme,214251 - Policia e Kosovës,30400 - Shërbimet e Mbë shtetjes,0310,214251-2647661,20655,01.2026-12.2028,Konfidencial DIA,,,,,,,,,,,0310 214251-2647661 20655 01.2026-12.2028 Konfidencial DIA
3.2,179,242,source,214000 - Ministria e Punëve të Brendshme,214251 - Policia e Kosovës,30400 - Shërbimet e Mbë shtetjes,0310,214251-2647661,20655,01.2026-12.2028,Konfidencial DIA,GQ,,0.0,0.0,500000.0,500000.0,700000.0,900000.0,0.0,2100000.0,"GQ 0 0 500,000 500,000 700,000 900,000 0 2,100,000"
3.2,179,256,project,214000 - Ministria e Punëve të Brendshme,214251 - Policia e Kosovës,30400 - Shërbimet e Mbë shtetjes,0310,305328-072258,30120,06.2008-12.2028,Konfidenciale-DKKO,,,,,,,,,,,0310 305328-072258 30120 06.2008-12.2028 Konfidenciale-DKKO
3.2,179,270,source,214000 - Ministria e Punëve të Brendshme,214251 - Policia e Kosovës,30400 - Shërbimet e Mbë shtetjes,0310,305328-072258,30120,06.2008-12.2028,Konfidenciale-DKKO,GQ,,6310932.0,1500000.0,0.0,1500000.0,1300000.0,1600000.0,0.0,10710932.0,"GQ 6,310,932 1,500,000 0 1,500,000 1,300,000 1,600,000 0 10,710,932"
3.2,179,284,project,214000 - Ministria e Punëve të Brendshme,214251 - Policia e Kosovës,30400 - Shërbimet e Mbë shtetjes,0310,305340-072316,30037,02.2014-12.2028,Automjete Transporti,,,,,,,,,,,0310 305340-072316 30037 02.2014-12.2028 Automjete Transporti
3.2,179,298,source,214000 - Ministria e Punëve të Brendshme,214251 - Policia e Kosovës,30400 - Shërbimet e Mbë shtetjes,0310,305340-072316,30037,02.2014-12.2028,Automjete Transporti,GQ,,32632801.0,3450000.0,0.0,3450000.0,3450000.0,3975250.0,0.0,43508051.0,"GQ 32,632,801 3,450,000 0 3,450,000 3,450,000 3,975,250 0 43,508,051"
3.2,179,313,project,214000 - Ministria e Punëve të Brendshme,214251 - Policia e Kosovës,30400 - Shërbimet e Mbë shtetjes,0310,305340-072349,30041,02.2014-12.2028,Pajisjet policore - Logjistike,,,,,,,,,,,0310 305340-072349 30041 02.2014-12.2028 Pajisjet policore - Logjistike
3.2,179,327,source,214000 - Ministria e Punëve të Brendshme,214251 - Policia e Kosovës,30400 - Shërbimet e Mbë shtetjes,0310,305340-072349,30041,02.2014-12.2028,Pajisjet policore - Logjistike,GQ,,26764679.0,3528497.0,0.0,3528497.0,4428497.0,4778497.0,0.0,39500170.0,"GQ 26,764,679 3,528,497 0 3,528,497 4,428,497 4,778,497 0 39,500,170"
3.2,179,341,subtotal,214000 - Ministria e Punëve të Brendshme,214251 - Policia e Kosovës,30400 - Shërbimet e Mbë shtetjes,,,,,Totali( GQ ) - Shërbimet e Mbë shtetjes,GQ,,118155367.0,24048497.0,500000.0,24548497.0,25648497.0,28473747.0,0.0,196826108.0,"Totali( GQ ) - Shërbimet e Mbë shtetjes 118,155,367 24,048,497 500,000 24,548,497 25,648,497 28,473,747 0 196,826,108"
3.2,179,355,subtotal,214000 - Ministria e Punëve të Brendshme,214251 - Policia e Kosovës,30400 - Shërbimet e Mbë shtetjes,,,,,Totali - Shërbimet e Mbë shtetjes,,,118155367.0,24048497.0,500000.0,24548497.0,25648497.0,28473747.0,0.0,196826108.0,"Totali - Shërbimet e Mbë shtetjes 118,155,367 24,048,497 500,000 24,548,497 25,648,497 28,473,747 0 196,826,108"
3.2,179,369,subtotal,214000 - Ministria e Punëve të Brendshme,214251 - Policia e Kosovës,30400 - Shërbimet e Mbë shtetjes,,,,,Totali ( GQ ) - Policia e Kosovës,GQ,,118155367.0,24048497.0,500000.0,24548497.0,25648497.0,28473747.0,0.0,196826108.0,"Totali ( GQ ) - Policia e Kosovës 118,155,367 24,048,497 500,000 24,548,497 25,648,497 28,473,747 0 196,826,108"
3.2,179,383,subtotal,214000 - Ministria e Punëve të Brendshme,214251 - Policia e Kosovës,30400 - Shërbimet e Mbë shtetjes,,,,,Totali - Policia e Kosovës,,,118155367.0,24048497.0,500000.0,24548497.0,25648497.0,28473747.0,0.0,196826108.0,"Totali - Policia e Kosovës 118,155,367 24,048,497 500,000 24,548,497 25,648,497 28,473,747 0 196,826,108"
3.2,179,426,project,214000 - Ministria e Punëve të Brendshme,214385 - Akademia e Kosovës për Siguri Publike,91500 - Akademia e Kosovë s pë r Siguri Publike,0950,214385-119759,13169,04.2025-12.2027,Blerja e paisjeve te Teknologjise Informative,,,,,,,,,,,0950 214385-119759 13169 04.2025-12.2027 Blerja e paisjeve te Teknologjise Informative
3.2,179,440,source,214000 - Ministria e Punëve të Brendshme,214385 - Akademia e Kosovës për Siguri Publike,91500 - Akademia e Kosovë s pë r Siguri Publike,0950,214385-119759,13169,04.2025-12.2027,Blerja e paisjeve te Teknologjise Informative,GQ,,328804.0,0.0,0.0,0.0,150000.0,150000.0,0.0,628804.0,"GQ 328,804 0 0 0 150,000 150,000 0 628,804"
3.2,179,454,project,214000 - Ministria e Punëve të Brendshme,214385 - Akademia e Kosovës për Siguri Publike,91500 - Akademia e Kosovë s pë r Siguri Publike,0950,214385-1525613,14330,01.2025-12.2028,Blerja e Automjeteve për Nevojat e AKSP-së,,,,,,,,,,,0950 214385-1525613 14330 01.2025-12.2028 Blerja e Automjeteve për Nevojat e AKSP-së
3.2,179,469,source,214000 - Ministria e Punëve të Brendshme,214385 - Akademia e Kosovës për Siguri Publike,91500 - Akademia e Kosovë s pë r Siguri Publike,0950,214385-1525613,14330,01.2025-12.2028,Blerja e Automjeteve për Nevojat e AKSP-së,GQ,,0.0,0.0,0.0,0.0,167285.0,167285.0,0.0,334570.0,"GQ 0 0 0 0 167,285 167,285 0 334,570"
3.2,179,483,project,214000 - Ministria e Punëve të Brendshme,214385 - Akademia e Kosovës për Siguri Publike,91500 - Akademia e Kosovë s pë r Siguri Publike,0350,214385-1728152,15166,02.2025-12.2028,Renovimet ne Akademinë Kosovës për Sigurie Publike,,,,,,,,,,,0350 214385-1728152 15166 02.2025-12.2028 Renovimet ne Akademinë Kosovës për Sigurie Publike
3.2,179,497,source,214000 - Ministria e Punëve të Brendshme,214385 - Akademia e Kosovës për Siguri Publike,91500 - Akademia e Kosovë s pë r Siguri Publike,0350,214385-1728152,15166,02.2025-12.2028,Renovimet ne Akademinë Kosovës për Sigurie Publike,GQ,,230887.0,200000.0,0.0,200000.0,200000.0,200000.0,0.0,830887.0,"GQ 230,887 200,000 0 200,000 200,000 200,000 0 830,887"
3.2,180,171,project,214000 - Ministria e Punëve të Brendshme,214385 - Akademia e Kosovës për Siguri Publike,91500 - Akademia e Kosovë s pë r Siguri Publike,0133,214385-2035551,18551,01.2022-12.2027,Ndërtimi i Objektit të Mensës për vijues të ASP në AKSP,,,,,,,,,,,0133 214385-2035551 18551 01.2022-12.2027 Ndërtimi i Objektit të Mensës për vijues të ASP në AKSP
3.2,180,185,source,214000 - Ministria e Punëve të Brendshme,214385 - Akademia e Kosovës për Siguri Publike,91500 - Akademia e Kosovë s pë r Siguri Publike,0133,214385-2035551,18551,01.2022-12.2027,Ndërtimi i Objektit të Mensës për vijues të ASP në AKSP,GQ,,789769.0,617285.0,0.0,617285.0,200000.0,200000.0,0.0,1807054.0,"GQ 789,769 617,285 0 617,285 200,000 200,000 0 1,807,054"
3.2,180,199,project,214000 - Ministria e Punëve të Brendshme,214385 - Akademia e Kosovës për Siguri Publike,91500 - Akademia e Kosovë s pë r Siguri Publike,0412,214385-2341295,19098,01.2025-12.2028,Furnizim me Makina të Lavandaris,,,,,,,,,,,0412 214385-2341295 19098 01.2025-12.2028 Furnizim me Makina të Lavandaris
3.2,180,213,source,214000 - Ministria e Punëve të Brendshme,214385 - Akademia e Kosovës për Siguri Publike,91500 - Akademia e Kosovë s pë r Siguri Publike,0412,214385-2341295,19098,01.2025-12.2028,Furnizim me Makina të Lavandaris,GQ,,87990.0,0.0,0.0,0.0,50000.0,50000.0,0.0,187990.0,"GQ 87,990 0 0 0 50,000 50,000 0 187,990"
3.2,180,228,project,214000 - Ministria e Punëve të Brendshme,214385 - Akademia e Kosovës për Siguri Publike,91500 - Akademia e Kosovë s pë r Siguri Publike,0133,214385-2647542,20624,01.2027-12.2028,FURNIZIM ME REZERVUARË TË UJIT,,,,,,,,,,,0133 214385-2647542 20624 01.2027-12.2028 FURNIZIM ME REZERVUARË TË UJIT
3.2,180,242,source,214000 - Ministria e Punëve të Brendshme,214385 - Akademia e Kosovës për Siguri Publike,91500 - Akademia e Kosovë s pë r Siguri Publike,0133,214385-2647542,20624,01.2027-12.2028,FURNIZIM ME REZERVUARË TË UJIT,GQ,,0.0,0.0,0.0,0.0,50000.0,50000.0,0.0,100000.0,"GQ 0 0 0 0 50,000 50,000 0 100,000"
3.2,180,256,subtotal,214000 - Ministria e Punëve të Brendshme,214385 - Akademia e Kosovës për Siguri Publike,91500 - Akademia e Kosovë s pë r Siguri Publike,,,,,Totali( GQ ) - Akademia e Kosovë s pë r Siguri Publike,GQ,,1437450.0,817285.0,0.0,817285.0,817285.0,817285.0,0.0,3889305.0,"Totali( GQ ) - Akademia e Kosovë s pë r Siguri Publike 1,437,450 817,285 0 817,285 817,285 817,285 0 3,889,305"
3.2,180,270,subtotal,214000 - Ministria e Punëve të Brendshme,214385 - Akademia e Kosovës për Siguri Publike,91500 - Akademia e Kosovë s pë r Siguri Publike,,,,,Totali - Akademia e Kosovë s pë r Siguri Publike,,,1437450.0,817285.0,0.0,817285.0,817285.0,817285.0,0.0,3889305.0,"Totali - Akademia e Kosovë s pë r Siguri Publike 1,437,450 817,285 0 817,285 817,285 817,285 0 3,889,305"
3.2,180,284,subtotal,214000 - Ministria e Punëve të Brendshme,214385 - Akademia e Kosovës për Siguri Publike,91500 - Akademia e Kosovë s pë r Siguri Publike,,,,,Totali ( GQ ) - Akademia e Kosovës për Siguri Publike,GQ,,1437450.0,817285.0,0.0,817285.0,817285.0,817285.0,0.0,3889305.0,"Totali ( GQ ) - Akademia e Kosovës për Siguri Publike 1,437,450 817,285 0 817,285 817,285 817,285 0 3,889,305"
3.2,180,298,subtotal,214000 - Ministria e Punëve të Brendshme,214385 - Akademia e Kosovës për Siguri Publike,91500 - Akademia e Kosovë s pë r Siguri Publike,,,,,Totali - Akademia e Kosovës për Siguri Publike,,,1437450.0,817285.0,0.0,817285.0,817285.0,817285.0,0.0,3889305.0,"Totali - Akademia e Kosovës për Siguri Publike 1,437,450 817,285 0 817,285 817,285 817,285 0 3,889,305"
3.2,180,341,project,214000 - Ministria e Punëve të Brendshme,214391 - Dep.Standarteve dhe Politikave të IMNQ-së,12300 - Departamenti i Standardave Dhe Politikave te IMNQ,0111,101002-1730166,15057,02.2018-12.2028,Projekti Blinaja,,,,,,,,,,,0111 101002-1730166 15057 02.2018-12.2028 Projekti Blinaja
3.2,180,355,source,214000 - Ministria e Punëve të Brendshme,214391 - Dep.Standarteve dhe Politikave të IMNQ-së,12300 - Departamenti i Standardave Dhe Politikave te IMNQ,0111,101002-1730166,15057,02.2018-12.2028,Projekti Blinaja,GQ,,86395.0,1000000.0,0.0,1000000.0,2643750.0,3843750.0,0.0,7573895.0,"GQ 86,395 1,000,000 0 1,000,000 2,643,750 3,843,750 0 7,573,895"
3.2,180,369,project,214000 - Ministria e Punëve të Brendshme,214391 - Dep.Standarteve dhe Politikave të IMNQ-së,12300 - Departamenti i Standardave Dhe Politikave te IMNQ,0133,202037-093546,10012,06.2022-12.2028,"Kompleksi I Ri Qeveritar, ne Hajvali ne afersi te Prishtines",,,,,,,,,,,"0133 202037-093546 10012 06.2022-12.2028 Kompleksi I Ri Qeveritar, ne Hajvali ne afersi te Prishtines"
3.2,180,383,source,214000 - Ministria e Punëve të Brendshme,214391 - Dep.Standarteve dhe Politikave të IMNQ-së,12300 - Departamenti i Standardave Dhe Politikave te IMNQ,0133,202037-093546,10012,06.2022-12.2028,"Kompleksi I Ri Qeveritar, ne Hajvali ne afersi te Prishtines",GQ,,4200503.0,2201500.0,0.0,2201500.0,2100000.0,3200000.0,0.0,11702003.0,"GQ 4,200,503 2,201,500 0 2,201,500 2,100,000 3,200,000 0 11,702,003"
3.2,180,398,project,214000 - Ministria e Punëve të Brendshme,214391 - Dep.Standarteve dhe Politikave të IMNQ-së,12300 - Departamenti i Standardave Dhe Politikave te IMNQ,0133,202037-106853,12061,01.2010-12.2028,"Kompleksi Rilindja- Vlersimi i Kompleksit Rilindja dhe Renovimi i Anekseve B,C dhe D",,,,,,,,,,,"0133 202037-106853 12061 01.2010-12.2028 Kompleksi Rilindja- Vlersimi i Kompleksit Rilindja dhe Renovimi i Anekseve B,C dhe D"
3.2,180,412,source,214000 - Ministria e Punëve të Brendshme,214391 - Dep.Standarteve dhe Politikave të IMNQ-së,12300 - Departamenti i Standardave Dhe Politikave te IMNQ,0133,202037-106853,12061,01.2010-12.2028,"Kompleksi Rilindja- Vlersimi i Kompleksit Rilindja dhe Renovimi i Anekseve B,C dhe D",GQ,,4726203.0,1500000.0,0.0,1500000.0,3035750.0,3035750.0,0.0,12297703.0,"GQ 4,726,203 1,500,000 0 1,500,000 3,035,750 3,035,750 0 12,297,703"
3.2,180,426,project,214000 - Ministria e Punëve të Brendshme,214391 - Dep.Standarteve dhe Politikave të IMNQ-së,12300 - Departamenti i Standardave Dhe Politikave te IMNQ,0133,202037-1214207,12992,01.2012-12.2028,Renovimi i Objekteve Qeveritare,,,,,,,,,,,0133 202037-1214207 12992 01.2012-12.2028 Renovimi i Objekteve Qeveritare
3.2,180,440,source,214000 - Ministria e Punëve të Brendshme,214391 - Dep.Standarteve dhe Politikave të IMNQ-së,12300 - Departamenti i Standardave Dhe Politikave te IMNQ,0133,202037-1214207,12992,01.2012-12.2028,Renovimi i Objekteve Qeveritare,GQ,,11494028.0,2990000.0,0.0,2990000.0,3781096.0,3781096.0,0.0,22046220.0,"GQ 11,494,028 2,990,000 0 2,990,000 3,781,096 3,781,096 0 22,046,220"
3.2,180,454,project,214000 - Ministria e Punëve të Brendshme,214391 - Dep.Standarteve dhe Politikave të IMNQ-së,12300 - Departamenti i Standardave Dhe Politikave te IMNQ,0360,202037-1317621,13437,01.2013-12.2028,Ndertimi i ndertesave percjellse te nderteses se AKI,,,,,,,,,,,0360 202037-1317621 13437 01.2013-12.2028 Ndertimi i ndertesave percjellse te nderteses se AKI
3.2,180,469,source,214000 - Ministria e Punëve të Brendshme,214391 - Dep.Standarteve dhe Politikave të IMNQ-së,12300 - Departamenti i Standardave Dhe Politikave te IMNQ,0360,202037-1317621,13437,01.2013-12.2028,Ndertimi i ndertesave percjellse te nderteses se AKI,GQ,,14816672.0,1500000.0,0.0,1500000.0,1500000.0,1914250.0,0.0,19730922.0,"GQ 14,816,672 1,500,000 0 1,500,000 1,500,000 1,914,250 0 19,730,922"
3.2,180,483,project,214000 - Ministria e Punëve të Brendshme,214391 - Dep.Standarteve dhe Politikave të IMNQ-së,12300 - Departamenti i Standardave Dhe Politikave te IMNQ,0474,202037-1832754,15715,03.2018-12.2028,Ndertimi i Nderteses per Zyren e Presidences,,,,,,,,,,,0474 202037-1832754 15715 03.2018-12.2028 Ndertimi i Nderteses per Zyren e Presidences
3.2,180,497,source,214000 - Ministria e Punëve të Brendshme,214391 - Dep.Standarteve dhe Politikave të IMNQ-së,12300 - Departamenti i Standardave Dhe Politikave te IMNQ,0474,202037-1832754,15715,03.2018-12.2028,Ndertimi i Nderteses per Zyren e Presidences,GQ,,100000.0,10000.0,0.0,10000.0,10000.0,10000.0,0.0,130000.0,"GQ 100,000 10,000 0 10,000 10,000 10,000 0 130,000"
3.2,181,171,project,214000 - Ministria e Punëve të Brendshme,214391 - Dep.Standarteve dhe Politikave të IMNQ-së,12300 - Departamenti i Standardave Dhe Politikave te IMNQ,0921,208111-1730472,15415,02.2017-11.2027,Shkollë e ciklit të ulët në Fushticë të Epërme - Drenas,,,,,,,,,,,0921 208111-1730472 15415 02.2017-11.2027 Shkollë e ciklit të ulët në Fushticë të Epërme - Drenas
3.2,181,185,source,214000 - Ministria e Punëve të Brendshme,214391 - Dep.Standarteve dhe Politikave të IMNQ-së,12300 - Departamenti i Standardave Dhe Politikave te IMNQ,0921,208111-1730472,15415,02.2017-11.2027,Shkollë e ciklit të ulët në Fushticë të Epërme - Drenas,GQ,,885642.0,500000.0,0.0,500000.0,50000.0,0.0,0.0,1435642.0,"GQ 885,642 500,000 0 500,000 50,000 0 0 1,435,642"
3.2,181,199,project,214000 - Ministria e Punëve të Brendshme,214391 - Dep.Standarteve dhe Politikave të IMNQ-së,12300 - Departamenti i Standardave Dhe Politikave te IMNQ,0921,208111-1730474,15417,02.2017-11.2028,"Ndërtimi i shkollës së mesme profesionale në Komoran, Drenas",,,,,,,,,,,"0921 208111-1730474 15417 02.2017-11.2028 Ndërtimi i shkollës së mesme profesionale në Komoran, Drenas"
3.2,181,213,source,214000 - Ministria e Punëve të Brendshme,214391 - Dep.Standarteve dhe Politikave të IMNQ-së,12300 - Departamenti i Standardave Dhe Politikave te IMNQ,0921,208111-1730474,15417,02.2017-11.2028,"Ndërtimi i shkollës së mesme profesionale në Komoran, Drenas",GQ,,2687737.0,500000.0,0.0,500000.0,500000.0,100000.0,0.0,3787737.0,"GQ 2,687,737 500,000 0 500,000 500,000 100,000 0 3,787,737"
3.2,181,228,project,214000 - Ministria e Punëve të Brendshme,214391 - Dep.Standarteve dhe Politikave të IMNQ-së,12300 - Departamenti i Standardave Dhe Politikave te IMNQ,0950,208155-1317774,13478,03.2015-12.2028,Ndertimi i shkolles se muzikes ne Prizren,,,,,,,,,,,0950 208155-1317774 13478 03.2015-12.2028 Ndertimi i shkolles se muzikes ne Prizren
3.2,181,242,source,214000 - Ministria e Punëve të Brendshme,214391 - Dep.Standarteve dhe Politikave të IMNQ-së,12300 - Departamenti i Standardave Dhe Politikave te IMNQ,0950,208155-1317774,13478,03.2015-12.2028,Ndertimi i shkolles se muzikes ne Prizren,GQ,,426831.0,50000.0,0.0,50000.0,50000.0,50000.0,0.0,576831.0,"GQ 426,831 50,000 0 50,000 50,000 50,000 0 576,831"
3.2,181,256,project,214000 - Ministria e Punëve të Brendshme,214391 - Dep.Standarteve dhe Politikave të IMNQ-së,12300 - Departamenti i Standardave Dhe Politikave te IMNQ,0960,208155-1730391,15355,03.2017-11.2026,Ndërtimi i qendrës për vlerësim dhe standard,,,,,,,,,,,0960 208155-1730391 15355 03.2017-11.2026 Ndërtimi i qendrës për vlerësim dhe standard
3.2,181,270,source,214000 - Ministria e Punëve të Brendshme,214391 - Dep.Standarteve dhe Politikave të IMNQ-së,12300 - Departamenti i Standardave Dhe Politikave te IMNQ,0960,208155-1730391,15355,03.2017-11.2026,Ndërtimi i qendrës për vlerësim dhe standard,GQ,,2923148.0,200000.0,0.0,200000.0,0.0,0.0,0.0,3123148.0,"GQ 2,923,148 200,000 0 200,000 0 0 0 3,123,148"
3.2,181,284,project,214000 - Ministria e Punëve të Brendshme,214391 - Dep.Standarteve dhe Politikave të IMNQ-së,12300 - Departamenti i Standardave Dhe Politikave te IMNQ,0133,214149-119492,12815,03.2022-12.2028,"Ndertimet dhe Renovimet e QKRA-ve dhe Shtimet Operative-Vushtrri,Skenderaj,Decan si dhe Qendra tjera",,,,,,,,,,,"0133 214149-119492 12815 03.2022-12.2028 Ndertimet dhe Renovimet e QKRA-ve dhe Shtimet Operative-Vushtrri,Skenderaj,Decan si dhe Qendra tjera"
3.2,181,298,source,214000 - Ministria e Punëve të Brendshme,214391 - Dep.Standarteve dhe Politikave të IMNQ-së,12300 - Departamenti i Standardave Dhe Politikave te IMNQ,0133,214149-119492,12815,03.2022-12.2028,"Ndertimet dhe Renovimet e QKRA-ve dhe Shtimet Operative-Vushtrri,Skenderaj,Decan si dhe Qendra tjera",GQ,,11090053.0,700000.0,0.0,700000.0,500000.0,500000.0,0.0,12790053.0,"GQ 11,090,053 700,000 0 700,000 500,000 500,000 0 12,790,053"
3.2,181,313,project,214000 - Ministria e Punëve të Brendshme,214391 - Dep.Standarteve dhe Politikave të IMNQ-së,12300 - Departamenti i Standardave Dhe Politikave te IMNQ,0160,214391-2443922,19268,02.2024-11.2027,Ndertimi i Objektit te ri te Komunes se Shtimes,,,,,,,,,,,0160 214391-2443922 19268 02.2024-11.2027 Ndertimi i Objektit te ri te Komunes se Shtimes
3.2,181,327,source,214000 - Ministria e Punëve të Brendshme,214391 - Dep.Standarteve dhe Politikave të IMNQ-së,12300 - Departamenti i Standardave Dhe Politikave te IMNQ,0160,214391-2443922,19268,02.2024-11.2027,Ndertimi i Objektit te ri te Komunes se Shtimes,GQ,,1066326.0,1000000.0,0.0,1000000.0,500000.0,0.0,0.0,2566326.0,"GQ 1,066,326 1,000,000 0 1,000,000 500,000 0 0 2,566,326"
3.2,181,341,project,214000 - Ministria e Punëve të Brendshme,214391 - Dep.Standarteve dhe Politikave të IMNQ-së,12300 - Departamenti i Standardave Dhe Politikave te IMNQ,0310,214391-2443926,19271,01.2024-12.2028,Ndertimi dhe renovimi i Kampit Belvedere në Mitrovicë,,,,,,,,,,,0310 214391-2443926 19271 01.2024-12.2028 Ndertimi dhe renovimi i Kampit Belvedere në Mitrovicë
3.2,181,355,source,214000 - Ministria e Punëve të Brendshme,214391 - Dep.Standarteve dhe Politikave të IMNQ-së,12300 - Departamenti i Standardave Dhe Politikave te IMNQ,0310,214391-2443926,19271,01.2024-12.2028,Ndertimi dhe renovimi i Kampit Belvedere në Mitrovicë,GQ,,1290898.0,1000000.0,0.0,1000000.0,2000000.0,2000000.0,0.0,6290898.0,"GQ 1,290,898 1,000,000 0 1,000,000 2,000,000 2,000,000 0 6,290,898"
3.2,181,369,project,214000 - Ministria e Punëve të Brendshme,214391 - Dep.Standarteve dhe Politikave të IMNQ-së,12300 - Departamenti i Standardave Dhe Politikave te IMNQ,0360,214391-2647628,20647,01.2026-12.2028,Ndërtimi dhe renovimi i objekteve me status të veçantë,,,,,,,,,,,0360 214391-2647628 20647 01.2026-12.2028 Ndërtimi dhe renovimi i objekteve me status të veçantë
3.2,181,383,source,214000 - Ministria e Punëve të Brendshme,214391 - Dep.Standarteve dhe Politikave të IMNQ-së,12300 - Departamenti i Standardave Dhe Politikave te IMNQ,0360,214391-2647628,20647,01.2026-12.2028,Ndërtimi dhe renovimi i objekteve me status të veçantë,GQ,,0.0,0.0,2234846.0,2234846.0,500000.0,500000.0,0.0,3234846.0,"GQ 0 0 2,234,846 2,234,846 500,000 500,000 0 3,234,846"
3.2,181,398,project,214000 - Ministria e Punëve të Brendshme,214391 - Dep.Standarteve dhe Politikave të IMNQ-së,12300 - Departamenti i Standardave Dhe Politikave te IMNQ,0443,318425-1730277,15235,02.2018-12.2027,Ndertimi i objektit te zyres se KPMM-se,,,,,,,,,,,0443 318425-1730277 15235 02.2018-12.2027 Ndertimi i objektit te zyres se KPMM-se
3.2,181,412,source,214000 - Ministria e Punëve të Brendshme,214391 - Dep.Standarteve dhe Politikave të IMNQ-së,12300 - Departamenti i Standardave Dhe Politikave te IMNQ,0443,318425-1730277,15235,02.2018-12.2027,Ndertimi i objektit te zyres se KPMM-se,GQ,,1234824.0,950000.0,0.0,950000.0,950000.0,0.0,0.0,3134824.0,"GQ 1,234,824 950,000 0 950,000 950,000 0 0 3,134,824"
3.2,181,426,project,214000 - Ministria e Punëve të Brendshme,214391 - Dep.Standarteve dhe Politikave të IMNQ-së,12300 - Departamenti i Standardave Dhe Politikave te IMNQ,0970,322445-1830603,18007,03.2019-12.2027,Ndertimi i obijektit te Akademise se Drejtesise,,,,,,,,,,,0970 322445-1830603 18007 03.2019-12.2027 Ndertimi i obijektit te Akademise se Drejtesise
3.2,181,440,source,214000 - Ministria e Punëve të Brendshme,214391 - Dep.Standarteve dhe Politikave të IMNQ-së,12300 - Departamenti i Standardave Dhe Politikave te IMNQ,0970,322445-1830603,18007,03.2019-12.2027,Ndertimi i obijektit te Akademise se Drejtesise,GQ,,2200316.0,1500000.0,0.0,1500000.0,200000.0,0.0,0.0,3900316.0,"GQ 2,200,316 1,500,000 0 1,500,000 200,000 0 0 3,900,316"
3.2,181,454,subtotal,214000 - Ministria e Punëve të Brendshme,214391 - Dep.Standarteve dhe Politikave të IMNQ-së,12300 - Departamenti i Standardave Dhe Politikave te IMNQ,,,,,Totali( GQ ) - Departamenti i Standardave Dhe Politikave te IMNQ,GQ,,59229576.0,15601500.0,2234846.0,17836346.0,18320596.0,18934846.0,0.0,114321364.0,"Totali( GQ ) - Departamenti i Standardave Dhe Politikave te IMNQ 59,229,576 15,601,500 2,234,846 17,836,346 18,320,596 18,934,846 0 114,321,364"
3.2,181,469,subtotal,214000 - Ministria e Punëve të Brendshme,214391 - Dep.Standarteve dhe Politikave të IMNQ-së,12300 - Departamenti i Standardave Dhe Politikave te IMNQ,,,,,Totali - Departamenti i Standardave Dhe Politikave te IMNQ,,,59229576.0,15601500.0,2234846.0,17836346.0,18320596.0,18934846.0,0.0,114321364.0,"Totali - Departamenti i Standardave Dhe Politikave te IMNQ 59,229,576 15,601,500 2,234,846 17,836,346 18,320,596 18,934,846 0 114,321,364"
3.2,181,483,subtotal,214000 - Ministria e Punëve të Brendshme,214391 - Dep.Standarteve dhe Politikave të IMNQ-së,12300 - Departamenti i Standardave Dhe Politikave te IMNQ,,,,,Totali ( GQ ) - Dep.Standarteve dhe Politikave të IMNQ-së,GQ,,59229576.0,15601500.0,2234846.0,17836346.0,18320596.0,18934846.0,0.0,114321364.0,"Totali ( GQ ) - Dep.Standarteve dhe Politikave të IMNQ-së 59,229,576 15,601,500 2,234,846 17,836,346 18,320,596 18,934,846 0 114,321,364"
3.2,181,497,subtotal,214000 - Ministria e Punëve të Brendshme,214391 - Dep.Standarteve dhe Politikave të IMNQ-së,12300 - Departamenti i Standardave Dhe Politikave te IMNQ,,,,,Totali - Dep.Standarteve dhe Politikave të IMNQ-së,,,59229576.0,15601500.0,2234846.0,17836346.0,18320596.0,18934846.0,0.0,114321364.0,"Totali - Dep.Standarteve dhe Politikave të IMNQ-së 59,229,576 15,601,500 2,234,846 17,836,346 18,320,596 18,934,846 0 114,321,364"
3.2,182,199,project,214000 - Ministria e Punëve të Brendshme,214394 - Agjensioni i Shoqërisë së Informacionit,12600 - Agjencia e Shoqerisë së Informacionit,0133,202043-071733,10423,02.2010-12.2028,Projekti E-Qeverisja,,,,,,,,,,,0133 202043-071733 10423 02.2010-12.2028 Projekti E-Qeverisja
3.2,182,213,source,214000 - Ministria e Punëve të Brendshme,214394 - Agjensioni i Shoqërisë së Informacionit,12600 - Agjencia e Shoqerisë së Informacionit,0133,202043-071733,10423,02.2010-12.2028,Projekti E-Qeverisja,GQ,,9700838.0,388199.0,0.0,388199.0,464699.0,1164699.0,0.0,11718435.0,"GQ 9,700,838 388,199 0 388,199 464,699 1,164,699 0 11,718,435"
3.2,182,228,project,214000 - Ministria e Punëve të Brendshme,214394 - Agjensioni i Shoqërisë së Informacionit,12600 - Agjencia e Shoqerisë së Informacionit,0133,202043-119679,12658,01.2011-12.2028,Interoperabiliteti,,,,,,,,,,,0133 202043-119679 12658 01.2011-12.2028 Interoperabiliteti
3.2,182,242,source,214000 - Ministria e Punëve të Brendshme,214394 - Agjensioni i Shoqërisë së Informacionit,12600 - Agjencia e Shoqerisë së Informacionit,0133,202043-119679,12658,01.2011-12.2028,Interoperabiliteti,GQ,,1668138.0,200000.0,0.0,200000.0,200000.0,200000.0,0.0,2268138.0,"GQ 1,668,138 200,000 0 200,000 200,000 200,000 0 2,268,138"
3.2,182,256,project,214000 - Ministria e Punëve të Brendshme,214394 - Agjensioni i Shoqërisë së Informacionit,12600 - Agjencia e Shoqerisë së Informacionit,0133,202073-1525775,14388,07.2015-12.2028,Ngritja e kapaciteteve harduerike per Qendrën e të dhënave shtetërore dhe konsulencë,,,,,,,,,,,0133 202073-1525775 14388 07.2015-12.2028 Ngritja e kapaciteteve harduerike per Qendrën e të dhënave shtetërore dhe konsulencë
3.2,182,270,source,214000 - Ministria e Punëve të Brendshme,214394 - Agjensioni i Shoqërisë së Informacionit,12600 - Agjencia e Shoqerisë së Informacionit,0133,202073-1525775,14388,07.2015-12.2028,Ngritja e kapaciteteve harduerike per Qendrën e të dhënave shtetërore dhe konsulencë,GQ,,978282.0,861000.0,0.0,861000.0,961000.0,961000.0,0.0,3761282.0,"GQ 978,282 861,000 0 861,000 961,000 961,000 0 3,761,282"
3.2,182,284,project,214000 - Ministria e Punëve të Brendshme,214394 - Agjensioni i Shoqërisë së Informacionit,12600 - Agjencia e Shoqerisë së Informacionit,0133,202073-1933117,18010,02.2019-12.2028,SIGURIA KIBERNETIKE,,,,,,,,,,,0133 202073-1933117 18010 02.2019-12.2028 SIGURIA KIBERNETIKE
3.2,182,298,source,214000 - Ministria e Punëve të Brendshme,214394 - Agjensioni i Shoqërisë së Informacionit,12600 - Agjencia e Shoqerisë së Informacionit,0133,202073-1933117,18010,02.2019-12.2028,SIGURIA KIBERNETIKE,GQ,,619965.0,450000.0,0.0,450000.0,450000.0,450000.0,0.0,1969965.0,"GQ 619,965 450,000 0 450,000 450,000 450,000 0 1,969,965"
3.2,182,313,project,214000 - Ministria e Punëve të Brendshme,214394 - Agjensioni i Shoqërisë së Informacionit,12600 - Agjencia e Shoqerisë së Informacionit,0111,202073-1935246,18335,02.2019-12.2028,RRJETI KOMPJUTERIK SHTETEROR,,,,,,,,,,,0111 202073-1935246 18335 02.2019-12.2028 RRJETI KOMPJUTERIK SHTETEROR
3.2,182,327,source,214000 - Ministria e Punëve të Brendshme,214394 - Agjensioni i Shoqërisë së Informacionit,12600 - Agjencia e Shoqerisë së Informacionit,0111,202073-1935246,18335,02.2019-12.2028,RRJETI KOMPJUTERIK SHTETEROR,GQ,,400459.0,150000.0,0.0,150000.0,150000.0,150000.0,0.0,850459.0,"GQ 400,459 150,000 0 150,000 150,000 150,000 0 850,459"
3.2,182,341,project,214000 - Ministria e Punëve të Brendshme,214394 - Agjensioni i Shoqërisë së Informacionit,12600 - Agjencia e Shoqerisë së Informacionit,0133,202073-1935512,18399,07.2022-10.2028,Krijimi i Qendres se Rimekembjes,,,,,,,,,,,0133 202073-1935512 18399 07.2022-10.2028 Krijimi i Qendres se Rimekembjes
3.2,182,355,source,214000 - Ministria e Punëve të Brendshme,214394 - Agjensioni i Shoqërisë së Informacionit,12600 - Agjencia e Shoqerisë së Informacionit,0133,202073-1935512,18399,07.2022-10.2028,Krijimi i Qendres se Rimekembjes,GQ,,2370938.0,1010750.0,0.0,1010750.0,1500000.0,1100000.0,0.0,5981688.0,"GQ 2,370,938 1,010,750 0 1,010,750 1,500,000 1,100,000 0 5,981,688"
3.2,182,369,project,214000 - Ministria e Punëve të Brendshme,214394 - Agjensioni i Shoqërisë së Informacionit,12600 - Agjencia e Shoqerisë së Informacionit,0133,214394-2444024,19298,03.2024-12.2028,Forcimi i qeverisjes digjitale ne ofrimin e sherbimeve   (P178162),,,,,,,,,,,0133 214394-2444024 19298 03.2024-12.2028 Forcimi i qeverisjes digjitale ne ofrimin e sherbimeve (P178162)
3.2,182,383,source,214000 - Ministria e Punëve të Brendshme,214394 - Agjensioni i Shoqërisë së Informacionit,12600 - Agjencia e Shoqerisë së Informacionit,0133,214394-2444024,19298,03.2024-12.2028,Forcimi i qeverisjes digjitale ne ofrimin e sherbimeve   (P178162),FH,,0.0,0.0,0.0,0.0,5072000.0,1332500.0,0.0,6404500.0,"FH 0 0 0 0 5,072,000 1,332,500 0 6,404,500"
3.2,182,398,project,214000 - Ministria e Punëve të Brendshme,214394 - Agjensioni i Shoqërisë së Informacionit,12600 - Agjencia e Shoqerisë së Informacionit,0160,214394-2647636,20650,01.2026-12.2028,Siguria dhe Segmentimi i Rrjetit Shtetëror,,,,,,,,,,,0160 214394-2647636 20650 01.2026-12.2028 Siguria dhe Segmentimi i Rrjetit Shtetëror
3.2,182,412,source,214000 - Ministria e Punëve të Brendshme,214394 - Agjensioni i Shoqërisë së Informacionit,12600 - Agjencia e Shoqerisë së Informacionit,0160,214394-2647636,20650,01.2026-12.2028,Siguria dhe Segmentimi i Rrjetit Shtetëror,GQ,,0.0,0.0,400000.0,400000.0,400000.0,400000.0,0.0,1200000.0,"GQ 0 0 400,000 400,000 400,000 400,000 0 1,200,000"
3.2,182,426,subtotal,214000 - Ministria e Punëve të Brendshme,214394 - Agjensioni i Shoqërisë së Informacionit,12600 - Agjencia e Shoqerisë së Informacionit,,,,,Totali ( GQ ) - Agjencia e Shoqerisë së Informacionit,GQ,,15738619.0,3059949.0,400000.0,3459949.0,4125699.0,4425699.0,0.0,27749966.0,"Totali ( GQ ) - Agjencia e Shoqerisë së Informacionit 15,738,619 3,059,949 400,000 3,459,949 4,125,699 4,425,699 0 27,749,966"
3.2,182,440,subtotal,214000 - Ministria e Punëve të Brendshme,214394 - Agjensioni i Shoqërisë së Informacionit,12600 - Agjencia e Shoqerisë së Informacionit,,,,,Totali ( Financimi nga Huamarrja ) - Agjencia e Shoqerisë së Informacionit,,,0.0,0.0,0.0,0.0,5072000.0,1332500.0,0.0,6404500.0,"Totali ( Financimi nga Huamarrja ) - Agjencia e Shoqerisë së Informacionit 0 0 0 0 5,072,000 1,332,500 0 6,404,500"
3.2,182,454,subtotal,214000 - Ministria e Punëve të Brendshme,214394 - Agjensioni i Shoqërisë së Informacionit,12600 - Agjencia e Shoqerisë së Informacionit,,,,,Totali - Agjencia e Shoqerisë së Informacionit,,,15738619.0,3059949.0,400000.0,3459949.0,9197699.0,5758199.0,0.0,34154466.0,"Totali - Agjencia e Shoqerisë së Informacionit 15,738,619 3,059,949 400,000 3,459,949 9,197,699 5,758,199 0 34,154,466"
3.2,182,468,subtotal,214000 - Ministria e Punëve të Brendshme,214394 - Agjensioni i Shoqërisë së Informacionit,12600 - Agjencia e Shoqerisë së Informacionit,,,,,Totali ( GQ ) - Agjensioni i Shoqërisë së Informacionit,GQ,,15738619.0,3059949.0,400000.0,3459949.0,4125699.0,4425699.0,0.0,27749966.0,"Totali ( GQ ) - Agjensioni i Shoqërisë së Informacionit 15,738,619 3,059,949 400,000 3,459,949 4,125,699 4,425,699 0 27,749,966"
3.2,182,482,subtotal,214000 - Ministria e Punëve të Brendshme,214394 - Agjensioni i Shoqërisë së Informacionit,12600 - Agjencia e Shoqerisë së Informacionit,,,,,Totali ( FH ) - Agjensioni i Shoqërisë së Informacionit,FH,,0.0,0.0,0.0,0.0,5072000.0,1332500.0,0.0,6404500.0,"Totali ( FH ) - Agjensioni i Shoqërisë së Informacionit 0 0 0 0 5,072,000 1,332,500 0 6,404,500"
3.2,182,497,subtotal,214000 - Ministria e Punëve të Brendshme,214394 - Agjensioni i Shoqërisë së Informacionit,12600 - Agjencia e Shoqerisë së Informacionit,,,,,Totali - Agjensioni i Shoqërisë së Informacionit,,,15738619.0,3059949.0,400000.0,3459949.0,9197699.0,5758199.0,0.0,34154466.0,"Totali - Agjensioni i Shoqërisë së Informacionit 15,738,619 3,059,949 400,000 3,459,949 9,197,699 5,758,199 0 34,154,466"
3.2,183,171,subtotal,214000 - Ministria e Punëve të Brendshme,214394 - Agjensioni i Shoqërisë së Informacionit,12600 - Agjencia e Shoqerisë së Informacionit,,,,,Totali ( GQ ) - Ministria e Punëve të Brendshme,GQ,,213104160.0,49581456.0,3815317.0,53396773.0,57146773.0,60886273.0,0.0,384533979.0,"Totali ( GQ ) - Ministria e Punëve të Brendshme 213,104,160 49,581,456 3,815,317 53,396,773 57,146,773 60,886,273 0 384,533,979"
3.2,183,185,subtotal,214000 - Ministria e Punëve të Brendshme,214394 - Agjensioni i Shoqërisë së Informacionit,12600 - Agjencia e Shoqerisë së Informacionit,,,,,Totali ( FH ) - Ministria e Punëve të Brendshme,FH,,0.0,0.0,0.0,0.0,5072000.0,1332500.0,0.0,6404500.0,"Totali ( FH ) - Ministria e Punëve të Brendshme 0 0 0 0 5,072,000 1,332,500 0 6,404,500"
3.2,183,199,subtotal,214000 - Ministria e Punëve të Brendshme,214394 - Agjensioni i Shoqërisë së Informacionit,12600 - Agjencia e Shoqerisë së Informacionit,,,,,Totali - Ministria e Punëve të Brendshme,,,213104160.0,49581456.0,3815317.0,53396773.0,62218773.0,62218773.0,0.0,390938479.0,"Totali - Ministria e Punëve të Brendshme 213,104,160 49,581,456 3,815,317 53,396,773 62,218,773 62,218,773 0 390,938,479"
3.2,183,256,project,215000 - Ministria e Drejtësisë,215256 - Shërbimet Korrektuse i Kosovës,33600 - Shërbimet Korrektuse i Kosovë s,0340,215256-071648,10165,03.2025-12.2028,Renovimet e Brendshme te blloqeve dhe objekteve percjellese te burgut,,,,,,,,,,,0340 215256-071648 10165 03.2025-12.2028 Renovimet e Brendshme te blloqeve dhe objekteve percjellese te burgut
3.2,183,270,source,215000 - Ministria e Drejtësisë,215256 - Shërbimet Korrektuse i Kosovës,33600 - Shërbimet Korrektuse i Kosovë s,0340,215256-071648,10165,03.2025-12.2028,Renovimet e Brendshme te blloqeve dhe objekteve percjellese te burgut,GQ,,3624744.0,70000.0,0.0,70000.0,195000.0,150000.0,0.0,4039744.0,"GQ 3,624,744 70,000 0 70,000 195,000 150,000 0 4,039,744"
3.2,183,284,project,215000 - Ministria e Drejtësisë,215256 - Shërbimet Korrektuse i Kosovës,33600 - Shërbimet Korrektuse i Kosovë s,0340,215256-071659,10167,03.2024-11.2024,Renovimi i Kulmit (mirembajtja e kulmeve te objekteve te QP dhe te burgjeve),,,,,,,,,,,0340 215256-071659 10167 03.2024-11.2024 Renovimi i Kulmit (mirembajtja e kulmeve te objekteve te QP dhe te burgjeve)
3.2,183,298,source,215000 - Ministria e Drejtësisë,215256 - Shërbimet Korrektuse i Kosovës,33600 - Shërbimet Korrektuse i Kosovë s,0340,215256-071659,10167,03.2024-11.2024,Renovimi i Kulmit (mirembajtja e kulmeve te objekteve te QP dhe te burgjeve),GQ,,423991.0,0.0,0.0,0.0,0.0,50000.0,0.0,473991.0,"GQ 423,991 0 0 0 0 50,000 0 473,991"
3.2,183,313,project,215000 - Ministria e Drejtësisë,215256 - Shërbimet Korrektuse i Kosovës,33600 - Shërbimet Korrektuse i Kosovë s,0340,215256-071856,10210,02.2025-11.2028,"Shpenzimet Emergjente ( intervenimet ne sistemin e ujit, rrymes ,ngrohjes dhe intervenimet tjera ne raste emergjente )",,,,,,,,,,,"0340 215256-071856 10210 02.2025-11.2028 Shpenzimet Emergjente ( intervenimet ne sistemin e ujit, rrymes ,ngrohjes dhe intervenimet tjera ne raste emergjente )"
3.2,183,327,source,215000 - Ministria e Drejtësisë,215256 - Shërbimet Korrektuse i Kosovës,33600 - Shërbimet Korrektuse i Kosovë s,0340,215256-071856,10210,02.2025-11.2028,"Shpenzimet Emergjente ( intervenimet ne sistemin e ujit, rrymes ,ngrohjes dhe intervenimet tjera ne raste emergjente )",GQ,,715956.0,10000.0,0.0,10000.0,10000.0,10000.0,0.0,745956.0,"GQ 715,956 10,000 0 10,000 10,000 10,000 0 745,956"
3.2,183,341,project,215000 - Ministria e Drejtësisë,215256 - Shërbimet Korrektuse i Kosovës,33600 - Shërbimet Korrektuse i Kosovë s,0340,215256-071873,10208,04.2025-10.2028,"Ngrohja Ventilimi, Instalimi dhe Renovimi",,,,,,,,,,,"0340 215256-071873 10208 04.2025-10.2028 Ngrohja Ventilimi, Instalimi dhe Renovimi"
3.2,183,355,source,215000 - Ministria e Drejtësisë,215256 - Shërbimet Korrektuse i Kosovës,33600 - Shërbimet Korrektuse i Kosovë s,0340,215256-071873,10208,04.2025-10.2028,"Ngrohja Ventilimi, Instalimi dhe Renovimi",GQ,,579060.0,0.0,0.0,0.0,68000.0,0.0,0.0,647060.0,"GQ 579,060 0 0 0 68,000 0 0 647,060"
3.2,183,369,project,215000 - Ministria e Drejtësisë,215256 - Shërbimet Korrektuse i Kosovës,33600 - Shërbimet Korrektuse i Kosovë s,0340,215256-092999,11068,02.2024-12.2028,Pajimet per Kuzhine,,,,,,,,,,,0340 215256-092999 11068 02.2024-12.2028 Pajimet per Kuzhine
3.2,183,383,source,215000 - Ministria e Drejtësisë,215256 - Shërbimet Korrektuse i Kosovës,33600 - Shërbimet Korrektuse i Kosovë s,0340,215256-092999,11068,02.2024-12.2028,Pajimet per Kuzhine,GQ,,435044.0,45000.0,0.0,45000.0,40000.0,40000.0,0.0,560044.0,"GQ 435,044 45,000 0 45,000 40,000 40,000 0 560,044"
3.2,183,398,project,215000 - Ministria e Drejtësisë,215256 - Shërbimet Korrektuse i Kosovës,33600 - Shërbimet Korrektuse i Kosovë s,0340,215256-095158,11067,02.2025-11.2028,Lavantaria dhe Paime,,,,,,,,,,,0340 215256-095158 11067 02.2025-11.2028 Lavantaria dhe Paime
3.2,183,412,source,215000 - Ministria e Drejtësisë,215256 - Shërbimet Korrektuse i Kosovës,33600 - Shërbimet Korrektuse i Kosovë s,0340,215256-095158,11067,02.2025-11.2028,Lavantaria dhe Paime,GQ,,439638.0,0.0,0.0,0.0,35000.0,30000.0,0.0,504638.0,"GQ 439,638 0 0 0 35,000 30,000 0 504,638"
3.2,183,426,project,215000 - Ministria e Drejtësisë,215256 - Shërbimet Korrektuse i Kosovës,33600 - Shërbimet Korrektuse i Kosovë s,0340,215256-1626020,14618,03.2025-10.2028,Instalimi i kamerave neper te gjitha Qendrat e SH.K.K-se,,,,,,,,,,,0340 215256-1626020 14618 03.2025-10.2028 Instalimi i kamerave neper te gjitha Qendrat e SH.K.K-se
3.2,183,440,source,215000 - Ministria e Drejtësisë,215256 - Shërbimet Korrektuse i Kosovës,33600 - Shërbimet Korrektuse i Kosovë s,0340,215256-1626020,14618,03.2025-10.2028,Instalimi i kamerave neper te gjitha Qendrat e SH.K.K-se,GQ,,167254.0,0.0,0.0,0.0,45000.0,45000.0,0.0,257254.0,"GQ 167,254 0 0 0 45,000 45,000 0 257,254"
3.2,183,454,project,215000 - Ministria e Drejtësisë,215256 - Shërbimet Korrektuse i Kosovës,33600 - Shërbimet Korrektuse i Kosovë s,0340,215256-1728284,15168,02.2025-10.2027,Rregullimi i ndricimit ne perimetrin e jshtem te burgjeve dhe zavendesimi i pocave me poqa me eficencë,,,,,,,,,,,0340 215256-1728284 15168 02.2025-10.2027 Rregullimi i ndricimit ne perimetrin e jshtem te burgjeve dhe zavendesimi i pocave me poqa me eficencë
3.2,183,469,source,215000 - Ministria e Drejtësisë,215256 - Shërbimet Korrektuse i Kosovës,33600 - Shërbimet Korrektuse i Kosovë s,0340,215256-1728284,15168,02.2025-10.2027,Rregullimi i ndricimit ne perimetrin e jshtem te burgjeve dhe zavendesimi i pocave me poqa me eficencë,GQ,,115387.0,0.0,0.0,0.0,25000.0,0.0,0.0,140387.0,"GQ 115,387 0 0 0 25,000 0 0 140,387"
3.2,183,483,project,215000 - Ministria e Drejtësisë,215256 - Shërbimet Korrektuse i Kosovës,33600 - Shërbimet Korrektuse i Kosovë s,0340,215256-1730234,15516,03.2024-09.2028,Intalimi i sistemve mbrojtese XR neper institucionet e burgjeve,,,,,,,,,,,0340 215256-1730234 15516 03.2024-09.2028 Intalimi i sistemve mbrojtese XR neper institucionet e burgjeve
3.2,183,497,source,215000 - Ministria e Drejtësisë,215256 - Shërbimet Korrektuse i Kosovës,33600 - Shërbimet Korrektuse i Kosovë s,0340,215256-1730234,15516,03.2024-09.2028,Intalimi i sistemve mbrojtese XR neper institucionet e burgjeve,GQ,,316482.0,0.0,0.0,0.0,60000.0,0.0,0.0,376482.0,"GQ 316,482 0 0 0 60,000 0 0 376,482"
3.2,184,171,project,215000 - Ministria e Drejtësisë,215256 - Shërbimet Korrektuse i Kosovës,33600 - Shërbimet Korrektuse i Kosovë s,0340,215256-2035635,18576,02.2024-11.2028,Furnizimi me automjete për nevojat e SHKK-së,,,,,,,,,,,0340 215256-2035635 18576 02.2024-11.2028 Furnizimi me automjete për nevojat e SHKK-së
3.2,184,185,source,215000 - Ministria e Drejtësisë,215256 - Shërbimet Korrektuse i Kosovës,33600 - Shërbimet Korrektuse i Kosovë s,0340,215256-2035635,18576,02.2024-11.2028,Furnizimi me automjete për nevojat e SHKK-së,GQ,,282485.0,220000.0,0.0,220000.0,180000.0,80000.0,0.0,762485.0,"GQ 282,485 220,000 0 220,000 180,000 80,000 0 762,485"
3.2,184,199,project,215000 - Ministria e Drejtësisë,215256 - Shërbimet Korrektuse i Kosovës,33600 - Shërbimet Korrektuse i Kosovë s,0340,215256-2035654,18580,02.2024-11.2027,Furnizimi me pajisje te nevojshme për njësinë ekonomike,,,,,,,,,,,0340 215256-2035654 18580 02.2024-11.2027 Furnizimi me pajisje te nevojshme për njësinë ekonomike
3.2,184,213,source,215000 - Ministria e Drejtësisë,215256 - Shërbimet Korrektuse i Kosovës,33600 - Shërbimet Korrektuse i Kosovë s,0340,215256-2035654,18580,02.2024-11.2027,Furnizimi me pajisje te nevojshme për njësinë ekonomike,GQ,,148710.0,0.0,0.0,0.0,52000.0,0.0,0.0,200710.0,"GQ 148,710 0 0 0 52,000 0 0 200,710"
3.2,184,228,project,215000 - Ministria e Drejtësisë,215256 - Shërbimet Korrektuse i Kosovës,33600 - Shërbimet Korrektuse i Kosovë s,0340,215256-2035656,18582,01.2024-10.2027,Rregullimi dyshemeve nëpër Institucionet Korrektuese,,,,,,,,,,,0340 215256-2035656 18582 01.2024-10.2027 Rregullimi dyshemeve nëpër Institucionet Korrektuese
3.2,184,242,source,215000 - Ministria e Drejtësisë,215256 - Shërbimet Korrektuse i Kosovës,33600 - Shërbimet Korrektuse i Kosovë s,0340,215256-2035656,18582,01.2024-10.2027,Rregullimi dyshemeve nëpër Institucionet Korrektuese,GQ,,272209.0,40000.0,0.0,40000.0,80000.0,50000.0,0.0,442209.0,"GQ 272,209 40,000 0 40,000 80,000 50,000 0 442,209"
3.2,184,256,project,215000 - Ministria e Drejtësisë,215256 - Shërbimet Korrektuse i Kosovës,33600 - Shërbimet Korrektuse i Kosovë s,0340,215256-2137738,18816,02.2025-10.2027,Ndertimi i frigo dhomave per ruajtjen e pemëve dhe perimeve,,,,,,,,,,,0340 215256-2137738 18816 02.2025-10.2027 Ndertimi i frigo dhomave per ruajtjen e pemëve dhe perimeve
3.2,184,270,source,215000 - Ministria e Drejtësisë,215256 - Shërbimet Korrektuse i Kosovës,33600 - Shërbimet Korrektuse i Kosovë s,0340,215256-2137738,18816,02.2025-10.2027,Ndertimi i frigo dhomave per ruajtjen e pemëve dhe perimeve,GQ,,10030.0,0.0,0.0,0.0,20000.0,0.0,0.0,30030.0,"GQ 10,030 0 0 0 20,000 0 0 30,030"
3.2,184,284,project,215000 - Ministria e Drejtësisë,215256 - Shërbimet Korrektuse i Kosovës,33600 - Shërbimet Korrektuse i Kosovë s,0340,215256-2444086,19316,02.2024-12.2027,Renovimi i Objekteve të Qendrës së Paraburgimit të Gjilanit sispas rekomandimeve te shtetit danez,,,,,,,,,,,0340 215256-2444086 19316 02.2024-12.2027 Renovimi i Objekteve të Qendrës së Paraburgimit të Gjilanit sispas rekomandimeve te shtetit danez
3.2,184,298,source,215000 - Ministria e Drejtësisë,215256 - Shërbimet Korrektuse i Kosovës,33600 - Shërbimet Korrektuse i Kosovë s,0340,215256-2444086,19316,02.2024-12.2027,Renovimi i Objekteve të Qendrës së Paraburgimit të Gjilanit sispas rekomandimeve te shtetit danez,GQ,,141922.0,3550000.0,0.0,3550000.0,1900000.0,0.0,0.0,5591922.0,"GQ 141,922 3,550,000 0 3,550,000 1,900,000 0 0 5,591,922"
3.2,184,313,project,215000 - Ministria e Drejtësisë,215256 - Shërbimet Korrektuse i Kosovës,33600 - Shërbimet Korrektuse i Kosovë s,0340,215256-2444087,19317,01.2024-12.2027,Furnizimi dhe instalimi me pajisje per ngritjen e sistemit te Sigurise ne QP Gjilan sipas rekomandimeve te shtetit danez,,,,,,,,,,,0340 215256-2444087 19317 01.2024-12.2027 Furnizimi dhe instalimi me pajisje per ngritjen e sistemit te Sigurise ne QP Gjilan sipas rekomandimeve te shtetit danez
3.2,184,327,source,215000 - Ministria e Drejtësisë,215256 - Shërbimet Korrektuse i Kosovës,33600 - Shërbimet Korrektuse i Kosovë s,0340,215256-2444087,19317,01.2024-12.2027,Furnizimi dhe instalimi me pajisje per ngritjen e sistemit te Sigurise ne QP Gjilan sipas rekomandimeve te shtetit danez,GQ,,358983.0,255000.0,0.0,255000.0,150000.0,0.0,0.0,763983.0,"GQ 358,983 255,000 0 255,000 150,000 0 0 763,983"
3.2,184,341,project,215000 - Ministria e Drejtësisë,215256 - Shërbimet Korrektuse i Kosovës,33600 - Shërbimet Korrektuse i Kosovë s,0340,215256-2444090,19319,01.2024-12.2027,Ndertimi i objektit te punetorive ne Qendren e Paraburgimit ne Gjilan,,,,,,,,,,,0340 215256-2444090 19319 01.2024-12.2027 Ndertimi i objektit te punetorive ne Qendren e Paraburgimit ne Gjilan
3.2,184,355,source,215000 - Ministria e Drejtësisë,215256 - Shërbimet Korrektuse i Kosovës,33600 - Shërbimet Korrektuse i Kosovë s,0340,215256-2444090,19319,01.2024-12.2027,Ndertimi i objektit te punetorive ne Qendren e Paraburgimit ne Gjilan,GQ,,83187.0,2100000.0,0.0,2100000.0,800000.0,0.0,0.0,2983187.0,"GQ 83,187 2,100,000 0 2,100,000 800,000 0 0 2,983,187"
3.2,184,369,project,215000 - Ministria e Drejtësisë,215256 - Shërbimet Korrektuse i Kosovës,33600 - Shërbimet Korrektuse i Kosovë s,0340,215256-2445490,19334,02.2024-12.2028,Zgjerimi i Institutit te Forenzikes,,,,,,,,,,,0340 215256-2445490 19334 02.2024-12.2028 Zgjerimi i Institutit te Forenzikes
3.2,184,383,source,215000 - Ministria e Drejtësisë,215256 - Shërbimet Korrektuse i Kosovës,33600 - Shërbimet Korrektuse i Kosovë s,0340,215256-2445490,19334,02.2024-12.2028,Zgjerimi i Institutit te Forenzikes,GQ,,631206.0,725000.0,0.0,725000.0,100000.0,0.0,0.0,1456206.0,"GQ 631,206 725,000 0 725,000 100,000 0 0 1,456,206"
3.2,184,398,project,215000 - Ministria e Drejtësisë,215256 - Shërbimet Korrektuse i Kosovës,33600 - Shërbimet Korrektuse i Kosovë s,0340,215256-2445494,19336,02.2024-12.2027,Ndertimi i Institucionit Korrektues per Femra ne LIpjan,,,,,,,,,,,0340 215256-2445494 19336 02.2024-12.2027 Ndertimi i Institucionit Korrektues per Femra ne LIpjan
3.2,184,412,source,215000 - Ministria e Drejtësisë,215256 - Shërbimet Korrektuse i Kosovës,33600 - Shërbimet Korrektuse i Kosovë s,0340,215256-2445494,19336,02.2024-12.2027,Ndertimi i Institucionit Korrektues per Femra ne LIpjan,GQ,,285587.0,2497000.0,0.0,2497000.0,3240000.0,6545000.0,0.0,12567587.0,"GQ 285,587 2,497,000 0 2,497,000 3,240,000 6,545,000 0 12,567,587"
3.2,184,426,subtotal,215000 - Ministria e Drejtësisë,215256 - Shërbimet Korrektuse i Kosovës,33600 - Shërbimet Korrektuse i Kosovë s,,,,,Totali( GQ ) - Shërbimet Korrektuse i Kosovë s,GQ,,9031875.0,9512000.0,0.0,9512000.0,7000000.0,7000000.0,0.0,32543875.0,"Totali( GQ ) - Shërbimet Korrektuse i Kosovë s 9,031,875 9,512,000 0 9,512,000 7,000,000 7,000,000 0 32,543,875"
3.2,184,440,subtotal,215000 - Ministria e Drejtësisë,215256 - Shërbimet Korrektuse i Kosovës,33600 - Shërbimet Korrektuse i Kosovë s,,,,,Totali - Shërbimet Korrektuse i Kosovë s,,,9031875.0,9512000.0,0.0,9512000.0,7000000.0,7000000.0,0.0,32543875.0,"Totali - Shërbimet Korrektuse i Kosovë s 9,031,875 9,512,000 0 9,512,000 7,000,000 7,000,000 0 32,543,875"
3.2,184,454,subtotal,215000 - Ministria e Drejtësisë,215256 - Shërbimet Korrektuse i Kosovës,33600 - Shërbimet Korrektuse i Kosovë s,,,,,Totali ( GQ ) - Shërbimet Korrektuse i Kosovës,GQ,,9031875.0,9512000.0,0.0,9512000.0,7000000.0,7000000.0,0.0,32543875.0,"Totali ( GQ ) - Shërbimet Korrektuse i Kosovës 9,031,875 9,512,000 0 9,512,000 7,000,000 7,000,000 0 32,543,875"
3.2,184,469,subtotal,215000 - Ministria e Drejtësisë,215256 - Shërbimet Korrektuse i Kosovës,33600 - Shërbimet Korrektuse i Kosovë s,,,,,Totali - Shërbimet Korrektuse i Kosovës,,,9031875.0,9512000.0,0.0,9512000.0,7000000.0,7000000.0,0.0,32543875.0,"Totali - Shërbimet Korrektuse i Kosovës 9,031,875 9,512,000 0 9,512,000 7,000,000 7,000,000 0 32,543,875"
3.2,185,171,project,215000 - Ministria e Drejtësisë,215363 - Instituti për Mjekësi Ligjore,33700 - Instituti pë r Mjekë si Ligjore,0133,215363-2647740,20678,03.2026-10.2026,Fasadimi i jashtëm i objektit të IML-së dhe ndrrimi i dritareve të katit përdhesë,,,,,,,,,,,0133 215363-2647740 20678 03.2026-10.2026 Fasadimi i jashtëm i objektit të IML-së dhe ndrrimi i dritareve të katit përdhesë
3.2,185,185,source,215000 - Ministria e Drejtësisë,215363 - Instituti për Mjekësi Ligjore,33700 - Instituti pë r Mjekë si Ligjore,0133,215363-2647740,20678,03.2026-10.2026,Fasadimi i jashtëm i objektit të IML-së dhe ndrrimi i dritareve të katit përdhesë,GQ,,0.0,0.0,130000.0,130000.0,0.0,0.0,0.0,130000.0,"GQ 0 0 130,000 130,000 0 0 0 130,000"
3.2,185,199,project,215000 - Ministria e Drejtësisë,215363 - Instituti për Mjekësi Ligjore,33700 - Instituti pë r Mjekë si Ligjore,0451,215363-2647741,20679,02.2026-11.2026,Blerja e veturave për transportin e kufomave,,,,,,,,,,,0451 215363-2647741 20679 02.2026-11.2026 Blerja e veturave për transportin e kufomave
3.2,185,213,source,215000 - Ministria e Drejtësisë,215363 - Instituti për Mjekësi Ligjore,33700 - Instituti pë r Mjekë si Ligjore,0451,215363-2647741,20679,02.2026-11.2026,Blerja e veturave për transportin e kufomave,GQ,,0.0,0.0,120000.0,120000.0,0.0,0.0,0.0,120000.0,"GQ 0 0 120,000 120,000 0 0 0 120,000"
3.2,185,228,project,215000 - Ministria e Drejtësisë,215363 - Instituti për Mjekësi Ligjore,33700 - Instituti pë r Mjekë si Ligjore,0133,215363-2647742,20680,03.2026-09.2026,Ekran për Sallën e Takimeve,,,,,,,,,,,0133 215363-2647742 20680 03.2026-09.2026 Ekran për Sallën e Takimeve
3.2,185,242,source,215000 - Ministria e Drejtësisë,215363 - Instituti për Mjekësi Ligjore,33700 - Instituti pë r Mjekë si Ligjore,0133,215363-2647742,20680,03.2026-09.2026,Ekran për Sallën e Takimeve,GQ,,0.0,0.0,3000.0,3000.0,0.0,0.0,0.0,3000.0,"GQ 0 0 3,000 3,000 0 0 0 3,000"
3.2,185,256,project,215000 - Ministria e Drejtësisë,215363 - Instituti për Mjekësi Ligjore,33700 - Instituti pë r Mjekë si Ligjore,0740,215363-2647743,20681,03.2026-11.2026,Pajisje për pastrimin dhe dehidrimin e indeve,,,,,,,,,,,0740 215363-2647743 20681 03.2026-11.2026 Pajisje për pastrimin dhe dehidrimin e indeve
3.2,185,270,source,215000 - Ministria e Drejtësisë,215363 - Instituti për Mjekësi Ligjore,33700 - Instituti pë r Mjekë si Ligjore,0740,215363-2647743,20681,03.2026-11.2026,Pajisje për pastrimin dhe dehidrimin e indeve,GQ,,0.0,0.0,35000.0,35000.0,0.0,0.0,0.0,35000.0,"GQ 0 0 35,000 35,000 0 0 0 35,000"
3.2,185,284,subtotal,215000 - Ministria e Drejtësisë,215363 - Instituti për Mjekësi Ligjore,33700 - Instituti pë r Mjekë si Ligjore,,,,,Totali ( GQ ) - Instituti pë r Mjekë si Ligjore,GQ,,0.0,0.0,288000.0,288000.0,0.0,0.0,0.0,288000.0,"Totali ( GQ ) - Instituti pë r Mjekë si Ligjore 0 0 288,000 288,000 0 0 0 288,000"
3.2,185,298,subtotal,215000 - Ministria e Drejtësisë,215363 - Instituti për Mjekësi Ligjore,33700 - Instituti pë r Mjekë si Ligjore,,,,,Totali - Departamenti i Mjekësi Ligjore,,,0.0,0.0,288000.0,288000.0,0.0,0.0,0.0,288000.0,"Totali - Departamenti i Mjekësi Ligjore 0 0 288,000 288,000 0 0 0 288,000"
3.2,185,312,subtotal,215000 - Ministria e Drejtësisë,215363 - Instituti për Mjekësi Ligjore,33700 - Instituti pë r Mjekë si Ligjore,,,,,Totali ( GQ ) - Instituti për Mjekësi Ligjore,GQ,,0.0,0.0,288000.0,288000.0,0.0,0.0,0.0,288000.0,"Totali ( GQ ) - Instituti për Mjekësi Ligjore 0 0 288,000 288,000 0 0 0 288,000"
3.2,185,327,subtotal,215000 - Ministria e Drejtësisë,215363 - Instituti për Mjekësi Ligjore,33700 - Instituti pë r Mjekë si Ligjore,,,,,Totali - Instituti për Mjekësi Ligjore,,,0.0,0.0,288000.0,288000.0,0.0,0.0,0.0,288000.0,"Totali - Instituti për Mjekësi Ligjore 0 0 288,000 288,000 0 0 0 288,000"
3.2,185,341,subtotal,215000 - Ministria e Drejtësisë,215363 - Instituti për Mjekësi Ligjore,33700 - Instituti pë r Mjekë si Ligjore,,,,,Totali ( GQ ) - Ministria e Drejtësisë,GQ,,9031875.0,9512000.0,288000.0,9800000.0,7000000.0,7000000.0,0.0,32831875.0,"Totali ( GQ ) - Ministria e Drejtësisë 9,031,875 9,512,000 288,000 9,800,000 7,000,000 7,000,000 0 32,831,875"
3.2,185,355,subtotal,215000 - Ministria e Drejtësisë,215363 - Instituti për Mjekësi Ligjore,33700 - Instituti pë r Mjekë si Ligjore,,,,,Totali - Ministria e Drejtësisë,,,9031875.0,9512000.0,288000.0,9800000.0,7000000.0,7000000.0,0.0,32831875.0,"Totali - Ministria e Drejtësisë 9,031,875 9,512,000 288,000 9,800,000 7,000,000 7,000,000 0 32,831,875"
3.2,185,412,project,216000 - Ministria e Punëve të Jashtme dhe Diasporës,216155 - Shërbimet e Administratë Qendrore,11316 - AdministratA Që ndrore,0113,216155-094120,12975,01.2023-11.2028,Vetura per Administrate,,,,,,,,,,,0113 216155-094120 12975 01.2023-11.2028 Vetura per Administrate
3.2,185,426,source,216000 - Ministria e Punëve të Jashtme dhe Diasporës,216155 - Shërbimet e Administratë Qendrore,11316 - AdministratA Që ndrore,0113,216155-094120,12975,01.2023-11.2028,Vetura per Administrate,GQ,,365110.0,300000.0,0.0,300000.0,300000.0,300000.0,0.0,1265110.0,"GQ 365,110 300,000 0 300,000 300,000 300,000 0 1,265,110"
3.2,185,440,project,216000 - Ministria e Punëve të Jashtme dhe Diasporës,216155 - Shërbimet e Administratë Qendrore,11316 - AdministratA Që ndrore,0113,216155-095048,11073,02.2013-12.2028,Mobile per MPJ,,,,,,,,,,,0113 216155-095048 11073 02.2013-12.2028 Mobile per MPJ
3.2,185,454,source,216000 - Ministria e Punëve të Jashtme dhe Diasporës,216155 - Shërbimet e Administratë Qendrore,11316 - AdministratA Që ndrore,0113,216155-095048,11073,02.2013-12.2028,Mobile per MPJ,GQ,,274694.0,115000.0,0.0,115000.0,115000.0,115000.0,0.0,619694.0,"GQ 274,694 115,000 0 115,000 115,000 115,000 0 619,694"
3.2,185,469,project,216000 - Ministria e Punëve të Jashtme dhe Diasporës,216155 - Shërbimet e Administratë Qendrore,11316 - AdministratA Që ndrore,0113,216155-095051,11074,02.2023-12.2028,Kompjuter per MPJ,,,,,,,,,,,0113 216155-095051 11074 02.2023-12.2028 Kompjuter per MPJ
3.2,185,483,source,216000 - Ministria e Punëve të Jashtme dhe Diasporës,216155 - Shërbimet e Administratë Qendrore,11316 - AdministratA Që ndrore,0113,216155-095051,11074,02.2023-12.2028,Kompjuter per MPJ,GQ,,244872.0,30000.0,0.0,30000.0,30000.0,30000.0,0.0,334872.0,"GQ 244,872 30,000 0 30,000 30,000 30,000 0 334,872"
3.2,185,497,project,216000 - Ministria e Punëve të Jashtme dhe Diasporës,216155 - Shërbimet e Administratë Qendrore,11316 - AdministratA Që ndrore,0113,216155-095064,11075,03.2023-12.2028,Paisje Teknologjike,,,,,,,,,,,0113 216155-095064 11075 03.2023-12.2028 Paisje Teknologjike
3.2,185,511,source,216000 - Ministria e Punëve të Jashtme dhe Diasporës,216155 - Shërbimet e Administratë Qendrore,11316 - AdministratA Që ndrore,0113,216155-095064,11075,03.2023-12.2028,Paisje Teknologjike,GQ,,2233559.0,300000.0,0.0,300000.0,300000.0,300000.0,0.0,3133559.0,"GQ 2,233,559 300,000 0 300,000 300,000 300,000 0 3,133,559"
3.2,186,171,project,216000 - Ministria e Punëve të Jashtme dhe Diasporës,216155 - Shërbimet e Administratë Qendrore,11316 - AdministratA Që ndrore,0113,216155-106689,12248,03.2013-12.2028,Paisje me softwer,,,,,,,,,,,0113 216155-106689 12248 03.2013-12.2028 Paisje me softwer
3.2,186,185,source,216000 - Ministria e Punëve të Jashtme dhe Diasporës,216155 - Shërbimet e Administratë Qendrore,11316 - AdministratA Që ndrore,0113,216155-106689,12248,03.2013-12.2028,Paisje me softwer,GQ,,124242.0,200000.0,0.0,200000.0,200000.0,200000.0,0.0,724242.0,"GQ 124,242 200,000 0 200,000 200,000 200,000 0 724,242"
3.2,186,199,project,216000 - Ministria e Punëve të Jashtme dhe Diasporës,216155 - Shërbimet e Administratë Qendrore,11316 - AdministratA Që ndrore,0113,216155-1730186,15173,01.2023-12.2028,Sistemi i Sigurisë së Komunikimit për MPJ dhe Misionet Diplomatike,,,,,,,,,,,0113 216155-1730186 15173 01.2023-12.2028 Sistemi i Sigurisë së Komunikimit për MPJ dhe Misionet Diplomatike
3.2,186,213,source,216000 - Ministria e Punëve të Jashtme dhe Diasporës,216155 - Shërbimet e Administratë Qendrore,11316 - AdministratA Që ndrore,0113,216155-1730186,15173,01.2023-12.2028,Sistemi i Sigurisë së Komunikimit për MPJ dhe Misionet Diplomatike,GQ,,0.0,2500000.0,0.0,2500000.0,2500000.0,2500000.0,0.0,7500000.0,"GQ 0 2,500,000 0 2,500,000 2,500,000 2,500,000 0 7,500,000"
3.2,186,228,project,216000 - Ministria e Punëve të Jashtme dhe Diasporës,216155 - Shërbimet e Administratë Qendrore,11316 - AdministratA Që ndrore,0133,216155-2647687,20664,03.2026-12.2028,"Meremetimi i objektit, rregullimi i terasave dhe orborrit te MPJD",,,,,,,,,,,"0133 216155-2647687 20664 03.2026-12.2028 Meremetimi i objektit, rregullimi i terasave dhe orborrit te MPJD"
3.2,186,242,source,216000 - Ministria e Punëve të Jashtme dhe Diasporës,216155 - Shërbimet e Administratë Qendrore,11316 - AdministratA Që ndrore,0133,216155-2647687,20664,03.2026-12.2028,"Meremetimi i objektit, rregullimi i terasave dhe orborrit te MPJD",GQ,,0.0,0.0,250000.0,250000.0,250000.0,250000.0,0.0,750000.0,"GQ 0 0 250,000 250,000 250,000 250,000 0 750,000"
3.2,186,256,subtotal,216000 - Ministria e Punëve të Jashtme dhe Diasporës,216155 - Shërbimet e Administratë Qendrore,11316 - AdministratA Që ndrore,,,,,Totali( GQ ) - AdministratA Që ndrore,GQ,,3242476.0,3445000.0,250000.0,3695000.0,3695000.0,3695000.0,0.0,14327476.0,"Totali( GQ ) - AdministratA Që ndrore 3,242,476 3,445,000 250,000 3,695,000 3,695,000 3,695,000 0 14,327,476"
3.2,186,270,subtotal,216000 - Ministria e Punëve të Jashtme dhe Diasporës,216155 - Shërbimet e Administratë Qendrore,11316 - AdministratA Që ndrore,,,,,Totali - AdministratA Që ndrore,,,3242476.0,3445000.0,250000.0,3695000.0,3695000.0,3695000.0,0.0,14327476.0,"Totali - AdministratA Që ndrore 3,242,476 3,445,000 250,000 3,695,000 3,695,000 3,695,000 0 14,327,476"
3.2,186,284,subtotal,216000 - Ministria e Punëve të Jashtme dhe Diasporës,216155 - Shërbimet e Administratë Qendrore,11316 - AdministratA Që ndrore,,,,,Totali ( GQ ) - Shërbimet e Administratë Qendrore,GQ,,3242476.0,3445000.0,250000.0,3695000.0,3695000.0,3695000.0,0.0,14327476.0,"Totali ( GQ ) - Shërbimet e Administratë Qendrore 3,242,476 3,445,000 250,000 3,695,000 3,695,000 3,695,000 0 14,327,476"
3.2,186,298,subtotal,216000 - Ministria e Punëve të Jashtme dhe Diasporës,216155 - Shërbimet e Administratë Qendrore,11316 - AdministratA Që ndrore,,,,,Totali - Shërbimet e Administratë Qendrore,,,3242476.0,3445000.0,250000.0,3695000.0,3695000.0,3695000.0,0.0,14327476.0,"Totali - Shërbimet e Administratë Qendrore 3,242,476 3,445,000 250,000 3,695,000 3,695,000 3,695,000 0 14,327,476"
3.2,186,341,project,216000 - Ministria e Punëve të Jashtme dhe Diasporës,216258 - Ambasadat,14300 - Ambasadat,0113,216258-094121,11076,02.2023-12.2028,Vetura per Ambasada,,,,,,,,,,,0113 216258-094121 11076 02.2023-12.2028 Vetura per Ambasada
3.2,186,355,source,216000 - Ministria e Punëve të Jashtme dhe Diasporës,216258 - Ambasadat,14300 - Ambasadat,0113,216258-094121,11076,02.2023-12.2028,Vetura per Ambasada,GQ,,3948142.0,500000.0,0.0,500000.0,500000.0,500000.0,0.0,5448142.0,"GQ 3,948,142 500,000 0 500,000 500,000 500,000 0 5,448,142"
3.2,186,369,project,216000 - Ministria e Punëve të Jashtme dhe Diasporës,216258 - Ambasadat,14300 - Ambasadat,0113,216258-095053,11078,02.2023-12.2028,Blerja e Ambasadave,,,,,,,,,,,0113 216258-095053 11078 02.2023-12.2028 Blerja e Ambasadave
3.2,186,383,source,216000 - Ministria e Punëve të Jashtme dhe Diasporës,216258 - Ambasadat,14300 - Ambasadat,0113,216258-095053,11078,02.2023-12.2028,Blerja e Ambasadave,GQ,,20340981.0,10000000.0,0.0,10000000.0,10000000.0,10000000.0,0.0,50340981.0,"GQ 20,340,981 10,000,000 0 10,000,000 10,000,000 10,000,000 0 50,340,981"
3.2,186,398,project,216000 - Ministria e Punëve të Jashtme dhe Diasporës,216258 - Ambasadat,14300 - Ambasadat,0113,216258-1217018,13183,03.2023-12.2028,Renovim i objektit te ambasades,,,,,,,,,,,0113 216258-1217018 13183 03.2023-12.2028 Renovim i objektit te ambasades
3.2,186,412,source,216000 - Ministria e Punëve të Jashtme dhe Diasporës,216258 - Ambasadat,14300 - Ambasadat,0113,216258-1217018,13183,03.2023-12.2028,Renovim i objektit te ambasades,GQ,,1661743.0,2000000.0,0.0,2000000.0,2000000.0,2000000.0,0.0,7661743.0,"GQ 1,661,743 2,000,000 0 2,000,000 2,000,000 2,000,000 0 7,661,743"
3.2,186,426,project,216000 - Ministria e Punëve të Jashtme dhe Diasporës,216258 - Ambasadat,14300 - Ambasadat,0133,216258-2547328,19693,03.2025-12.2028,Mobile per Objektet e Amabasadave,,,,,,,,,,,0133 216258-2547328 19693 03.2025-12.2028 Mobile per Objektet e Amabasadave
3.2,186,440,source,216000 - Ministria e Punëve të Jashtme dhe Diasporës,216258 - Ambasadat,14300 - Ambasadat,0133,216258-2547328,19693,03.2025-12.2028,Mobile per Objektet e Amabasadave,GQ,,56025.0,200000.0,0.0,200000.0,200000.0,200000.0,0.0,656025.0,"GQ 56,025 200,000 0 200,000 200,000 200,000 0 656,025"
3.2,186,454,subtotal,216000 - Ministria e Punëve të Jashtme dhe Diasporës,216258 - Ambasadat,14300 - Ambasadat,,,,,Totali ( GQ ) - Ambasadat,GQ,,26006891.0,12700000.0,0.0,12700000.0,12700000.0,12700000.0,0.0,64106891.0,"Totali ( GQ ) - Ambasadat 26,006,891 12,700,000 0 12,700,000 12,700,000 12,700,000 0 64,106,891"
3.2,186,468,subtotal,216000 - Ministria e Punëve të Jashtme dhe Diasporës,216258 - Ambasadat,14300 - Ambasadat,,,,,Totali - Ambasadat,,,26006891.0,12700000.0,0.0,12700000.0,12700000.0,12700000.0,0.0,64106891.0,"Totali - Ambasadat 26,006,891 12,700,000 0 12,700,000 12,700,000 12,700,000 0 64,106,891"
3.2,186,482,subtotal,216000 - Ministria e Punëve të Jashtme dhe Diasporës,216258 - Ambasadat,14300 - Ambasadat,,,,,Totali ( GQ ) - Ambasadat,GQ,,26006891.0,12700000.0,0.0,12700000.0,12700000.0,12700000.0,0.0,64106891.0,"Totali ( GQ ) - Ambasadat 26,006,891 12,700,000 0 12,700,000 12,700,000 12,700,000 0 64,106,891"
3.2,186,497,subtotal,216000 - Ministria e Punëve të Jashtme dhe Diasporës,216258 - Ambasadat,14300 - Ambasadat,,,,,Totali - Ambasadat,,,26006891.0,12700000.0,0.0,12700000.0,12700000.0,12700000.0,0.0,64106891.0,"Totali - Ambasadat 26,006,891 12,700,000 0 12,700,000 12,700,000 12,700,000 0 64,106,891"
3.2,187,171,subtotal,216000 - Ministria e Punëve të Jashtme dhe Diasporës,216258 - Ambasadat,14300 - Ambasadat,,,,,Totali ( GQ ) - Ministria e Punëve të Jashtme dhe Diasporës,GQ,,29249367.0,16145000.0,250000.0,16395000.0,16395000.0,16395000.0,0.0,78434367.0,"Totali ( GQ ) - Ministria e Punëve të Jashtme dhe Diasporës 29,249,367 16,145,000 250,000 16,395,000 16,395,000 16,395,000 0 78,434,367"
3.2,187,185,subtotal,216000 - Ministria e Punëve të Jashtme dhe Diasporës,216258 - Ambasadat,14300 - Ambasadat,,,,,Totali - Ministria e Punëve të Jashtme dhe Diasporës,,,29249367.0,16145000.0,250000.0,16395000.0,16395000.0,16395000.0,0.0,78434367.0,"Totali - Ministria e Punëve të Jashtme dhe Diasporës 29,249,367 16,145,000 250,000 16,395,000 16,395,000 16,395,000 0 78,434,367"
3.2,187,242,project,217000 - Ministria e Mbrojtjes,217155 - Sherbimete e Administrates Qendroer,11317 - Administrata Qendrore,0210,217155-1213727,13184,04.2012-10.2028,Automjete jotaktike,,,,,,,,,,,0210 217155-1213727 13184 04.2012-10.2028 Automjete jotaktike
3.2,187,256,source,217000 - Ministria e Mbrojtjes,217155 - Sherbimete e Administrates Qendroer,11317 - Administrata Qendrore,0210,217155-1213727,13184,04.2012-10.2028,Automjete jotaktike,GQ,,562564.0,120000.0,0.0,120000.0,200000.0,300000.0,0.0,1182564.0,"GQ 562,564 120,000 0 120,000 200,000 300,000 0 1,182,564"
3.2,187,270,project,217000 - Ministria e Mbrojtjes,217155 - Sherbimete e Administrates Qendroer,11317 - Administrata Qendrore,0210,217155-1625975,14620,03.2016-01.2028,Pajisje të tjera,,,,,,,,,,,0210 217155-1625975 14620 03.2016-01.2028 Pajisje të tjera
3.2,187,284,source,217000 - Ministria e Mbrojtjes,217155 - Sherbimete e Administrates Qendroer,11317 - Administrata Qendrore,0210,217155-1625975,14620,03.2016-01.2028,Pajisje të tjera,GQ,,1617379.0,60000.0,0.0,60000.0,100000.0,100000.0,0.0,1877379.0,"GQ 1,617,379 60,000 0 60,000 100,000 100,000 0 1,877,379"
3.2,187,298,project,217000 - Ministria e Mbrojtjes,217155 - Sherbimete e Administrates Qendroer,11317 - Administrata Qendrore,0210,217155-1830650,15580,02.2018-10.2027,Modernizimi i sistemit të sigurisë në MFSK  me pajisje të sigurisë,,,,,,,,,,,0210 217155-1830650 15580 02.2018-10.2027 Modernizimi i sistemit të sigurisë në MFSK me pajisje të sigurisë
3.2,187,313,source,217000 - Ministria e Mbrojtjes,217155 - Sherbimete e Administrates Qendroer,11317 - Administrata Qendrore,0210,217155-1830650,15580,02.2018-10.2027,Modernizimi i sistemit të sigurisë në MFSK  me pajisje të sigurisë,GQ,,1087230.0,60000.0,0.0,60000.0,70000.0,70000.0,0.0,1287230.0,"GQ 1,087,230 60,000 0 60,000 70,000 70,000 0 1,287,230"
3.2,187,327,project,217000 - Ministria e Mbrojtjes,217155 - Sherbimete e Administrates Qendroer,11317 - Administrata Qendrore,0210,217155-2341433,19157,01.2023-12.2027,Sistemi i menaxhimit të informatave (SIM),,,,,,,,,,,0210 217155-2341433 19157 01.2023-12.2027 Sistemi i menaxhimit të informatave (SIM)
3.2,187,341,source,217000 - Ministria e Mbrojtjes,217155 - Sherbimete e Administrates Qendroer,11317 - Administrata Qendrore,0210,217155-2341433,19157,01.2023-12.2027,Sistemi i menaxhimit të informatave (SIM),GQ,,1788640.0,910000.0,0.0,910000.0,1200000.0,350000.0,0.0,4248640.0,"GQ 1,788,640 910,000 0 910,000 1,200,000 350,000 0 4,248,640"
3.2,187,355,project,217000 - Ministria e Mbrojtjes,217155 - Sherbimete e Administrates Qendroer,11317 - Administrata Qendrore,0210,217155-2547362,20618,03.2027-11.2028,Ndërtimi i Objektit per Intelegjence dhe siguri,,,,,,,,,,,0210 217155-2547362 20618 03.2027-11.2028 Ndërtimi i Objektit per Intelegjence dhe siguri
3.2,187,369,source,217000 - Ministria e Mbrojtjes,217155 - Sherbimete e Administrates Qendroer,11317 - Administrata Qendrore,0210,217155-2547362,20618,03.2027-11.2028,Ndërtimi i Objektit per Intelegjence dhe siguri,GQ,,0.0,0.0,0.0,0.0,600000.0,1350000.0,0.0,1950000.0,"GQ 0 0 0 0 600,000 1,350,000 0 1,950,000"
3.2,187,383,project,217000 - Ministria e Mbrojtjes,217155 - Sherbimete e Administrates Qendroer,11317 - Administrata Qendrore,0210,217155-2647583,20635,01.2026-12.2026,Softverë për burime të hapura,,,,,,,,,,,0210 217155-2647583 20635 01.2026-12.2026 Softverë për burime të hapura
3.2,187,398,source,217000 - Ministria e Mbrojtjes,217155 - Sherbimete e Administrates Qendroer,11317 - Administrata Qendrore,0210,217155-2647583,20635,01.2026-12.2026,Softverë për burime të hapura,GQ,,0.0,0.0,200000.0,200000.0,0.0,0.0,0.0,200000.0,"GQ 0 0 200,000 200,000 0 0 0 200,000"
3.2,187,412,project,217000 - Ministria e Mbrojtjes,217155 - Sherbimete e Administrates Qendroer,11317 - Administrata Qendrore,0210,217155-2647585,20637,01.2026-12.2026,Modernizimi i sistemit te sigurise ne MM. Pajisje anti-dron,,,,,,,,,,,0210 217155-2647585 20637 01.2026-12.2026 Modernizimi i sistemit te sigurise ne MM. Pajisje anti-dron
3.2,187,426,source,217000 - Ministria e Mbrojtjes,217155 - Sherbimete e Administrates Qendroer,11317 - Administrata Qendrore,0210,217155-2647585,20637,01.2026-12.2026,Modernizimi i sistemit te sigurise ne MM. Pajisje anti-dron,GQ,,0.0,0.0,700000.0,700000.0,0.0,0.0,0.0,700000.0,"GQ 0 0 700,000 700,000 0 0 0 700,000"
3.2,187,440,project,217000 - Ministria e Mbrojtjes,217155 - Sherbimete e Administrates Qendroer,11317 - Administrata Qendrore,0133,217155-2647601,20641,01.2026-12.2027,Sistemi modular lëvizës për ruajtjen e dokumenteve,,,,,,,,,,,0133 217155-2647601 20641 01.2026-12.2027 Sistemi modular lëvizës për ruajtjen e dokumenteve
3.2,187,454,source,217000 - Ministria e Mbrojtjes,217155 - Sherbimete e Administrates Qendroer,11317 - Administrata Qendrore,0133,217155-2647601,20641,01.2026-12.2027,Sistemi modular lëvizës për ruajtjen e dokumenteve,GQ,,0.0,0.0,150000.0,150000.0,100000.0,0.0,0.0,250000.0,"GQ 0 0 150,000 150,000 100,000 0 0 250,000"
3.2,187,469,project,217000 - Ministria e Mbrojtjes,217155 - Sherbimete e Administrates Qendroer,11317 - Administrata Qendrore,0412,217155-2647605,20643,01.2026-12.2026,Pajisje për nevojat e Administratës(SmartBoard),,,,,,,,,,,0412 217155-2647605 20643 01.2026-12.2026 Pajisje për nevojat e Administratës(SmartBoard)
3.2,187,483,source,217000 - Ministria e Mbrojtjes,217155 - Sherbimete e Administrates Qendroer,11317 - Administrata Qendrore,0412,217155-2647605,20643,01.2026-12.2026,Pajisje për nevojat e Administratës(SmartBoard),GQ,,0.0,0.0,30000.0,30000.0,0.0,0.0,0.0,30000.0,"GQ 0 0 30,000 30,000 0 0 0 30,000"
3.2,187,497,project,217000 - Ministria e Mbrojtjes,217155 - Sherbimete e Administrates Qendroer,11317 - Administrata Qendrore,0210,217155-2647618,20646,03.2028-12.2028,Rregullimi rrethojes  dhe nderrimi reflektorve  ne MM,,,,,,,,,,,0210 217155-2647618 20646 03.2028-12.2028 Rregullimi rrethojes dhe nderrimi reflektorve ne MM
3.2,187,511,source,217000 - Ministria e Mbrojtjes,217155 - Sherbimete e Administrates Qendroer,11317 - Administrata Qendrore,0210,217155-2647618,20646,03.2028-12.2028,Rregullimi rrethojes  dhe nderrimi reflektorve  ne MM,GQ,,0.0,0.0,0.0,0.0,0.0,100000.0,0.0,100000.0,"GQ 0 0 0 0 0 100,000 0 100,000"
3.2,188,171,project,217000 - Ministria e Mbrojtjes,217155 - Sherbimete e Administrates Qendroer,11317 - Administrata Qendrore,0210,217155-2647629,20648,03.2026-07.2026,Shenjëzimi i Hyrjes së Objektit të MM-së,,,,,,,,,,,0210 217155-2647629 20648 03.2026-07.2026 Shenjëzimi i Hyrjes së Objektit të MM-së
3.2,188,185,source,217000 - Ministria e Mbrojtjes,217155 - Sherbimete e Administrates Qendroer,11317 - Administrata Qendrore,0210,217155-2647629,20648,03.2026-07.2026,Shenjëzimi i Hyrjes së Objektit të MM-së,GQ,,0.0,0.0,10000.0,10000.0,0.0,0.0,0.0,10000.0,"GQ 0 0 10,000 10,000 0 0 0 10,000"
3.2,188,199,subtotal,217000 - Ministria e Mbrojtjes,217155 - Sherbimete e Administrates Qendroer,11317 - Administrata Qendrore,,,,,Totali( GQ ) - Administrata Qendrore,GQ,,5055813.0,1150000.0,1090000.0,2240000.0,2270000.0,2270000.0,0.0,11835813.0,"Totali( GQ ) - Administrata Qendrore 5,055,813 1,150,000 1,090,000 2,240,000 2,270,000 2,270,000 0 11,835,813"
3.2,188,213,subtotal,217000 - Ministria e Mbrojtjes,217155 - Sherbimete e Administrates Qendroer,11317 - Administrata Qendrore,,,,,Totali - Administrata Qendrore,,,5055813.0,1150000.0,1090000.0,2240000.0,2270000.0,2270000.0,0.0,11835813.0,"Totali - Administrata Qendrore 5,055,813 1,150,000 1,090,000 2,240,000 2,270,000 2,270,000 0 11,835,813"
3.2,188,228,subtotal,217000 - Ministria e Mbrojtjes,217155 - Sherbimete e Administrates Qendroer,11317 - Administrata Qendrore,,,,,Totali ( GQ ) - Sherbimete e Administrates Qendroer,GQ,,5055813.0,1150000.0,1090000.0,2240000.0,2270000.0,2270000.0,0.0,11835813.0,"Totali ( GQ ) - Sherbimete e Administrates Qendroer 5,055,813 1,150,000 1,090,000 2,240,000 2,270,000 2,270,000 0 11,835,813"
3.2,188,242,subtotal,217000 - Ministria e Mbrojtjes,217155 - Sherbimete e Administrates Qendroer,11317 - Administrata Qendrore,,,,,Totali - Sherbimete e Administrates Qendroer,,,5055813.0,1150000.0,1090000.0,2240000.0,2270000.0,2270000.0,0.0,11835813.0,"Totali - Sherbimete e Administrates Qendroer 5,055,813 1,150,000 1,090,000 2,240,000 2,270,000 2,270,000 0 11,835,813"
3.2,188,284,project,217000 - Ministria e Mbrojtjes,217250 - Forca e Sigurisë së Kosovës,36000 - Forca e Sigurisë së Kosovë s,0210,217250-1110009,11120,02.2011-10.2028,Orendi,,,,,,,,,,,0210 217250-1110009 11120 02.2011-10.2028 Orendi
3.2,188,298,source,217000 - Ministria e Mbrojtjes,217250 - Forca e Sigurisë së Kosovës,36000 - Forca e Sigurisë së Kosovë s,0210,217250-1110009,11120,02.2011-10.2028,Orendi,GQ,,88969.0,10000.0,0.0,10000.0,10000.0,10000.0,0.0,118969.0,"GQ 88,969 10,000 0 10,000 10,000 10,000 0 118,969"
3.2,188,313,project,217000 - Ministria e Mbrojtjes,217250 - Forca e Sigurisë së Kosovës,36000 - Forca e Sigurisë së Kosovë s,0210,217250-1110025,11123,02.2011-11.2028,Pajisje tjera,,,,,,,,,,,0210 217250-1110025 11123 02.2011-11.2028 Pajisje tjera
3.2,188,327,source,217000 - Ministria e Mbrojtjes,217250 - Forca e Sigurisë së Kosovës,36000 - Forca e Sigurisë së Kosovë s,0210,217250-1110025,11123,02.2011-11.2028,Pajisje tjera,GQ,,11771028.0,3135000.0,0.0,3135000.0,3515000.0,3515000.0,0.0,21936028.0,"GQ 11,771,028 3,135,000 0 3,135,000 3,515,000 3,515,000 0 21,936,028"
3.2,188,341,project,217000 - Ministria e Mbrojtjes,217250 - Forca e Sigurisë së Kosovës,36000 - Forca e Sigurisë së Kosovë s,0210,217250-1830679,15587,03.2018-12.2027,KOMPJUTER,,,,,,,,,,,0210 217250-1830679 15587 03.2018-12.2027 KOMPJUTER
3.2,188,355,source,217000 - Ministria e Mbrojtjes,217250 - Forca e Sigurisë së Kosovës,36000 - Forca e Sigurisë së Kosovë s,0210,217250-1830679,15587,03.2018-12.2027,KOMPJUTER,GQ,,109183.0,105000.0,0.0,105000.0,100000.0,230000.0,0.0,544183.0,"GQ 109,183 105,000 0 105,000 100,000 230,000 0 544,183"
3.2,188,369,project,217000 - Ministria e Mbrojtjes,217250 - Forca e Sigurisë së Kosovës,36000 - Forca e Sigurisë së Kosovë s,0210,217250-2137716,18806,01.2023-12.2027,Sistemet dhe Pajisjet e Komunikimit,,,,,,,,,,,0210 217250-2137716 18806 01.2023-12.2027 Sistemet dhe Pajisjet e Komunikimit
3.2,188,383,source,217000 - Ministria e Mbrojtjes,217250 - Forca e Sigurisë së Kosovës,36000 - Forca e Sigurisë së Kosovë s,0210,217250-2137716,18806,01.2023-12.2027,Sistemet dhe Pajisjet e Komunikimit,GQ,,3851766.0,2103500.0,0.0,2103500.0,150000.0,150000.0,0.0,6255266.0,"GQ 3,851,766 2,103,500 0 2,103,500 150,000 150,000 0 6,255,266"
3.2,188,398,project,217000 - Ministria e Mbrojtjes,217250 - Forca e Sigurisë së Kosovës,36000 - Forca e Sigurisë së Kosovë s,0210,217250-2240925,19071,01.2025-12.2028,Ndërtime dhe Renovime,,,,,,,,,,,0210 217250-2240925 19071 01.2025-12.2028 Ndërtime dhe Renovime
3.2,188,412,source,217000 - Ministria e Mbrojtjes,217250 - Forca e Sigurisë së Kosovës,36000 - Forca e Sigurisë së Kosovë s,0210,217250-2240925,19071,01.2025-12.2028,Ndërtime dhe Renovime,GQ,,45717012.0,17945000.0,0.0,17945000.0,17945000.0,21000000.0,0.0,102607012.0,"GQ 45,717,012 17,945,000 0 17,945,000 17,945,000 21,000,000 0 102,607,012"
3.2,188,426,project,217000 - Ministria e Mbrojtjes,217250 - Forca e Sigurisë së Kosovës,36000 - Forca e Sigurisë së Kosovë s,0111,217250-2240926,19072,02.2022-10.2028,"Sisteme, pajisje dhe artikuj për mbrojtje",,,,,,,,,,,"0111 217250-2240926 19072 02.2022-10.2028 Sisteme, pajisje dhe artikuj për mbrojtje"
3.2,188,440,source,217000 - Ministria e Mbrojtjes,217250 - Forca e Sigurisë së Kosovës,36000 - Forca e Sigurisë së Kosovë s,0111,217250-2240926,19072,02.2022-10.2028,"Sisteme, pajisje dhe artikuj për mbrojtje",GQ,,302813350.0,71992760.0,0.0,71992760.0,70501260.0,63366260.0,0.0,508673630.0,"GQ 302,813,350 71,992,760 0 71,992,760 70,501,260 63,366,260 0 508,673,630"
3.2,188,454,project,217000 - Ministria e Mbrojtjes,217250 - Forca e Sigurisë së Kosovës,36000 - Forca e Sigurisë së Kosovë s,0111,217250-2240928,19073,02.2022-11.2028,Automjete dhe Kamion,,,,,,,,,,,0111 217250-2240928 19073 02.2022-11.2028 Automjete dhe Kamion
3.2,188,469,source,217000 - Ministria e Mbrojtjes,217250 - Forca e Sigurisë së Kosovës,36000 - Forca e Sigurisë së Kosovë s,0111,217250-2240928,19073,02.2022-11.2028,Automjete dhe Kamion,GQ,,19767871.0,18110000.0,0.0,18110000.0,17950000.0,21900000.0,0.0,77727871.0,"GQ 19,767,871 18,110,000 0 18,110,000 17,950,000 21,900,000 0 77,727,871"
3.2,188,482,subtotal,217000 - Ministria e Mbrojtjes,217250 - Forca e Sigurisë së Kosovës,36000 - Forca e Sigurisë së Kosovë s,,,,,Totali ( GQ ) - Forca e Sigurisë së Kosovë s,GQ,,384119179.0,113401260.0,0.0,113401260.0,110171260.0,110171260.0,0.0,717862959.0,"Totali ( GQ ) - Forca e Sigurisë së Kosovë s 384,119,179 113,401,260 0 113,401,260 110,171,260 110,171,260 0 717,862,959"
3.2,188,497,subtotal,217000 - Ministria e Mbrojtjes,217250 - Forca e Sigurisë së Kosovës,36000 - Forca e Sigurisë së Kosovë s,,,,,Totali - Forca e Sigurisë së Kosovës,,,384119179.0,113401260.0,0.0,113401260.0,110171260.0,110171260.0,0.0,717862959.0,"Totali - Forca e Sigurisë së Kosovës 384,119,179 113,401,260 0 113,401,260 110,171,260 110,171,260 0 717,862,959"
3.2,188,511,subtotal,217000 - Ministria e Mbrojtjes,217250 - Forca e Sigurisë së Kosovës,36000 - Forca e Sigurisë së Kosovë s,,,,,Totali ( GQ ) - Forca e Sigurisë së Kosovës,GQ,,384119179.0,113401260.0,0.0,113401260.0,110171260.0,110171260.0,0.0,717862959.0,"Totali ( GQ ) - Forca e Sigurisë së Kosovës 384,119,179 113,401,260 0 113,401,260 110,171,260 110,171,260 0 717,862,959"
3.2,189,171,subtotal,217000 - Ministria e Mbrojtjes,217250 - Forca e Sigurisë së Kosovës,36000 - Forca e Sigurisë së Kosovë s,,,,,Totali - Forca e Sigurisë së Kosovës,,,384119179.0,113401260.0,0.0,113401260.0,110171260.0,110171260.0,0.0,717862959.0,"Totali - Forca e Sigurisë së Kosovës 384,119,179 113,401,260 0 113,401,260 110,171,260 110,171,260 0 717,862,959"
3.2,189,185,subtotal,217000 - Ministria e Mbrojtjes,217250 - Forca e Sigurisë së Kosovës,36000 - Forca e Sigurisë së Kosovë s,,,,,Totali ( GQ ) - Ministria e Mbrojtjes,GQ,,389174992.0,114551260.0,1090000.0,115641260.0,112441260.0,112441260.0,0.0,729698772.0,"Totali ( GQ ) - Ministria e Mbrojtjes 389,174,992 114,551,260 1,090,000 115,641,260 112,441,260 112,441,260 0 729,698,772"
3.2,189,199,subtotal,217000 - Ministria e Mbrojtjes,217250 - Forca e Sigurisë së Kosovës,36000 - Forca e Sigurisë së Kosovë s,,,,,Totali - Ministria e Mbrojtjes,,,389174992.0,114551260.0,1090000.0,115641260.0,112441260.0,112441260.0,0.0,729698772.0,"Totali - Ministria e Mbrojtjes 389,174,992 114,551,260 1,090,000 115,641,260 112,441,260 112,441,260 0 729,698,772"
3.2,189,256,project,"220000 - Shërbimi Spitalor dhe Klinik Universitar i Kosoves, SHSKUK",220085 - Sherbimet Kujdesit Dytesor dhe Tretesor i Kosoves,70000 - Sherbimet Rajonale te Kujdesit Dytesor Shendetesor,0722,220085-1830733,15610,03.2026-12.2028,Zgjerimi hapesiarve te Sherbimit te Radiologjis me destinim per vendosje te CT Scanerit te  Rinje dhe Rezonancen Magnetike,,,,,,,,,,,0722 220085-1830733 15610 03.2026-12.2028 Zgjerimi hapesiarve te Sherbimit te Radiologjis me destinim per vendosje te CT Scanerit te Rinje dhe Rezonancen Magnetike
3.2,189,270,source,"220000 - Shërbimi Spitalor dhe Klinik Universitar i Kosoves, SHSKUK",220085 - Sherbimet Kujdesit Dytesor dhe Tretesor i Kosoves,70000 - Sherbimet Rajonale te Kujdesit Dytesor Shendetesor,0722,220085-1830733,15610,03.2026-12.2028,Zgjerimi hapesiarve te Sherbimit te Radiologjis me destinim per vendosje te CT Scanerit te  Rinje dhe Rezonancen Magnetike,GQ,,627271.0,500000.0,0.0,500000.0,500000.0,500000.0,0.0,2127271.0,"GQ 627,271 500,000 0 500,000 500,000 500,000 0 2,127,271"
3.2,189,284,subtotal,"220000 - Shërbimi Spitalor dhe Klinik Universitar i Kosoves, SHSKUK",220085 - Sherbimet Kujdesit Dytesor dhe Tretesor i Kosoves,70000 - Sherbimet Rajonale te Kujdesit Dytesor Shendetesor,,,,,Totali ( GQ ) - Sherbimet Rajonale te Kujdesit Dytesor Shendetesor,GQ,,627271.0,500000.0,0.0,500000.0,500000.0,500000.0,0.0,2127271.0,"Totali ( GQ ) - Sherbimet Rajonale te Kujdesit Dytesor Shendetesor 627,271 500,000 0 500,000 500,000 500,000 0 2,127,271"
3.2,189,298,subtotal,"220000 - Shërbimi Spitalor dhe Klinik Universitar i Kosoves, SHSKUK",220085 - Sherbimet Kujdesit Dytesor dhe Tretesor i Kosoves,70000 - Sherbimet Rajonale te Kujdesit Dytesor Shendetesor,,,,,Totali - Sherbimet Rajonale te Kujdesit Dytesor Shendetesor,,,627271.0,500000.0,0.0,500000.0,500000.0,500000.0,0.0,2127271.0,"Totali - Sherbimet Rajonale te Kujdesit Dytesor Shendetesor 627,271 500,000 0 500,000 500,000 500,000 0 2,127,271"
3.2,189,327,project,"220000 - Shërbimi Spitalor dhe Klinik Universitar i Kosoves, SHSKUK",220085 - Sherbimet Kujdesit Dytesor dhe Tretesor i Kosoves,70100 - QKUK-Sherbimi Terciare Shendetsore,0722,220085-1832744,15707,02.2026-11.2028,Pisje Mjekesore per nevoja te Programev Buxhetore te SHSKUK,,,,,,,,,,,0722 220085-1832744 15707 02.2026-11.2028 Pisje Mjekesore per nevoja te Programev Buxhetore te SHSKUK
3.2,189,341,source,"220000 - Shërbimi Spitalor dhe Klinik Universitar i Kosoves, SHSKUK",220085 - Sherbimet Kujdesit Dytesor dhe Tretesor i Kosoves,70100 - QKUK-Sherbimi Terciare Shendetsore,0722,220085-1832744,15707,02.2026-11.2028,Pisje Mjekesore per nevoja te Programev Buxhetore te SHSKUK,GQ,,11901135.0,3400000.0,0.0,3400000.0,3400000.0,3400000.0,0.0,22101135.0,"GQ 11,901,135 3,400,000 0 3,400,000 3,400,000 3,400,000 0 22,101,135"
3.2,189,355,project,"220000 - Shërbimi Spitalor dhe Klinik Universitar i Kosoves, SHSKUK",220085 - Sherbimet Kujdesit Dytesor dhe Tretesor i Kosoves,70100 - QKUK-Sherbimi Terciare Shendetsore,0721,220085-1832746,15709,02.2026-03.2028,Modernizimi i Infrastruktures  te Objekteve Spitalore te programeve  Buxhetore te SHSKUK,,,,,,,,,,,0721 220085-1832746 15709 02.2026-03.2028 Modernizimi i Infrastruktures te Objekteve Spitalore te programeve Buxhetore te SHSKUK
3.2,189,369,source,"220000 - Shërbimi Spitalor dhe Klinik Universitar i Kosoves, SHSKUK",220085 - Sherbimet Kujdesit Dytesor dhe Tretesor i Kosoves,70100 - QKUK-Sherbimi Terciare Shendetsore,0721,220085-1832746,15709,02.2026-03.2028,Modernizimi i Infrastruktures  te Objekteve Spitalore te programeve  Buxhetore te SHSKUK,GQ,,10427846.0,2686500.0,0.0,2686500.0,2686500.0,2686500.0,0.0,18487346.0,"GQ 10,427,846 2,686,500 0 2,686,500 2,686,500 2,686,500 0 18,487,346"
3.2,189,383,project,"220000 - Shërbimi Spitalor dhe Klinik Universitar i Kosoves, SHSKUK",220085 - Sherbimet Kujdesit Dytesor dhe Tretesor i Kosoves,70100 - QKUK-Sherbimi Terciare Shendetsore,0722,220085-1832747,15710,03.2026-12.2028,Ndertimi i Objektit per kliniken HematoOnkologjike,,,,,,,,,,,0722 220085-1832747 15710 03.2026-12.2028 Ndertimi i Objektit per kliniken HematoOnkologjike
3.2,189,398,source,"220000 - Shërbimi Spitalor dhe Klinik Universitar i Kosoves, SHSKUK",220085 - Sherbimet Kujdesit Dytesor dhe Tretesor i Kosoves,70100 - QKUK-Sherbimi Terciare Shendetsore,0722,220085-1832747,15710,03.2026-12.2028,Ndertimi i Objektit per kliniken HematoOnkologjike,GQ,,1430477.0,2500000.0,0.0,2500000.0,2500000.0,2500000.0,0.0,8930477.0,"GQ 1,430,477 2,500,000 0 2,500,000 2,500,000 2,500,000 0 8,930,477"
3.2,189,412,project,"220000 - Shërbimi Spitalor dhe Klinik Universitar i Kosoves, SHSKUK",220085 - Sherbimet Kujdesit Dytesor dhe Tretesor i Kosoves,70100 - QKUK-Sherbimi Terciare Shendetsore,0732,220085-2444069,19312,03.2026-07.2028,"Ndertimi i Depose  te Barnatores Qendrore ,QKUK",,,,,,,,,,,"0732 220085-2444069 19312 03.2026-07.2028 Ndertimi i Depose te Barnatores Qendrore ,QKUK"
3.2,189,426,source,"220000 - Shërbimi Spitalor dhe Klinik Universitar i Kosoves, SHSKUK",220085 - Sherbimet Kujdesit Dytesor dhe Tretesor i Kosoves,70100 - QKUK-Sherbimi Terciare Shendetsore,0732,220085-2444069,19312,03.2026-07.2028,"Ndertimi i Depose  te Barnatores Qendrore ,QKUK",GQ,,0.0,1000000.0,0.0,1000000.0,1000000.0,1000000.0,0.0,3000000.0,"GQ 0 1,000,000 0 1,000,000 1,000,000 1,000,000 0 3,000,000"
3.2,189,440,subtotal,"220000 - Shërbimi Spitalor dhe Klinik Universitar i Kosoves, SHSKUK",220085 - Sherbimet Kujdesit Dytesor dhe Tretesor i Kosoves,70100 - QKUK-Sherbimi Terciare Shendetsore,,,,,Totali ( GQ ) - QKUK-Sherbimi Terciare Shendetsore,GQ,,23759458.0,9586500.0,0.0,9586500.0,9586500.0,9586500.0,0.0,52518958.0,"Totali ( GQ ) - QKUK-Sherbimi Terciare Shendetsore 23,759,458 9,586,500 0 9,586,500 9,586,500 9,586,500 0 52,518,958"
3.2,189,454,subtotal,"220000 - Shërbimi Spitalor dhe Klinik Universitar i Kosoves, SHSKUK",220085 - Sherbimet Kujdesit Dytesor dhe Tretesor i Kosoves,70100 - QKUK-Sherbimi Terciare Shendetsore,,,,,Totali - QKUK-Sherbimi Terciare Shendetsore,,,23759458.0,9586500.0,0.0,9586500.0,9586500.0,9586500.0,0.0,52518958.0,"Totali - QKUK-Sherbimi Terciare Shendetsore 23,759,458 9,586,500 0 9,586,500 9,586,500 9,586,500 0 52,518,958"
3.2,189,483,project,"220000 - Shërbimi Spitalor dhe Klinik Universitar i Kosoves, SHSKUK",220085 - Sherbimet Kujdesit Dytesor dhe Tretesor i Kosoves,70900 - QSKUK-Sherbimi Terciare Shendetsore,0732,206085-1213997,13041,03.2026-11.2028,Pajisje mjekesore per repartet e Spitalit,,,,,,,,,,,0732 206085-1213997 13041 03.2026-11.2028 Pajisje mjekesore per repartet e Spitalit
3.2,189,497,source,"220000 - Shërbimi Spitalor dhe Klinik Universitar i Kosoves, SHSKUK",220085 - Sherbimet Kujdesit Dytesor dhe Tretesor i Kosoves,70900 - QSKUK-Sherbimi Terciare Shendetsore,0732,206085-1213997,13041,03.2026-11.2028,Pajisje mjekesore per repartet e Spitalit,GQ,,1630418.0,250000.0,0.0,250000.0,250000.0,250000.0,0.0,2380418.0,"GQ 1,630,418 250,000 0 250,000 250,000 250,000 0 2,380,418"
3.2,190,171,project,"220000 - Shërbimi Spitalor dhe Klinik Universitar i Kosoves, SHSKUK",220085 - Sherbimet Kujdesit Dytesor dhe Tretesor i Kosoves,70900 - QSKUK-Sherbimi Terciare Shendetsore,0723,220085-1832687,15660,03.2026-12.2028,Ndertimi inderteses se  re te QSKUK,,,,,,,,,,,0723 220085-1832687 15660 03.2026-12.2028 Ndertimi inderteses se re te QSKUK
3.2,190,185,source,"220000 - Shërbimi Spitalor dhe Klinik Universitar i Kosoves, SHSKUK",220085 - Sherbimet Kujdesit Dytesor dhe Tretesor i Kosoves,70900 - QSKUK-Sherbimi Terciare Shendetsore,0723,220085-1832687,15660,03.2026-12.2028,Ndertimi inderteses se  re te QSKUK,GQ,,93390.0,30000.0,0.0,30000.0,30000.0,30000.0,0.0,183390.0,"GQ 93,390 30,000 0 30,000 30,000 30,000 0 183,390"
3.2,190,199,subtotal,"220000 - Shërbimi Spitalor dhe Klinik Universitar i Kosoves, SHSKUK",220085 - Sherbimet Kujdesit Dytesor dhe Tretesor i Kosoves,70900 - QSKUK-Sherbimi Terciare Shendetsore,,,,,Totali( GQ ) - QSKUK-Sherbimi Terciare Shendetsore,GQ,,1723807.0,280000.0,0.0,280000.0,280000.0,280000.0,0.0,2563807.0,"Totali( GQ ) - QSKUK-Sherbimi Terciare Shendetsore 1,723,807 280,000 0 280,000 280,000 280,000 0 2,563,807"
3.2,190,213,subtotal,"220000 - Shërbimi Spitalor dhe Klinik Universitar i Kosoves, SHSKUK",220085 - Sherbimet Kujdesit Dytesor dhe Tretesor i Kosoves,70900 - QSKUK-Sherbimi Terciare Shendetsore,,,,,Totali - QSKUK-Sherbimi Terciare Shendetsore,,,1723807.0,280000.0,0.0,280000.0,280000.0,280000.0,0.0,2563807.0,"Totali - QSKUK-Sherbimi Terciare Shendetsore 1,723,807 280,000 0 280,000 280,000 280,000 0 2,563,807"
3.2,190,228,subtotal,"220000 - Shërbimi Spitalor dhe Klinik Universitar i Kosoves, SHSKUK",220085 - Sherbimet Kujdesit Dytesor dhe Tretesor i Kosoves,70900 - QSKUK-Sherbimi Terciare Shendetsore,,,,,Totali ( GQ ) - Sherbimet Kujdesit Dytesor dhe Tretesor i Kosoves,GQ,,26110536.0,10366500.0,0.0,10366500.0,10366500.0,10366500.0,0.0,57210036.0,"Totali ( GQ ) - Sherbimet Kujdesit Dytesor dhe Tretesor i Kosoves 26,110,536 10,366,500 0 10,366,500 10,366,500 10,366,500 0 57,210,036"
3.2,190,242,subtotal,"220000 - Shërbimi Spitalor dhe Klinik Universitar i Kosoves, SHSKUK",220085 - Sherbimet Kujdesit Dytesor dhe Tretesor i Kosoves,70900 - QSKUK-Sherbimi Terciare Shendetsore,,,,,Totali - Sherbimet Kujdesit Dytesor dhe Tretesor i Kosoves,,,26110536.0,10366500.0,0.0,10366500.0,10366500.0,10366500.0,0.0,57210036.0,"Totali - Sherbimet Kujdesit Dytesor dhe Tretesor i Kosoves 26,110,536 10,366,500 0 10,366,500 10,366,500 10,366,500 0 57,210,036"
3.2,190,284,project,"220000 - Shërbimi Spitalor dhe Klinik Universitar i Kosoves, SHSKUK",220086 - Administrata Qendrore e SHSKUK,11320 - Administrata Qendrore e SHSKUK,0760,206086-1832783,15737,02.2026-07.2028,ndertimi i objektit per Nena dhe femij i kompletur me paisje percjellese per Spitali e Prizerenit,,,,,,,,,,,0760 206086-1832783 15737 02.2026-07.2028 ndertimi i objektit per Nena dhe femij i kompletur me paisje percjellese per Spitali e Prizerenit
3.2,190,298,source,"220000 - Shërbimi Spitalor dhe Klinik Universitar i Kosoves, SHSKUK",220086 - Administrata Qendrore e SHSKUK,11320 - Administrata Qendrore e SHSKUK,0760,206086-1832783,15737,02.2026-07.2028,ndertimi i objektit per Nena dhe femij i kompletur me paisje percjellese per Spitali e Prizerenit,GQ,,2262137.0,50000.0,0.0,50000.0,50000.0,50000.0,0.0,2412137.0,"GQ 2,262,137 50,000 0 50,000 50,000 50,000 0 2,412,137"
3.2,190,313,project,"220000 - Shërbimi Spitalor dhe Klinik Universitar i Kosoves, SHSKUK",220086 - Administrata Qendrore e SHSKUK,11320 - Administrata Qendrore e SHSKUK,0731,220085-1935109,18232,02.2026-12.2028,Modernizimi i Infrastruktures te Njësive Përbërëse të SHSKUK,,,,,,,,,,,0731 220085-1935109 18232 02.2026-12.2028 Modernizimi i Infrastruktures te Njësive Përbërëse të SHSKUK
3.2,190,327,source,"220000 - Shërbimi Spitalor dhe Klinik Universitar i Kosoves, SHSKUK",220086 - Administrata Qendrore e SHSKUK,11320 - Administrata Qendrore e SHSKUK,0731,220085-1935109,18232,02.2026-12.2028,Modernizimi i Infrastruktures te Njësive Përbërëse të SHSKUK,GQ,,6246412.0,5950000.0,0.0,5950000.0,5950000.0,6500500.0,0.0,24646912.0,"GQ 6,246,412 5,950,000 0 5,950,000 5,950,000 6,500,500 0 24,646,912"
3.2,190,341,project,"220000 - Shërbimi Spitalor dhe Klinik Universitar i Kosoves, SHSKUK",220086 - Administrata Qendrore e SHSKUK,11320 - Administrata Qendrore e SHSKUK,0722,220085-1935114,18235,02.2026-11.2028,Blerja e Paisjes Mjekësore Për Njësit Përbërëse të SHSKUK,,,,,,,,,,,0722 220085-1935114 18235 02.2026-11.2028 Blerja e Paisjes Mjekësore Për Njësit Përbërëse të SHSKUK
3.2,190,355,source,"220000 - Shërbimi Spitalor dhe Klinik Universitar i Kosoves, SHSKUK",220086 - Administrata Qendrore e SHSKUK,11320 - Administrata Qendrore e SHSKUK,0722,220085-1935114,18235,02.2026-11.2028,Blerja e Paisjes Mjekësore Për Njësit Përbërëse të SHSKUK,GQ,,7956850.0,5433000.0,0.0,5433000.0,5433000.0,5433000.0,0.0,24255850.0,"GQ 7,956,850 5,433,000 0 5,433,000 5,433,000 5,433,000 0 24,255,850"
3.2,190,369,project,"220000 - Shërbimi Spitalor dhe Klinik Universitar i Kosoves, SHSKUK",220086 - Administrata Qendrore e SHSKUK,11320 - Administrata Qendrore e SHSKUK,1012,220086-2444077,19314,02.2026-12.2028,Paisje ndihmëse për personin paraplegjik dhe tetraplegjik,,,,,,,,,,,1012 220086-2444077 19314 02.2026-12.2028 Paisje ndihmëse për personin paraplegjik dhe tetraplegjik
3.2,190,383,source,"220000 - Shërbimi Spitalor dhe Klinik Universitar i Kosoves, SHSKUK",220086 - Administrata Qendrore e SHSKUK,11320 - Administrata Qendrore e SHSKUK,1012,220086-2444077,19314,02.2026-12.2028,Paisje ndihmëse për personin paraplegjik dhe tetraplegjik,GQ,,6496870.0,250000.0,0.0,250000.0,250000.0,250000.0,0.0,7246870.0,"GQ 6,496,870 250,000 0 250,000 250,000 250,000 0 7,246,870"
3.2,190,398,project,"220000 - Shërbimi Spitalor dhe Klinik Universitar i Kosoves, SHSKUK",220086 - Administrata Qendrore e SHSKUK,11320 - Administrata Qendrore e SHSKUK,0740,220086-2444080,19309,04.2026-12.2028,Blerja e automjeteve per njesi te SHSKUK,,,,,,,,,,,0740 220086-2444080 19309 04.2026-12.2028 Blerja e automjeteve per njesi te SHSKUK
3.2,190,412,source,"220000 - Shërbimi Spitalor dhe Klinik Universitar i Kosoves, SHSKUK",220086 - Administrata Qendrore e SHSKUK,11320 - Administrata Qendrore e SHSKUK,0740,220086-2444080,19309,04.2026-12.2028,Blerja e automjeteve per njesi te SHSKUK,GQ,,173452.0,400000.0,0.0,400000.0,400000.0,400000.0,0.0,1373452.0,"GQ 173,452 400,000 0 400,000 400,000 400,000 0 1,373,452"
3.2,190,426,subtotal,"220000 - Shërbimi Spitalor dhe Klinik Universitar i Kosoves, SHSKUK",220086 - Administrata Qendrore e SHSKUK,11320 - Administrata Qendrore e SHSKUK,,,,,Totali ( GQ ) - Administrata Qendrore e SHSKUK,GQ,,23135721.0,12083000.0,0.0,12083000.0,12083000.0,12633500.0,0.0,59935221.0,"Totali ( GQ ) - Administrata Qendrore e SHSKUK 23,135,721 12,083,000 0 12,083,000 12,083,000 12,633,500 0 59,935,221"
3.2,190,440,subtotal,"220000 - Shërbimi Spitalor dhe Klinik Universitar i Kosoves, SHSKUK",220086 - Administrata Qendrore e SHSKUK,11320 - Administrata Qendrore e SHSKUK,,,,,Totali - Administrata Qendrore e SHSKUK,,,23135721.0,12083000.0,0.0,12083000.0,12083000.0,12633500.0,0.0,59935221.0,"Totali - Administrata Qendrore e SHSKUK 23,135,721 12,083,000 0 12,083,000 12,083,000 12,633,500 0 59,935,221"
3.2,190,454,subtotal,"220000 - Shërbimi Spitalor dhe Klinik Universitar i Kosoves, SHSKUK",220086 - Administrata Qendrore e SHSKUK,11320 - Administrata Qendrore e SHSKUK,,,,,Totali ( GQ ) - Administrata Qendrore e SHSKUK,GQ,,23135721.0,12083000.0,0.0,12083000.0,12083000.0,12633500.0,0.0,59935221.0,"Totali ( GQ ) - Administrata Qendrore e SHSKUK 23,135,721 12,083,000 0 12,083,000 12,083,000 12,633,500 0 59,935,221"
3.2,190,468,subtotal,"220000 - Shërbimi Spitalor dhe Klinik Universitar i Kosoves, SHSKUK",220086 - Administrata Qendrore e SHSKUK,11320 - Administrata Qendrore e SHSKUK,,,,,Totali - Administrata Qendrore e SHSKUK,,,23135721.0,12083000.0,0.0,12083000.0,12083000.0,12633500.0,0.0,59935221.0,"Totali - Administrata Qendrore e SHSKUK 23,135,721 12,083,000 0 12,083,000 12,083,000 12,633,500 0 59,935,221"
3.2,190,482,subtotal,"220000 - Shërbimi Spitalor dhe Klinik Universitar i Kosoves, SHSKUK",220086 - Administrata Qendrore e SHSKUK,11320 - Administrata Qendrore e SHSKUK,,,,,"Totali ( GQ ) - Shërbimi Spitalor dhe Klinik Universitar i Kosoves, SHSKUK",GQ,,49246257.0,22449500.0,0.0,22449500.0,22449500.0,23000000.0,0.0,117145257.0,"Totali ( GQ ) - Shërbimi Spitalor dhe Klinik Universitar i Kosoves, SHSKUK 49,246,257 22,449,500 0 22,449,500 22,449,500 23,000,000 0 117,145,257"
3.2,190,497,subtotal,"220000 - Shërbimi Spitalor dhe Klinik Universitar i Kosoves, SHSKUK",220086 - Administrata Qendrore e SHSKUK,11320 - Administrata Qendrore e SHSKUK,,,,,"Totali - Shërbimi Spitalor dhe Klinik Universitar i Kosoves, SHSKUK",,,49246257.0,22449500.0,0.0,22449500.0,22449500.0,23000000.0,0.0,117145257.0,"Totali - Shërbimi Spitalor dhe Klinik Universitar i Kosoves, SHSKUK 49,246,257 22,449,500 0 22,449,500 22,449,500 23,000,000 0 117,145,257"
3.2,191,213,project,221000 - Ministria e Zhvillimit Rajonal,221010 - Administrata Qendrore,11321 - Administrata Qendrore,0474,221010-2037511,18782,01.2026-12.2028,Programi për Zhvillim Rajonal,,,,,,,,,,,0474 221010-2037511 18782 01.2026-12.2028 Programi për Zhvillim Rajonal
3.2,191,228,source,221000 - Ministria e Zhvillimit Rajonal,221010 - Administrata Qendrore,11321 - Administrata Qendrore,0474,221010-2037511,18782,01.2026-12.2028,Programi për Zhvillim Rajonal,GQ,,1871799.0,2000000.0,0.0,2000000.0,2000000.0,2000000.0,0.0,7871799.0,"GQ 1,871,799 2,000,000 0 2,000,000 2,000,000 2,000,000 0 7,871,799"
3.2,191,242,subtotal,221000 - Ministria e Zhvillimit Rajonal,221010 - Administrata Qendrore,11321 - Administrata Qendrore,,,,,Totali ( GQ ) - Administrata Qendrore,GQ,,1871799.0,2000000.0,0.0,2000000.0,2000000.0,2000000.0,0.0,7871799.0,"Totali ( GQ ) - Administrata Qendrore 1,871,799 2,000,000 0 2,000,000 2,000,000 2,000,000 0 7,871,799"
3.2,191,256,subtotal,221000 - Ministria e Zhvillimit Rajonal,221010 - Administrata Qendrore,11321 - Administrata Qendrore,,,,,Totali - Administrata Qendrore,,,1871799.0,2000000.0,0.0,2000000.0,2000000.0,2000000.0,0.0,7871799.0,"Totali - Administrata Qendrore 1,871,799 2,000,000 0 2,000,000 2,000,000 2,000,000 0 7,871,799"
3.2,191,270,subtotal,221000 - Ministria e Zhvillimit Rajonal,221010 - Administrata Qendrore,11321 - Administrata Qendrore,,,,,Totali ( GQ ) - Administrata Qendrore,GQ,,1871799.0,2000000.0,0.0,2000000.0,2000000.0,2000000.0,0.0,7871799.0,"Totali ( GQ ) - Administrata Qendrore 1,871,799 2,000,000 0 2,000,000 2,000,000 2,000,000 0 7,871,799"
3.2,191,284,subtotal,221000 - Ministria e Zhvillimit Rajonal,221010 - Administrata Qendrore,11321 - Administrata Qendrore,,,,,Totali - Administrata Qendrore,,,1871799.0,2000000.0,0.0,2000000.0,2000000.0,2000000.0,0.0,7871799.0,"Totali - Administrata Qendrore 1,871,799 2,000,000 0 2,000,000 2,000,000 2,000,000 0 7,871,799"
3.2,191,298,subtotal,221000 - Ministria e Zhvillimit Rajonal,221010 - Administrata Qendrore,11321 - Administrata Qendrore,,,,,Totali ( GQ ) - Ministria e Zhvillimit Rajonal,GQ,,1871799.0,2000000.0,0.0,2000000.0,2000000.0,2000000.0,0.0,7871799.0,"Totali ( GQ ) - Ministria e Zhvillimit Rajonal 1,871,799 2,000,000 0 2,000,000 2,000,000 2,000,000 0 7,871,799"
3.2,191,312,subtotal,221000 - Ministria e Zhvillimit Rajonal,221010 - Administrata Qendrore,11321 - Administrata Qendrore,,,,,Totali - Ministria e Zhvillimit Rajonal,,,1871799.0,2000000.0,0.0,2000000.0,2000000.0,2000000.0,0.0,7871799.0,"Totali - Ministria e Zhvillimit Rajonal 1,871,799 2,000,000 0 2,000,000 2,000,000 2,000,000 0 7,871,799"
3.2,191,383,project,230000 - Komisioni Rregullativ i Prokurimit Publik,230094 - Komisioni Rregullativ i Prokurimit Publik,14500 - Komisioni Rregullativ i Prokurimit Publik,0160,230094-1932981,18011,03.2019-12.2026,Avancimi i infrastruktures se Prokurimit Elektronik,,,,,,,,,,,0160 230094-1932981 18011 03.2019-12.2026 Avancimi i infrastruktures se Prokurimit Elektronik
3.2,191,398,source,230000 - Komisioni Rregullativ i Prokurimit Publik,230094 - Komisioni Rregullativ i Prokurimit Publik,14500 - Komisioni Rregullativ i Prokurimit Publik,0160,230094-1932981,18011,03.2019-12.2026,Avancimi i infrastruktures se Prokurimit Elektronik,GQ,,403647.0,100000.0,0.0,100000.0,100000.0,100000.0,0.0,703647.0,"GQ 403,647 100,000 0 100,000 100,000 100,000 0 703,647"
3.2,191,412,subtotal,230000 - Komisioni Rregullativ i Prokurimit Publik,230094 - Komisioni Rregullativ i Prokurimit Publik,14500 - Komisioni Rregullativ i Prokurimit Publik,,,,,Totali ( GQ ) - Komisioni Rregullativ i Prokurimit Publik,GQ,,403647.0,100000.0,0.0,100000.0,100000.0,100000.0,0.0,703647.0,"Totali ( GQ ) - Komisioni Rregullativ i Prokurimit Publik 403,647 100,000 0 100,000 100,000 100,000 0 703,647"
3.2,191,426,subtotal,230000 - Komisioni Rregullativ i Prokurimit Publik,230094 - Komisioni Rregullativ i Prokurimit Publik,14500 - Komisioni Rregullativ i Prokurimit Publik,,,,,Totali - Komisioni Rregullativ i Prokurimit Publik,,,403647.0,100000.0,0.0,100000.0,100000.0,100000.0,0.0,703647.0,"Totali - Komisioni Rregullativ i Prokurimit Publik 403,647 100,000 0 100,000 100,000 100,000 0 703,647"
3.2,191,440,subtotal,230000 - Komisioni Rregullativ i Prokurimit Publik,230094 - Komisioni Rregullativ i Prokurimit Publik,14500 - Komisioni Rregullativ i Prokurimit Publik,,,,,Totali ( GQ ) - Komisioni Rregullativ i Prokurimit Publik,GQ,,403647.0,100000.0,0.0,100000.0,100000.0,100000.0,0.0,703647.0,"Totali ( GQ ) - Komisioni Rregullativ i Prokurimit Publik 403,647 100,000 0 100,000 100,000 100,000 0 703,647"
3.2,191,454,subtotal,230000 - Komisioni Rregullativ i Prokurimit Publik,230094 - Komisioni Rregullativ i Prokurimit Publik,14500 - Komisioni Rregullativ i Prokurimit Publik,,,,,Totali - Komisioni Rregullativ i Prokurimit Publik,,,403647.0,100000.0,0.0,100000.0,100000.0,100000.0,0.0,703647.0,"Totali - Komisioni Rregullativ i Prokurimit Publik 403,647 100,000 0 100,000 100,000 100,000 0 703,647"
3.2,191,468,subtotal,230000 - Komisioni Rregullativ i Prokurimit Publik,230094 - Komisioni Rregullativ i Prokurimit Publik,14500 - Komisioni Rregullativ i Prokurimit Publik,,,,,Totali ( GQ ) - Komisioni Rregullativ i Prokurimit Publik,GQ,,403647.0,100000.0,0.0,100000.0,100000.0,100000.0,0.0,703647.0,"Totali ( GQ ) - Komisioni Rregullativ i Prokurimit Publik 403,647 100,000 0 100,000 100,000 100,000 0 703,647"
3.2,191,482,subtotal,230000 - Komisioni Rregullativ i Prokurimit Publik,230094 - Komisioni Rregullativ i Prokurimit Publik,14500 - Komisioni Rregullativ i Prokurimit Publik,,,,,Totali - Komisioni Rregullativ i Prokurimit Publik,,,403647.0,100000.0,0.0,100000.0,100000.0,100000.0,0.0,703647.0,"Totali - Komisioni Rregullativ i Prokurimit Publik 403,647 100,000 0 100,000 100,000 100,000 0 703,647"
3.2,192,228,project,232000 - Shpenzimet e Paparashikuara,232180 - Shpenzimet e Paparashikuara,13100 - Shpenzimet e Paparashikuara,0112,232180-1217070,13255,01.2009-12.2023,Shpenzimet e Paparashikueshme,,,,,,,,,,,0112 232180-1217070 13255 01.2009-12.2023 Shpenzimet e Paparashikueshme
3.2,192,242,source,232000 - Shpenzimet e Paparashikuara,232180 - Shpenzimet e Paparashikuara,13100 - Shpenzimet e Paparashikuara,0112,232180-1217070,13255,01.2009-12.2023,Shpenzimet e Paparashikueshme,GQ,,0.0,1930000.0,0.0,1930000.0,1930000.0,1930000.0,0.0,5790000.0,"GQ 0 1,930,000 0 1,930,000 1,930,000 1,930,000 0 5,790,000"
3.2,192,256,subtotal,232000 - Shpenzimet e Paparashikuara,232180 - Shpenzimet e Paparashikuara,13100 - Shpenzimet e Paparashikuara,,,,,Totali ( GQ ) - Shpenzimet e Paparashikuara,GQ,,0.0,1930000.0,0.0,1930000.0,1930000.0,1930000.0,0.0,5790000.0,"Totali ( GQ ) - Shpenzimet e Paparashikuara 0 1,930,000 0 1,930,000 1,930,000 1,930,000 0 5,790,000"
3.2,192,270,subtotal,232000 - Shpenzimet e Paparashikuara,232180 - Shpenzimet e Paparashikuara,13100 - Shpenzimet e Paparashikuara,,,,,Totali - Shpenzimet e Paparashikuara,,,0.0,1930000.0,0.0,1930000.0,1930000.0,1930000.0,0.0,5790000.0,"Totali - Shpenzimet e Paparashikuara 0 1,930,000 0 1,930,000 1,930,000 1,930,000 0 5,790,000"
3.2,192,284,subtotal,232000 - Shpenzimet e Paparashikuara,232180 - Shpenzimet e Paparashikuara,13100 - Shpenzimet e Paparashikuara,,,,,Totali ( GQ ) - Shpenzimet e Paparashikuara,GQ,,0.0,1930000.0,0.0,1930000.0,1930000.0,1930000.0,0.0,5790000.0,"Totali ( GQ ) - Shpenzimet e Paparashikuara 0 1,930,000 0 1,930,000 1,930,000 1,930,000 0 5,790,000"
3.2,192,298,subtotal,232000 - Shpenzimet e Paparashikuara,232180 - Shpenzimet e Paparashikuara,13100 - Shpenzimet e Paparashikuara,,,,,Totali - Shpenzimet e Paparashikuara,,,0.0,1930000.0,0.0,1930000.0,1930000.0,1930000.0,0.0,5790000.0,"Totali - Shpenzimet e Paparashikuara 0 1,930,000 0 1,930,000 1,930,000 1,930,000 0 5,790,000"
3.2,192,312,subtotal,232000 - Shpenzimet e Paparashikuara,232180 - Shpenzimet e Paparashikuara,13100 - Shpenzimet e Paparashikuara,,,,,Totali ( GQ ) - Shpenzimet e Paparashikuara,GQ,,0.0,1930000.0,0.0,1930000.0,1930000.0,1930000.0,0.0,5790000.0,"Totali ( GQ ) - Shpenzimet e Paparashikuara 0 1,930,000 0 1,930,000 1,930,000 1,930,000 0 5,790,000"
3.2,192,327,subtotal,232000 - Shpenzimet e Paparashikuara,232180 - Shpenzimet e Paparashikuara,13100 - Shpenzimet e Paparashikuara,,,,,Totali - Shpenzimet e Paparashikuara,,,0.0,1930000.0,0.0,1930000.0,1930000.0,1930000.0,0.0,5790000.0,"Totali - Shpenzimet e Paparashikuara 0 1,930,000 0 1,930,000 1,930,000 1,930,000 0 5,790,000"
3.2,192,383,project,235000 - Autoriteti Rregullativ i Komunikimeve Elektronike dhe Postare,235260 - Autoriteti Rregullativ i Komunikimeve Elektronike dhe Postare,11323 - Autoriteti Rregullativ i Komunikimeve Elektronike dhe Postare,0460,235260-119806,12358,02.2025-11.2028,"Qendra nacionale per monitorimit te spektrit,fikse,mobile",,,,,,,,,,,"0460 235260-119806 12358 02.2025-11.2028 Qendra nacionale per monitorimit te spektrit,fikse,mobile"
3.2,192,398,source,235000 - Autoriteti Rregullativ i Komunikimeve Elektronike dhe Postare,235260 - Autoriteti Rregullativ i Komunikimeve Elektronike dhe Postare,11323 - Autoriteti Rregullativ i Komunikimeve Elektronike dhe Postare,0460,235260-119806,12358,02.2025-11.2028,"Qendra nacionale per monitorimit te spektrit,fikse,mobile",GQ,,0.0,150000.0,0.0,150000.0,50000.0,50000.0,0.0,250000.0,"GQ 0 150,000 0 150,000 50,000 50,000 0 250,000"
3.2,192,412,project,235000 - Autoriteti Rregullativ i Komunikimeve Elektronike dhe Postare,235260 - Autoriteti Rregullativ i Komunikimeve Elektronike dhe Postare,11323 - Autoriteti Rregullativ i Komunikimeve Elektronike dhe Postare,0460,235260-1933083,18072,02.2023-12.2028,FURNIZIMI ME PAJISJE PËR REALIZIMIN E OBJEKTIVAVE TË KOSIX,,,,,,,,,,,0460 235260-1933083 18072 02.2023-12.2028 FURNIZIMI ME PAJISJE PËR REALIZIMIN E OBJEKTIVAVE TË KOSIX
3.2,192,426,source,235000 - Autoriteti Rregullativ i Komunikimeve Elektronike dhe Postare,235260 - Autoriteti Rregullativ i Komunikimeve Elektronike dhe Postare,11323 - Autoriteti Rregullativ i Komunikimeve Elektronike dhe Postare,0460,235260-1933083,18072,02.2023-12.2028,FURNIZIMI ME PAJISJE PËR REALIZIMIN E OBJEKTIVAVE TË KOSIX,GQ,,191837.0,120000.0,0.0,120000.0,60000.0,50000.0,0.0,421837.0,"GQ 191,837 120,000 0 120,000 60,000 50,000 0 421,837"
3.2,192,440,project,235000 - Autoriteti Rregullativ i Komunikimeve Elektronike dhe Postare,235260 - Autoriteti Rregullativ i Komunikimeve Elektronike dhe Postare,11323 - Autoriteti Rregullativ i Komunikimeve Elektronike dhe Postare,0460,235260-1933189,18152,02.2025-12.2027,Avancimi (upgrade) i Sistemit për Monitorimin e Kualitetit të Shërbimeve të Komunikimeve Elektronike (Blerja e pajisjeve shtesë dhe upgrade softuerike për monitorimin e shërbimeve me zë,,,,,,,,,,,0460 235260-1933189 18152 02.2025-12.2027 Avancimi (upgrade) i Sistemit për Monitorimin e Kualitetit të Shërbimeve të Komunikimeve Elektronike (Blerja e pajisjeve shtesë dhe upgrade softuerike për monitorimin e shërbimeve me zë
3.2,192,454,source,235000 - Autoriteti Rregullativ i Komunikimeve Elektronike dhe Postare,235260 - Autoriteti Rregullativ i Komunikimeve Elektronike dhe Postare,11323 - Autoriteti Rregullativ i Komunikimeve Elektronike dhe Postare,0460,235260-1933189,18152,02.2025-12.2027,Avancimi (upgrade) i Sistemit për Monitorimin e Kualitetit të Shërbimeve të Komunikimeve Elektronike (Blerja e pajisjeve shtesë dhe upgrade softuerike për monitorimin e shërbimeve me zë,GQ,,138726.0,40000.0,0.0,40000.0,90000.0,0.0,0.0,268726.0,"GQ 138,726 40,000 0 40,000 90,000 0 0 268,726"
3.2,192,469,project,235000 - Autoriteti Rregullativ i Komunikimeve Elektronike dhe Postare,235260 - Autoriteti Rregullativ i Komunikimeve Elektronike dhe Postare,11323 - Autoriteti Rregullativ i Komunikimeve Elektronike dhe Postare,0460,235260-2035782,18625,03.2026-12.2028,Ndertimi i Objektit per Nevojat e ARKEP,,,,,,,,,,,0460 235260-2035782 18625 03.2026-12.2028 Ndertimi i Objektit per Nevojat e ARKEP
3.2,192,483,source,235000 - Autoriteti Rregullativ i Komunikimeve Elektronike dhe Postare,235260 - Autoriteti Rregullativ i Komunikimeve Elektronike dhe Postare,11323 - Autoriteti Rregullativ i Komunikimeve Elektronike dhe Postare,0460,235260-2035782,18625,03.2026-12.2028,Ndertimi i Objektit per Nevojat e ARKEP,GQ,,0.0,290000.0,0.0,290000.0,400000.0,500000.0,0.0,1190000.0,"GQ 0 290,000 0 290,000 400,000 500,000 0 1,190,000"
3.2,192,497,subtotal,235000 - Autoriteti Rregullativ i Komunikimeve Elektronike dhe Postare,235260 - Autoriteti Rregullativ i Komunikimeve Elektronike dhe Postare,11323 - Autoriteti Rregullativ i Komunikimeve Elektronike dhe Postare,,,,,Totali ( GQ ) - Autoriteti Rregullativ i Komunikimeve Elektronike dhe Postare,GQ,,330563.0,600000.0,0.0,600000.0,600000.0,600000.0,0.0,2130563.0,"Totali ( GQ ) - Autoriteti Rregullativ i Komunikimeve Elektronike dhe Postare 330,563 600,000 0 600,000 600,000 600,000 0 2,130,563"
3.2,192,511,subtotal,235000 - Autoriteti Rregullativ i Komunikimeve Elektronike dhe Postare,235260 - Autoriteti Rregullativ i Komunikimeve Elektronike dhe Postare,11323 - Autoriteti Rregullativ i Komunikimeve Elektronike dhe Postare,,,,,Totali - Autoriteti Rregullativ i Komunikimeve Elektronike dhe Postare,,,330563.0,600000.0,0.0,600000.0,600000.0,600000.0,0.0,2130563.0,"Totali - Autoriteti Rregullativ i Komunikimeve Elektronike dhe Postare 330,563 600,000 0 600,000 600,000 600,000 0 2,130,563"
3.2,193,171,subtotal,235000 - Autoriteti Rregullativ i Komunikimeve Elektronike dhe Postare,235260 - Autoriteti Rregullativ i Komunikimeve Elektronike dhe Postare,11323 - Autoriteti Rregullativ i Komunikimeve Elektronike dhe Postare,,,,,Totali ( GQ ) - Autoriteti Rregullativ i Komunikimeve Elektronike dhe Postare,GQ,,330563.0,600000.0,0.0,600000.0,600000.0,600000.0,0.0,2130563.0,"Totali ( GQ ) - Autoriteti Rregullativ i Komunikimeve Elektronike dhe Postare 330,563 600,000 0 600,000 600,000 600,000 0 2,130,563"
3.2,193,185,subtotal,235000 - Autoriteti Rregullativ i Komunikimeve Elektronike dhe Postare,235260 - Autoriteti Rregullativ i Komunikimeve Elektronike dhe Postare,11323 - Autoriteti Rregullativ i Komunikimeve Elektronike dhe Postare,,,,,Totali - Autoriteti Rregullativ i Komunikimeve Elektronike dhe Postare,,,330563.0,600000.0,0.0,600000.0,600000.0,600000.0,0.0,2130563.0,"Totali - Autoriteti Rregullativ i Komunikimeve Elektronike dhe Postare 330,563 600,000 0 600,000 600,000 600,000 0 2,130,563"
3.2,193,199,subtotal,235000 - Autoriteti Rregullativ i Komunikimeve Elektronike dhe Postare,235260 - Autoriteti Rregullativ i Komunikimeve Elektronike dhe Postare,11323 - Autoriteti Rregullativ i Komunikimeve Elektronike dhe Postare,,,,,Totali ( GQ ) - Autoriteti Rregullativ i Komunikimeve Elektronike dhe Postare,GQ,,330563.0,600000.0,0.0,600000.0,600000.0,600000.0,0.0,2130563.0,"Totali ( GQ ) - Autoriteti Rregullativ i Komunikimeve Elektronike dhe Postare 330,563 600,000 0 600,000 600,000 600,000 0 2,130,563"
3.2,193,213,subtotal,235000 - Autoriteti Rregullativ i Komunikimeve Elektronike dhe Postare,235260 - Autoriteti Rregullativ i Komunikimeve Elektronike dhe Postare,11323 - Autoriteti Rregullativ i Komunikimeve Elektronike dhe Postare,,,,,Totali - Autoriteti Rregullativ i Komunikimeve Elektronike dhe Postare,,,330563.0,600000.0,0.0,600000.0,600000.0,600000.0,0.0,2130563.0,"Totali - Autoriteti Rregullativ i Komunikimeve Elektronike dhe Postare 330,563 600,000 0 600,000 600,000 600,000 0 2,130,563"
3.2,193,284,project,238000 - Zyra e Rregullatorit për Energji,238285 - Zyra e Rregullatorit për Energji,42500 - Zyra e Rregullatorit pë r Energji,0435,238285-2545883,19544,03.2025-10.2025,"Pajisje të Teknologjisë Informative - Harduer (Mure Mbrojte, Paisje për ruajtje dhe siguri te të dhënave)",,,,,,,,,,,"0435 238285-2545883 19544 03.2025-10.2025 Pajisje të Teknologjisë Informative - Harduer (Mure Mbrojte, Paisje për ruajtje dhe siguri te të dhënave)"
3.2,193,298,source,238000 - Zyra e Rregullatorit për Energji,238285 - Zyra e Rregullatorit për Energji,42500 - Zyra e Rregullatorit pë r Energji,0435,238285-2545883,19544,03.2025-10.2025,"Pajisje të Teknologjisë Informative - Harduer (Mure Mbrojte, Paisje për ruajtje dhe siguri te të dhënave)",GQ,,41478.0,40000.0,0.0,40000.0,80800.0,80800.0,0.0,243078.0,"GQ 41,478 40,000 0 40,000 80,800 80,800 0 243,078"
3.2,193,313,project,238000 - Zyra e Rregullatorit për Energji,238285 - Zyra e Rregullatorit për Energji,42500 - Zyra e Rregullatorit pë r Energji,0451,238285-2647634,20649,02.2026-11.2026,Blerja e një veture zyrtare,,,,,,,,,,,0451 238285-2647634 20649 02.2026-11.2026 Blerja e një veture zyrtare
3.2,193,327,source,238000 - Zyra e Rregullatorit për Energji,238285 - Zyra e Rregullatorit për Energji,42500 - Zyra e Rregullatorit pë r Energji,0451,238285-2647634,20649,02.2026-11.2026,Blerja e një veture zyrtare,GQ,,0.0,0.0,40800.0,40800.0,0.0,0.0,0.0,40800.0,"GQ 0 0 40,800 40,800 0 0 0 40,800"
3.2,193,341,subtotal,238000 - Zyra e Rregullatorit për Energji,238285 - Zyra e Rregullatorit për Energji,42500 - Zyra e Rregullatorit pë r Energji,,,,,Totali ( GQ ) - Zyra e Rregullatorit pë r Energji,GQ,,41478.0,40000.0,40800.0,80800.0,80800.0,80800.0,0.0,283878.0,"Totali ( GQ ) - Zyra e Rregullatorit pë r Energji 41,478 40,000 40,800 80,800 80,800 80,800 0 283,878"
3.2,193,355,subtotal,238000 - Zyra e Rregullatorit për Energji,238285 - Zyra e Rregullatorit për Energji,42500 - Zyra e Rregullatorit pë r Energji,,,,,Totali - Zyra e Rregullatorit për Energji,,,41478.0,40000.0,40800.0,80800.0,80800.0,80800.0,0.0,283878.0,"Totali - Zyra e Rregullatorit për Energji 41,478 40,000 40,800 80,800 80,800 80,800 0 283,878"
3.2,193,369,subtotal,238000 - Zyra e Rregullatorit për Energji,238285 - Zyra e Rregullatorit për Energji,42500 - Zyra e Rregullatorit pë r Energji,,,,,Totali ( GQ ) - Zyra e Rregullatorit për Energji,GQ,,41478.0,40000.0,40800.0,80800.0,80800.0,80800.0,0.0,283878.0,"Totali ( GQ ) - Zyra e Rregullatorit për Energji 41,478 40,000 40,800 80,800 80,800 80,800 0 283,878"
3.2,193,383,subtotal,238000 - Zyra e Rregullatorit për Energji,238285 - Zyra e Rregullatorit për Energji,42500 - Zyra e Rregullatorit pë r Energji,,,,,Totali - Zyra e Rregullatorit për Energji,,,41478.0,40000.0,40800.0,80800.0,80800.0,80800.0,0.0,283878.0,"Totali - Zyra e Rregullatorit për Energji 41,478 40,000 40,800 80,800 80,800 80,800 0 283,878"
3.2,193,397,subtotal,238000 - Zyra e Rregullatorit për Energji,238285 - Zyra e Rregullatorit për Energji,42500 - Zyra e Rregullatorit pë r Energji,,,,,Totali ( GQ ) - Zyra e Rregullatorit për Energji,GQ,,41478.0,40000.0,40800.0,80800.0,80800.0,80800.0,0.0,283878.0,"Totali ( GQ ) - Zyra e Rregullatorit për Energji 41,478 40,000 40,800 80,800 80,800 80,800 0 283,878"
3.2,193,412,subtotal,238000 - Zyra e Rregullatorit për Energji,238285 - Zyra e Rregullatorit për Energji,42500 - Zyra e Rregullatorit pë r Energji,,,,,Totali - Zyra e Rregullatorit për Energji,,,41478.0,40000.0,40800.0,80800.0,80800.0,80800.0,0.0,283878.0,"Totali - Zyra e Rregullatorit për Energji 41,478 40,000 40,800 80,800 80,800 80,800 0 283,878"
3.2,193,469,project,239000 - Agjencia Kosovare e Privatizimit,239278 - Administrata Qëndrore,22900 - Administrata Që ndrore,0133,239278-2239589,18941,03.2022-12.2028,Blerja e pajisjeve te TI-se per ngritjen e cilesise te sherbimeve,,,,,,,,,,,0133 239278-2239589 18941 03.2022-12.2028 Blerja e pajisjeve te TI-se per ngritjen e cilesise te sherbimeve
3.2,193,483,source,239000 - Agjencia Kosovare e Privatizimit,239278 - Administrata Qëndrore,22900 - Administrata Që ndrore,0133,239278-2239589,18941,03.2022-12.2028,Blerja e pajisjeve te TI-se per ngritjen e cilesise te sherbimeve,GQ,,82683.0,30000.0,0.0,30000.0,20000.0,20000.0,0.0,152683.0,"GQ 82,683 30,000 0 30,000 20,000 20,000 0 152,683"
3.2,193,497,subtotal,239000 - Agjencia Kosovare e Privatizimit,239278 - Administrata Qëndrore,22900 - Administrata Që ndrore,,,,,Totali ( GQ ) - Administrata Që ndrore,GQ,,82683.0,30000.0,0.0,30000.0,20000.0,20000.0,0.0,152683.0,"Totali ( GQ ) - Administrata Që ndrore 82,683 30,000 0 30,000 20,000 20,000 0 152,683"
3.2,193,511,subtotal,239000 - Agjencia Kosovare e Privatizimit,239278 - Administrata Qëndrore,22900 - Administrata Që ndrore,,,,,Totali - Administrata Qëndrore,,,82683.0,30000.0,0.0,30000.0,20000.0,20000.0,0.0,152683.0,"Totali - Administrata Qëndrore 82,683 30,000 0 30,000 20,000 20,000 0 152,683"
3.2,194,171,subtotal,239000 - Agjencia Kosovare e Privatizimit,239278 - Administrata Qëndrore,22900 - Administrata Që ndrore,,,,,Totali ( GQ ) - Administrata Qëndrore,GQ,,82683.0,30000.0,0.0,30000.0,20000.0,20000.0,0.0,152683.0,"Totali ( GQ ) - Administrata Qëndrore 82,683 30,000 0 30,000 20,000 20,000 0 152,683"
3.2,194,185,subtotal,239000 - Agjencia Kosovare e Privatizimit,239278 - Administrata Qëndrore,22900 - Administrata Që ndrore,,,,,Totali - Administrata Qëndrore,,,82683.0,30000.0,0.0,30000.0,20000.0,20000.0,0.0,152683.0,"Totali - Administrata Qëndrore 82,683 30,000 0 30,000 20,000 20,000 0 152,683"
3.2,194,199,subtotal,239000 - Agjencia Kosovare e Privatizimit,239278 - Administrata Qëndrore,22900 - Administrata Që ndrore,,,,,Totali ( GQ ) - Agjencia Kosovare e Privatizimit,GQ,,82683.0,30000.0,0.0,30000.0,20000.0,20000.0,0.0,152683.0,"Totali ( GQ ) - Agjencia Kosovare e Privatizimit 82,683 30,000 0 30,000 20,000 20,000 0 152,683"
3.2,194,213,subtotal,239000 - Agjencia Kosovare e Privatizimit,239278 - Administrata Qëndrore,22900 - Administrata Që ndrore,,,,,Totali - Agjencia Kosovare e Privatizimit,,,82683.0,30000.0,0.0,30000.0,20000.0,20000.0,0.0,152683.0,"Totali - Agjencia Kosovare e Privatizimit 82,683 30,000 0 30,000 20,000 20,000 0 152,683"
3.2,194,284,project,242000 - Universiteti i Prishtinës,242112 - Universiteti i Prishtinës,90400 - Universiteti i Prishtinë s,0941,242112-106464,12294,06.2010-12.2028,Mjete konkretizimi per Universitetin e Prishtines,,,,,,,,,,,0941 242112-106464 12294 06.2010-12.2028 Mjete konkretizimi per Universitetin e Prishtines
3.2,194,298,source,242000 - Universiteti i Prishtinës,242112 - Universiteti i Prishtinës,90400 - Universiteti i Prishtinë s,0941,242112-106464,12294,06.2010-12.2028,Mjete konkretizimi per Universitetin e Prishtines,GQ,,7272136.0,800000.0,0.0,800000.0,500000.0,600000.0,0.0,9172136.0,"GQ 7,272,136 800,000 0 800,000 500,000 600,000 0 9,172,136"
3.2,194,313,project,242000 - Universiteti i Prishtinës,242112 - Universiteti i Prishtinës,90400 - Universiteti i Prishtinë s,0941,242112-106465,12295,06.2010-10.2028,Laboratori per Universitetin e Prishtines,,,,,,,,,,,0941 242112-106465 12295 06.2010-10.2028 Laboratori per Universitetin e Prishtines
3.2,194,327,source,242000 - Universiteti i Prishtinës,242112 - Universiteti i Prishtinës,90400 - Universiteti i Prishtinë s,0941,242112-106465,12295,06.2010-10.2028,Laboratori per Universitetin e Prishtines,GQ,,6893153.0,900000.0,0.0,900000.0,500000.0,600000.0,0.0,8893153.0,"GQ 6,893,153 900,000 0 900,000 500,000 600,000 0 8,893,153"
3.2,194,341,project,242000 - Universiteti i Prishtinës,242112 - Universiteti i Prishtinës,90400 - Universiteti i Prishtinë s,0941,242112-1626038,14640,01.2016-12.2028,Renovimi i Objekteve Universitare,,,,,,,,,,,0941 242112-1626038 14640 01.2016-12.2028 Renovimi i Objekteve Universitare
3.2,194,355,source,242000 - Universiteti i Prishtinës,242112 - Universiteti i Prishtinës,90400 - Universiteti i Prishtinë s,0941,242112-1626038,14640,01.2016-12.2028,Renovimi i Objekteve Universitare,GQ,,4512821.0,850000.0,0.0,850000.0,850000.0,500000.0,0.0,6712821.0,"GQ 4,512,821 850,000 0 850,000 850,000 500,000 0 6,712,821"
3.2,194,369,project,242000 - Universiteti i Prishtinës,242112 - Universiteti i Prishtinës,90400 - Universiteti i Prishtinë s,0941,242112-1730393,15360,10.2025-11.2028,Ndertimi i Objektit te Fakultetit Ekonomik dhe Juridik,,,,,,,,,,,0941 242112-1730393 15360 10.2025-11.2028 Ndertimi i Objektit te Fakultetit Ekonomik dhe Juridik
3.2,194,383,source,242000 - Universiteti i Prishtinës,242112 - Universiteti i Prishtinës,90400 - Universiteti i Prishtinë s,0941,242112-1730393,15360,10.2025-11.2028,Ndertimi i Objektit te Fakultetit Ekonomik dhe Juridik,GQ,,0.0,2000000.0,0.0,2000000.0,2100000.0,1800000.0,0.0,5900000.0,"GQ 0 2,000,000 0 2,000,000 2,100,000 1,800,000 0 5,900,000"
3.2,194,398,project,242000 - Universiteti i Prishtinës,242112 - Universiteti i Prishtinës,90400 - Universiteti i Prishtinë s,0711,242112-1933212,18171,05.2025-05.2028,Ndertimi i objektit per Farmaci,,,,,,,,,,,0711 242112-1933212 18171 05.2025-05.2028 Ndertimi i objektit per Farmaci
3.2,194,412,source,242000 - Universiteti i Prishtinës,242112 - Universiteti i Prishtinës,90400 - Universiteti i Prishtinë s,0711,242112-1933212,18171,05.2025-05.2028,Ndertimi i objektit per Farmaci,GQ,,0.0,250000.0,0.0,250000.0,250000.0,200000.0,0.0,700000.0,"GQ 0 250,000 0 250,000 250,000 200,000 0 700,000"
3.2,194,426,project,242000 - Universiteti i Prishtinës,242112 - Universiteti i Prishtinës,90400 - Universiteti i Prishtinë s,0941,242112-2444067,19311,02.2024-12.2027,Zgjerim dhe ndertimi i Objetktit te Artitiktures,,,,,,,,,,,0941 242112-2444067 19311 02.2024-12.2027 Zgjerim dhe ndertimi i Objetktit te Artitiktures
3.2,194,440,source,242000 - Universiteti i Prishtinës,242112 - Universiteti i Prishtinës,90400 - Universiteti i Prishtinë s,0941,242112-2444067,19311,02.2024-12.2027,Zgjerim dhe ndertimi i Objetktit te Artitiktures,GQ,,98122.0,200000.0,0.0,200000.0,200000.0,100000.0,0.0,598122.0,"GQ 98,122 200,000 0 200,000 200,000 100,000 0 598,122"
3.2,194,454,project,242000 - Universiteti i Prishtinës,242112 - Universiteti i Prishtinës,90400 - Universiteti i Prishtinë s,0941,242112-2547241,19645,01.2025-10.2027,Fakulteti i Arteve,,,,,,,,,,,0941 242112-2547241 19645 01.2025-10.2027 Fakulteti i Arteve
3.2,194,469,source,242000 - Universiteti i Prishtinës,242112 - Universiteti i Prishtinës,90400 - Universiteti i Prishtinë s,0941,242112-2547241,19645,01.2025-10.2027,Fakulteti i Arteve,GQ,,0.0,400000.0,0.0,400000.0,1000000.0,1600000.0,0.0,3000000.0,"GQ 0 400,000 0 400,000 1,000,000 1,600,000 0 3,000,000"
3.2,194,482,subtotal,242000 - Universiteti i Prishtinës,242112 - Universiteti i Prishtinës,90400 - Universiteti i Prishtinë s,,,,,Totali ( GQ ) - Universiteti i Prishtinë s,GQ,,18776232.0,5400000.0,0.0,5400000.0,5400000.0,5400000.0,0.0,34976232.0,"Totali ( GQ ) - Universiteti i Prishtinë s 18,776,232 5,400,000 0 5,400,000 5,400,000 5,400,000 0 34,976,232"
3.2,194,497,subtotal,242000 - Universiteti i Prishtinës,242112 - Universiteti i Prishtinës,90400 - Universiteti i Prishtinë s,,,,,Totali - Universiteti i Prishtinës,,,18776232.0,5400000.0,0.0,5400000.0,5400000.0,5400000.0,0.0,34976232.0,"Totali - Universiteti i Prishtinës 18,776,232 5,400,000 0 5,400,000 5,400,000 5,400,000 0 34,976,232"
3.2,194,511,subtotal,242000 - Universiteti i Prishtinës,242112 - Universiteti i Prishtinës,90400 - Universiteti i Prishtinë s,,,,,Totali ( GQ ) - Universiteti i Prishtinës,GQ,,18776232.0,5400000.0,0.0,5400000.0,5400000.0,5400000.0,0.0,34976232.0,"Totali ( GQ ) - Universiteti i Prishtinës 18,776,232 5,400,000 0 5,400,000 5,400,000 5,400,000 0 34,976,232"
3.2,195,171,subtotal,242000 - Universiteti i Prishtinës,242112 - Universiteti i Prishtinës,90400 - Universiteti i Prishtinë s,,,,,Totali - Universiteti i Prishtinës,,,18776232.0,5400000.0,0.0,5400000.0,5400000.0,5400000.0,0.0,34976232.0,"Totali - Universiteti i Prishtinës 18,776,232 5,400,000 0 5,400,000 5,400,000 5,400,000 0 34,976,232"
3.2,195,185,subtotal,242000 - Universiteti i Prishtinës,242112 - Universiteti i Prishtinës,90400 - Universiteti i Prishtinë s,,,,,Totali ( GQ ) - Universiteti i Prishtinës,GQ,,18776232.0,5400000.0,0.0,5400000.0,5400000.0,5400000.0,0.0,34976232.0,"Totali ( GQ ) - Universiteti i Prishtinës 18,776,232 5,400,000 0 5,400,000 5,400,000 5,400,000 0 34,976,232"
3.2,195,199,subtotal,242000 - Universiteti i Prishtinës,242112 - Universiteti i Prishtinës,90400 - Universiteti i Prishtinë s,,,,,Totali - Universiteti i Prishtinës,,,18776232.0,5400000.0,0.0,5400000.0,5400000.0,5400000.0,0.0,34976232.0,"Totali - Universiteti i Prishtinës 18,776,232 5,400,000 0 5,400,000 5,400,000 5,400,000 0 34,976,232"
3.2,195,256,project,243000 - Gjykata Kushtetuese e Kosovës,243115 - Gjykata Kushtetuese e Kosovës,23800 - Gjykata Kushtetuese e Kosovë s,0330,243115-095419,11136,03.2023-07.2027,Makina-Vetura,,,,,,,,,,,0330 243115-095419 11136 03.2023-07.2027 Makina-Vetura
3.2,195,270,source,243000 - Gjykata Kushtetuese e Kosovës,243115 - Gjykata Kushtetuese e Kosovës,23800 - Gjykata Kushtetuese e Kosovë s,0330,243115-095419,11136,03.2023-07.2027,Makina-Vetura,GQ,,454190.0,35000.0,0.0,35000.0,0.0,45000.0,0.0,534190.0,"GQ 454,190 35,000 0 35,000 0 45,000 0 534,190"
3.2,195,284,project,243000 - Gjykata Kushtetuese e Kosovës,243115 - Gjykata Kushtetuese e Kosovës,23800 - Gjykata Kushtetuese e Kosovë s,0330,243115-095420,11135,01.2023-10.2027,Softuer,,,,,,,,,,,0330 243115-095420 11135 01.2023-10.2027 Softuer
3.2,195,298,source,243000 - Gjykata Kushtetuese e Kosovës,243115 - Gjykata Kushtetuese e Kosovës,23800 - Gjykata Kushtetuese e Kosovë s,0330,243115-095420,11135,01.2023-10.2027,Softuer,GQ,,115756.0,10000.0,0.0,10000.0,5000.0,15000.0,0.0,145756.0,"GQ 115,756 10,000 0 10,000 5,000 15,000 0 145,756"
3.2,195,313,project,243000 - Gjykata Kushtetuese e Kosovës,243115 - Gjykata Kushtetuese e Kosovës,23800 - Gjykata Kushtetuese e Kosovë s,0330,243115-095422,11132,03.2027-10.2028,Paisje te TI-ve,,,,,,,,,,,0330 243115-095422 11132 03.2027-10.2028 Paisje te TI-ve
3.2,195,327,source,243000 - Gjykata Kushtetuese e Kosovës,243115 - Gjykata Kushtetuese e Kosovës,23800 - Gjykata Kushtetuese e Kosovë s,0330,243115-095422,11132,03.2027-10.2028,Paisje te TI-ve,GQ,,302728.0,0.0,0.0,0.0,35000.0,25000.0,0.0,362728.0,"GQ 302,728 0 0 0 35,000 25,000 0 362,728"
3.2,195,341,project,243000 - Gjykata Kushtetuese e Kosovës,243115 - Gjykata Kushtetuese e Kosovës,23800 - Gjykata Kushtetuese e Kosovë s,0330,243115-1830612,15556,01.2023-12.2027,Renovimi i objektit të GKKK,,,,,,,,,,,0330 243115-1830612 15556 01.2023-12.2027 Renovimi i objektit të GKKK
3.2,195,355,source,243000 - Gjykata Kushtetuese e Kosovës,243115 - Gjykata Kushtetuese e Kosovës,23800 - Gjykata Kushtetuese e Kosovë s,0330,243115-1830612,15556,01.2023-12.2027,Renovimi i objektit të GKKK,GQ,,471613.0,20000.0,0.0,20000.0,0.0,20000.0,0.0,511613.0,"GQ 471,613 20,000 0 20,000 0 20,000 0 511,613"
3.2,195,369,project,243000 - Gjykata Kushtetuese e Kosovës,243115 - Gjykata Kushtetuese e Kosovës,23800 - Gjykata Kushtetuese e Kosovë s,0133,243115-2547245,19647,03.2025-09.2027,Blerja e Kontenjëreve,,,,,,,,,,,0133 243115-2547245 19647 03.2025-09.2027 Blerja e Kontenjëreve
3.2,195,383,source,243000 - Gjykata Kushtetuese e Kosovës,243115 - Gjykata Kushtetuese e Kosovës,23800 - Gjykata Kushtetuese e Kosovë s,0133,243115-2547245,19647,03.2025-09.2027,Blerja e Kontenjëreve,GQ,,0.0,0.0,30000.0,30000.0,0.0,0.0,0.0,30000.0,"GQ 0 0 30,000 30,000 0 0 0 30,000"
3.2,195,398,project,243000 - Gjykata Kushtetuese e Kosovës,243115 - Gjykata Kushtetuese e Kosovës,23800 - Gjykata Kushtetuese e Kosovë s,0133,243115-2647551,20628,03.2026-12.2028,Rregullimi i oborrit të Gjyktës Kushtetuese,,,,,,,,,,,0133 243115-2647551 20628 03.2026-12.2028 Rregullimi i oborrit të Gjyktës Kushtetuese
3.2,195,412,source,243000 - Gjykata Kushtetuese e Kosovës,243115 - Gjykata Kushtetuese e Kosovës,23800 - Gjykata Kushtetuese e Kosovë s,0133,243115-2647551,20628,03.2026-12.2028,Rregullimi i oborrit të Gjyktës Kushtetuese,GQ,,0.0,0.0,0.0,0.0,15000.0,0.0,0.0,15000.0,"GQ 0 0 0 0 15,000 0 0 15,000"
3.2,195,426,project,243000 - Gjykata Kushtetuese e Kosovës,243115 - Gjykata Kushtetuese e Kosovës,23800 - Gjykata Kushtetuese e Kosovë s,0133,243115-2647552,20629,03.2026-12.2028,Blerja dhe vendosja e paneleve Solare,,,,,,,,,,,0133 243115-2647552 20629 03.2026-12.2028 Blerja dhe vendosja e paneleve Solare
3.2,195,440,source,243000 - Gjykata Kushtetuese e Kosovës,243115 - Gjykata Kushtetuese e Kosovës,23800 - Gjykata Kushtetuese e Kosovë s,0133,243115-2647552,20629,03.2026-12.2028,Blerja dhe vendosja e paneleve Solare,GQ,,0.0,0.0,0.0,0.0,50000.0,0.0,0.0,50000.0,"GQ 0 0 0 0 50,000 0 0 50,000"
3.2,195,454,project,243000 - Gjykata Kushtetuese e Kosovës,243115 - Gjykata Kushtetuese e Kosovës,23800 - Gjykata Kushtetuese e Kosovë s,0131,243115-2647553,20630,03.2026-12.2028,Zhvillimi dhe dizajnimi i web faqes zyrtare dhe sistemi i menaxhimit te rasteve,,,,,,,,,,,0131 243115-2647553 20630 03.2026-12.2028 Zhvillimi dhe dizajnimi i web faqes zyrtare dhe sistemi i menaxhimit te rasteve
3.2,195,469,source,243000 - Gjykata Kushtetuese e Kosovës,243115 - Gjykata Kushtetuese e Kosovës,23800 - Gjykata Kushtetuese e Kosovë s,0131,243115-2647553,20630,03.2026-12.2028,Zhvillimi dhe dizajnimi i web faqes zyrtare dhe sistemi i menaxhimit te rasteve,GQ,,0.0,0.0,15000.0,15000.0,5000.0,5000.0,0.0,25000.0,"GQ 0 0 15,000 15,000 5,000 5,000 0 25,000"
3.2,195,482,subtotal,243000 - Gjykata Kushtetuese e Kosovës,243115 - Gjykata Kushtetuese e Kosovës,23800 - Gjykata Kushtetuese e Kosovë s,,,,,Totali ( GQ ) - Gjykata Kushtetuese e Kosovë s,GQ,,1344287.0,65000.0,45000.0,110000.0,110000.0,110000.0,0.0,1674287.0,"Totali ( GQ ) - Gjykata Kushtetuese e Kosovë s 1,344,287 65,000 45,000 110,000 110,000 110,000 0 1,674,287"
3.2,195,497,subtotal,243000 - Gjykata Kushtetuese e Kosovës,243115 - Gjykata Kushtetuese e Kosovës,23800 - Gjykata Kushtetuese e Kosovë s,,,,,Totali - Gjykata Kushtetuese e Kosovës,,,1344287.0,65000.0,45000.0,110000.0,110000.0,110000.0,0.0,1674287.0,"Totali - Gjykata Kushtetuese e Kosovës 1,344,287 65,000 45,000 110,000 110,000 110,000 0 1,674,287"
3.2,195,511,subtotal,243000 - Gjykata Kushtetuese e Kosovës,243115 - Gjykata Kushtetuese e Kosovës,23800 - Gjykata Kushtetuese e Kosovë s,,,,,Totali ( GQ ) - Gjykata Kushtetuese e Kosovës,GQ,,1344287.0,65000.0,45000.0,110000.0,110000.0,110000.0,0.0,1674287.0,"Totali ( GQ ) - Gjykata Kushtetuese e Kosovës 1,344,287 65,000 45,000 110,000 110,000 110,000 0 1,674,287"
3.2,196,171,subtotal,243000 - Gjykata Kushtetuese e Kosovës,243115 - Gjykata Kushtetuese e Kosovës,23800 - Gjykata Kushtetuese e Kosovë s,,,,,Totali - Gjykata Kushtetuese e Kosovës,,,1344287.0,65000.0,45000.0,110000.0,110000.0,110000.0,0.0,1674287.0,"Totali - Gjykata Kushtetuese e Kosovës 1,344,287 65,000 45,000 110,000 110,000 110,000 0 1,674,287"
3.2,196,185,subtotal,243000 - Gjykata Kushtetuese e Kosovës,243115 - Gjykata Kushtetuese e Kosovës,23800 - Gjykata Kushtetuese e Kosovë s,,,,,Totali ( GQ ) - Gjykata Kushtetuese e Kosovës,GQ,,1344287.0,65000.0,45000.0,110000.0,110000.0,110000.0,0.0,1674287.0,"Totali ( GQ ) - Gjykata Kushtetuese e Kosovës 1,344,287 65,000 45,000 110,000 110,000 110,000 0 1,674,287"
3.2,196,199,subtotal,243000 - Gjykata Kushtetuese e Kosovës,243115 - Gjykata Kushtetuese e Kosovës,23800 - Gjykata Kushtetuese e Kosovë s,,,,,Totali - Gjykata Kushtetuese e Kosovës,,,1344287.0,65000.0,45000.0,110000.0,110000.0,110000.0,0.0,1674287.0,"Totali - Gjykata Kushtetuese e Kosovës 1,344,287 65,000 45,000 110,000 110,000 110,000 0 1,674,287"
3.2,196,270,project,245000 - Agjencioni Kosovar i Intelegjencës,245117 - Agjencioni Kosovar i Intelegjencës,25500 - Agjencioni Kosovar i Intelegjencë s,0360,245117-108947,12408,01.2022-12.2024,Projekt i paspecifikuar,,,,,,,,,,,0360 245117-108947 12408 01.2022-12.2024 Projekt i paspecifikuar
3.2,196,284,source,245000 - Agjencioni Kosovar i Intelegjencës,245117 - Agjencioni Kosovar i Intelegjencës,25500 - Agjencioni Kosovar i Intelegjencë s,0360,245117-108947,12408,01.2022-12.2024,Projekt i paspecifikuar,GQ,,17978390.0,4270000.0,0.0,4270000.0,4270000.0,4500000.0,0.0,31018390.0,"GQ 17,978,390 4,270,000 0 4,270,000 4,270,000 4,500,000 0 31,018,390"
3.2,196,298,subtotal,245000 - Agjencioni Kosovar i Intelegjencës,245117 - Agjencioni Kosovar i Intelegjencës,25500 - Agjencioni Kosovar i Intelegjencë s,,,,,Totali ( GQ ) - Agjencioni Kosovar i Intelegjencë s,GQ,,17978390.0,4270000.0,0.0,4270000.0,4270000.0,4500000.0,0.0,31018390.0,"Totali ( GQ ) - Agjencioni Kosovar i Intelegjencë s 17,978,390 4,270,000 0 4,270,000 4,270,000 4,500,000 0 31,018,390"
3.2,196,312,subtotal,245000 - Agjencioni Kosovar i Intelegjencës,245117 - Agjencioni Kosovar i Intelegjencës,25500 - Agjencioni Kosovar i Intelegjencë s,,,,,Totali - Agjencioni Kosovar i Intelegjencës,,,17978390.0,4270000.0,0.0,4270000.0,4270000.0,4500000.0,0.0,31018390.0,"Totali - Agjencioni Kosovar i Intelegjencës 17,978,390 4,270,000 0 4,270,000 4,270,000 4,500,000 0 31,018,390"
3.2,196,327,subtotal,245000 - Agjencioni Kosovar i Intelegjencës,245117 - Agjencioni Kosovar i Intelegjencës,25500 - Agjencioni Kosovar i Intelegjencë s,,,,,Totali ( GQ ) - Agjencioni Kosovar i Intelegjencës,GQ,,17978390.0,4270000.0,0.0,4270000.0,4270000.0,4500000.0,0.0,31018390.0,"Totali ( GQ ) - Agjencioni Kosovar i Intelegjencës 17,978,390 4,270,000 0 4,270,000 4,270,000 4,500,000 0 31,018,390"
3.2,196,341,subtotal,245000 - Agjencioni Kosovar i Intelegjencës,245117 - Agjencioni Kosovar i Intelegjencës,25500 - Agjencioni Kosovar i Intelegjencë s,,,,,Totali - Agjencioni Kosovar i Intelegjencës,,,17978390.0,4270000.0,0.0,4270000.0,4270000.0,4500000.0,0.0,31018390.0,"Totali - Agjencioni Kosovar i Intelegjencës 17,978,390 4,270,000 0 4,270,000 4,270,000 4,500,000 0 31,018,390"
3.2,196,355,subtotal,245000 - Agjencioni Kosovar i Intelegjencës,245117 - Agjencioni Kosovar i Intelegjencës,25500 - Agjencioni Kosovar i Intelegjencë s,,,,,Totali ( GQ ) - Agjencioni Kosovar i Intelegjencës,GQ,,17978390.0,4270000.0,0.0,4270000.0,4270000.0,4500000.0,0.0,31018390.0,"Totali ( GQ ) - Agjencioni Kosovar i Intelegjencës 17,978,390 4,270,000 0 4,270,000 4,270,000 4,500,000 0 31,018,390"
3.2,196,369,subtotal,245000 - Agjencioni Kosovar i Intelegjencës,245117 - Agjencioni Kosovar i Intelegjencës,25500 - Agjencioni Kosovar i Intelegjencë s,,,,,Totali - Agjencioni Kosovar i Intelegjencës,,,17978390.0,4270000.0,0.0,4270000.0,4270000.0,4500000.0,0.0,31018390.0,"Totali - Agjencioni Kosovar i Intelegjencës 17,978,390 4,270,000 0 4,270,000 4,270,000 4,500,000 0 31,018,390"
3.2,196,483,project,250000 - Këshilli Prokurorial i Kosovës,250012 - Prokurorët dhe Administrata,33500 - Prokurorë t dhe Administrata,0330,250012-1420828,14018,02.2015-12.2027,Ndertimi i Objektit te Prokurorise ne Mitrovice,,,,,,,,,,,0330 250012-1420828 14018 02.2015-12.2027 Ndertimi i Objektit te Prokurorise ne Mitrovice
3.2,196,497,source,250000 - Këshilli Prokurorial i Kosovës,250012 - Prokurorët dhe Administrata,33500 - Prokurorë t dhe Administrata,0330,250012-1420828,14018,02.2015-12.2027,Ndertimi i Objektit te Prokurorise ne Mitrovice,GQ,,0.0,50000.0,0.0,50000.0,539000.0,539000.0,0.0,1128000.0,"GQ 0 50,000 0 50,000 539,000 539,000 0 1,128,000"
3.2,197,171,project,250000 - Këshilli Prokurorial i Kosovës,250012 - Prokurorët dhe Administrata,33500 - Prokurorë t dhe Administrata,0330,250012-1728079,15216,05.2017-12.2027,Mjete te transportit,,,,,,,,,,,0330 250012-1728079 15216 05.2017-12.2027 Mjete te transportit
3.2,197,185,source,250000 - Këshilli Prokurorial i Kosovës,250012 - Prokurorët dhe Administrata,33500 - Prokurorë t dhe Administrata,0330,250012-1728079,15216,05.2017-12.2027,Mjete te transportit,GQ,,1022477.0,100000.0,0.0,100000.0,100000.0,100000.0,0.0,1322477.0,"GQ 1,022,477 100,000 0 100,000 100,000 100,000 0 1,322,477"
3.2,197,199,project,250000 - Këshilli Prokurorial i Kosovës,250012 - Prokurorët dhe Administrata,33500 - Prokurorë t dhe Administrata,0330,250012-1728123,15217,02.2017-12.2024,Sistemi Elektronik për Menaxhimin e Dosjes se Prokurorëve,,,,,,,,,,,0330 250012-1728123 15217 02.2017-12.2024 Sistemi Elektronik për Menaxhimin e Dosjes se Prokurorëve
3.2,197,213,source,250000 - Këshilli Prokurorial i Kosovës,250012 - Prokurorët dhe Administrata,33500 - Prokurorë t dhe Administrata,0330,250012-1728123,15217,02.2017-12.2024,Sistemi Elektronik për Menaxhimin e Dosjes se Prokurorëve,GQ,,19122.0,10000.0,0.0,10000.0,10000.0,10000.0,0.0,49122.0,"GQ 19,122 10,000 0 10,000 10,000 10,000 0 49,122"
3.2,197,228,project,250000 - Këshilli Prokurorial i Kosovës,250012 - Prokurorët dhe Administrata,33500 - Prokurorë t dhe Administrata,0330,250012-1728153,15218,02.2017-12.2027,Sistemi Elektronik per menaxhimin e Veturave - SEMV,,,,,,,,,,,0330 250012-1728153 15218 02.2017-12.2027 Sistemi Elektronik per menaxhimin e Veturave - SEMV
3.2,197,242,source,250000 - Këshilli Prokurorial i Kosovës,250012 - Prokurorët dhe Administrata,33500 - Prokurorë t dhe Administrata,0330,250012-1728153,15218,02.2017-12.2027,Sistemi Elektronik per menaxhimin e Veturave - SEMV,GQ,,8400.0,0.0,0.0,0.0,4000.0,4000.0,0.0,16400.0,"GQ 8,400 0 0 0 4,000 4,000 0 16,400"
3.2,197,256,project,250000 - Këshilli Prokurorial i Kosovës,250012 - Prokurorët dhe Administrata,33500 - Prokurorë t dhe Administrata,0330,250012-1728261,18004,01.2019-12.2021,Sistemi për Menaxhimin Informative të Lendeve (SMIL)-TIK - Prokurori (Bashke financim me Qeverinë Norvegjeze),,,,,,,,,,,0330 250012-1728261 18004 01.2019-12.2021 Sistemi për Menaxhimin Informative të Lendeve (SMIL)-TIK - Prokurori (Bashke financim me Qeverinë Norvegjeze)
3.2,197,270,source,250000 - Këshilli Prokurorial i Kosovës,250012 - Prokurorët dhe Administrata,33500 - Prokurorë t dhe Administrata,0330,250012-1728261,18004,01.2019-12.2021,Sistemi për Menaxhimin Informative të Lendeve (SMIL)-TIK - Prokurori (Bashke financim me Qeverinë Norvegjeze),GQ,,79236.0,70000.0,0.0,70000.0,76000.0,79000.0,0.0,304236.0,"GQ 79,236 70,000 0 70,000 76,000 79,000 0 304,236"
3.2,197,284,project,250000 - Këshilli Prokurorial i Kosovës,250012 - Prokurorët dhe Administrata,33500 - Prokurorë t dhe Administrata,0330,250012-1933066,18058,01.2021-12.2021,Sistemi elektronik për menaxhimin e buxhetit dhe financave,,,,,,,,,,,0330 250012-1933066 18058 01.2021-12.2021 Sistemi elektronik për menaxhimin e buxhetit dhe financave
3.2,197,298,source,250000 - Këshilli Prokurorial i Kosovës,250012 - Prokurorët dhe Administrata,33500 - Prokurorë t dhe Administrata,0330,250012-1933066,18058,01.2021-12.2021,Sistemi elektronik për menaxhimin e buxhetit dhe financave,GQ,,0.0,12000.0,0.0,12000.0,12000.0,10000.0,0.0,34000.0,"GQ 0 12,000 0 12,000 12,000 10,000 0 34,000"
3.2,197,313,project,250000 - Këshilli Prokurorial i Kosovës,250012 - Prokurorët dhe Administrata,33500 - Prokurorë t dhe Administrata,0330,250012-1933067,18059,03.2019-12.2027,Skaner i kontrollit dhe Sigurise,,,,,,,,,,,0330 250012-1933067 18059 03.2019-12.2027 Skaner i kontrollit dhe Sigurise
3.2,197,327,source,250000 - Këshilli Prokurorial i Kosovës,250012 - Prokurorët dhe Administrata,33500 - Prokurorë t dhe Administrata,0330,250012-1933067,18059,03.2019-12.2027,Skaner i kontrollit dhe Sigurise,GQ,,444288.0,0.0,0.0,0.0,0.0,1000.0,0.0,445288.0,"GQ 444,288 0 0 0 0 1,000 0 445,288"
3.2,197,341,project,250000 - Këshilli Prokurorial i Kosovës,250012 - Prokurorët dhe Administrata,33500 - Prokurorë t dhe Administrata,0330,250012-1933072,18064,02.2015-12.2027,Furnizimi dhe Instalimi i rafteve levizese per Arkiv,,,,,,,,,,,0330 250012-1933072 18064 02.2015-12.2027 Furnizimi dhe Instalimi i rafteve levizese per Arkiv
3.2,197,355,source,250000 - Këshilli Prokurorial i Kosovës,250012 - Prokurorët dhe Administrata,33500 - Prokurorë t dhe Administrata,0330,250012-1933072,18064,02.2015-12.2027,Furnizimi dhe Instalimi i rafteve levizese per Arkiv,GQ,,192206.0,0.0,0.0,0.0,0.0,3000.0,0.0,195206.0,"GQ 192,206 0 0 0 0 3,000 0 195,206"
3.2,197,369,project,250000 - Këshilli Prokurorial i Kosovës,250012 - Prokurorët dhe Administrata,33500 - Prokurorë t dhe Administrata,0330,250012-1933074,18065,03.2019-12.2027,Furnizim dhe Instalim me UPS qendror.,,,,,,,,,,,0330 250012-1933074 18065 03.2019-12.2027 Furnizim dhe Instalim me UPS qendror.
3.2,197,383,source,250000 - Këshilli Prokurorial i Kosovës,250012 - Prokurorët dhe Administrata,33500 - Prokurorë t dhe Administrata,0330,250012-1933074,18065,03.2019-12.2027,Furnizim dhe Instalim me UPS qendror.,GQ,,106226.0,1500.0,0.0,1500.0,1500.0,1500.0,0.0,110726.0,"GQ 106,226 1,500 0 1,500 1,500 1,500 0 110,726"
3.2,197,398,project,250000 - Këshilli Prokurorial i Kosovës,250012 - Prokurorët dhe Administrata,33500 - Prokurorë t dhe Administrata,0330,250012-1933079,18069,01.2021-12.2023,Sistemi elektronik për menaxhimin e rasteve në Zyrën për Mbrojtje dhe Ndihmë të viktimave,,,,,,,,,,,0330 250012-1933079 18069 01.2021-12.2023 Sistemi elektronik për menaxhimin e rasteve në Zyrën për Mbrojtje dhe Ndihmë të viktimave
3.2,197,412,source,250000 - Këshilli Prokurorial i Kosovës,250012 - Prokurorët dhe Administrata,33500 - Prokurorë t dhe Administrata,0330,250012-1933079,18069,01.2021-12.2023,Sistemi elektronik për menaxhimin e rasteve në Zyrën për Mbrojtje dhe Ndihmë të viktimave,GQ,,9953.0,10000.0,0.0,10000.0,10000.0,10000.0,0.0,39953.0,"GQ 9,953 10,000 0 10,000 10,000 10,000 0 39,953"
3.2,197,426,project,250000 - Këshilli Prokurorial i Kosovës,250012 - Prokurorët dhe Administrata,33500 - Prokurorë t dhe Administrata,0330,250012-1933095,18084,02.2019-12.2023,Salla e konferencës - KPK,,,,,,,,,,,0330 250012-1933095 18084 02.2019-12.2023 Salla e konferencës - KPK
3.2,197,440,source,250000 - Këshilli Prokurorial i Kosovës,250012 - Prokurorët dhe Administrata,33500 - Prokurorë t dhe Administrata,0330,250012-1933095,18084,02.2019-12.2023,Salla e konferencës - KPK,GQ,,157433.0,0.0,0.0,0.0,40000.0,4000.0,0.0,201433.0,"GQ 157,433 0 0 0 40,000 4,000 0 201,433"
3.2,197,454,project,250000 - Këshilli Prokurorial i Kosovës,250012 - Prokurorët dhe Administrata,33500 - Prokurorë t dhe Administrata,0330,250012-1933097,18086,01.2019-12.2023,Pajisjet harduerike dhe softuerike të teknologjisë informative,,,,,,,,,,,0330 250012-1933097 18086 01.2019-12.2023 Pajisjet harduerike dhe softuerike të teknologjisë informative
3.2,197,469,source,250000 - Këshilli Prokurorial i Kosovës,250012 - Prokurorët dhe Administrata,33500 - Prokurorë t dhe Administrata,0330,250012-1933097,18086,01.2019-12.2023,Pajisjet harduerike dhe softuerike të teknologjisë informative,GQ,,291261.0,156000.0,0.0,156000.0,110000.0,110000.0,0.0,667261.0,"GQ 291,261 156,000 0 156,000 110,000 110,000 0 667,261"
3.2,197,483,project,250000 - Këshilli Prokurorial i Kosovës,250012 - Prokurorët dhe Administrata,33500 - Prokurorë t dhe Administrata,0330,250012-2035612,18565,03.2020-10.2026,Instalimi i Sistemit te Sigurise kunder zjarrit ne arkiva,,,,,,,,,,,0330 250012-2035612 18565 03.2020-10.2026 Instalimi i Sistemit te Sigurise kunder zjarrit ne arkiva
3.2,197,497,source,250000 - Këshilli Prokurorial i Kosovës,250012 - Prokurorët dhe Administrata,33500 - Prokurorë t dhe Administrata,0330,250012-2035612,18565,03.2020-10.2026,Instalimi i Sistemit te Sigurise kunder zjarrit ne arkiva,GQ,,70000.0,30000.0,0.0,30000.0,20000.0,0.0,0.0,120000.0,"GQ 70,000 30,000 0 30,000 20,000 0 0 120,000"
3.2,198,171,project,250000 - Këshilli Prokurorial i Kosovës,250012 - Prokurorët dhe Administrata,33500 - Prokurorë t dhe Administrata,0330,250012-2035614,18566,03.2020-12.2025,Blerja e tokes per PTH Mitrovice,,,,,,,,,,,0330 250012-2035614 18566 03.2020-12.2025 Blerja e tokes per PTH Mitrovice
3.2,198,185,source,250000 - Këshilli Prokurorial i Kosovës,250012 - Prokurorët dhe Administrata,33500 - Prokurorë t dhe Administrata,0330,250012-2035614,18566,03.2020-12.2025,Blerja e tokes per PTH Mitrovice,GQ,,0.0,500000.0,0.0,500000.0,0.0,0.0,0.0,500000.0,"GQ 0 500,000 0 500,000 0 0 0 500,000"
3.2,198,199,project,250000 - Këshilli Prokurorial i Kosovës,250012 - Prokurorët dhe Administrata,33500 - Prokurorë t dhe Administrata,0330,250012-2035626,18570,03.2022-12.2027,Ndertimi dhe Permiresimi i Infrastruktures Fizike te Sistemit Prokurorial,,,,,,,,,,,0330 250012-2035626 18570 03.2022-12.2027 Ndertimi dhe Permiresimi i Infrastruktures Fizike te Sistemit Prokurorial
3.2,198,213,source,250000 - Këshilli Prokurorial i Kosovës,250012 - Prokurorët dhe Administrata,33500 - Prokurorë t dhe Administrata,0330,250012-2035626,18570,03.2022-12.2027,Ndertimi dhe Permiresimi i Infrastruktures Fizike te Sistemit Prokurorial,GQ,,781953.0,1190000.0,0.0,1190000.0,1200000.0,1252000.0,0.0,4423953.0,"GQ 781,953 1,190,000 0 1,190,000 1,200,000 1,252,000 0 4,423,953"
3.2,198,228,project,250000 - Këshilli Prokurorial i Kosovës,250012 - Prokurorët dhe Administrata,33500 - Prokurorë t dhe Administrata,0330,250012-2035659,18584,02.2022-08.2028,SISTEMIT ELEKTRONIK PËR MENAXHIMIN E DOKUMENTEVE DHE TAKIMEVE TË KPK (E-KËSHILLI),,,,,,,,,,,0330 250012-2035659 18584 02.2022-08.2028 SISTEMIT ELEKTRONIK PËR MENAXHIMIN E DOKUMENTEVE DHE TAKIMEVE TË KPK (E-KËSHILLI)
3.2,198,242,source,250000 - Këshilli Prokurorial i Kosovës,250012 - Prokurorët dhe Administrata,33500 - Prokurorë t dhe Administrata,0330,250012-2035659,18584,02.2022-08.2028,SISTEMIT ELEKTRONIK PËR MENAXHIMIN E DOKUMENTEVE DHE TAKIMEVE TË KPK (E-KËSHILLI),GQ,,0.0,0.0,0.0,0.0,7000.0,7000.0,0.0,14000.0,"GQ 0 0 0 0 7,000 7,000 0 14,000"
3.2,198,256,project,250000 - Këshilli Prokurorial i Kosovës,250012 - Prokurorët dhe Administrata,33500 - Prokurorë t dhe Administrata,0330,250012-2444016,19294,03.2026-10.2026,Ofrimi i shërbimeve në CLOUD,,,,,,,,,,,0330 250012-2444016 19294 03.2026-10.2026 Ofrimi i shërbimeve në CLOUD
3.2,198,270,source,250000 - Këshilli Prokurorial i Kosovës,250012 - Prokurorët dhe Administrata,33500 - Prokurorë t dhe Administrata,0330,250012-2444016,19294,03.2026-10.2026,Ofrimi i shërbimeve në CLOUD,GQ,,0.0,5000.0,0.0,5000.0,5000.0,4000.0,0.0,14000.0,"GQ 0 5,000 0 5,000 5,000 4,000 0 14,000"
3.2,198,284,subtotal,250000 - Këshilli Prokurorial i Kosovës,250012 - Prokurorët dhe Administrata,33500 - Prokurorë t dhe Administrata,,,,,Totali ( GQ ) - Prokurorë t dhe Administrata,GQ,,3182555.0,2134500.0,0.0,2134500.0,2134500.0,2134500.0,0.0,9586055.0,"Totali ( GQ ) - Prokurorë t dhe Administrata 3,182,555 2,134,500 0 2,134,500 2,134,500 2,134,500 0 9,586,055"
3.2,198,298,subtotal,250000 - Këshilli Prokurorial i Kosovës,250012 - Prokurorët dhe Administrata,33500 - Prokurorë t dhe Administrata,,,,,Totali - Prokurorët dhe Administrata,,,3182555.0,2134500.0,0.0,2134500.0,2134500.0,2134500.0,0.0,9586055.0,"Totali - Prokurorët dhe Administrata 3,182,555 2,134,500 0 2,134,500 2,134,500 2,134,500 0 9,586,055"
3.2,198,312,subtotal,250000 - Këshilli Prokurorial i Kosovës,250012 - Prokurorët dhe Administrata,33500 - Prokurorë t dhe Administrata,,,,,Totali ( GQ ) - Prokurorët dhe Administrata,GQ,,3182555.0,2134500.0,0.0,2134500.0,2134500.0,2134500.0,0.0,9586055.0,"Totali ( GQ ) - Prokurorët dhe Administrata 3,182,555 2,134,500 0 2,134,500 2,134,500 2,134,500 0 9,586,055"
3.2,198,327,subtotal,250000 - Këshilli Prokurorial i Kosovës,250012 - Prokurorët dhe Administrata,33500 - Prokurorë t dhe Administrata,,,,,Totali - Prokurorët dhe Administrata,,,3182555.0,2134500.0,0.0,2134500.0,2134500.0,2134500.0,0.0,9586055.0,"Totali - Prokurorët dhe Administrata 3,182,555 2,134,500 0 2,134,500 2,134,500 2,134,500 0 9,586,055"
3.2,198,341,subtotal,250000 - Këshilli Prokurorial i Kosovës,250012 - Prokurorët dhe Administrata,33500 - Prokurorë t dhe Administrata,,,,,Totali ( GQ ) - Këshilli Prokurorial i Kosovës,GQ,,3182555.0,2134500.0,0.0,2134500.0,2134500.0,2134500.0,0.0,9586055.0,"Totali ( GQ ) - Këshilli Prokurorial i Kosovës 3,182,555 2,134,500 0 2,134,500 2,134,500 2,134,500 0 9,586,055"
3.2,198,355,subtotal,250000 - Këshilli Prokurorial i Kosovës,250012 - Prokurorët dhe Administrata,33500 - Prokurorë t dhe Administrata,,,,,Totali - Këshilli Prokurorial i Kosovës,,,3182555.0,2134500.0,0.0,2134500.0,2134500.0,2134500.0,0.0,9586055.0,"Totali - Këshilli Prokurorial i Kosovës 3,182,555 2,134,500 0 2,134,500 2,134,500 2,134,500 0 9,586,055"
3.2,198,426,project,255000 - Agjencia për Mbrojtjen e Informacionit të Klasifikuar,255010 - Agjencia për Mbrojtjen e Informacionit të Klasifikuar,35500 - Agjencia për Mbrojtjen e Informacionit të Klasifikuar,0133,255010-2546044,19609,02.2025-10.2028,Projekte te pa specifikuara,,,,,,,,,,,0133 255010-2546044 19609 02.2025-10.2028 Projekte te pa specifikuara
3.2,198,440,source,255000 - Agjencia për Mbrojtjen e Informacionit të Klasifikuar,255010 - Agjencia për Mbrojtjen e Informacionit të Klasifikuar,35500 - Agjencia për Mbrojtjen e Informacionit të Klasifikuar,0133,255010-2546044,19609,02.2025-10.2028,Projekte te pa specifikuara,GQ,,13375.0,0.0,100000.0,100000.0,110000.0,110000.0,0.0,333375.0,"GQ 13,375 0 100,000 100,000 110,000 110,000 0 333,375"
3.2,198,454,project,255000 - Agjencia për Mbrojtjen e Informacionit të Klasifikuar,255010 - Agjencia për Mbrojtjen e Informacionit të Klasifikuar,35500 - Agjencia për Mbrojtjen e Informacionit të Klasifikuar,0360,255010-2547240,19644,04.2025-07.2028,Blerja e veturave,,,,,,,,,,,0360 255010-2547240 19644 04.2025-07.2028 Blerja e veturave
3.2,198,469,source,255000 - Agjencia për Mbrojtjen e Informacionit të Klasifikuar,255010 - Agjencia për Mbrojtjen e Informacionit të Klasifikuar,35500 - Agjencia për Mbrojtjen e Informacionit të Klasifikuar,0360,255010-2547240,19644,04.2025-07.2028,Blerja e veturave,GQ,,128198.0,0.0,100000.0,100000.0,40000.0,40000.0,0.0,308198.0,"GQ 128,198 0 100,000 100,000 40,000 40,000 0 308,198"
3.2,198,482,subtotal,255000 - Agjencia për Mbrojtjen e Informacionit të Klasifikuar,255010 - Agjencia për Mbrojtjen e Informacionit të Klasifikuar,35500 - Agjencia për Mbrojtjen e Informacionit të Klasifikuar,,,,,Totali ( GQ ) - Agjencia për Mbrojtjen e Informacionit të Klasifikuar,GQ,,141573.0,0.0,200000.0,200000.0,150000.0,150000.0,0.0,641573.0,"Totali ( GQ ) - Agjencia për Mbrojtjen e Informacionit të Klasifikuar 141,573 0 200,000 200,000 150,000 150,000 0 641,573"
3.2,198,497,subtotal,255000 - Agjencia për Mbrojtjen e Informacionit të Klasifikuar,255010 - Agjencia për Mbrojtjen e Informacionit të Klasifikuar,35500 - Agjencia për Mbrojtjen e Informacionit të Klasifikuar,,,,,Totali - Agjencia për Mbrojtjen e Informacionit të Klasifikuar,,,141573.0,0.0,200000.0,200000.0,150000.0,150000.0,0.0,641573.0,"Totali - Agjencia për Mbrojtjen e Informacionit të Klasifikuar 141,573 0 200,000 200,000 150,000 150,000 0 641,573"
3.2,198,511,subtotal,255000 - Agjencia për Mbrojtjen e Informacionit të Klasifikuar,255010 - Agjencia për Mbrojtjen e Informacionit të Klasifikuar,35500 - Agjencia për Mbrojtjen e Informacionit të Klasifikuar,,,,,Totali ( GQ ) - Agjencia për Mbrojtjen e Informacionit të Klasifikuar,GQ,,141573.0,0.0,200000.0,200000.0,150000.0,150000.0,0.0,641573.0,"Totali ( GQ ) - Agjencia për Mbrojtjen e Informacionit të Klasifikuar 141,573 0 200,000 200,000 150,000 150,000 0 641,573"
3.2,199,171,subtotal,255000 - Agjencia për Mbrojtjen e Informacionit të Klasifikuar,255010 - Agjencia për Mbrojtjen e Informacionit të Klasifikuar,35500 - Agjencia për Mbrojtjen e Informacionit të Klasifikuar,,,,,Totali - Agjencia për Mbrojtjen e Informacionit të Klasifikuar,,,141573.0,0.0,200000.0,200000.0,150000.0,150000.0,0.0,641573.0,"Totali - Agjencia për Mbrojtjen e Informacionit të Klasifikuar 141,573 0 200,000 200,000 150,000 150,000 0 641,573"
3.2,199,185,subtotal,255000 - Agjencia për Mbrojtjen e Informacionit të Klasifikuar,255010 - Agjencia për Mbrojtjen e Informacionit të Klasifikuar,35500 - Agjencia për Mbrojtjen e Informacionit të Klasifikuar,,,,,Totali ( GQ ) - Agjencia për Mbrojtjen e Informacionit të Klasifikuar,GQ,,141573.0,0.0,200000.0,200000.0,150000.0,150000.0,0.0,641573.0,"Totali ( GQ ) - Agjencia për Mbrojtjen e Informacionit të Klasifikuar 141,573 0 200,000 200,000 150,000 150,000 0 641,573"
3.2,199,199,subtotal,255000 - Agjencia për Mbrojtjen e Informacionit të Klasifikuar,255010 - Agjencia për Mbrojtjen e Informacionit të Klasifikuar,35500 - Agjencia për Mbrojtjen e Informacionit të Klasifikuar,,,,,Totali - Agjencia për Mbrojtjen e Informacionit të Klasifikuar,,,141573.0,0.0,200000.0,200000.0,150000.0,150000.0,0.0,641573.0,"Totali - Agjencia për Mbrojtjen e Informacionit të Klasifikuar 141,573 0 200,000 200,000 150,000 150,000 0 641,573"
3.2,199,284,project,314000 - Autoriteti Rregullativ i Hekurudhave,314097 - Autoriteti Rregullativ i Hekurudhave,45500 - Autoriteti Rregullativ i Hekurudhave,0453,314097-2647526,20619,01.2026-12.2026,Modul i veçantë për regjistrin e makinistëve - Në Softverin NVR,,,,,,,,,,,0453 314097-2647526 20619 01.2026-12.2026 Modul i veçantë për regjistrin e makinistëve - Në Softverin NVR
3.2,199,298,source,314000 - Autoriteti Rregullativ i Hekurudhave,314097 - Autoriteti Rregullativ i Hekurudhave,45500 - Autoriteti Rregullativ i Hekurudhave,0453,314097-2647526,20619,01.2026-12.2026,Modul i veçantë për regjistrin e makinistëve - Në Softverin NVR,GQ,,0.0,0.0,10000.0,10000.0,0.0,0.0,0.0,10000.0,"GQ 0 0 10,000 10,000 0 0 0 10,000"
3.2,199,312,subtotal,314000 - Autoriteti Rregullativ i Hekurudhave,314097 - Autoriteti Rregullativ i Hekurudhave,45500 - Autoriteti Rregullativ i Hekurudhave,,,,,Totali ( GQ ) - Autoriteti Rregullativ i Hekurudhave,GQ,,0.0,0.0,10000.0,10000.0,0.0,0.0,0.0,10000.0,"Totali ( GQ ) - Autoriteti Rregullativ i Hekurudhave 0 0 10,000 10,000 0 0 0 10,000"
3.2,199,327,subtotal,314000 - Autoriteti Rregullativ i Hekurudhave,314097 - Autoriteti Rregullativ i Hekurudhave,45500 - Autoriteti Rregullativ i Hekurudhave,,,,,Totali - Autoriteti Rregullativ i Hekurudhave,,,0.0,0.0,10000.0,10000.0,0.0,0.0,0.0,10000.0,"Totali - Autoriteti Rregullativ i Hekurudhave 0 0 10,000 10,000 0 0 0 10,000"
3.2,199,341,subtotal,314000 - Autoriteti Rregullativ i Hekurudhave,314097 - Autoriteti Rregullativ i Hekurudhave,45500 - Autoriteti Rregullativ i Hekurudhave,,,,,Totali ( GQ ) - Autoriteti Rregullativ i Hekurudhave,GQ,,0.0,0.0,10000.0,10000.0,0.0,0.0,0.0,10000.0,"Totali ( GQ ) - Autoriteti Rregullativ i Hekurudhave 0 0 10,000 10,000 0 0 0 10,000"
3.2,199,355,subtotal,314000 - Autoriteti Rregullativ i Hekurudhave,314097 - Autoriteti Rregullativ i Hekurudhave,45500 - Autoriteti Rregullativ i Hekurudhave,,,,,Totali - Autoriteti Rregullativ i Hekurudhave,,,0.0,0.0,10000.0,10000.0,0.0,0.0,0.0,10000.0,"Totali - Autoriteti Rregullativ i Hekurudhave 0 0 10,000 10,000 0 0 0 10,000"
3.2,199,369,subtotal,314000 - Autoriteti Rregullativ i Hekurudhave,314097 - Autoriteti Rregullativ i Hekurudhave,45500 - Autoriteti Rregullativ i Hekurudhave,,,,,Totali ( GQ ) - Autoriteti Rregullativ i Hekurudhave,GQ,,0.0,0.0,10000.0,10000.0,0.0,0.0,0.0,10000.0,"Totali ( GQ ) - Autoriteti Rregullativ i Hekurudhave 0 0 10,000 10,000 0 0 0 10,000"
3.2,199,383,subtotal,314000 - Autoriteti Rregullativ i Hekurudhave,314097 - Autoriteti Rregullativ i Hekurudhave,45500 - Autoriteti Rregullativ i Hekurudhave,,,,,Totali - Autoriteti Rregullativ i Hekurudhave,,,0.0,0.0,10000.0,10000.0,0.0,0.0,0.0,10000.0,"Totali - Autoriteti Rregullativ i Hekurudhave 0 0 10,000 10,000 0 0 0 10,000"
3.2,199,454,project,318000 - Komisioni i Pavarur i Minierave dhe Mineraleve,318425 - Komsioni i Pavarur i Minierave dhe Mineraleve,81200 - Komsioni i Pavarur i Minierave dhe Mineraleve,0133,318425-2341409,19138,06.2024-12.2026,Avancimi i GDBK-se se Kosoves,,,,,,,,,,,0133 318425-2341409 19138 06.2024-12.2026 Avancimi i GDBK-se se Kosoves
3.2,199,469,source,318000 - Komisioni i Pavarur i Minierave dhe Mineraleve,318425 - Komsioni i Pavarur i Minierave dhe Mineraleve,81200 - Komsioni i Pavarur i Minierave dhe Mineraleve,0133,318425-2341409,19138,06.2024-12.2026,Avancimi i GDBK-se se Kosoves,GQ,,110000.0,164000.0,0.0,164000.0,168000.0,200000.0,0.0,642000.0,"GQ 110,000 164,000 0 164,000 168,000 200,000 0 642,000"
3.2,199,483,project,318000 - Komisioni i Pavarur i Minierave dhe Mineraleve,318425 - Komsioni i Pavarur i Minierave dhe Mineraleve,81200 - Komsioni i Pavarur i Minierave dhe Mineraleve,0133,318425-2341425,19149,02.2026-11.2027,ArcGIS Licenca,,,,,,,,,,,0133 318425-2341425 19149 02.2026-11.2027 ArcGIS Licenca
3.2,199,497,source,318000 - Komisioni i Pavarur i Minierave dhe Mineraleve,318425 - Komsioni i Pavarur i Minierave dhe Mineraleve,81200 - Komsioni i Pavarur i Minierave dhe Mineraleve,0133,318425-2341425,19149,02.2026-11.2027,ArcGIS Licenca,GQ,,25608.0,0.0,0.0,0.0,32000.0,0.0,0.0,57608.0,"GQ 25,608 0 0 0 32,000 0 0 57,608"
3.2,200,171,project,318000 - Komisioni i Pavarur i Minierave dhe Mineraleve,318425 - Komsioni i Pavarur i Minierave dhe Mineraleve,81200 - Komsioni i Pavarur i Minierave dhe Mineraleve,0441,318425-2343550,19177,02.2024-11.2026,Automjete per Inspektime ne Terren,,,,,,,,,,,0441 318425-2343550 19177 02.2024-11.2026 Automjete per Inspektime ne Terren
3.2,200,185,source,318000 - Komisioni i Pavarur i Minierave dhe Mineraleve,318425 - Komsioni i Pavarur i Minierave dhe Mineraleve,81200 - Komsioni i Pavarur i Minierave dhe Mineraleve,0441,318425-2343550,19177,02.2024-11.2026,Automjete per Inspektime ne Terren,GQ,,61999.0,30000.0,0.0,30000.0,0.0,0.0,0.0,91999.0,"GQ 61,999 30,000 0 30,000 0 0 0 91,999"
3.2,200,199,project,318000 - Komisioni i Pavarur i Minierave dhe Mineraleve,318425 - Komsioni i Pavarur i Minierave dhe Mineraleve,81200 - Komsioni i Pavarur i Minierave dhe Mineraleve,0133,318425-2647584,20636,02.2026-11.2026,Tabela Digjitale,,,,,,,,,,,0133 318425-2647584 20636 02.2026-11.2026 Tabela Digjitale
3.2,200,213,source,318000 - Komisioni i Pavarur i Minierave dhe Mineraleve,318425 - Komsioni i Pavarur i Minierave dhe Mineraleve,81200 - Komsioni i Pavarur i Minierave dhe Mineraleve,0133,318425-2647584,20636,02.2026-11.2026,Tabela Digjitale,GQ,,0.0,0.0,6000.0,6000.0,0.0,0.0,0.0,6000.0,"GQ 0 0 6,000 6,000 0 0 0 6,000"
3.2,200,227,subtotal,318000 - Komisioni i Pavarur i Minierave dhe Mineraleve,318425 - Komsioni i Pavarur i Minierave dhe Mineraleve,81200 - Komsioni i Pavarur i Minierave dhe Mineraleve,,,,,Totali ( GQ ) - Komsioni i Pavarur i Minierave dhe Mineraleve,GQ,,197607.0,194000.0,6000.0,200000.0,200000.0,200000.0,0.0,797607.0,"Totali ( GQ ) - Komsioni i Pavarur i Minierave dhe Mineraleve 197,607 194,000 6,000 200,000 200,000 200,000 0 797,607"
3.2,200,242,subtotal,318000 - Komisioni i Pavarur i Minierave dhe Mineraleve,318425 - Komsioni i Pavarur i Minierave dhe Mineraleve,81200 - Komsioni i Pavarur i Minierave dhe Mineraleve,,,,,Totali - Komsioni i Pavarur i Minierave dhe Mineraleve,,,197607.0,194000.0,6000.0,200000.0,200000.0,200000.0,0.0,797607.0,"Totali - Komsioni i Pavarur i Minierave dhe Mineraleve 197,607 194,000 6,000 200,000 200,000 200,000 0 797,607"
3.2,200,256,subtotal,318000 - Komisioni i Pavarur i Minierave dhe Mineraleve,318425 - Komsioni i Pavarur i Minierave dhe Mineraleve,81200 - Komsioni i Pavarur i Minierave dhe Mineraleve,,,,,Totali ( GQ ) - Komsioni i Pavarur i Minierave dhe Mineraleve,GQ,,197607.0,194000.0,6000.0,200000.0,200000.0,200000.0,0.0,797607.0,"Totali ( GQ ) - Komsioni i Pavarur i Minierave dhe Mineraleve 197,607 194,000 6,000 200,000 200,000 200,000 0 797,607"
3.2,200,270,subtotal,318000 - Komisioni i Pavarur i Minierave dhe Mineraleve,318425 - Komsioni i Pavarur i Minierave dhe Mineraleve,81200 - Komsioni i Pavarur i Minierave dhe Mineraleve,,,,,Totali - Komsioni i Pavarur i Minierave dhe Mineraleve,,,197607.0,194000.0,6000.0,200000.0,200000.0,200000.0,0.0,797607.0,"Totali - Komsioni i Pavarur i Minierave dhe Mineraleve 197,607 194,000 6,000 200,000 200,000 200,000 0 797,607"
3.2,200,284,subtotal,318000 - Komisioni i Pavarur i Minierave dhe Mineraleve,318425 - Komsioni i Pavarur i Minierave dhe Mineraleve,81200 - Komsioni i Pavarur i Minierave dhe Mineraleve,,,,,Totali ( GQ ) - Komisioni i Pavarur i Minierave dhe Mineraleve,GQ,,197607.0,194000.0,6000.0,200000.0,200000.0,200000.0,0.0,797607.0,"Totali ( GQ ) - Komisioni i Pavarur i Minierave dhe Mineraleve 197,607 194,000 6,000 200,000 200,000 200,000 0 797,607"
3.2,200,298,subtotal,318000 - Komisioni i Pavarur i Minierave dhe Mineraleve,318425 - Komsioni i Pavarur i Minierave dhe Mineraleve,81200 - Komsioni i Pavarur i Minierave dhe Mineraleve,,,,,Totali - Komisioni i Pavarur i Minierave dhe Mineraleve,,,197607.0,194000.0,6000.0,200000.0,200000.0,200000.0,0.0,797607.0,"Totali - Komisioni i Pavarur i Minierave dhe Mineraleve 197,607 194,000 6,000 200,000 200,000 200,000 0 797,607"
3.2,200,355,project,319000 - Komisioni i Pavarur i Mediave,319430 - Komisioni i Pavarur i Mediave,81100 - Komisioni i Pavarur i Mediave,0830,319430-2443953,19279,03.2025-11.2026,Përditësimi i sistemit për monitorimin e mediave për vitet 2024 dhe 2025,,,,,,,,,,,0830 319430-2443953 19279 03.2025-11.2026 Përditësimi i sistemit për monitorimin e mediave për vitet 2024 dhe 2025
3.2,200,369,source,319000 - Komisioni i Pavarur i Mediave,319430 - Komisioni i Pavarur i Mediave,81100 - Komisioni i Pavarur i Mediave,0830,319430-2443953,19279,03.2025-11.2026,Përditësimi i sistemit për monitorimin e mediave për vitet 2024 dhe 2025,GQ,,399867.0,400000.0,0.0,400000.0,0.0,0.0,0.0,799867.0,"GQ 399,867 400,000 0 400,000 0 0 0 799,867"
3.2,200,383,subtotal,319000 - Komisioni i Pavarur i Mediave,319430 - Komisioni i Pavarur i Mediave,81100 - Komisioni i Pavarur i Mediave,,,,,Totali ( GQ ) - Komisioni i Pavarur i Mediave,GQ,,399867.0,400000.0,0.0,400000.0,0.0,0.0,0.0,799867.0,"Totali ( GQ ) - Komisioni i Pavarur i Mediave 399,867 400,000 0 400,000 0 0 0 799,867"
3.2,200,397,subtotal,319000 - Komisioni i Pavarur i Mediave,319430 - Komisioni i Pavarur i Mediave,81100 - Komisioni i Pavarur i Mediave,,,,,Totali - Komisioni i Pavarur i Mediave,,,399867.0,400000.0,0.0,400000.0,0.0,0.0,0.0,799867.0,"Totali - Komisioni i Pavarur i Mediave 399,867 400,000 0 400,000 0 0 0 799,867"
3.2,200,412,subtotal,319000 - Komisioni i Pavarur i Mediave,319430 - Komisioni i Pavarur i Mediave,81100 - Komisioni i Pavarur i Mediave,,,,,Totali ( GQ ) - Komisioni i Pavarur i Mediave,GQ,,399867.0,400000.0,0.0,400000.0,0.0,0.0,0.0,799867.0,"Totali ( GQ ) - Komisioni i Pavarur i Mediave 399,867 400,000 0 400,000 0 0 0 799,867"
3.2,200,426,subtotal,319000 - Komisioni i Pavarur i Mediave,319430 - Komisioni i Pavarur i Mediave,81100 - Komisioni i Pavarur i Mediave,,,,,Totali - Komisioni i Pavarur i Mediave,,,399867.0,400000.0,0.0,400000.0,0.0,0.0,0.0,799867.0,"Totali - Komisioni i Pavarur i Mediave 399,867 400,000 0 400,000 0 0 0 799,867"
3.2,200,440,subtotal,319000 - Komisioni i Pavarur i Mediave,319430 - Komisioni i Pavarur i Mediave,81100 - Komisioni i Pavarur i Mediave,,,,,Totali ( GQ ) - Komisioni i Pavarur i Mediave,GQ,,399867.0,400000.0,0.0,400000.0,0.0,0.0,0.0,799867.0,"Totali ( GQ ) - Komisioni i Pavarur i Mediave 399,867 400,000 0 400,000 0 0 0 799,867"
3.2,200,454,subtotal,319000 - Komisioni i Pavarur i Mediave,319430 - Komisioni i Pavarur i Mediave,81100 - Komisioni i Pavarur i Mediave,,,,,Totali - Komisioni i Pavarur i Mediave,,,399867.0,400000.0,0.0,400000.0,0.0,0.0,0.0,799867.0,"Totali - Komisioni i Pavarur i Mediave 399,867 400,000 0 400,000 0 0 0 799,867"
3.2,201,171,project,321000 - Institucioni i Avokatit të Popullit,321089 - Institucioni i Avokatit të Popullit,32400 - Institucioni i Avokatit të Popullit,0133,321089-2547324,19690,03.2025-08.2025,Blerja e veturës zyrtare,,,,,,,,,,,0133 321089-2547324 19690 03.2025-08.2025 Blerja e veturës zyrtare
3.2,201,185,source,321000 - Institucioni i Avokatit të Popullit,321089 - Institucioni i Avokatit të Popullit,32400 - Institucioni i Avokatit të Popullit,0133,321089-2547324,19690,03.2025-08.2025,Blerja e veturës zyrtare,GQ,,32994.0,60000.0,0.0,60000.0,60000.0,60000.0,0.0,212994.0,"GQ 32,994 60,000 0 60,000 60,000 60,000 0 212,994"
3.2,201,199,subtotal,321000 - Institucioni i Avokatit të Popullit,321089 - Institucioni i Avokatit të Popullit,32400 - Institucioni i Avokatit të Popullit,,,,,Totali ( GQ ) - Institucioni i Avokatit të Popullit,GQ,,32994.0,60000.0,0.0,60000.0,60000.0,60000.0,0.0,212994.0,"Totali ( GQ ) - Institucioni i Avokatit të Popullit 32,994 60,000 0 60,000 60,000 60,000 0 212,994"
3.2,201,213,subtotal,321000 - Institucioni i Avokatit të Popullit,321089 - Institucioni i Avokatit të Popullit,32400 - Institucioni i Avokatit të Popullit,,,,,Totali - Institucioni i Avokatit të Popullit,,,32994.0,60000.0,0.0,60000.0,60000.0,60000.0,0.0,212994.0,"Totali - Institucioni i Avokatit të Popullit 32,994 60,000 0 60,000 60,000 60,000 0 212,994"
3.2,201,227,subtotal,321000 - Institucioni i Avokatit të Popullit,321089 - Institucioni i Avokatit të Popullit,32400 - Institucioni i Avokatit të Popullit,,,,,Totali ( GQ ) - Institucioni i Avokatit të Popullit,GQ,,32994.0,60000.0,0.0,60000.0,60000.0,60000.0,0.0,212994.0,"Totali ( GQ ) - Institucioni i Avokatit të Popullit 32,994 60,000 0 60,000 60,000 60,000 0 212,994"
3.2,201,242,subtotal,321000 - Institucioni i Avokatit të Popullit,321089 - Institucioni i Avokatit të Popullit,32400 - Institucioni i Avokatit të Popullit,,,,,Totali - Institucioni i Avokatit të Popullit,,,32994.0,60000.0,0.0,60000.0,60000.0,60000.0,0.0,212994.0,"Totali - Institucioni i Avokatit të Popullit 32,994 60,000 0 60,000 60,000 60,000 0 212,994"
3.2,201,256,subtotal,321000 - Institucioni i Avokatit të Popullit,321089 - Institucioni i Avokatit të Popullit,32400 - Institucioni i Avokatit të Popullit,,,,,Totali ( GQ ) - Institucioni i Avokatit të Popullit,GQ,,32994.0,60000.0,0.0,60000.0,60000.0,60000.0,0.0,212994.0,"Totali ( GQ ) - Institucioni i Avokatit të Popullit 32,994 60,000 0 60,000 60,000 60,000 0 212,994"
3.2,201,270,subtotal,321000 - Institucioni i Avokatit të Popullit,321089 - Institucioni i Avokatit të Popullit,32400 - Institucioni i Avokatit të Popullit,,,,,Totali - Institucioni i Avokatit të Popullit,,,32994.0,60000.0,0.0,60000.0,60000.0,60000.0,0.0,212994.0,"Totali - Institucioni i Avokatit të Popullit 32,994 60,000 0 60,000 60,000 60,000 0 212,994"
3.2,201,341,project,328000 - Këshilli Gjyqësor i Kosovës,328461 - Sekretariati i KGJK-së,33300 - Sekretariati i KGJK-së,0330,328461-1213900,13252,01.2025-12.2028,Dizajnimi dhe ndertimi i objektit Gjykates Themelore ne Peje,,,,,,,,,,,0330 328461-1213900 13252 01.2025-12.2028 Dizajnimi dhe ndertimi i objektit Gjykates Themelore ne Peje
3.2,201,355,source,328000 - Këshilli Gjyqësor i Kosovës,328461 - Sekretariati i KGJK-së,33300 - Sekretariati i KGJK-së,0330,328461-1213900,13252,01.2025-12.2028,Dizajnimi dhe ndertimi i objektit Gjykates Themelore ne Peje,GQ,,528929.0,800000.0,0.0,800000.0,1500000.0,1500000.0,0.0,4328929.0,"GQ 528,929 800,000 0 800,000 1,500,000 1,500,000 0 4,328,929"
3.2,201,369,project,328000 - Këshilli Gjyqësor i Kosovës,328461 - Sekretariati i KGJK-së,33300 - Sekretariati i KGJK-së,0330,328461-1728286,15246,02.2022-12.2027,Riparimi dhe mirembajtja e objekteve te gjykatave,,,,,,,,,,,0330 328461-1728286 15246 02.2022-12.2027 Riparimi dhe mirembajtja e objekteve te gjykatave
3.2,201,383,source,328000 - Këshilli Gjyqësor i Kosovës,328461 - Sekretariati i KGJK-së,33300 - Sekretariati i KGJK-së,0330,328461-1728286,15246,02.2022-12.2027,Riparimi dhe mirembajtja e objekteve te gjykatave,GQ,,1555096.0,200000.0,0.0,200000.0,300000.0,400000.0,0.0,2455096.0,"GQ 1,555,096 200,000 0 200,000 300,000 400,000 0 2,455,096"
3.2,201,398,project,328000 - Këshilli Gjyqësor i Kosovës,328461 - Sekretariati i KGJK-së,33300 - Sekretariati i KGJK-së,0111,328461-1730228,15513,03.2024-12.2028,Dizajnimi dhe ndertimi i objektit te Gjykates Themelore ne Prizren,,,,,,,,,,,0111 328461-1730228 15513 03.2024-12.2028 Dizajnimi dhe ndertimi i objektit te Gjykates Themelore ne Prizren
3.2,201,412,source,328000 - Këshilli Gjyqësor i Kosovës,328461 - Sekretariati i KGJK-së,33300 - Sekretariati i KGJK-së,0111,328461-1730228,15513,03.2024-12.2028,Dizajnimi dhe ndertimi i objektit te Gjykates Themelore ne Prizren,GQ,,2050316.0,952000.0,0.0,952000.0,1600000.0,0.0,0.0,4602316.0,"GQ 2,050,316 952,000 0 952,000 1,600,000 0 0 4,602,316"
3.2,201,426,project,328000 - Këshilli Gjyqësor i Kosovës,328461 - Sekretariati i KGJK-së,33300 - Sekretariati i KGJK-së,0330,328461-2035594,18555,01.2022-12.2026,Dizajnimi dhe ndertimi i objektit te Gjykates themelore ne Gjilan Dega ne Viti,,,,,,,,,,,0330 328461-2035594 18555 01.2022-12.2026 Dizajnimi dhe ndertimi i objektit te Gjykates themelore ne Gjilan Dega ne Viti
3.2,201,440,source,328000 - Këshilli Gjyqësor i Kosovës,328461 - Sekretariati i KGJK-së,33300 - Sekretariati i KGJK-së,0330,328461-2035594,18555,01.2022-12.2026,Dizajnimi dhe ndertimi i objektit te Gjykates themelore ne Gjilan Dega ne Viti,GQ,,384423.0,500000.0,0.0,500000.0,0.0,0.0,0.0,884423.0,"GQ 384,423 500,000 0 500,000 0 0 0 884,423"
3.2,201,454,project,328000 - Këshilli Gjyqësor i Kosovës,328461 - Sekretariati i KGJK-së,33300 - Sekretariati i KGJK-së,0330,328461-2137709,18804,01.2022-12.2026,Dizajnimi dhe ndertimi i gjykates themelore ne Prishtine-Dega ne Drenas,,,,,,,,,,,0330 328461-2137709 18804 01.2022-12.2026 Dizajnimi dhe ndertimi i gjykates themelore ne Prishtine-Dega ne Drenas
3.2,201,469,source,328000 - Këshilli Gjyqësor i Kosovës,328461 - Sekretariati i KGJK-së,33300 - Sekretariati i KGJK-së,0330,328461-2137709,18804,01.2022-12.2026,Dizajnimi dhe ndertimi i gjykates themelore ne Prishtine-Dega ne Drenas,GQ,,392701.0,400000.0,0.0,400000.0,0.0,0.0,0.0,792701.0,"GQ 392,701 400,000 0 400,000 0 0 0 792,701"
3.2,201,483,project,328000 - Këshilli Gjyqësor i Kosovës,328461 - Sekretariati i KGJK-së,33300 - Sekretariati i KGJK-së,0330,328461-2239657,18969,01.2025-12.2028,Ndertimi i objektit te gjyjates themelore ne Ferizaj-Dega ne Shtime,,,,,,,,,,,0330 328461-2239657 18969 01.2025-12.2028 Ndertimi i objektit te gjyjates themelore ne Ferizaj-Dega ne Shtime
3.2,201,497,source,328000 - Këshilli Gjyqësor i Kosovës,328461 - Sekretariati i KGJK-së,33300 - Sekretariati i KGJK-së,0330,328461-2239657,18969,01.2025-12.2028,Ndertimi i objektit te gjyjates themelore ne Ferizaj-Dega ne Shtime,GQ,,0.0,0.0,0.0,0.0,50000.0,500000.0,0.0,550000.0,"GQ 0 0 0 0 50,000 500,000 0 550,000"
3.2,202,171,project,328000 - Këshilli Gjyqësor i Kosovës,328461 - Sekretariati i KGJK-së,33300 - Sekretariati i KGJK-së,0330,328461-2343571,19185,01.2024-12.2028,Dizajnimi dhe ndertimi i objektit te Arkivit Qendror te gjykatave dhe Gjykates Supreme,,,,,,,,,,,0330 328461-2343571 19185 01.2024-12.2028 Dizajnimi dhe ndertimi i objektit te Arkivit Qendror te gjykatave dhe Gjykates Supreme
3.2,202,185,source,328000 - Këshilli Gjyqësor i Kosovës,328461 - Sekretariati i KGJK-së,33300 - Sekretariati i KGJK-së,0330,328461-2343571,19185,01.2024-12.2028,Dizajnimi dhe ndertimi i objektit te Arkivit Qendror te gjykatave dhe Gjykates Supreme,GQ,,0.0,0.0,0.0,0.0,20000.0,770000.0,0.0,790000.0,"GQ 0 0 0 0 20,000 770,000 0 790,000"
3.2,202,199,project,328000 - Këshilli Gjyqësor i Kosovës,328461 - Sekretariati i KGJK-së,33300 - Sekretariati i KGJK-së,0133,328461-2445501,19338,01.2024-12.2028,Dixhitalizimi i arkivave ne gjykatat e vendit dhe montimi i ormaneve levizes ne shina,,,,,,,,,,,0133 328461-2445501 19338 01.2024-12.2028 Dixhitalizimi i arkivave ne gjykatat e vendit dhe montimi i ormaneve levizes ne shina
3.2,202,213,source,328000 - Këshilli Gjyqësor i Kosovës,328461 - Sekretariati i KGJK-së,33300 - Sekretariati i KGJK-së,0133,328461-2445501,19338,01.2024-12.2028,Dixhitalizimi i arkivave ne gjykatat e vendit dhe montimi i ormaneve levizes ne shina,GQ,,64800.0,170000.0,0.0,170000.0,200000.0,300000.0,0.0,734800.0,"GQ 64,800 170,000 0 170,000 200,000 300,000 0 734,800"
3.2,202,228,project,328000 - Këshilli Gjyqësor i Kosovës,328461 - Sekretariati i KGJK-së,33300 - Sekretariati i KGJK-së,0330,328461-2545938,19562,06.2025-12.2028,Furnizimi dhe montimi i pajisjeve te sigurise per hyrje dhe dalje ne objekt-Akces Kontrollë,,,,,,,,,,,0330 328461-2545938 19562 06.2025-12.2028 Furnizimi dhe montimi i pajisjeve te sigurise per hyrje dhe dalje ne objekt-Akces Kontrollë
3.2,202,242,source,328000 - Këshilli Gjyqësor i Kosovës,328461 - Sekretariati i KGJK-së,33300 - Sekretariati i KGJK-së,0330,328461-2545938,19562,06.2025-12.2028,Furnizimi dhe montimi i pajisjeve te sigurise per hyrje dhe dalje ne objekt-Akces Kontrollë,GQ,,0.0,0.0,250000.0,250000.0,100000.0,300000.0,0.0,650000.0,"GQ 0 0 250,000 250,000 100,000 300,000 0 650,000"
3.2,202,256,project,328000 - Këshilli Gjyqësor i Kosovës,328461 - Sekretariati i KGJK-së,33300 - Sekretariati i KGJK-së,0330,328461-2647651,20653,03.2026-12.2026,Furnizmi dhe vendosja e pompave termike ne objektet e degeve te gjykatave,,,,,,,,,,,0330 328461-2647651 20653 03.2026-12.2026 Furnizmi dhe vendosja e pompave termike ne objektet e degeve te gjykatave
3.2,202,270,source,328000 - Këshilli Gjyqësor i Kosovës,328461 - Sekretariati i KGJK-së,33300 - Sekretariati i KGJK-së,0330,328461-2647651,20653,03.2026-12.2026,Furnizmi dhe vendosja e pompave termike ne objektet e degeve te gjykatave,GQ,,0.0,0.0,250000.0,250000.0,0.0,0.0,0.0,250000.0,"GQ 0 0 250,000 250,000 0 0 0 250,000"
3.2,202,284,project,328000 - Këshilli Gjyqësor i Kosovës,328461 - Sekretariati i KGJK-së,33300 - Sekretariati i KGJK-së,0330,328461-2647658,20654,02.2026-12.2028,Furnizimi me Fotokopje-Pjisje Printimit/Skanimi,,,,,,,,,,,0330 328461-2647658 20654 02.2026-12.2028 Furnizimi me Fotokopje-Pjisje Printimit/Skanimi
3.2,202,298,source,328000 - Këshilli Gjyqësor i Kosovës,328461 - Sekretariati i KGJK-së,33300 - Sekretariati i KGJK-së,0330,328461-2647658,20654,02.2026-12.2028,Furnizimi me Fotokopje-Pjisje Printimit/Skanimi,GQ,,0.0,0.0,250000.0,250000.0,150000.0,150000.0,0.0,550000.0,"GQ 0 0 250,000 250,000 150,000 150,000 0 550,000"
3.2,202,313,project,328000 - Këshilli Gjyqësor i Kosovës,328461 - Sekretariati i KGJK-së,33300 - Sekretariati i KGJK-së,0330,328461-2647663,20656,03.2026-11.2026,"Blerja e pajisjeve per rrjetin kompjuterik te gjykatave, Switch, Router, UPS etj.",,,,,,,,,,,"0330 328461-2647663 20656 03.2026-11.2026 Blerja e pajisjeve per rrjetin kompjuterik te gjykatave, Switch, Router, UPS etj."
3.2,202,327,source,328000 - Këshilli Gjyqësor i Kosovës,328461 - Sekretariati i KGJK-së,33300 - Sekretariati i KGJK-së,0330,328461-2647663,20656,03.2026-11.2026,"Blerja e pajisjeve per rrjetin kompjuterik te gjykatave, Switch, Router, UPS etj.",GQ,,0.0,0.0,148000.0,148000.0,0.0,0.0,0.0,148000.0,"GQ 0 0 148,000 148,000 0 0 0 148,000"
3.2,202,341,subtotal,328000 - Këshilli Gjyqësor i Kosovës,328461 - Sekretariati i KGJK-së,33300 - Sekretariati i KGJK-së,,,,,Totali ( GQ ) - Sekretariati i KGJK-së,GQ,,4976265.0,3022000.0,898000.0,3920000.0,3920000.0,3920000.0,0.0,16736265.0,"Totali ( GQ ) - Sekretariati i KGJK-së 4,976,265 3,022,000 898,000 3,920,000 3,920,000 3,920,000 0 16,736,265"
3.2,202,355,subtotal,328000 - Këshilli Gjyqësor i Kosovës,328461 - Sekretariati i KGJK-së,33300 - Sekretariati i KGJK-së,,,,,Totali - Sekretariati i KGJK-së,,,4976265.0,3022000.0,898000.0,3920000.0,3920000.0,3920000.0,0.0,16736265.0,"Totali - Sekretariati i KGJK-së 4,976,265 3,022,000 898,000 3,920,000 3,920,000 3,920,000 0 16,736,265"
3.2,202,369,subtotal,328000 - Këshilli Gjyqësor i Kosovës,328461 - Sekretariati i KGJK-së,33300 - Sekretariati i KGJK-së,,,,,Totali ( GQ ) - Sekretariati i KGJK-së,GQ,,4976265.0,3022000.0,898000.0,3920000.0,3920000.0,3920000.0,0.0,16736265.0,"Totali ( GQ ) - Sekretariati i KGJK-së 4,976,265 3,022,000 898,000 3,920,000 3,920,000 3,920,000 0 16,736,265"
3.2,202,383,subtotal,328000 - Këshilli Gjyqësor i Kosovës,328461 - Sekretariati i KGJK-së,33300 - Sekretariati i KGJK-së,,,,,Totali - Sekretariati i KGJK-së,,,4976265.0,3022000.0,898000.0,3920000.0,3920000.0,3920000.0,0.0,16736265.0,"Totali - Sekretariati i KGJK-së 4,976,265 3,022,000 898,000 3,920,000 3,920,000 3,920,000 0 16,736,265"
3.2,202,397,subtotal,328000 - Këshilli Gjyqësor i Kosovës,328461 - Sekretariati i KGJK-së,33300 - Sekretariati i KGJK-së,,,,,Totali ( GQ ) - Këshilli Gjyqësor i Kosovës,GQ,,4976265.0,3022000.0,898000.0,3920000.0,3920000.0,3920000.0,0.0,16736265.0,"Totali ( GQ ) - Këshilli Gjyqësor i Kosovës 4,976,265 3,022,000 898,000 3,920,000 3,920,000 3,920,000 0 16,736,265"
3.2,202,412,subtotal,328000 - Këshilli Gjyqësor i Kosovës,328461 - Sekretariati i KGJK-së,33300 - Sekretariati i KGJK-së,,,,,Totali - Këshilli Gjyqësor i Kosovës,,,4976265.0,3022000.0,898000.0,3920000.0,3920000.0,3920000.0,0.0,16736265.0,"Totali - Këshilli Gjyqësor i Kosovës 4,976,265 3,022,000 898,000 3,920,000 3,920,000 3,920,000 0 16,736,265"
3.2,202,469,project,329000 - Agjencia Kosovare për Krahasim dhe Verifikim të Pronës,329405 - Agjencia Kosovare e Pronës,60600 - Agjencia Kosovare pë r Krahasim dhe Verifikim të Pronë s,0460,329405-2545972,19574,05.2025-06.2028,Furnizim me kompjuter dhe laptop,,,,,,,,,,,0460 329405-2545972 19574 05.2025-06.2028 Furnizim me kompjuter dhe laptop
3.2,202,483,source,329000 - Agjencia Kosovare për Krahasim dhe Verifikim të Pronës,329405 - Agjencia Kosovare e Pronës,60600 - Agjencia Kosovare pë r Krahasim dhe Verifikim të Pronë s,0460,329405-2545972,19574,05.2025-06.2028,Furnizim me kompjuter dhe laptop,GQ,,10080.0,10000.0,0.0,10000.0,10000.0,10000.0,0.0,40080.0,"GQ 10,080 10,000 0 10,000 10,000 10,000 0 40,080"
3.2,202,497,project,329000 - Agjencia Kosovare për Krahasim dhe Verifikim të Pronës,329405 - Agjencia Kosovare e Pronës,60600 - Agjencia Kosovare pë r Krahasim dhe Verifikim të Pronë s,0330,329405-2546022,19596,02.2025-12.2028,Furnizim me vetura per mandatin e ri,,,,,,,,,,,0330 329405-2546022 19596 02.2025-12.2028 Furnizim me vetura per mandatin e ri
3.2,202,511,source,329000 - Agjencia Kosovare për Krahasim dhe Verifikim të Pronës,329405 - Agjencia Kosovare e Pronës,60600 - Agjencia Kosovare pë r Krahasim dhe Verifikim të Pronë s,0330,329405-2546022,19596,02.2025-12.2028,Furnizim me vetura per mandatin e ri,GQ,,164020.0,0.0,421500.0,421500.0,421500.0,421500.0,0.0,1428520.0,"GQ 164,020 0 421,500 421,500 421,500 421,500 0 1,428,520"
3.2,203,171,subtotal,329000 - Agjencia Kosovare për Krahasim dhe Verifikim të Pronës,329405 - Agjencia Kosovare e Pronës,60600 - Agjencia Kosovare pë r Krahasim dhe Verifikim të Pronë s,,,,,Totali ( GQ ) - Agjencia Kosovare pë r Krahasim dhe Verifikim të Pronë s,GQ,,174100.0,10000.0,421500.0,431500.0,431500.0,431500.0,0.0,1468600.0,"Totali ( GQ ) - Agjencia Kosovare pë r Krahasim dhe Verifikim të Pronë s 174,100 10,000 421,500 431,500 431,500 431,500 0 1,468,600"
3.2,203,185,subtotal,329000 - Agjencia Kosovare për Krahasim dhe Verifikim të Pronës,329405 - Agjencia Kosovare e Pronës,60600 - Agjencia Kosovare pë r Krahasim dhe Verifikim të Pronë s,,,,,Totali - Agjencia Kosovare e Pronës,,,174100.0,10000.0,421500.0,431500.0,431500.0,431500.0,0.0,1468600.0,"Totali - Agjencia Kosovare e Pronës 174,100 10,000 421,500 431,500 431,500 431,500 0 1,468,600"
3.2,203,199,subtotal,329000 - Agjencia Kosovare për Krahasim dhe Verifikim të Pronës,329405 - Agjencia Kosovare e Pronës,60600 - Agjencia Kosovare pë r Krahasim dhe Verifikim të Pronë s,,,,,Totali ( GQ ) - Agjencia Kosovare e Pronës,GQ,,174100.0,10000.0,421500.0,431500.0,431500.0,431500.0,0.0,1468600.0,"Totali ( GQ ) - Agjencia Kosovare e Pronës 174,100 10,000 421,500 431,500 431,500 431,500 0 1,468,600"
3.2,203,213,subtotal,329000 - Agjencia Kosovare për Krahasim dhe Verifikim të Pronës,329405 - Agjencia Kosovare e Pronës,60600 - Agjencia Kosovare pë r Krahasim dhe Verifikim të Pronë s,,,,,Totali - Agjencia Kosovare e Pronës,,,174100.0,10000.0,421500.0,431500.0,431500.0,431500.0,0.0,1468600.0,"Totali - Agjencia Kosovare e Pronës 174,100 10,000 421,500 431,500 431,500 431,500 0 1,468,600"
3.2,203,227,subtotal,329000 - Agjencia Kosovare për Krahasim dhe Verifikim të Pronës,329405 - Agjencia Kosovare e Pronës,60600 - Agjencia Kosovare pë r Krahasim dhe Verifikim të Pronë s,,,,,Totali ( GQ ) - Agjencia Kosovare për Krahasim dhe Verifikim të Pronës,GQ,,174100.0,10000.0,421500.0,431500.0,431500.0,431500.0,0.0,1468600.0,"Totali ( GQ ) - Agjencia Kosovare për Krahasim dhe Verifikim të Pronës 174,100 10,000 421,500 431,500 431,500 431,500 0 1,468,600"
3.2,203,242,subtotal,329000 - Agjencia Kosovare për Krahasim dhe Verifikim të Pronës,329405 - Agjencia Kosovare e Pronës,60600 - Agjencia Kosovare pë r Krahasim dhe Verifikim të Pronë s,,,,,Totali - Agjencia Kosovare për Krahasim dhe Verifikim të Pronës,,,174100.0,10000.0,421500.0,431500.0,431500.0,431500.0,0.0,1468600.0,"Totali - Agjencia Kosovare për Krahasim dhe Verifikim të Pronës 174,100 10,000 421,500 431,500 431,500 431,500 0 1,468,600"
3.2,203,270,subtotal,329000 - Agjencia Kosovare për Krahasim dhe Verifikim të Pronës,329405 - Agjencia Kosovare e Pronës,60600 - Agjencia Kosovare pë r Krahasim dhe Verifikim të Pronë s,,,,,Totali,,,2111874643.0,626011992.0,27539660.0,653551652.0,819293598.0,816732262.0,0.0,4401452155.0,"Totali 2,111,874,643 626,011,992 27,539,660 653,551,652 819,293,598 816,732,262 0 4,401,452,155"
3.2,203,284,subtotal,329000 - Agjencia Kosovare për Krahasim dhe Verifikim të Pronës,329405 - Agjencia Kosovare e Pronës,60600 - Agjencia Kosovare pë r Krahasim dhe Verifikim të Pronë s,,,,,Totali( GQ ),GQ,,2066086342.0,623361992.0,27539660.0,650901652.0,722732652.0,763219012.0,0.0,4202939658.0,"Totali( GQ ) 2,066,086,342 623,361,992 27,539,660 650,901,652 722,732,652 763,219,012 0 4,202,939,658"
3.2,203,298,subtotal,329000 - Agjencia Kosovare për Krahasim dhe Verifikim të Pronës,329405 - Agjencia Kosovare e Pronës,60600 - Agjencia Kosovare pë r Krahasim dhe Verifikim të Pronë s,,,,,Totali ( THV ),THV,,0.0,0.0,0.0,0.0,0.0,0.0,0.0,0.0,Totali ( THV ) 0 0 0 0 0 0 0 0
3.2,203,312,subtotal,329000 - Agjencia Kosovare për Krahasim dhe Verifikim të Pronës,329405 - Agjencia Kosovare e Pronës,60600 - Agjencia Kosovare pë r Krahasim dhe Verifikim të Pronë s,,,,,Totali ( FH ),FH,,45788301.0,2650000.0,0.0,2650000.0,96560946.0,53513250.0,0.0,198512497.0,"Totali ( FH ) 45,788,301 2,650,000 0 2,650,000 96,560,946 53,513,250 0 198,512,497"
3.2,203,326,subtotal,329000 - Agjencia Kosovare për Krahasim dhe Verifikim të Pronës,329405 - Agjencia Kosovare e Pronës,60600 - Agjencia Kosovare pë r Krahasim dhe Verifikim të Pronë s,,,,,Totali ( THD ),THD,,0.0,0.0,0.0,0.0,0.0,0.0,0.0,0.0,Totali ( THD ) 0 0 0 0 0 0 0 0
3.2,203,340,subtotal,329000 - Agjencia Kosovare për Krahasim dhe Verifikim të Pronës,329405 - Agjencia Kosovare e Pronës,60600 - Agjencia Kosovare pë r Krahasim dhe Verifikim të Pronë s,,,,,Totali ( THAKP ),THAKP,,0.0,0.0,0.0,0.0,0.0,0.0,0.0,0.0,Totali ( THAKP ) 0 0 0 0 0 0 0 0
