table,page,top,code,muni,label,y2024,y2025,y2026,y2027,y2028,raw
4.3,647,24,,,Buxheti i,,2028.0,,,,Buxheti i Komunave për vitin 2026 - 2028
4.3,647,132,611,Gllogovc,Të Hyrat Komunale Totale,20968992.0,22133550.0,23734533.0,24949699.0,26143011.0,"Të Hyrat Komunale Totale 20,968,992 22,133,550 23,734,533 24,949,699 26,143,011"
4.3,647,145,611,Gllogovc,Të Hyrat Vetanake,1560705.0,1936467.0,2269199.0,2430150.0,2439460.0,"Të Hyrat Vetanake 1,560,705 1,936,467 2,269,199 2,430,150 2,439,460"
4.3,647,158,611,Gllogovc,Tatimi në tokë,162752.0,162273.0,189794.0,229650.0,230798.0,"Tatimi në tokë 162,752 162,273 189,794 229,650 230,798"
4.3,647,172,611,Gllogovc,Tatimi në pronë,774863.0,693527.0,761072.0,816250.0,824412.0,"Tatimi në pronë 774,863 693,527 761,072 816,250 824,412"
4.3,647,185,611,Gllogovc,Taksat Komunale,452606.0,909767.0,753549.0,761866.0,764558.0,"Taksat Komunale 452,606 909,767 753,549 761,866 764,558"
4.3,647,199,611,Gllogovc,Licencat dhe lejet,115000.0,345000.0,347000.0,320488.0,350000.0,"Licencat dhe lejet 115,000 345,000 347,000 320,488 350,000"
4.3,647,212,611,Gllogovc,Certifikatat dhe dokumentet zyrtare,88560.0,57000.0,25000.0,100000.0,50000.0,"Certifikatat dhe dokumentet zyrtare 88,560 57,000 25,000 100,000 50,000"
4.3,647,226,611,Gllogovc,Taksat e pajisjeve motorike,120000.0,122000.0,51716.0,70000.0,50000.0,"Taksat e pajisjeve motorike 120,000 122,000 51,716 70,000 50,000"
4.3,647,239,611,Gllogovc,Lejet per ndertesa,78904.0,203667.0,199833.0,170616.0,181177.0,"Lejet per ndertesa 78,904 203,667 199,833 170,616 181,177"
4.3,647,253,611,Gllogovc,Taksat tjera komunale,50142.0,182100.0,130000.0,100762.0,133381.0,"Taksat tjera komunale 50,142 182,100 130,000 100,762 133,381"
4.3,647,266,611,Gllogovc,Ngarkesat Komunale,135484.0,159000.0,259047.0,280125.0,348692.0,"Ngarkesat Komunale 135,484 159,000 259,047 280,125 348,692"
4.3,647,280,611,Gllogovc,Ngarkesat rregullatore,32484.0,,25000.0,92125.0,50000.0,"Ngarkesat rregullatore 32,484 25,000 92,125 50,000"
4.3,647,293,611,Gllogovc,Te hyrat nga qiraja,40000.0,90000.0,82500.0,90000.0,128950.0,"Te hyrat nga qiraja 40,000 90,000 82,500 90,000 128,950"
4.3,647,307,611,Gllogovc,Bashke-pagesat per arsim,27000.0,30000.0,55000.0,60000.0,65000.0,"Bashke-pagesat per arsim 27,000 30,000 55,000 60,000 65,000"
4.3,647,320,611,Gllogovc,Bashke-pagesat per shendetesi,36000.0,39000.0,30000.0,32000.0,34000.0,"Bashke-pagesat per shendetesi 36,000 39,000 30,000 32,000 34,000"
4.3,647,334,611,Gllogovc,Ngarkesat tjera komunale,,,66547.0,6000.0,70742.0,"Ngarkesat tjera komunale 66,547 6,000 70,742"
4.3,647,347,611,Gllogovc,Te hyrat tjera,35000.0,11900.0,305737.0,342259.0,271000.0,"Te hyrat tjera 35,000 11,900 305,737 342,259 271,000"
4.3,647,361,611,Gllogovc,Transferet Qeveritare,19408287.0,20197083.0,21465334.0,22519549.0,23703551.0,"Transferet Qeveritare 19,408,287 20,197,083 21,465,334 22,519,549 23,703,551"
4.3,647,374,611,Gllogovc,Granti i Përgjithshëm,8736919.0,9439381.0,9540816.0,10274195.0,11096836.0,"Granti i Përgjithshëm 8,736,919 9,439,381 9,540,816 10,274,195 11,096,836"
4.3,647,388,611,Gllogovc,Granti për Arsim,7843632.0,8232004.0,9242523.0,9519799.0,9805393.0,"Granti për Arsim 7,843,632 8,232,004 9,242,523 9,519,799 9,805,393"
4.3,647,401,611,Gllogovc,Granti për Shëndetësi,2827736.0,2525698.0,2451995.0,2525555.0,2601322.0,"Granti për Shëndetësi 2,827,736 2,525,698 2,451,995 2,525,555 2,601,322"
4.3,647,415,611,Gllogovc,Financimi për Shërbime Rezidenciale,,,230000.0,200000.0,200000.0,"Financimi për Shërbime Rezidenciale 230,000 200,000 200,000"
4.3,647,428,611,Gllogovc,Financimi nga Huamarrja,,,0.0,0.0,0.0,Financimi nga Huamarrja 0 0 0
4.3,647,442,611,Gllogovc,Financimi nga Huamarrja,,,0.0,0.0,0.0,Financimi nga Huamarrja 0 0 0
4.3,647,519,612,Fushë Kosovë,Të Hyrat Komunale Totale,16285500.0,16747838.0,26803586.0,28359191.0,30015824.0,"Të Hyrat Komunale Totale 16,285,500 16,747,838 26,803,586 28,359,191 30,015,824"
4.3,647,532,612,Fushë Kosovë,Të Hyrat Vetanake,3714607.0,3459675.0,4423751.0,4713766.0,4727669.0,"Të Hyrat Vetanake 3,714,607 3,459,675 4,423,751 4,713,766 4,727,669"
4.3,647,545,612,Fushë Kosovë,Tatimi në tokë,230871.0,230192.0,269231.0,325769.0,327398.0,"Tatimi në tokë 230,871 230,192 269,231 325,769 327,398"
4.3,647,559,612,Fushë Kosovë,Tatimi në pronë,1165198.0,1042889.0,1144460.0,1227434.0,1239708.0,"Tatimi në pronë 1,165,198 1,042,889 1,144,460 1,227,434 1,239,708"
4.3,647,572,612,Fushë Kosovë,Taksat Komunale,2038538.0,1965094.0,2045600.0,2130600.0,2277700.0,"Taksat Komunale 2,038,538 1,965,094 2,045,600 2,130,600 2,277,700"
4.3,647,586,612,Fushë Kosovë,Licencat dhe lejet,65000.0,150000.0,600.0,600.0,700.0,"Licencat dhe lejet 65,000 150,000 600 600 700"
4.3,647,599,612,Fushë Kosovë,Certifikatat dhe dokumentet zyrtare,45000.0,95000.0,45000.0,55000.0,62000.0,"Certifikatat dhe dokumentet zyrtare 45,000 95,000 45,000 55,000 62,000"
4.3,647,613,612,Fushë Kosovë,Taksat e pajisjeve motorike,108000.0,228000.0,150000.0,155000.0,165000.0,"Taksat e pajisjeve motorike 108,000 228,000 150,000 155,000 165,000"
4.3,647,626,612,Fushë Kosovë,Lejet per ndertesa,1730538.0,1186112.0,1350000.0,1400000.0,1450000.0,"Lejet per ndertesa 1,730,538 1,186,112 1,350,000 1,400,000 1,450,000"
4.3,647,640,612,Fushë Kosovë,Taksat tjera komunale,90000.0,305982.0,500000.0,520000.0,600000.0,"Taksat tjera komunale 90,000 305,982 500,000 520,000 600,000"
4.3,647,653,612,Fushë Kosovë,Ngarkesat Komunale,120000.0,141000.0,153000.0,179500.0,183560.0,"Ngarkesat Komunale 120,000 141,000 153,000 179,500 183,560"
4.3,647,667,612,Fushë Kosovë,Te hyrat nga qiraja,10000.0,12000.0,3000.0,3500.0,3560.0,"Te hyrat nga qiraja 10,000 12,000 3,000 3,500 3,560"
4.3,647,680,612,Fushë Kosovë,Bashke-pagesat per arsim,70000.0,90000.0,100000.0,120000.0,122000.0,"Bashke-pagesat per arsim 70,000 90,000 100,000 120,000 122,000"
4.3,647,694,612,Fushë Kosovë,Bashke-pagesat per shendetesi,40000.0,39000.0,50000.0,56000.0,58000.0,"Bashke-pagesat per shendetesi 40,000 39,000 50,000 56,000 58,000"
4.3,647,707,612,Fushë Kosovë,Ngarkesat tjera komunale,,,0.0,0.0,0.0,Ngarkesat tjera komunale 0 0 0
4.3,647,767,612,Fushë Kosovë,19 February 2026,,,,,24.0,19 February 2026 Sistemi i Zhvillimit dhe Menaxhimit te Buxhetit (BDMS) Page 1 of 24
4.3,648,24,612,Fushë Kosovë,Buxheti i,,2028.0,,,,Buxheti i Komunave për vitin 2026 - 2028
4.3,648,131,612,Fushë Kosovë,Te hyrat tjera,160000.0,80500.0,811460.0,850463.0,699303.0,"Te hyrat tjera 160,000 80,500 811,460 850,463 699,303"
4.3,648,145,612,Fushë Kosovë,Transferet Qeveritare,12570893.0,13288163.0,22379835.0,23645425.0,25288155.0,"Transferet Qeveritare 12,570,893 13,288,163 22,379,835 23,645,425 25,288,155"
4.3,648,158,612,Fushë Kosovë,Granti i Përgjithshëm,5480065.0,5916282.0,12603039.0,13575325.0,14665953.0,"Granti i Përgjithshëm 5,480,065 5,916,282 12,603,039 13,575,325 14,665,953"
4.3,648,172,612,Fushë Kosovë,Granti për Arsim,5278623.0,5530790.0,7221020.0,7437651.0,7660780.0,"Granti për Arsim 5,278,623 5,530,790 7,221,020 7,437,651 7,660,780"
4.3,648,185,612,Fushë Kosovë,Granti për Shëndetësi,1812205.0,1841091.0,2555776.0,2632449.0,2711422.0,"Granti për Shëndetësi 1,812,205 1,841,091 2,555,776 2,632,449 2,711,422"
4.3,648,199,612,Fushë Kosovë,Financimi për Shërbime Rezidenciale,,,0.0,0.0,250000.0,"Financimi për Shërbime Rezidenciale 0 0 250,000"
4.3,648,212,612,Fushë Kosovë,Financimi nga Huamarrja,,,0.0,0.0,0.0,Financimi nga Huamarrja 0 0 0
4.3,648,226,612,Fushë Kosovë,Financimi nga Huamarrja,,,0.0,0.0,0.0,Financimi nga Huamarrja 0 0 0
4.3,648,303,613,Lipjan,Të Hyrat Komunale Totale,23053203.0,24897038.0,27764459.0,29268584.0,30684566.0,"Të Hyrat Komunale Totale 23,053,203 24,897,038 27,764,459 29,268,584 30,684,566"
4.3,648,316,613,Lipjan,Të Hyrat Vetanake,2532006.0,3174047.0,3368140.0,3618802.0,3634463.0,"Të Hyrat Vetanake 2,532,006 3,174,047 3,368,140 3,618,802 3,634,463"
4.3,648,329,613,Lipjan,Tatimi në tokë,287565.0,286721.0,335347.0,405769.0,407798.0,"Tatimi në tokë 287,565 286,721 335,347 405,769 407,798"
4.3,648,343,613,Lipjan,Tatimi në pronë,1294090.0,1158252.0,1271058.0,1363210.0,1376842.0,"Tatimi në pronë 1,294,090 1,158,252 1,271,058 1,363,210 1,376,842"
4.3,648,356,613,Lipjan,Taksat Komunale,716851.0,1493574.0,1536235.0,1569323.0,1569323.0,"Taksat Komunale 716,851 1,493,574 1,536,235 1,569,323 1,569,323"
4.3,648,370,613,Lipjan,Licencat dhe lejet,,,0.0,0.0,0.0,Licencat dhe lejet 0 0 0
4.3,648,383,613,Lipjan,Certifikatat dhe dokumentet zyrtare,65000.0,70000.0,45000.0,50000.0,50000.0,"Certifikatat dhe dokumentet zyrtare 65,000 70,000 45,000 50,000 50,000"
4.3,648,397,613,Lipjan,Taksat e pajisjeve motorike,120000.0,150000.0,173000.0,148050.0,148050.0,"Taksat e pajisjeve motorike 120,000 150,000 173,000 148,050 148,050"
4.3,648,410,613,Lipjan,Lejet per ndertesa,150000.0,300000.0,700000.0,700000.0,700000.0,"Lejet per ndertesa 150,000 300,000 700,000 700,000 700,000"
4.3,648,424,613,Lipjan,Taksat tjera komunale,381851.0,973574.0,618235.0,671273.0,671273.0,"Taksat tjera komunale 381,851 973,574 618,235 671,273 671,273"
4.3,648,437,613,Lipjan,Ngarkesat Komunale,223500.0,220500.0,224000.0,280500.0,280500.0,"Ngarkesat Komunale 223,500 220,500 224,000 280,500 280,500"
4.3,648,451,613,Lipjan,Te hyrat nga qiraja,43000.0,55000.0,55000.0,110000.0,110000.0,"Te hyrat nga qiraja 43,000 55,000 55,000 110,000 110,000"
4.3,648,464,613,Lipjan,Bashke-pagesat per arsim,130500.0,115500.0,109000.0,110500.0,110500.0,"Bashke-pagesat per arsim 130,500 115,500 109,000 110,500 110,500"
4.3,648,478,613,Lipjan,Bashke-pagesat per shendetesi,50000.0,50000.0,60000.0,60000.0,60000.0,"Bashke-pagesat per shendetesi 50,000 50,000 60,000 60,000 60,000"
4.3,648,491,613,Lipjan,Te hyrat tjera,,,0.0,0.0,0.0,Te hyrat tjera 0 0 0
4.3,648,505,613,Lipjan,Shitja e aseteve,10000.0,15000.0,1500.0,0.0,0.0,"Shitja e aseteve 10,000 15,000 1,500 0 0"
4.3,648,518,613,Lipjan,Transferet Qeveritare,20521197.0,21722991.0,24396319.0,25649782.0,27050103.0,"Transferet Qeveritare 20,521,197 21,722,991 24,396,319 25,649,782 27,050,103"
4.3,648,532,613,Lipjan,Granti i Përgjithshëm,8942841.0,9661940.0,11218401.0,12082526.0,13051829.0,"Granti i Përgjithshëm 8,942,841 9,661,940 11,218,401 12,082,526 13,051,829"
4.3,648,545,613,Lipjan,Granti për Arsim,8536930.0,8837533.0,9965184.0,10264140.0,10572064.0,"Granti për Arsim 8,536,930 8,837,533 9,965,184 10,264,140 10,572,064"
4.3,648,559,613,Lipjan,Granti për Shëndetësi,2864360.0,3023518.0,3012734.0,3103116.0,3196210.0,"Granti për Shëndetësi 2,864,360 3,023,518 3,012,734 3,103,116 3,196,210"
4.3,648,572,613,Lipjan,Financimi për Shërbime Rezidenciale,177066.0,200000.0,200000.0,200000.0,230000.0,"Financimi për Shërbime Rezidenciale 177,066 200,000 200,000 200,000 230,000"
4.3,648,586,613,Lipjan,Financimi nga Huamarrja,,,0.0,0.0,0.0,Financimi nga Huamarrja 0 0 0
4.3,648,599,613,Lipjan,Financimi nga Huamarrja,,,0.0,0.0,0.0,Financimi nga Huamarrja 0 0 0
4.3,648,677,614,Obiliq,Të Hyrat Komunale Totale,14248389.0,14516132.0,16281831.0,17171256.0,17709418.0,"Të Hyrat Komunale Totale 14,248,389 14,516,132 16,281,831 17,171,256 17,709,418"
4.3,648,689,614,Obiliq,Të Hyrat Vetanake,1255245.0,1291588.0,1398314.0,1506758.0,1514221.0,"Të Hyrat Vetanake 1,255,245 1,291,588 1,398,314 1,506,758 1,514,221"
4.3,648,703,614,Obiliq,Tatimi në tokë,133127.0,132736.0,155247.0,187848.0,188788.0,"Tatimi në tokë 133,127 132,736 155,247 187,848 188,788"
4.3,648,767,614,Obiliq,19 February 2026,,,,,24.0,19 February 2026 Sistemi i Zhvillimit dhe Menaxhimit te Buxhetit (BDMS) Page 2 of 24
4.3,649,24,614,Obiliq,Buxheti i,,2028.0,,,,Buxheti i Komunave për vitin 2026 - 2028
4.3,649,131,614,Obiliq,Tatimi në pronë,619381.0,554366.0,608358.0,652464.0,658988.0,"Tatimi në pronë 619,381 554,366 608,358 652,464 658,988"
4.3,649,145,614,Obiliq,Taksat Komunale,363737.0,443613.0,471278.0,494843.0,495833.0,"Taksat Komunale 363,737 443,613 471,278 494,843 495,833"
4.3,649,158,614,Obiliq,Licencat dhe lejet,99250.0,99500.0,100492.0,105517.0,105728.0,"Licencat dhe lejet 99,250 99,500 100,492 105,517 105,728"
4.3,649,172,614,Obiliq,Certifikatat dhe dokumentet zyrtare,42500.0,73000.0,76000.0,78300.0,78457.0,"Certifikatat dhe dokumentet zyrtare 42,500 73,000 76,000 78,300 78,457"
4.3,649,185,614,Obiliq,Taksat e pajisjeve motorike,43200.0,63500.0,75000.0,77250.0,77405.0,"Taksat e pajisjeve motorike 43,200 63,500 75,000 77,250 77,405"
4.3,649,199,614,Obiliq,Lejet per ndertesa,130000.0,138613.0,135444.0,146218.0,146510.0,"Lejet per ndertesa 130,000 138,613 135,444 146,218 146,510"
4.3,649,212,614,Obiliq,Taksat tjera komunale,48787.0,69000.0,84342.0,87559.0,87734.0,"Taksat tjera komunale 48,787 69,000 84,342 87,559 87,734"
4.3,649,226,614,Obiliq,Taksat për Mbeturinat,,,0.0,0.0,0.0,Taksat për Mbeturinat 0 0 0
4.3,649,239,614,Obiliq,Ngarkesat Komunale,95000.0,100000.0,101000.0,106050.0,106262.0,"Ngarkesat Komunale 95,000 100,000 101,000 106,050 106,262"
4.3,649,253,614,Obiliq,Ngarkesat rregullatore,,,0.0,0.0,0.0,Ngarkesat rregullatore 0 0 0
4.3,649,266,614,Obiliq,Te hyrat nga qiraja,21000.0,21000.0,21000.0,22050.0,22094.0,"Te hyrat nga qiraja 21,000 21,000 21,000 22,050 22,094"
4.3,649,280,614,Obiliq,Bashke-pagesat per arsim,50000.0,50000.0,50000.0,52500.0,52605.0,"Bashke-pagesat per arsim 50,000 50,000 50,000 52,500 52,605"
4.3,649,293,614,Obiliq,Bashke-pagesat per shendetesi,14000.0,14000.0,14000.0,14700.0,14729.0,"Bashke-pagesat per shendetesi 14,000 14,000 14,000 14,700 14,729"
4.3,649,307,614,Obiliq,Ngarkesat tjera komunale,10000.0,15000.0,16000.0,16800.0,16834.0,"Ngarkesat tjera komunale 10,000 15,000 16,000 16,800 16,834"
4.3,649,320,614,Obiliq,Te hyrat tjera,44000.0,60873.0,62431.0,65553.0,64350.0,"Te hyrat tjera 44,000 60,873 62,431 65,553 64,350"
4.3,649,334,614,Obiliq,Transferet Qeveritare,12993144.0,13224544.0,14883517.0,15664498.0,16195197.0,"Transferet Qeveritare 12,993,144 13,224,544 14,883,517 15,664,498 16,195,197"
4.3,649,347,614,Obiliq,Granti i Përgjithshëm,3438437.0,3707881.0,4863406.0,5231784.0,5645001.0,"Granti i Përgjithshëm 3,438,437 3,707,881 4,863,406 5,231,784 5,645,001"
4.3,649,361,614,Obiliq,Granti për Arsim,3171199.0,3340714.0,3980266.0,4099674.0,4222664.0,"Granti për Arsim 3,171,199 3,340,714 3,980,266 4,099,674 4,222,664"
4.3,649,374,614,Obiliq,Granti për Shëndetësi,1383508.0,1375949.0,1439845.0,1483040.0,1527532.0,"Granti për Shëndetësi 1,383,508 1,375,949 1,439,845 1,483,040 1,527,532"
4.3,649,388,614,Obiliq,Financimi për Shërbime Rezidenciale,,,0.0,250000.0,200000.0,"Financimi për Shërbime Rezidenciale 0 250,000 200,000"
4.3,649,401,614,Obiliq,Financimi për Obiliqin,5000000.0,4800000.0,4600000.0,4600000.0,4600000.0,"Financimi për Obiliqin 5,000,000 4,800,000 4,600,000 4,600,000 4,600,000"
4.3,649,415,614,Obiliq,Financimi nga Huamarrja,,,0.0,0.0,0.0,Financimi nga Huamarrja 0 0 0
4.3,649,428,614,Obiliq,Financimi nga Huamarrja,,,0.0,0.0,0.0,Financimi nga Huamarrja 0 0 0
4.3,649,506,615,Podujevë,Të Hyrat Komunale Totale,31268469.0,33459115.0,34778954.0,36640812.0,38453975.0,"Të Hyrat Komunale Totale 31,268,469 33,459,115 34,778,954 36,640,812 38,453,975"
4.3,649,518,615,Podujevë,Të Hyrat Vetanake,1859659.0,1986336.0,2358325.0,2518647.0,2527090.0,"Të Hyrat Vetanake 1,859,659 1,986,336 2,358,325 2,518,647 2,527,090"
4.3,649,532,615,Podujevë,Tatimi në tokë,143739.0,143316.0,167622.0,202822.0,203836.0,"Tatimi në tokë 143,739 143,316 167,622 202,822 203,836"
4.3,649,545,615,Podujevë,Tatimi në pronë,705256.0,631226.0,692704.0,742925.0,750354.0,"Tatimi në pronë 705,256 631,226 692,704 742,925 750,354"
4.3,649,559,615,Podujevë,Taksat Komunale,593664.0,711794.0,986999.0,1031900.0,1031900.0,"Taksat Komunale 593,664 711,794 986,999 1,031,900 1,031,900"
4.3,649,572,615,Podujevë,Licencat dhe lejet,130757.0,170000.0,250000.0,250000.0,300000.0,"Licencat dhe lejet 130,757 170,000 250,000 250,000 300,000"
4.3,649,586,615,Podujevë,Certifikatat dhe dokumentet zyrtare,100000.0,122551.0,212378.0,180000.0,276164.0,"Certifikatat dhe dokumentet zyrtare 100,000 122,551 212,378 180,000 276,164"
4.3,649,599,615,Podujevë,Taksat e pajisjeve motorike,100000.0,106684.0,180000.0,157929.0,105736.0,"Taksat e pajisjeve motorike 100,000 106,684 180,000 157,929 105,736"
4.3,649,613,615,Podujevë,Lejet per ndertesa,208664.0,250000.0,238297.0,290000.0,250000.0,"Lejet per ndertesa 208,664 250,000 238,297 290,000 250,000"
4.3,649,626,615,Podujevë,Taksat tjera komunale,54243.0,62559.0,106324.0,153971.0,100000.0,"Taksat tjera komunale 54,243 62,559 106,324 153,971 100,000"
4.3,649,640,615,Podujevë,Taksat për Mbeturinat,,,0.0,0.0,0.0,Taksat për Mbeturinat 0 0 0
4.3,649,653,615,Podujevë,Ngarkesat Komunale,267000.0,350000.0,391000.0,391000.0,391000.0,"Ngarkesat Komunale 267,000 350,000 391,000 391,000 391,000"
4.3,649,667,615,Podujevë,Ngarkesat rregullatore,,,0.0,0.0,0.0,Ngarkesat rregullatore 0 0 0
4.3,649,680,615,Podujevë,Te hyrat nga qiraja,120000.0,120000.0,150000.0,150000.0,150000.0,"Te hyrat nga qiraja 120,000 120,000 150,000 150,000 150,000"
4.3,649,694,615,Podujevë,Bashke-pagesat per arsim,75000.0,150000.0,155000.0,155000.0,155000.0,"Bashke-pagesat per arsim 75,000 150,000 155,000 155,000 155,000"
4.3,649,707,615,Podujevë,Bashke-pagesat per shendetesi,72000.0,80000.0,86000.0,86000.0,86000.0,"Bashke-pagesat per shendetesi 72,000 80,000 86,000 86,000 86,000"
4.3,649,767,615,Podujevë,19 February 2026,,,,,24.0,19 February 2026 Sistemi i Zhvillimit dhe Menaxhimit te Buxhetit (BDMS) Page 3 of 24
4.3,650,24,615,Podujevë,Buxheti i,,2028.0,,,,Buxheti i Komunave për vitin 2026 - 2028
4.3,650,131,615,Podujevë,Ngarkesat tjera komunale,,,0.0,0.0,0.0,Ngarkesat tjera komunale 0 0 0
4.3,650,145,615,Podujevë,Te hyrat tjera,150000.0,150000.0,120000.0,150000.0,150000.0,"Te hyrat tjera 150,000 150,000 120,000 150,000 150,000"
4.3,650,158,615,Podujevë,Transferet Qeveritare,29183360.0,31472779.0,32420629.0,34122165.0,35926885.0,"Transferet Qeveritare 29,183,360 31,472,779 32,420,629 34,122,165 35,926,885"
4.3,650,172,615,Podujevë,Granti i Përgjithshëm,13533122.0,14627269.0,14627269.0,15627262.0,16884235.0,"Granti i Përgjithshëm 13,533,122 14,627,269 14,627,269 15,627,262 16,884,235"
4.3,650,185,615,Podujevë,Granti për Arsim,12086230.0,13190988.0,13690040.0,14100741.0,14523764.0,"Granti për Arsim 12,086,230 13,190,988 13,690,040 14,100,741 14,523,764"
4.3,650,199,615,Podujevë,Granti për Shëndetësi,3413259.0,3347173.0,3687591.0,3798218.0,3912165.0,"Granti për Shëndetësi 3,413,259 3,347,173 3,687,591 3,798,218 3,912,165"
4.3,650,212,615,Podujevë,Financimi për Shërbime Rezidenciale,,150000.0,230000.0,400000.0,400000.0,"Financimi për Shërbime Rezidenciale 150,000 230,000 400,000 400,000"
4.3,650,226,615,Podujevë,Financimi për Teatrot,150749.0,157349.0,185729.0,195944.0,206721.0,"Financimi për Teatrot 150,749 157,349 185,729 195,944 206,721"
4.3,650,239,615,Podujevë,Financimi nga Huamarrja,225450.0,,0.0,0.0,0.0,"Financimi nga Huamarrja 225,450 0 0 0"
4.3,650,253,615,Podujevë,Financimi nga Huamarrja,225450.0,,0.0,0.0,0.0,"Financimi nga Huamarrja 225,450 0 0 0"
4.3,650,330,616,Prishtinë,Të Hyrat Komunale Totale,123699998.0,128100224.0,151533449.0,158727536.0,165649028.0,"Të Hyrat Komunale Totale 123,699,998 128,100,224 151,533,449 158,727,536 165,649,028"
4.3,650,343,616,Prishtinë,Të Hyrat Vetanake,38778968.0,38391116.0,41244772.0,44068534.0,44111415.0,"Të Hyrat Vetanake 38,778,968 38,391,116 41,244,772 44,068,534 44,111,415"
4.3,650,356,616,Prishtinë,Tatimi në tokë,2627058.0,2619339.0,3063554.0,3706901.0,3725435.0,"Tatimi në tokë 2,627,058 2,619,339 3,063,554 3,706,901 3,725,435"
4.3,650,370,616,Prishtinë,Tatimi në pronë,12278770.0,10989892.0,12060238.0,12934605.0,13063951.0,"Tatimi në pronë 12,278,770 10,989,892 12,060,238 12,934,605 13,063,951"
4.3,650,383,616,Prishtinë,Taksat Komunale,21473140.0,18331885.0,20655853.0,20046901.0,19566902.0,"Taksat Komunale 21,473,140 18,331,885 20,655,853 20,046,901 19,566,902"
4.3,650,397,616,Prishtinë,Licencat dhe lejet,1200000.0,1590089.0,1100843.0,1600843.0,1734029.0,"Licencat dhe lejet 1,200,000 1,590,089 1,100,843 1,600,843 1,734,029"
4.3,650,410,616,Prishtinë,Certifikatat dhe dokumentet zyrtare,250000.0,250000.0,250000.0,250000.0,250000.0,"Certifikatat dhe dokumentet zyrtare 250,000 250,000 250,000 250,000 250,000"
4.3,650,424,616,Prishtinë,Taksat e pajisjeve motorike,750000.0,900000.0,850000.0,950000.0,1000000.0,"Taksat e pajisjeve motorike 750,000 900,000 850,000 950,000 1,000,000"
4.3,650,437,616,Prishtinë,Lejet per ndertesa,13735140.0,11003796.0,12082137.0,11477010.0,12044873.0,"Lejet per ndertesa 13,735,140 11,003,796 12,082,137 11,477,010 12,044,873"
4.3,650,451,616,Prishtinë,Taksat tjera komunale,1200000.0,250000.0,2034873.0,1431048.0,200000.0,"Taksat tjera komunale 1,200,000 250,000 2,034,873 1,431,048 200,000"
4.3,650,464,616,Prishtinë,Taksat për Mbeturinat,4338000.0,4338000.0,4338000.0,4338000.0,4338000.0,"Taksat për Mbeturinat 4,338,000 4,338,000 4,338,000 4,338,000 4,338,000"
4.3,650,478,616,Prishtinë,Ngarkesat Komunale,1200000.0,5250000.0,4950127.0,5415127.0,5790127.0,"Ngarkesat Komunale 1,200,000 5,250,000 4,950,127 5,415,127 5,790,127"
4.3,650,491,616,Prishtinë,Ngarkesat rregullatore,,1000000.0,1000000.0,1200000.0,1200000.0,"Ngarkesat rregullatore 1,000,000 1,000,000 1,200,000 1,200,000"
4.3,650,505,616,Prishtinë,Te hyrat nga qiraja,,,0.0,0.0,0.0,Te hyrat nga qiraja 0 0 0
4.3,650,518,616,Prishtinë,Bashke-pagesat per arsim,800000.0,800000.0,800000.0,800000.0,800000.0,"Bashke-pagesat per arsim 800,000 800,000 800,000 800,000 800,000"
4.3,650,532,616,Prishtinë,Bashke-pagesat per shendetesi,400000.0,400000.0,400000.0,400000.0,400000.0,"Bashke-pagesat per shendetesi 400,000 400,000 400,000 400,000 400,000"
4.3,650,545,616,Prishtinë,Ngarkesat tjera komunale,,3050000.0,2750127.0,3015127.0,3390127.0,"Ngarkesat tjera komunale 3,050,000 2,750,127 3,015,127 3,390,127"
4.3,650,559,616,Prishtinë,Te hyrat tjera,1185000.0,1185000.0,500000.0,1950000.0,1950000.0,"Te hyrat tjera 1,185,000 1,185,000 500,000 1,950,000 1,950,000"
4.3,650,572,616,Prishtinë,Shitja e aseteve,15000.0,15000.0,15000.0,15000.0,15000.0,"Shitja e aseteve 15,000 15,000 15,000 15,000 15,000"
4.3,650,586,616,Prishtinë,Transferet Qeveritare,83921030.0,88709108.0,108288677.0,114659002.0,121537613.0,"Transferet Qeveritare 83,921,030 88,709,108 108,288,677 114,659,002 121,537,613"
4.3,650,599,616,Prishtinë,Granti i Përgjithshëm,29068230.0,31427358.0,43646608.0,47034254.0,50834223.0,"Granti i Përgjithshëm 29,068,230 31,427,358 43,646,608 47,034,254 50,834,223"
4.3,650,613,616,Prishtinë,Granti për Arsim,26506354.0,27093624.0,30932322.0,31860292.0,32816101.0,"Granti për Arsim 26,506,354 27,093,624 30,932,322 31,860,292 32,816,101"
4.3,650,626,616,Prishtinë,Granti për Shëndetësi,10456520.0,11738786.0,12115627.0,12479096.0,12853469.0,"Granti për Shëndetësi 10,456,520 11,738,786 12,115,627 12,479,096 12,853,469"
4.3,650,640,616,Prishtinë,Financimi për Shërbime Rezidenciale,809127.0,,1282500.0,1415000.0,1415000.0,"Financimi për Shërbime Rezidenciale 809,127 1,282,500 1,415,000 1,415,000"
4.3,650,653,616,Prishtinë,Granti shtesë për Kryeqytetin-Prishtinën,17080800.0,18449340.0,20311620.0,21870360.0,23618820.0,"Granti shtesë për Kryeqytetin-Prishtinën 17,080,800 18,449,340 20,311,620 21,870,360 23,618,820"
4.3,650,667,616,Prishtinë,Financimi nga Huamarrja,1000000.0,1000000.0,2000000.0,0.0,0.0,"Financimi nga Huamarrja 1,000,000 1,000,000 2,000,000 0 0"
4.3,650,680,616,Prishtinë,Financimi nga Huamarrja,1000000.0,1000000.0,2000000.0,0.0,0.0,"Financimi nga Huamarrja 1,000,000 1,000,000 2,000,000 0 0"
4.3,650,767,616,Prishtinë,19 February 2026,,,,,24.0,19 February 2026 Sistemi i Zhvillimit dhe Menaxhimit te Buxhetit (BDMS) Page 4 of 24
4.3,651,24,616,Prishtinë,Buxheti i,,2028.0,,,,Buxheti i Komunave për vitin 2026 - 2028
4.3,651,132,617,Shtime,Të Hyrat Komunale Totale,10200509.0,10777180.0,11443985.0,12040989.0,12662887.0,"Të Hyrat Komunale Totale 10,200,509 10,777,180 11,443,985 12,040,989 12,662,887"
4.3,651,145,617,Shtime,Të Hyrat Vetanake,569700.0,858258.0,859497.0,918269.0,921378.0,"Të Hyrat Vetanake 569,700 858,258 859,497 918,269 921,378"
4.3,651,158,617,Shtime,Tatimi në tokë,53987.0,53828.0,62957.0,76178.0,76559.0,"Tatimi në tokë 53,987 53,828 62,957 76,178 76,559"
4.3,651,172,617,Shtime,Tatimi në pronë,259017.0,231829.0,254407.0,272852.0,275580.0,"Tatimi në pronë 259,017 231,829 254,407 272,852 275,580"
4.3,651,185,617,Shtime,Taksat Komunale,133596.0,363546.0,342121.0,367015.0,363762.0,"Taksat Komunale 133,596 363,546 342,121 367,015 363,762"
4.3,651,199,617,Shtime,Licencat dhe lejet,1000.0,1000.0,1000.0,1000.0,1000.0,"Licencat dhe lejet 1,000 1,000 1,000 1,000 1,000"
4.3,651,212,617,Shtime,Certifikatat dhe dokumentet zyrtare,21800.0,37808.0,37808.0,34699.0,31446.0,"Certifikatat dhe dokumentet zyrtare 21,800 37,808 37,808 34,699 31,446"
4.3,651,226,617,Shtime,Taksat e pajisjeve motorike,45200.0,42808.0,42808.0,42808.0,42808.0,"Taksat e pajisjeve motorike 45,200 42,808 42,808 42,808 42,808"
4.3,651,239,617,Shtime,Lejet per ndertesa,65596.0,281930.0,260505.0,288508.0,288508.0,"Lejet per ndertesa 65,596 281,930 260,505 288,508 288,508"
4.3,651,253,617,Shtime,Ngarkesat Komunale,116100.0,198005.0,188962.0,191174.0,194427.0,"Ngarkesat Komunale 116,100 198,005 188,962 191,174 194,427"
4.3,651,266,617,Shtime,Ngarkesat rregullatore,41000.0,78510.0,76045.0,78257.0,81510.0,"Ngarkesat rregullatore 41,000 78,510 76,045 78,257 81,510"
4.3,651,280,617,Shtime,Te hyrat nga qiraja,7000.0,28745.0,28745.0,28745.0,28745.0,"Te hyrat nga qiraja 7,000 28,745 28,745 28,745 28,745"
4.3,651,293,617,Shtime,Bashke-pagesat per arsim,26100.0,48750.0,42172.0,42172.0,42172.0,"Bashke-pagesat per arsim 26,100 48,750 42,172 42,172 42,172"
4.3,651,307,617,Shtime,Bashke-pagesat per shendetesi,42000.0,42000.0,42000.0,42000.0,42000.0,"Bashke-pagesat per shendetesi 42,000 42,000 42,000 42,000 42,000"
4.3,651,320,617,Shtime,Te hyrat tjera,5000.0,11050.0,11050.0,11050.0,11050.0,"Te hyrat tjera 5,000 11,050 11,050 11,050 11,050"
4.3,651,334,617,Shtime,Shitja e aseteve,2000.0,,0.0,0.0,0.0,"Shitja e aseteve 2,000 0 0 0"
4.3,651,347,617,Shtime,Transferet Qeveritare,9337118.0,9918922.0,10584488.0,11122720.0,11741509.0,"Transferet Qeveritare 9,337,118 9,918,922 10,584,488 11,122,720 11,741,509"
4.3,651,361,617,Shtime,Granti i Përgjithshëm,4226764.0,4560657.0,4949596.0,5324781.0,5745632.0,"Granti i Përgjithshëm 4,226,764 4,560,657 4,949,596 5,324,781 5,745,632"
4.3,651,374,617,Shtime,Granti për Arsim,3683008.0,3954859.0,4094895.0,4217742.0,4344274.0,"Granti për Arsim 3,683,008 3,954,859 4,094,895 4,217,742 4,344,274"
4.3,651,388,617,Shtime,Granti për Shëndetësi,1248634.0,1203406.0,1339997.0,1380197.0,1421603.0,"Granti për Shëndetësi 1,248,634 1,203,406 1,339,997 1,380,197 1,421,603"
4.3,651,401,617,Shtime,Financimi për Shërbime Rezidenciale,178712.0,200000.0,200000.0,200000.0,230000.0,"Financimi për Shërbime Rezidenciale 178,712 200,000 200,000 200,000 230,000"
4.3,651,415,617,Shtime,Financimi nga Huamarrja,293691.0,,0.0,0.0,0.0,"Financimi nga Huamarrja 293,691 0 0 0"
4.3,651,428,617,Shtime,Financimi nga Huamarrja,293691.0,,0.0,0.0,0.0,"Financimi nga Huamarrja 293,691 0 0 0"
4.3,651,506,618,Graçanic,Të Hyrat Komunale Totale,8985460.0,9753348.0,12530650.0,13188035.0,13715960.0,"Të Hyrat Komunale Totale 8,985,460 9,753,348 12,530,650 13,188,035 13,715,960"
4.3,651,518,618,Graçanic,Të Hyrat Vetanake,2290078.0,2729206.0,2835540.0,3044070.0,3057477.0,"Të Hyrat Vetanake 2,290,078 2,729,206 2,835,540 3,044,070 3,057,477"
4.3,651,532,618,Graçanic,Tatimi në tokë,224857.0,224196.0,262218.0,317283.0,318870.0,"Tatimi në tokë 224,857 224,196 262,218 317,283 318,870"
4.3,651,545,618,Graçanic,Tatimi në pronë,1122109.0,1004323.0,1102138.0,1182403.0,1193863.0,"Tatimi në pronë 1,122,109 1,004,323 1,102,138 1,182,403 1,193,863"
4.3,651,559,618,Graçanic,Taksat Komunale,921112.0,1478687.0,1449184.0,1522384.0,1522744.0,"Taksat Komunale 921,112 1,478,687 1,449,184 1,522,384 1,522,744"
4.3,651,572,618,Graçanic,Licencat dhe lejet,330000.0,817383.0,880000.0,860000.0,860000.0,"Licencat dhe lejet 330,000 817,383 880,000 860,000 860,000"
4.3,651,586,618,Graçanic,Certifikatat dhe dokumentet zyrtare,60000.0,60000.0,60000.0,60000.0,60000.0,"Certifikatat dhe dokumentet zyrtare 60,000 60,000 60,000 60,000 60,000"
4.3,651,599,618,Graçanic,Taksat e pajisjeve motorike,37000.0,108981.0,142782.0,127717.0,111130.0,"Taksat e pajisjeve motorike 37,000 108,981 142,782 127,717 111,130"
4.3,651,613,618,Graçanic,Lejet per ndertesa,219398.0,206255.0,274126.0,382391.0,399338.0,"Lejet per ndertesa 219,398 206,255 274,126 382,391 399,338"
4.3,651,626,618,Graçanic,Taksat tjera komunale,274714.0,286068.0,92276.0,92276.0,92276.0,"Taksat tjera komunale 274,714 286,068 92,276 92,276 92,276"
4.3,651,640,618,Graçanic,Te hyrat tjera,22000.0,22000.0,22000.0,22000.0,22000.0,"Te hyrat tjera 22,000 22,000 22,000 22,000 22,000"
4.3,651,653,618,Graçanic,Transferet Qeveritare,6695382.0,7024142.0,9695110.0,10143965.0,10658483.0,"Transferet Qeveritare 6,695,382 7,024,142 9,695,110 10,143,965 10,658,483"
4.3,651,667,618,Graçanic,Granti i Përgjithshëm,3066939.0,3305350.0,4644635.0,4995699.0,5389492.0,"Granti i Përgjithshëm 3,066,939 3,305,350 4,644,635 4,995,699 5,389,492"
4.3,651,680,618,Graçanic,Granti për Arsim,1733548.0,1898336.0,2275233.0,2343490.0,2413795.0,"Granti për Arsim 1,733,548 1,898,336 2,275,233 2,343,490 2,413,795"
4.3,651,694,618,Graçanic,Granti për Shëndetësi,475813.0,529685.0,984471.0,1014005.0,1044425.0,"Granti për Shëndetësi 475,813 529,685 984,471 1,014,005 1,044,425"
4.3,651,707,618,Graçanic,Financimi për Shërbime Rezidenciale,328311.0,200000.0,400000.0,400000.0,420000.0,"Financimi për Shërbime Rezidenciale 328,311 200,000 400,000 400,000 420,000"
4.3,651,767,618,Graçanic,19 February 2026,,,,,24.0,19 February 2026 Sistemi i Zhvillimit dhe Menaxhimit te Buxhetit (BDMS) Page 5 of 24
4.3,652,24,618,Graçanic,Buxheti i,,2028.0,,,,Buxheti i Komunave për vitin 2026 - 2028
4.3,652,131,618,Graçanic,Financimi për Shëndetesi Sekondare,1090771.0,1090771.0,1390771.0,1390771.0,1390771.0,"Financimi për Shëndetesi Sekondare 1,090,771 1,090,771 1,390,771 1,390,771 1,390,771"
4.3,652,209,621,Dragash,Të Hyrat Komunale Totale,12110967.0,12872213.0,13254882.0,14018667.0,15062082.0,"Të Hyrat Komunale Totale 12,110,967 12,872,213 13,254,882 14,018,667 15,062,082"
4.3,652,221,621,Dragash,Të Hyrat Vetanake,464450.0,551054.0,589728.0,635922.0,639242.0,"Të Hyrat Vetanake 464,450 551,054 589,728 635,922 639,242"
4.3,652,235,621,Dragash,Tatimi në tokë,56707.0,56540.0,66129.0,80016.0,80416.0,"Tatimi në tokë 56,707 56,540 66,129 80,016 80,416"
4.3,652,248,621,Dragash,Tatimi në pronë,277233.0,248132.0,272299.0,292041.0,294961.0,"Tatimi në pronë 277,233 248,132 272,299 292,041 294,961"
4.3,652,262,621,Dragash,Taksat Komunale,52857.0,131382.0,141382.0,159175.0,155258.0,"Taksat Komunale 52,857 131,382 141,382 159,175 155,258"
4.3,652,275,621,Dragash,Licencat dhe lejet,5000.0,10000.0,20000.0,30000.0,30000.0,"Licencat dhe lejet 5,000 10,000 20,000 30,000 30,000"
4.3,652,289,621,Dragash,Certifikatat dhe dokumentet zyrtare,19000.0,50000.0,50000.0,50000.0,50000.0,"Certifikatat dhe dokumentet zyrtare 19,000 50,000 50,000 50,000 50,000"
4.3,652,302,621,Dragash,Taksat e pajisjeve motorike,17713.0,51382.0,51382.0,51382.0,51382.0,"Taksat e pajisjeve motorike 17,713 51,382 51,382 51,382 51,382"
4.3,652,316,621,Dragash,Lejet per ndertesa,6144.0,10000.0,10000.0,14793.0,10000.0,"Lejet per ndertesa 6,144 10,000 10,000 14,793 10,000"
4.3,652,329,621,Dragash,Taksat tjera komunale,5000.0,10000.0,10000.0,13000.0,13876.0,"Taksat tjera komunale 5,000 10,000 10,000 13,000 13,876"
4.3,652,343,621,Dragash,Ngarkesat Komunale,77653.0,115000.0,109918.0,104690.0,108607.0,"Ngarkesat Komunale 77,653 115,000 109,918 104,690 108,607"
4.3,652,356,621,Dragash,Te hyrat nga qiraja,5000.0,20000.0,20000.0,30000.0,30000.0,"Te hyrat nga qiraja 5,000 20,000 20,000 30,000 30,000"
4.3,652,370,621,Dragash,Bashke-pagesat per shendetesi,25000.0,25000.0,0.0,0.0,0.0,"Bashke-pagesat per shendetesi 25,000 25,000 0 0 0"
4.3,652,383,621,Dragash,Ngarkesat tjera komunale,47653.0,70000.0,89918.0,74690.0,78607.0,"Ngarkesat tjera komunale 47,653 70,000 89,918 74,690 78,607"
4.3,652,397,621,Dragash,Transferet Qeveritare,11646517.0,12321159.0,12665153.0,13382745.0,14422840.0,"Transferet Qeveritare 11,646,517 12,321,159 12,665,153 13,382,745 14,422,840"
4.3,652,410,621,Dragash,Granti i Përgjithshëm,6607712.0,7135380.0,7272043.0,7827842.0,8451289.0,"Granti i Përgjithshëm 6,607,712 7,135,380 7,272,043 7,827,842 8,451,289"
4.3,652,424,621,Dragash,Granti për Arsim,3638070.0,3705014.0,3766347.0,3879337.0,3995718.0,"Granti për Arsim 3,638,070 3,705,014 3,766,347 3,879,337 3,995,718"
4.3,652,437,621,Dragash,Granti për Shëndetësi,1400735.0,1480765.0,1626763.0,1675566.0,1725833.0,"Granti për Shëndetësi 1,400,735 1,480,765 1,626,763 1,675,566 1,725,833"
4.3,652,451,621,Dragash,Financimi për Shërbime Rezidenciale,,,0.0,0.0,250000.0,"Financimi për Shërbime Rezidenciale 0 0 250,000"
4.3,652,464,621,Dragash,Financimi nga Huamarrja,,,0.0,0.0,0.0,Financimi nga Huamarrja 0 0 0
4.3,652,478,621,Dragash,Financimi nga Huamarrja,,,0.0,0.0,0.0,Financimi nga Huamarrja 0 0 0
4.3,652,555,622,Prizreni,Të Hyrat Komunale Totale,66201980.0,70352476.0,75045313.0,79063818.0,82530327.0,"Të Hyrat Komunale Totale 66,201,980 70,352,476 75,045,313 79,063,818 82,530,327"
4.3,652,568,622,Prizreni,Të Hyrat Vetanake,10193294.0,10600777.0,11365868.0,12148905.0,12190552.0,"Të Hyrat Vetanake 10,193,294 10,600,777 11,365,868 12,148,905 12,190,552"
4.3,652,581,622,Prizreni,Tatimi në tokë,741484.0,739305.0,864684.0,1046268.0,1051500.0,"Tatimi në tokë 741,484 739,305 864,684 1,046,268 1,051,500"
4.3,652,595,622,Prizreni,Tatimi në pronë,3456928.0,3094023.0,3395361.0,3641525.0,3677940.0,"Tatimi në pronë 3,456,928 3,094,023 3,395,361 3,641,525 3,677,940"
4.3,652,608,622,Prizreni,Taksat Komunale,4399882.0,5207449.0,5475823.0,5741112.0,5741112.0,"Taksat Komunale 4,399,882 5,207,449 5,475,823 5,741,112 5,741,112"
4.3,652,622,622,Prizreni,Licencat dhe lejet,420000.0,420000.0,450000.0,480000.0,480000.0,"Licencat dhe lejet 420,000 420,000 450,000 480,000 480,000"
4.3,652,635,622,Prizreni,Certifikatat dhe dokumentet zyrtare,560000.0,580000.0,590000.0,620000.0,620000.0,"Certifikatat dhe dokumentet zyrtare 560,000 580,000 590,000 620,000 620,000"
4.3,652,649,622,Prizreni,Taksat e pajisjeve motorike,520000.0,540000.0,590000.0,620000.0,620000.0,"Taksat e pajisjeve motorike 520,000 540,000 590,000 620,000 620,000"
4.3,652,662,622,Prizreni,Lejet per ndertesa,1408072.0,1670000.0,1705967.0,1808000.0,1798001.0,"Lejet per ndertesa 1,408,072 1,670,000 1,705,967 1,808,000 1,798,001"
4.3,652,676,622,Prizreni,Taksat tjera komunale,200000.0,200000.0,350000.0,380000.0,380000.0,"Taksat tjera komunale 200,000 200,000 350,000 380,000 380,000"
4.3,652,689,622,Prizreni,Taksat për Mbeturinat,1291810.0,1797449.0,1789856.0,1833112.0,1843111.0,"Taksat për Mbeturinat 1,291,810 1,797,449 1,789,856 1,833,112 1,843,111"
4.3,652,703,622,Prizreni,Ngarkesat Komunale,1245000.0,1180000.0,1220000.0,1270000.0,1270000.0,"Ngarkesat Komunale 1,245,000 1,180,000 1,220,000 1,270,000 1,270,000"
4.3,652,767,622,Prizreni,19 February 2026,,,,,24.0,19 February 2026 Sistemi i Zhvillimit dhe Menaxhimit te Buxhetit (BDMS) Page 6 of 24
4.3,653,24,622,Prizreni,Buxheti i,,2028.0,,,,Buxheti i Komunave për vitin 2026 - 2028
4.3,653,131,622,Prizreni,Te hyrat nga qiraja,545000.0,480000.0,520000.0,570000.0,570000.0,"Te hyrat nga qiraja 545,000 480,000 520,000 570,000 570,000"
4.3,653,145,622,Prizreni,Bashke-pagesat per arsim,470000.0,470000.0,470000.0,470000.0,470000.0,"Bashke-pagesat per arsim 470,000 470,000 470,000 470,000 470,000"
4.3,653,158,622,Prizreni,Bashke-pagesat per shendetesi,230000.0,230000.0,230000.0,230000.0,230000.0,"Bashke-pagesat per shendetesi 230,000 230,000 230,000 230,000 230,000"
4.3,653,172,622,Prizreni,Te hyrat tjera,350000.0,380000.0,410000.0,450000.0,450000.0,"Te hyrat tjera 350,000 380,000 410,000 450,000 450,000"
4.3,653,185,622,Prizreni,Transferet Qeveritare,55008686.0,58251699.0,62279445.0,65614913.0,69289775.0,"Transferet Qeveritare 55,008,686 58,251,699 62,279,445 65,614,913 69,289,775"
4.3,653,199,622,Prizreni,Granti i Përgjithshëm,28389830.0,30693900.0,31387250.0,33823382.0,36556025.0,"Granti i Përgjithshëm 28,389,830 30,693,900 31,387,250 33,823,382 36,556,025"
4.3,653,212,622,Prizreni,Granti për Arsim,19383402.0,20247089.0,22967574.0,23656602.0,24366300.0,"Granti për Arsim 19,383,402 20,247,089 22,967,574 23,656,602 24,366,300"
4.3,653,226,622,Prizreni,Granti për Shëndetësi,6542493.0,6981279.0,6904266.0,7111394.0,7324735.0,"Granti për Shëndetësi 6,542,493 6,981,279 6,904,266 7,111,394 7,324,735"
4.3,653,239,622,Prizreni,Financimi për Shërbime Rezidenciale,377483.0,,630000.0,615000.0,615000.0,"Financimi për Shërbime Rezidenciale 377,483 630,000 615,000 615,000"
4.3,653,253,622,Prizreni,Financimi për Teatrot,263947.0,275065.0,330553.0,348733.0,367913.0,"Financimi për Teatrot 263,947 275,065 330,553 348,733 367,913"
4.3,653,266,622,Prizreni,"Financimi për QHP, QKHFZ dhe KHM",51532.0,54366.0,59802.0,59802.0,59802.0,"Financimi për QHP, QKHFZ dhe KHM 51,532 54,366 59,802 59,802 59,802"
4.3,653,280,622,Prizreni,Financimi nga Huamarrja,1000000.0,1500000.0,1400000.0,1300000.0,1050000.0,"Financimi nga Huamarrja 1,000,000 1,500,000 1,400,000 1,300,000 1,050,000"
4.3,653,293,622,Prizreni,Financimi nga Huamarrja,1000000.0,1500000.0,1400000.0,1300000.0,1050000.0,"Financimi nga Huamarrja 1,000,000 1,500,000 1,400,000 1,300,000 1,050,000"
4.3,653,371,623,Rahovec,Të Hyrat Komunale Totale,19804785.0,20982796.0,21547734.0,22139295.0,23077400.0,"Të Hyrat Komunale Totale 19,804,785 20,982,796 21,547,734 22,139,295 23,077,400"
4.3,653,383,623,Rahovec,Të Hyrat Vetanake,1614904.0,2001711.0,2251414.0,2403069.0,2305695.0,"Të Hyrat Vetanake 1,614,904 2,001,711 2,251,414 2,403,069 2,305,695"
4.3,653,397,623,Rahovec,Tatimi në tokë,134374.0,133979.0,156701.0,189608.0,190556.0,"Tatimi në tokë 134,374 133,979 156,701 189,608 190,556"
4.3,653,410,623,Rahovec,Tatimi në pronë,634015.0,567464.0,622731.0,667879.0,674558.0,"Tatimi në pronë 634,015 567,464 622,731 667,879 674,558"
4.3,653,424,623,Rahovec,Taksat Komunale,488500.0,693350.0,810982.0,850582.0,779581.0,"Taksat Komunale 488,500 693,350 810,982 850,582 779,581"
4.3,653,437,623,Rahovec,Licencat dhe lejet,76500.0,25100.0,30000.0,37582.0,32000.0,"Licencat dhe lejet 76,500 25,100 30,000 37,582 32,000"
4.3,653,451,623,Rahovec,Certifikatat dhe dokumentet zyrtare,70000.0,92250.0,117982.0,120000.0,110000.0,"Certifikatat dhe dokumentet zyrtare 70,000 92,250 117,982 120,000 110,000"
4.3,653,464,623,Rahovec,Taksat e pajisjeve motorike,90000.0,140000.0,150000.0,160000.0,150000.0,"Taksat e pajisjeve motorike 90,000 140,000 150,000 160,000 150,000"
4.3,653,478,623,Rahovec,Lejet per ndertesa,39000.0,86000.0,98000.0,102000.0,97581.0,"Lejet per ndertesa 39,000 86,000 98,000 102,000 97,581"
4.3,653,491,623,Rahovec,Taksat tjera komunale,43000.0,150000.0,175000.0,181000.0,170000.0,"Taksat tjera komunale 43,000 150,000 175,000 181,000 170,000"
4.3,653,505,623,Rahovec,Taksat për Mbeturinat,170000.0,200000.0,240000.0,250000.0,220000.0,"Taksat për Mbeturinat 170,000 200,000 240,000 250,000 220,000"
4.3,653,518,623,Rahovec,Ngarkesat Komunale,328072.0,536918.0,571000.0,605000.0,571000.0,"Ngarkesat Komunale 328,072 536,918 571,000 605,000 571,000"
4.3,653,532,623,Rahovec,Ngarkesat rregullatore,21500.0,75000.0,85000.0,96000.0,85000.0,"Ngarkesat rregullatore 21,500 75,000 85,000 96,000 85,000"
4.3,653,545,623,Rahovec,Te hyrat nga qiraja,92400.0,141500.0,150000.0,160000.0,150000.0,"Te hyrat nga qiraja 92,400 141,500 150,000 160,000 150,000"
4.3,653,559,623,Rahovec,Bashke-pagesat per arsim,30000.0,80000.0,86000.0,90000.0,86000.0,"Bashke-pagesat per arsim 30,000 80,000 86,000 90,000 86,000"
4.3,653,572,623,Rahovec,Bashke-pagesat per shendetesi,80000.0,90000.0,95000.0,100000.0,95000.0,"Bashke-pagesat per shendetesi 80,000 90,000 95,000 100,000 95,000"
4.3,653,586,623,Rahovec,Ngarkesat tjera komunale,104172.0,150418.0,155000.0,159000.0,155000.0,"Ngarkesat tjera komunale 104,172 150,418 155,000 159,000 155,000"
4.3,653,599,623,Rahovec,Te hyrat tjera,29943.0,70000.0,90000.0,90000.0,90000.0,"Te hyrat tjera 29,943 70,000 90,000 90,000 90,000"
4.3,653,613,623,Rahovec,Transferet Qeveritare,18189881.0,18981085.0,19296320.0,19736226.0,20771705.0,"Transferet Qeveritare 18,189,881 18,981,085 19,296,320 19,736,226 20,771,705"
4.3,653,626,623,Rahovec,Granti i Përgjithshëm,8486139.0,9168059.0,9168061.0,9142030.0,9872695.0,"Granti i Përgjithshëm 8,486,139 9,168,059 9,168,061 9,142,030 9,872,695"
4.3,653,640,623,Rahovec,Granti për Arsim,7138467.0,7330156.0,7504301.0,7729431.0,7961314.0,"Granti për Arsim 7,138,467 7,330,156 7,504,301 7,729,431 7,961,314"
4.3,653,653,623,Rahovec,Granti për Shëndetësi,2536204.0,2452200.0,2360221.0,2431028.0,2503959.0,"Granti për Shëndetësi 2,536,204 2,452,200 2,360,221 2,431,028 2,503,959"
4.3,653,667,623,Rahovec,Financimi për Shërbime Rezidenciale,,,230000.0,400000.0,400000.0,"Financimi për Shërbime Rezidenciale 230,000 400,000 400,000"
4.3,653,680,623,Rahovec,"Financimi për QHP, QKHFZ dhe KHM",29071.0,30670.0,33737.0,33737.0,33737.0,"Financimi për QHP, QKHFZ dhe KHM 29,071 30,670 33,737 33,737 33,737"
4.3,653,694,623,Rahovec,Financimi nga Huamarrja,,,0.0,0.0,0.0,Financimi nga Huamarrja 0 0 0
4.3,653,707,623,Rahovec,Financimi nga Huamarrja,,,0.0,0.0,0.0,Financimi nga Huamarrja 0 0 0
4.3,653,767,623,Rahovec,19 February 2026,,,,,24.0,19 February 2026 Sistemi i Zhvillimit dhe Menaxhimit te Buxhetit (BDMS) Page 7 of 24
4.3,654,24,623,Rahovec,Buxheti i,,2028.0,,,,Buxheti i Komunave për vitin 2026 - 2028
4.3,654,132,624,Suharekë,Të Hyrat Komunale Totale,22084869.0,23284922.0,23789870.0,24552052.0,25718000.0,"Të Hyrat Komunale Totale 22,084,869 23,284,922 23,789,870 24,552,052 25,718,000"
4.3,654,145,624,Suharekë,Të Hyrat Vetanake,2252469.0,2401424.0,2648591.0,2848756.0,2861882.0,"Të Hyrat Vetanake 2,252,469 2,401,424 2,648,591 2,848,756 2,861,882"
4.3,654,158,624,Suharekë,Tatimi në tokë,233993.0,233306.0,272872.0,330176.0,331827.0,"Tatimi në tokë 233,993 233,306 272,872 330,176 331,827"
4.3,654,172,624,Suharekë,Tatimi në pronë,1089403.0,975050.0,1070014.0,1147590.0,1159066.0,"Tatimi në pronë 1,089,403 975,050 1,070,014 1,147,590 1,159,066"
4.3,654,185,624,Suharekë,Taksat Komunale,641000.0,908068.0,891705.0,933000.0,915632.0,"Taksat Komunale 641,000 908,068 891,705 933,000 915,632"
4.3,654,199,624,Suharekë,Licencat dhe lejet,117000.0,165000.0,218000.0,232000.0,244000.0,"Licencat dhe lejet 117,000 165,000 218,000 232,000 244,000"
4.3,654,212,624,Suharekë,Certifikatat dhe dokumentet zyrtare,175000.0,185068.0,155000.0,160000.0,170000.0,"Certifikatat dhe dokumentet zyrtare 175,000 185,068 155,000 160,000 170,000"
4.3,654,226,624,Suharekë,Taksat e pajisjeve motorike,145000.0,148000.0,151000.0,149000.0,158000.0,"Taksat e pajisjeve motorike 145,000 148,000 151,000 149,000 158,000"
4.3,654,239,624,Suharekë,Lejet per ndertesa,141000.0,225000.0,218000.0,210000.0,215000.0,"Lejet per ndertesa 141,000 225,000 218,000 210,000 215,000"
4.3,654,253,624,Suharekë,Taksat tjera komunale,63000.0,185000.0,149705.0,182000.0,128632.0,"Taksat tjera komunale 63,000 185,000 149,705 182,000 128,632"
4.3,654,266,624,Suharekë,Ngarkesat Komunale,288073.0,265000.0,244000.0,271990.0,294357.0,"Ngarkesat Komunale 288,073 265,000 244,000 271,990 294,357"
4.3,654,280,624,Suharekë,Ngarkesat rregullatore,,,0.0,0.0,0.0,Ngarkesat rregullatore 0 0 0
4.3,654,293,624,Suharekë,Te hyrat nga qiraja,145000.0,150000.0,126000.0,149990.0,171357.0,"Te hyrat nga qiraja 145,000 150,000 126,000 149,990 171,357"
4.3,654,307,624,Suharekë,Bashke-pagesat per arsim,47000.0,50000.0,54000.0,54000.0,58000.0,"Bashke-pagesat per arsim 47,000 50,000 54,000 54,000 58,000"
4.3,654,320,624,Suharekë,Bashke-pagesat per shendetesi,60000.0,65000.0,64000.0,68000.0,65000.0,"Bashke-pagesat per shendetesi 60,000 65,000 64,000 68,000 65,000"
4.3,654,334,624,Suharekë,Ngarkesat tjera komunale,36073.0,,0.0,0.0,0.0,"Ngarkesat tjera komunale 36,073 0 0 0"
4.3,654,347,624,Suharekë,Te hyrat tjera,,20000.0,170000.0,166000.0,161000.0,"Te hyrat tjera 20,000 170,000 166,000 161,000"
4.3,654,361,624,Suharekë,Transferet Qeveritare,19832400.0,20883498.0,21141279.0,21703296.0,22856118.0,"Transferet Qeveritare 19,832,400 20,883,498 21,141,279 21,703,296 22,856,118"
4.3,654,374,624,Suharekë,Granti i Përgjithshëm,9075982.0,9806058.0,9806058.0,10028018.0,10830582.0,"Granti i Përgjithshëm 9,075,982 9,806,058 9,806,058 10,028,018 10,830,582"
4.3,654,388,624,Suharekë,Granti për Arsim,8245932.0,8596834.0,8923575.0,9191282.0,9467021.0,"Granti për Arsim 8,245,932 8,596,834 8,923,575 9,191,282 9,467,021"
4.3,654,401,624,Suharekë,Granti për Shëndetësi,2510486.0,2480606.0,2411646.0,2483996.0,2558515.0,"Granti për Shëndetësi 2,510,486 2,480,606 2,411,646 2,483,996 2,558,515"
4.3,654,415,624,Suharekë,Financimi nga Huamarrja,,,0.0,0.0,0.0,Financimi nga Huamarrja 0 0 0
4.3,654,428,624,Suharekë,Financimi nga Huamarrja,,,0.0,0.0,0.0,Financimi nga Huamarrja 0 0 0
4.3,654,506,625,Malishevë,Të Hyrat Komunale Totale,19740806.0,21576545.0,22088710.0,23189679.0,24296821.0,"Të Hyrat Komunale Totale 19,740,806 21,576,545 22,088,710 23,189,679 24,296,821"
4.3,654,518,625,Malishevë,Të Hyrat Vetanake,916849.0,1505526.0,1943948.0,2063571.0,2068041.0,"Të Hyrat Vetanake 916,849 1,505,526 1,943,948 2,063,571 2,068,041"
4.3,654,532,625,Malishevë,Tatimi në tokë,75927.0,75704.0,88543.0,107137.0,107673.0,"Tatimi në tokë 75,927 75,704 88,543 107,137 107,673"
4.3,654,545,625,Malishevë,Tatimi në pronë,373656.0,334434.0,367005.0,393614.0,397549.0,"Tatimi në pronë 373,656 334,434 367,005 393,614 397,549"
4.3,654,559,625,Malishevë,Taksat Komunale,279266.0,692388.0,1000400.0,1046820.0,959460.0,"Taksat Komunale 279,266 692,388 1,000,400 1,046,820 959,460"
4.3,654,572,625,Malishevë,Licencat dhe lejet,30000.0,102000.0,110000.0,50000.0,50000.0,"Licencat dhe lejet 30,000 102,000 110,000 50,000 50,000"
4.3,654,586,625,Malishevë,Certifikatat dhe dokumentet zyrtare,89842.0,104526.0,154526.0,279526.0,184526.0,"Certifikatat dhe dokumentet zyrtare 89,842 104,526 154,526 279,526 184,526"
4.3,654,599,625,Malishevë,Taksat e pajisjeve motorike,50000.0,55000.0,40000.0,60000.0,70000.0,"Taksat e pajisjeve motorike 50,000 55,000 40,000 60,000 70,000"
4.3,654,613,625,Malishevë,Lejet per ndertesa,50000.0,355862.0,457645.0,392431.0,190000.0,"Lejet per ndertesa 50,000 355,862 457,645 392,431 190,000"
4.3,654,626,625,Malishevë,Taksat tjera komunale,59424.0,75000.0,238229.0,264863.0,464934.0,"Taksat tjera komunale 59,424 75,000 238,229 264,863 464,934"
4.3,654,640,625,Malishevë,Ngarkesat Komunale,188000.0,333000.0,403000.0,426000.0,503359.0,"Ngarkesat Komunale 188,000 333,000 403,000 426,000 503,359"
4.3,654,653,625,Malishevë,Ngarkesat rregullatore,20000.0,30000.0,75000.0,88000.0,70000.0,"Ngarkesat rregullatore 20,000 30,000 75,000 88,000 70,000"
4.3,654,667,625,Malishevë,Te hyrat nga qiraja,40000.0,20000.0,30000.0,35000.0,40000.0,"Te hyrat nga qiraja 40,000 20,000 30,000 35,000 40,000"
4.3,654,680,625,Malishevë,Bashke-pagesat per arsim,60000.0,185000.0,185000.0,185000.0,265359.0,"Bashke-pagesat per arsim 60,000 185,000 185,000 185,000 265,359"
4.3,654,694,625,Malishevë,Bashke-pagesat per shendetesi,68000.0,68000.0,68000.0,68000.0,68000.0,"Bashke-pagesat per shendetesi 68,000 68,000 68,000 68,000 68,000"
4.3,654,707,625,Malishevë,Ngarkesat tjera komunale,,30000.0,45000.0,50000.0,60000.0,"Ngarkesat tjera komunale 30,000 45,000 50,000 60,000"
4.3,654,767,625,Malishevë,19 February 2026,,,,,24.0,19 February 2026 Sistemi i Zhvillimit dhe Menaxhimit te Buxhetit (BDMS) Page 8 of 24
4.3,655,24,625,Malishevë,Buxheti i,,2028.0,,,,Buxheti i Komunave për vitin 2026 - 2028
4.3,655,131,625,Malishevë,Te hyrat tjera,,70000.0,85000.0,90000.0,100000.0,"Te hyrat tjera 70,000 85,000 90,000 100,000"
4.3,655,145,625,Malishevë,Transferet Qeveritare,18823957.0,20071019.0,20144762.0,21126108.0,22228780.0,"Transferet Qeveritare 18,823,957 20,071,019 20,144,762 21,126,108 22,228,780"
4.3,655,158,625,Malishevë,Granti i Përgjithshëm,8237391.0,8898994.0,8898994.0,9502618.0,10262584.0,"Granti i Përgjithshëm 8,237,391 8,898,994 8,898,994 9,502,618 10,262,584"
4.3,655,172,625,Malishevë,Granti për Arsim,8387770.0,8915744.0,8834248.0,9099275.0,9372254.0,"Granti për Arsim 8,387,770 8,915,744 8,834,248 9,099,275 9,372,254"
4.3,655,185,625,Malishevë,Granti për Shëndetësi,2198796.0,2101281.0,2256520.0,2324215.0,2393942.0,"Granti për Shëndetësi 2,198,796 2,101,281 2,256,520 2,324,215 2,393,942"
4.3,655,199,625,Malishevë,Financimi për Shërbime Rezidenciale,,155000.0,155000.0,200000.0,200000.0,"Financimi për Shërbime Rezidenciale 155,000 155,000 200,000 200,000"
4.3,655,212,625,Malishevë,Financimi nga Huamarrja,,,0.0,0.0,0.0,Financimi nga Huamarrja 0 0 0
4.3,655,226,625,Malishevë,Financimi nga Huamarrja,,,0.0,0.0,0.0,Financimi nga Huamarrja 0 0 0
4.3,655,303,626,Mamushë,Të Hyrat Komunale Totale,2565142.0,2718408.0,3522136.0,3719080.0,3928721.0,"Të Hyrat Komunale Totale 2,565,142 2,718,408 3,522,136 3,719,080 3,928,721"
4.3,655,316,626,Mamushë,Të Hyrat Vetanake,71552.0,98782.0,99793.0,106840.0,107244.0,"Të Hyrat Vetanake 71,552 98,782 99,793 106,840 107,244"
4.3,655,329,626,Mamushë,Tatimi në tokë,7051.0,7031.0,8223.0,9950.0,9999.0,"Tatimi në tokë 7,051 7,031 8,223 9,950 9,999"
4.3,655,343,626,Mamushë,Tatimi në pronë,33568.0,30044.0,32970.0,35361.0,35714.0,"Tatimi në pronë 33,568 30,044 32,970 35,361 35,714"
4.3,655,356,626,Mamushë,Taksat Komunale,16433.0,26200.0,19100.0,20500.0,21700.0,"Taksat Komunale 16,433 26,200 19,100 20,500 21,700"
4.3,655,370,626,Mamushë,Certifikatat dhe dokumentet zyrtare,7200.0,7200.0,5600.0,5700.0,5700.0,"Certifikatat dhe dokumentet zyrtare 7,200 7,200 5,600 5,700 5,700"
4.3,655,383,626,Mamushë,Taksat e pajisjeve motorike,8100.0,11000.0,10000.0,11000.0,12000.0,"Taksat e pajisjeve motorike 8,100 11,000 10,000 11,000 12,000"
4.3,655,397,626,Mamushë,Taksat tjera komunale,1133.0,8000.0,3500.0,3800.0,4000.0,"Taksat tjera komunale 1,133 8,000 3,500 3,800 4,000"
4.3,655,410,626,Mamushë,Ngarkesat Komunale,14500.0,35507.0,29500.0,30029.0,28331.0,"Ngarkesat Komunale 14,500 35,507 29,500 30,029 28,331"
4.3,655,424,626,Mamushë,Ngarkesat rregullatore,10500.0,31507.0,10500.0,10700.0,13000.0,"Ngarkesat rregullatore 10,500 31,507 10,500 10,700 13,000"
4.3,655,437,626,Mamushë,Te hyrat nga qiraja,,,0.0,0.0,0.0,Te hyrat nga qiraja 0 0 0
4.3,655,451,626,Mamushë,Bashke-pagesat per shendetesi,4000.0,4000.0,4000.0,4000.0,4000.0,"Bashke-pagesat per shendetesi 4,000 4,000 4,000 4,000 4,000"
4.3,655,464,626,Mamushë,Ngarkesat tjera komunale,,,15000.0,15329.0,11331.0,"Ngarkesat tjera komunale 15,000 15,329 11,331"
4.3,655,478,626,Mamushë,Te hyrat tjera,,,10000.0,11000.0,11500.0,"Te hyrat tjera 10,000 11,000 11,500"
4.3,655,491,626,Mamushë,Transferet Qeveritare,2493590.0,2619626.0,3422343.0,3612240.0,3821477.0,"Transferet Qeveritare 2,493,590 2,619,626 3,422,343 3,612,240 3,821,477"
4.3,655,505,626,Mamushë,Granti i Përgjithshëm,1486658.0,1596398.0,2050963.0,2199718.0,2366579.0,"Granti i Përgjithshëm 1,486,658 1,596,398 2,050,963 2,199,718 2,366,579"
4.3,655,518,626,Mamushë,Granti për Arsim,584580.0,655418.0,814724.0,839166.0,864341.0,"Granti për Arsim 584,580 655,418 814,724 839,166 864,341"
4.3,655,532,626,Mamushë,Granti për Shëndetësi,422352.0,367810.0,556656.0,573356.0,590557.0,"Granti për Shëndetësi 422,352 367,810 556,656 573,356 590,557"
4.3,655,545,626,Mamushë,Financimi nga Huamarrja,,,0.0,0.0,0.0,Financimi nga Huamarrja 0 0 0
4.3,655,559,626,Mamushë,Financimi nga Huamarrja,,,0.0,0.0,0.0,Financimi nga Huamarrja 0 0 0
4.3,655,636,631,Deçan,Të Hyrat Komunale Totale,13508082.0,14401935.0,14551974.0,14413972.0,15126162.0,"Të Hyrat Komunale Totale 13,508,082 14,401,935 14,551,974 14,413,972 15,126,162"
4.3,655,649,631,Deçan,Të Hyrat Vetanake,847565.0,900571.0,968279.0,1046166.0,1052026.0,"Të Hyrat Vetanake 847,565 900,571 968,279 1,046,166 1,052,026"
4.3,655,662,631,Deçan,Tatimi në tokë,100016.0,99722.0,116634.0,141127.0,141833.0,"Tatimi në tokë 100,016 99,722 116,634 141,127 141,833"
4.3,655,676,631,Deçan,Tatimi në pronë,489249.0,437893.0,480541.0,515380.0,520534.0,"Tatimi në pronë 489,249 437,893 480,541 515,380 520,534"
4.3,655,689,631,Deçan,Taksat Komunale,229100.0,262956.0,266104.0,274251.0,280659.0,"Taksat Komunale 229,100 262,956 266,104 274,251 280,659"
4.3,655,703,631,Deçan,Licencat dhe lejet,10000.0,3000.0,3148.0,7295.0,7703.0,"Licencat dhe lejet 10,000 3,000 3,148 7,295 7,703"
4.3,655,767,631,Deçan,19 February 2026,,,,,24.0,19 February 2026 Sistemi i Zhvillimit dhe Menaxhimit te Buxhetit (BDMS) Page 9 of 24
4.3,656,24,631,Deçan,Buxheti i,,2028.0,,,,Buxheti i Komunave për vitin 2026 - 2028
4.3,656,131,631,Deçan,Certifikatat dhe dokumentet zyrtare,35800.0,35800.0,35800.0,35800.0,35800.0,"Certifikatat dhe dokumentet zyrtare 35,800 35,800 35,800 35,800 35,800"
4.3,656,145,631,Deçan,Taksat e pajisjeve motorike,60000.0,94650.0,94650.0,94650.0,90650.0,"Taksat e pajisjeve motorike 60,000 94,650 94,650 94,650 90,650"
4.3,656,158,631,Deçan,Lejet per ndertesa,76800.0,50000.0,50000.0,50000.0,50000.0,"Lejet per ndertesa 76,800 50,000 50,000 50,000 50,000"
4.3,656,172,631,Deçan,Taksat tjera komunale,46500.0,79506.0,82506.0,86506.0,96506.0,"Taksat tjera komunale 46,500 79,506 82,506 86,506 96,506"
4.3,656,185,631,Deçan,Ngarkesat Komunale,29200.0,100000.0,103148.0,114703.0,106703.0,"Ngarkesat Komunale 29,200 100,000 103,148 114,703 106,703"
4.3,656,199,631,Deçan,Te hyrat nga qiraja,9200.0,30000.0,35000.0,35000.0,30000.0,"Te hyrat nga qiraja 9,200 30,000 35,000 35,000 30,000"
4.3,656,212,631,Deçan,Bashke-pagesat per arsim,,,10000.0,10000.0,10000.0,"Bashke-pagesat per arsim 10,000 10,000 10,000"
4.3,656,226,631,Deçan,Bashke-pagesat per shendetesi,20000.0,20000.0,20000.0,20000.0,20000.0,"Bashke-pagesat per shendetesi 20,000 20,000 20,000 20,000 20,000"
4.3,656,239,631,Deçan,Ngarkesat tjera komunale,,,38148.0,49703.0,46703.0,"Ngarkesat tjera komunale 38,148 49,703 46,703"
4.3,656,253,631,Deçan,Te hyrat tjera,,,1852.0,705.0,2297.0,"Te hyrat tjera 1,852 705 2,297"
4.3,656,266,631,Deçan,Transferet Qeveritare,12660517.0,13501364.0,13583695.0,13367806.0,14074136.0,"Transferet Qeveritare 12,660,517 13,501,364 13,583,695 13,367,806 14,074,136"
4.3,656,280,631,Deçan,Granti i Përgjithshëm,6225958.0,6723132.0,6723133.0,6307427.0,6807946.0,"Granti i Përgjithshëm 6,225,958 6,723,132 6,723,133 6,307,427 6,807,946"
4.3,656,293,631,Deçan,Granti për Arsim,4611056.0,4825149.0,4968221.0,5117268.0,5270786.0,"Granti për Arsim 4,611,056 4,825,149 4,968,221 5,117,268 5,270,786"
4.3,656,307,631,Deçan,Granti për Shëndetësi,1635185.0,1753083.0,1692341.0,1743111.0,1795404.0,"Granti për Shëndetësi 1,635,185 1,753,083 1,692,341 1,743,111 1,795,404"
4.3,656,320,631,Deçan,Financimi për Shërbime Rezidenciale,188318.0,200000.0,200000.0,200000.0,200000.0,"Financimi për Shërbime Rezidenciale 188,318 200,000 200,000 200,000 200,000"
4.3,656,334,631,Deçan,Financimi nga Huamarrja,,,0.0,0.0,0.0,Financimi nga Huamarrja 0 0 0
4.3,656,347,631,Deçan,Financimi nga Huamarrja,,,0.0,0.0,0.0,Financimi nga Huamarrja 0 0 0
4.3,656,425,632,Gjakovë,Të Hyrat Komunale Totale,37483964.0,40584370.0,42393244.0,44725230.0,46758301.0,"Të Hyrat Komunale Totale 37,483,964 40,584,370 42,393,244 44,725,230 46,758,301"
4.3,656,437,632,Gjakovë,Të Hyrat Vetanake,5091658.0,5934237.0,6820123.0,7321470.0,7352603.0,"Të Hyrat Vetanake 5,091,658 5,934,237 6,820,123 7,321,470 7,352,603"
4.3,656,451,632,Gjakovë,Tatimi në tokë,553177.0,551552.0,645090.0,780559.0,784461.0,"Tatimi në tokë 553,177 551,552 645,090 780,559 784,461"
4.3,656,464,632,Gjakovë,Tatimi në pronë,2584970.0,2313631.0,2538964.0,2723039.0,2750269.0,"Tatimi në pronë 2,584,970 2,313,631 2,538,964 2,723,039 2,750,269"
4.3,656,478,632,Gjakovë,Taksat Komunale,1143087.0,1979554.0,2402596.0,2514894.0,2484996.0,"Taksat Komunale 1,143,087 1,979,554 2,402,596 2,514,894 2,484,996"
4.3,656,491,632,Gjakovë,Licencat dhe lejet,193800.0,335000.0,343200.0,359600.0,372043.0,"Licencat dhe lejet 193,800 335,000 343,200 359,600 372,043"
4.3,656,505,632,Gjakovë,Certifikatat dhe dokumentet zyrtare,150000.0,150000.0,130000.0,139415.0,144953.0,"Certifikatat dhe dokumentet zyrtare 150,000 150,000 130,000 139,415 144,953"
4.3,656,518,632,Gjakovë,Taksat e pajisjeve motorike,210000.0,210000.0,210000.0,210000.0,210000.0,"Taksat e pajisjeve motorike 210,000 210,000 210,000 210,000 210,000"
4.3,656,532,632,Gjakovë,Lejet per ndertesa,490000.0,1225696.0,1627396.0,1700879.0,1640000.0,"Lejet per ndertesa 490,000 1,225,696 1,627,396 1,700,879 1,640,000"
4.3,656,545,632,Gjakovë,Taksat tjera komunale,99287.0,58858.0,92000.0,105000.0,118000.0,"Taksat tjera komunale 99,287 58,858 92,000 105,000 118,000"
4.3,656,559,632,Gjakovë,Ngarkesat Komunale,515424.0,691500.0,832686.0,879660.0,892960.0,"Ngarkesat Komunale 515,424 691,500 832,686 879,660 892,960"
4.3,656,572,632,Gjakovë,Ngarkesat rregullatore,500.0,500.0,0.0,0.0,0.0,Ngarkesat rregullatore 500 500 0 0 0
4.3,656,586,632,Gjakovë,Te hyrat nga qiraja,138970.0,198000.0,248000.0,258500.0,269800.0,"Te hyrat nga qiraja 138,970 198,000 248,000 258,500 269,800"
4.3,656,599,632,Gjakovë,Bashke-pagesat per arsim,270954.0,363000.0,422686.0,445790.0,445790.0,"Bashke-pagesat per arsim 270,954 363,000 422,686 445,790 445,790"
4.3,656,613,632,Gjakovë,Bashke-pagesat per shendetesi,80000.0,100000.0,120000.0,130370.0,130370.0,"Bashke-pagesat per shendetesi 80,000 100,000 120,000 130,370 130,370"
4.3,656,626,632,Gjakovë,Ngarkesat tjera komunale,25000.0,30000.0,42000.0,45000.0,47000.0,"Ngarkesat tjera komunale 25,000 30,000 42,000 45,000 47,000"
4.3,656,640,632,Gjakovë,Te hyrat tjera,295000.0,398000.0,400787.0,378318.0,392917.0,"Te hyrat tjera 295,000 398,000 400,787 378,318 392,917"
4.3,656,653,632,Gjakovë,Shitja e aseteve,,,0.0,45000.0,47000.0,"Shitja e aseteve 0 45,000 47,000"
4.3,656,667,632,Gjakovë,Transferet Qeveritare,32392306.0,34650133.0,35573121.0,37403760.0,39405698.0,"Transferet Qeveritare 32,392,306 34,650,133 35,573,121 37,403,760 39,405,698"
4.3,656,680,632,Gjakovë,Granti i Përgjithshëm,14762483.0,15956895.0,16347820.0,17611903.0,19029843.0,"Granti i Përgjithshëm 14,762,483 15,956,895 16,347,820 17,611,903 19,029,843"
4.3,656,694,632,Gjakovë,Granti për Arsim,12909004.0,13164769.0,13516159.0,13921644.0,14339293.0,"Granti për Arsim 12,909,004 13,164,769 13,516,159 13,921,644 14,339,293"
4.3,656,707,632,Gjakovë,Granti për Shëndetësi,4454553.0,4869365.0,4775264.0,4918522.0,5066078.0,"Granti për Shëndetësi 4,454,553 4,869,365 4,775,264 4,918,522 5,066,078"
4.3,656,767,632,Gjakovë,19 February 2026,,,,,24.0,19 February 2026 Sistemi i Zhvillimit dhe Menaxhimit te Buxhetit (BDMS) Page 10 of 24
4.3,657,24,632,Gjakovë,Buxheti i,,2028.0,,,,Buxheti i Komunave për vitin 2026 - 2028
4.3,657,131,632,Gjakovë,Financimi për Shërbime Rezidenciale,,380000.0,610000.0,610000.0,610000.0,"Financimi për Shërbime Rezidenciale 380,000 610,000 610,000 610,000"
4.3,657,145,632,Gjakovë,Financimi për Teatrot,266266.0,279104.0,323878.0,341691.0,360484.0,"Financimi për Teatrot 266,266 279,104 323,878 341,691 360,484"
4.3,657,158,632,Gjakovë,Financimi nga Huamarrja,,,0.0,0.0,0.0,Financimi nga Huamarrja 0 0 0
4.3,657,172,632,Gjakovë,Financimi nga Huamarrja,,,0.0,0.0,0.0,Financimi nga Huamarrja 0 0 0
4.3,657,249,633,Istog,Të Hyrat Komunale Totale,15141743.0,15937258.0,16687746.0,17589766.0,18669864.0,"Të Hyrat Komunale Totale 15,141,743 15,937,258 16,687,746 17,589,766 18,669,864"
4.3,657,262,633,Istog,Të Hyrat Vetanake,1306223.0,1496509.0,1600274.0,1713916.0,1930414.0,"Të Hyrat Vetanake 1,306,223 1,496,509 1,600,274 1,713,916 1,930,414"
4.3,657,275,633,Istog,Tatimi në tokë,116411.0,116069.0,135753.0,164261.0,165082.0,"Tatimi në tokë 116,411 116,069 135,753 164,261 165,082"
4.3,657,289,633,Istog,Tatimi në pronë,538857.0,482294.0,529267.0,567639.0,573315.0,"Tatimi në pronë 538,857 482,294 529,267 567,639 573,315"
4.3,657,302,633,Istog,Taksat Komunale,409955.0,599496.0,505254.0,476016.0,793343.0,"Taksat Komunale 409,955 599,496 505,254 476,016 793,343"
4.3,657,316,633,Istog,Licencat dhe lejet,42000.0,60000.0,66007.0,66016.0,60000.0,"Licencat dhe lejet 42,000 60,000 66,007 66,016 60,000"
4.3,657,329,633,Istog,Certifikatat dhe dokumentet zyrtare,55000.0,67810.0,70000.0,72000.0,70000.0,"Certifikatat dhe dokumentet zyrtare 55,000 67,810 70,000 72,000 70,000"
4.3,657,343,633,Istog,Taksat e pajisjeve motorike,100000.0,120280.0,89247.0,118000.0,115654.0,"Taksat e pajisjeve motorike 100,000 120,280 89,247 118,000 115,654"
4.3,657,356,633,Istog,Lejet per ndertesa,182955.0,200000.0,190000.0,130000.0,221000.0,"Lejet per ndertesa 182,955 200,000 190,000 130,000 221,000"
4.3,657,370,633,Istog,Taksat tjera komunale,30000.0,151406.0,90000.0,90000.0,326689.0,"Taksat tjera komunale 30,000 151,406 90,000 90,000 326,689"
4.3,657,383,633,Istog,Ngarkesat Komunale,136000.0,233000.0,297000.0,351000.0,290674.0,"Ngarkesat Komunale 136,000 233,000 297,000 351,000 290,674"
4.3,657,397,633,Istog,Te hyrat nga qiraja,,4500.0,65000.0,85000.0,55000.0,"Te hyrat nga qiraja 4,500 65,000 85,000 55,000"
4.3,657,410,633,Istog,Bashke-pagesat per arsim,86000.0,83000.0,86000.0,111000.0,111000.0,"Bashke-pagesat per arsim 86,000 83,000 86,000 111,000 111,000"
4.3,657,424,633,Istog,Bashke-pagesat per shendetesi,50000.0,60000.0,61000.0,65000.0,45000.0,"Bashke-pagesat per shendetesi 50,000 60,000 61,000 65,000 45,000"
4.3,657,437,633,Istog,Ngarkesat tjera komunale,,85500.0,85000.0,90000.0,79674.0,"Ngarkesat tjera komunale 85,500 85,000 90,000 79,674"
4.3,657,451,633,Istog,Te hyrat tjera,105000.0,65650.0,133000.0,155000.0,108000.0,"Te hyrat tjera 105,000 65,650 133,000 155,000 108,000"
4.3,657,464,633,Istog,Transferet Qeveritare,13690716.0,14440749.0,15087472.0,15875850.0,16739450.0,"Transferet Qeveritare 13,690,716 14,440,749 15,087,472 15,875,850 16,739,450"
4.3,657,478,633,Istog,Granti i Përgjithshëm,6565119.0,7089760.0,7351781.0,7914088.0,8544835.0,"Granti i Përgjithshëm 6,565,119 7,089,760 7,351,781 7,914,088 8,544,835"
4.3,657,491,633,Istog,Granti për Arsim,5207045.0,5356010.0,5606957.0,5775166.0,5948421.0,"Granti për Arsim 5,207,045 5,356,010 5,606,957 5,775,166 5,948,421"
4.3,657,505,633,Istog,Granti për Shëndetësi,1723034.0,1794979.0,1928734.0,1986596.0,2046194.0,"Granti për Shëndetësi 1,723,034 1,794,979 1,928,734 1,986,596 2,046,194"
4.3,657,518,633,Istog,Financimi për Shërbime Rezidenciale,195518.0,200000.0,200000.0,200000.0,200000.0,"Financimi për Shërbime Rezidenciale 195,518 200,000 200,000 200,000 200,000"
4.3,657,532,633,Istog,Financimi nga Huamarrja,144804.0,,0.0,0.0,0.0,"Financimi nga Huamarrja 144,804 0 0 0"
4.3,657,545,633,Istog,Financimi nga Huamarrja,144804.0,,0.0,0.0,0.0,"Financimi nga Huamarrja 144,804 0 0 0"
4.3,657,623,634,Klinë,Të Hyrat Komunale Totale,14648717.0,16168653.0,16338898.0,17130332.0,17939537.0,"Të Hyrat Komunale Totale 14,648,717 16,168,653 16,338,898 17,130,332 17,939,537"
4.3,657,635,634,Klinë,Të Hyrat Vetanake,1436260.0,1495504.0,1551784.0,1662711.0,1669206.0,"Të Hyrat Vetanake 1,436,260 1,495,504 1,551,784 1,662,711 1,669,206"
4.3,657,649,634,Klinë,Tatimi në tokë,114757.0,114420.0,133825.0,161928.0,162737.0,"Tatimi në tokë 114,757 114,420 133,825 161,928 162,737"
4.3,657,662,634,Klinë,Tatimi në pronë,539664.0,483016.0,530059.0,568488.0,574173.0,"Tatimi në pronë 539,664 483,016 530,059 568,488 574,173"
4.3,657,676,634,Klinë,Taksat Komunale,446861.0,352553.0,612070.0,596189.0,611189.0,"Taksat Komunale 446,861 352,553 612,070 596,189 611,189"
4.3,657,689,634,Klinë,Licencat dhe lejet,93600.0,,97070.0,98189.0,98189.0,"Licencat dhe lejet 93,600 97,070 98,189 98,189"
4.3,657,703,634,Klinë,Certifikatat dhe dokumentet zyrtare,82263.0,,117000.0,87000.0,90000.0,"Certifikatat dhe dokumentet zyrtare 82,263 117,000 87,000 90,000"
4.3,657,767,634,Klinë,19 February 2026,,,,,24.0,19 February 2026 Sistemi i Zhvillimit dhe Menaxhimit te Buxhetit (BDMS) Page 11 of 24
4.3,658,24,634,Klinë,Buxheti i,,2028.0,,,,Buxheti i Komunave për vitin 2026 - 2028
4.3,658,131,634,Klinë,Taksat e pajisjeve motorike,,,0.0,0.0,0.0,Taksat e pajisjeve motorike 0 0 0
4.3,658,145,634,Klinë,Lejet per ndertesa,163398.0,230000.0,283000.0,294000.0,294000.0,"Lejet per ndertesa 163,398 230,000 283,000 294,000 294,000"
4.3,658,158,634,Klinë,Taksat tjera komunale,107600.0,122553.0,115000.0,117000.0,129000.0,"Taksat tjera komunale 107,600 122,553 115,000 117,000 129,000"
4.3,658,172,634,Klinë,Ngarkesat Komunale,191263.0,161000.0,205830.0,245006.0,221107.0,"Ngarkesat Komunale 191,263 161,000 205,830 245,006 221,107"
4.3,658,185,634,Klinë,Ngarkesat rregullatore,9400.0,,0.0,19000.0,17501.0,"Ngarkesat rregullatore 9,400 0 19,000 17,501"
4.3,658,199,634,Klinë,Te hyrat nga qiraja,41313.0,,25000.0,55006.0,47607.0,"Te hyrat nga qiraja 41,313 25,000 55,006 47,607"
4.3,658,212,634,Klinë,Bashke-pagesat per arsim,69500.0,72000.0,76000.0,79000.0,79000.0,"Bashke-pagesat per arsim 69,500 72,000 76,000 79,000 79,000"
4.3,658,226,634,Klinë,Bashke-pagesat per shendetesi,32000.0,39000.0,42000.0,47000.0,47000.0,"Bashke-pagesat per shendetesi 32,000 39,000 42,000 47,000 47,000"
4.3,658,239,634,Klinë,Ngarkesat tjera komunale,39050.0,50000.0,62830.0,45000.0,30000.0,"Ngarkesat tjera komunale 39,050 50,000 62,830 45,000 30,000"
4.3,658,253,634,Klinë,Te hyrat tjera,136430.0,384515.0,65000.0,91100.0,95000.0,"Te hyrat tjera 136,430 384,515 65,000 91,100 95,000"
4.3,658,266,634,Klinë,Shitja e aseteve,7285.0,,5000.0,0.0,5000.0,"Shitja e aseteve 7,285 5,000 0 5,000"
4.3,658,280,634,Klinë,Transferet Qeveritare,13212457.0,14673149.0,14787114.0,15467621.0,16270331.0,"Transferet Qeveritare 13,212,457 14,673,149 14,787,114 15,467,621 16,270,331"
4.3,658,293,634,Klinë,Granti i Përgjithshëm,6086117.0,6571819.0,6571819.0,6960367.0,7513860.0,"Granti i Përgjithshëm 6,086,117 6,571,819 6,571,819 6,960,367 7,513,860"
4.3,658,307,634,Klinë,Granti për Arsim,5453128.0,5953349.0,6180993.0,6366422.0,6557415.0,"Granti për Arsim 5,453,128 5,953,349 6,180,993 6,366,422 6,557,415"
4.3,658,320,634,Klinë,Granti për Shëndetësi,1673212.0,1897981.0,1884302.0,1940831.0,1999056.0,"Granti për Shëndetësi 1,673,212 1,897,981 1,884,302 1,940,831 1,999,056"
4.3,658,334,634,Klinë,Financimi për Shërbime Rezidenciale,,250000.0,150000.0,200000.0,200000.0,"Financimi për Shërbime Rezidenciale 250,000 150,000 200,000 200,000"
4.3,658,411,635,Pejë,Të Hyrat Komunale Totale,37457025.0,39842382.0,41953839.0,44593166.0,46635811.0,"Të Hyrat Komunale Totale 37,457,025 39,842,382 41,953,839 44,593,166 46,635,811"
4.3,658,424,635,Pejë,Të Hyrat Vetanake,5365017.0,5593510.0,6183551.0,6658740.0,6691044.0,"Të Hyrat Vetanake 5,365,017 5,593,510 6,183,551 6,658,740 6,691,044"
4.3,658,437,635,Pejë,Tatimi në tokë,571877.0,570197.0,666897.0,806945.0,810980.0,"Tatimi në tokë 571,877 570,197 666,897 806,945 810,980"
4.3,658,451,635,Pejë,Tatimi në pronë,2683681.0,2401980.0,2635918.0,2827022.0,2855292.0,"Tatimi në pronë 2,683,681 2,401,980 2,635,918 2,827,022 2,855,292"
4.3,658,464,635,Pejë,Taksat Komunale,1717171.0,2239291.0,2407129.0,2516543.0,2496909.0,"Taksat Komunale 1,717,171 2,239,291 2,407,129 2,516,543 2,496,909"
4.3,658,478,635,Pejë,Licencat dhe lejet,153000.0,169000.0,197684.0,199582.0,201552.0,"Licencat dhe lejet 153,000 169,000 197,684 199,582 201,552"
4.3,658,491,635,Pejë,Certifikatat dhe dokumentet zyrtare,180000.0,211000.0,175000.0,180000.0,181782.0,"Certifikatat dhe dokumentet zyrtare 180,000 211,000 175,000 180,000 181,782"
4.3,658,505,635,Pejë,Taksat e pajisjeve motorike,240000.0,520000.0,265000.0,272592.0,275291.0,"Taksat e pajisjeve motorike 240,000 520,000 265,000 272,592 275,291"
4.3,658,518,635,Pejë,Lejet per ndertesa,,,910566.0,1000000.0,1686000.0,"Lejet per ndertesa 910,566 1,000,000 1,686,000"
4.3,658,532,635,Pejë,Taksat tjera komunale,1144171.0,540360.0,858879.0,864369.0,152285.0,"Taksat tjera komunale 1,144,171 540,360 858,879 864,369 152,285"
4.3,658,545,635,Pejë,Ngarkesat Komunale,392288.0,357540.0,473607.0,508230.0,527863.0,"Ngarkesat Komunale 392,288 357,540 473,607 508,230 527,863"
4.3,658,559,635,Pejë,Ngarkesat rregullatore,133877.0,,0.0,0.0,0.0,"Ngarkesat rregullatore 133,877 0 0 0"
4.3,658,572,635,Pejë,Te hyrat nga qiraja,51410.0,100000.0,110000.0,111056.0,130056.0,"Te hyrat nga qiraja 51,410 100,000 110,000 111,056 130,056"
4.3,658,586,635,Pejë,Bashke-pagesat per arsim,100001.0,140000.0,232000.0,234200.0,244200.0,"Bashke-pagesat per arsim 100,001 140,000 232,000 234,200 244,200"
4.3,658,599,635,Pejë,Bashke-pagesat per shendetesi,107000.0,101459.0,115903.0,115903.0,115903.0,"Bashke-pagesat per shendetesi 107,000 101,459 115,903 115,903 115,903"
4.3,658,613,635,Pejë,Ngarkesat tjera komunale,,16081.0,15704.0,47071.0,37704.0,"Ngarkesat tjera komunale 16,081 15,704 47,071 37,704"
4.3,658,626,635,Pejë,Te hyrat tjera,,,0.0,0.0,0.0,Te hyrat tjera 0 0 0
4.3,658,640,635,Pejë,Transferet Qeveritare,32092008.0,34248872.0,35770288.0,37934426.0,39944767.0,"Transferet Qeveritare 32,092,008 34,248,872 35,770,288 37,934,426 39,944,767"
4.3,658,653,635,Pejë,Granti i Përgjithshëm,15180775.0,16409287.0,17183146.0,18512378.0,20003395.0,"Granti i Përgjithshëm 15,180,775 16,409,287 17,183,146 18,512,378 20,003,395"
4.3,658,667,635,Pejë,Granti për Arsim,12200810.0,12810169.0,13310859.0,13710185.0,14121491.0,"Granti për Arsim 12,200,810 12,810,169 13,310,859 13,710,185 14,121,491"
4.3,658,680,635,Pejë,Granti për Shëndetësi,4514810.0,4672389.0,4643087.0,4782379.0,4925851.0,"Granti për Shëndetësi 4,514,810 4,672,389 4,643,087 4,782,379 4,925,851"
4.3,658,694,635,Pejë,Financimi për Shërbime Rezidenciale,,152500.0,382500.0,665000.0,615000.0,"Financimi për Shërbime Rezidenciale 152,500 382,500 665,000 615,000"
4.3,658,707,635,Pejë,Financimi për Teatrot,195613.0,204527.0,250696.0,264484.0,279030.0,"Financimi për Teatrot 195,613 204,527 250,696 264,484 279,030"
4.3,658,767,635,Pejë,19 February 2026,,,,,24.0,19 February 2026 Sistemi i Zhvillimit dhe Menaxhimit te Buxhetit (BDMS) Page 12 of 24
4.3,659,24,635,Pejë,Buxheti i,,2028.0,,,,Buxheti i Komunave për vitin 2026 - 2028
4.3,659,131,635,Pejë,Financimi nga Huamarrja,,,0.0,0.0,0.0,Financimi nga Huamarrja 0 0 0
4.3,659,145,635,Pejë,Financimi nga Huamarrja,,,0.0,0.0,0.0,Financimi nga Huamarrja 0 0 0
4.3,659,222,636,Junik,Të Hyrat Komunale Totale,2199837.0,2340143.0,2538612.0,2487953.0,2601403.0,"Të Hyrat Komunale Totale 2,199,837 2,340,143 2,538,612 2,487,953 2,601,403"
4.3,659,235,636,Junik,Të Hyrat Vetanake,208056.0,204942.0,195301.0,211654.0,212917.0,"Të Hyrat Vetanake 208,056 204,942 195,301 211,654 212,917"
4.3,659,248,636,Junik,Tatimi në tokë,22916.0,22849.0,26724.0,32336.0,32498.0,"Tatimi në tokë 22,916 22,849 26,724 32,336 32,498"
4.3,659,262,636,Junik,Tatimi në pronë,104589.0,93610.0,102727.0,110175.0,111277.0,"Tatimi në pronë 104,589 93,610 102,727 110,175 111,277"
4.3,659,275,636,Junik,Taksat Komunale,72001.0,79833.0,59300.0,62493.0,62492.0,"Taksat Komunale 72,001 79,833 59,300 62,493 62,492"
4.3,659,289,636,Junik,Licencat dhe lejet,15000.0,15100.0,10500.0,11000.0,11000.0,"Licencat dhe lejet 15,000 15,100 10,500 11,000 11,000"
4.3,659,302,636,Junik,Certifikatat dhe dokumentet zyrtare,8000.0,8100.0,6300.0,6500.0,6500.0,"Certifikatat dhe dokumentet zyrtare 8,000 8,100 6,300 6,500 6,500"
4.3,659,316,636,Junik,Taksat e pajisjeve motorike,8000.0,9500.0,9500.0,9700.0,9700.0,"Taksat e pajisjeve motorike 8,000 9,500 9,500 9,700 9,700"
4.3,659,329,636,Junik,Lejet per ndertesa,16000.0,20000.0,10000.0,11000.0,11000.0,"Lejet per ndertesa 16,000 20,000 10,000 11,000 11,000"
4.3,659,343,636,Junik,Taksat tjera komunale,25001.0,27133.0,23000.0,24293.0,24292.0,"Taksat tjera komunale 25,001 27,133 23,000 24,293 24,292"
4.3,659,356,636,Junik,Ngarkesat Komunale,8550.0,8650.0,6550.0,6650.0,6650.0,"Ngarkesat Komunale 8,550 8,650 6,550 6,650 6,650"
4.3,659,370,636,Junik,Te hyrat nga qiraja,550.0,550.0,550.0,550.0,550.0,Te hyrat nga qiraja 550 550 550 550 550
4.3,659,383,636,Junik,Bashke-pagesat per shendetesi,8000.0,8100.0,6000.0,6100.0,6100.0,"Bashke-pagesat per shendetesi 8,000 8,100 6,000 6,100 6,100"
4.3,659,397,636,Junik,Transferet Qeveritare,1991781.0,2135201.0,2343311.0,2276299.0,2388486.0,"Transferet Qeveritare 1,991,781 2,135,201 2,343,311 2,276,299 2,388,486"
4.3,659,410,636,Junik,Granti i Përgjithshëm,1103828.0,1182544.0,1182544.0,1080709.0,1157029.0,"Granti i Përgjithshëm 1,103,828 1,182,544 1,182,544 1,080,709 1,157,029"
4.3,659,424,636,Junik,Granti për Arsim,544726.0,579020.0,673383.0,693585.0,714392.0,"Granti për Arsim 544,726 579,020 673,383 693,585 714,392"
4.3,659,437,636,Junik,Granti për Shëndetësi,343227.0,373637.0,487384.0,502005.0,517065.0,"Granti për Shëndetësi 343,227 373,637 487,384 502,005 517,065"
4.3,659,515,641,Leposaviq,Të Hyrat Komunale Totale,5832216.0,6082192.0,6206674.0,6438731.0,7106646.0,"Të Hyrat Komunale Totale 5,832,216 6,082,192 6,206,674 6,438,731 7,106,646"
4.3,659,527,641,Leposaviq,Të Hyrat Vetanake,96985.0,100720.0,107756.0,114244.0,115544.0,"Të Hyrat Vetanake 96,985 100,720 107,756 114,244 115,544"
4.3,659,541,641,Leposaviq,Tatimi në tokë,,,400.0,700.0,1000.0,"Tatimi në tokë 400 700 1,000"
4.3,659,554,641,Leposaviq,Tatimi në pronë,,,1600.0,2500.0,3500.0,"Tatimi në pronë 1,600 2,500 3,500"
4.3,659,568,641,Leposaviq,Taksat Komunale,91985.0,100720.0,105756.0,111044.0,111044.0,"Taksat Komunale 91,985 100,720 105,756 111,044 111,044"
4.3,659,581,641,Leposaviq,Licencat dhe lejet,10000.0,10000.0,12756.0,21044.0,21044.0,"Licencat dhe lejet 10,000 10,000 12,756 21,044 21,044"
4.3,659,595,641,Leposaviq,Certifikatat dhe dokumentet zyrtare,10000.0,50000.0,53000.0,50000.0,50000.0,"Certifikatat dhe dokumentet zyrtare 10,000 50,000 53,000 50,000 50,000"
4.3,659,608,641,Leposaviq,Taksat e pajisjeve motorike,15000.0,20000.0,20000.0,20000.0,20000.0,"Taksat e pajisjeve motorike 15,000 20,000 20,000 20,000 20,000"
4.3,659,622,641,Leposaviq,Lejet per ndertesa,20000.0,,0.0,0.0,0.0,"Lejet per ndertesa 20,000 0 0 0"
4.3,659,635,641,Leposaviq,Taksat tjera komunale,36985.0,20720.0,20000.0,20000.0,20000.0,"Taksat tjera komunale 36,985 20,720 20,000 20,000 20,000"
4.3,659,649,641,Leposaviq,Ngarkesat Komunale,5000.0,,0.0,0.0,0.0,"Ngarkesat Komunale 5,000 0 0 0"
4.3,659,662,641,Leposaviq,Te hyrat nga qiraja,5000.0,,0.0,0.0,0.0,"Te hyrat nga qiraja 5,000 0 0 0"
4.3,659,676,641,Leposaviq,Transferet Qeveritare,5735231.0,5981472.0,6098918.0,6324487.0,6991102.0,"Transferet Qeveritare 5,735,231 5,981,472 6,098,918 6,324,487 6,991,102"
4.3,659,689,641,Leposaviq,Granti i Përgjithshëm,4168871.0,4496965.0,4496965.0,4674476.0,5041590.0,"Granti i Përgjithshëm 4,168,871 4,496,965 4,496,965 4,674,476 5,041,590"
4.3,659,703,641,Leposaviq,Granti për Arsim,744469.0,1034931.0,1131977.0,1165936.0,1200914.0,"Granti për Arsim 744,469 1,034,931 1,131,977 1,165,936 1,200,914"
4.3,659,767,641,Leposaviq,19 February 2026,,,,,24.0,19 February 2026 Sistemi i Zhvillimit dhe Menaxhimit te Buxhetit (BDMS) Page 13 of 24
4.3,660,24,641,Leposaviq,Buxheti i,,2028.0,,,,Buxheti i Komunave për vitin 2026 - 2028
4.3,660,131,641,Leposaviq,Granti për Shëndetësi,821891.0,449576.0,469976.0,484075.0,498598.0,"Granti për Shëndetësi 821,891 449,576 469,976 484,075 498,598"
4.3,660,145,641,Leposaviq,Financimi për Shërbime Rezidenciale,,,0.0,0.0,250000.0,"Financimi për Shërbime Rezidenciale 0 0 250,000"
4.3,660,222,642,Mitrovicë,Të Hyrat Komunale Totale,28408510.0,30240512.0,32418756.0,34159511.0,35772753.0,"Të Hyrat Komunale Totale 28,408,510 30,240,512 32,418,756 34,159,511 35,772,753"
4.3,660,235,642,Mitrovicë,Të Hyrat Vetanake,3288174.0,3615495.0,3700000.0,3942858.0,3955079.0,"Të Hyrat Vetanake 3,288,174 3,615,495 3,700,000 3,942,858 3,955,079"
4.3,660,248,642,Mitrovicë,Tatimi në tokë,187567.0,187015.0,218731.0,264665.0,265988.0,"Tatimi në tokë 187,567 187,015 218,731 264,665 265,988"
4.3,660,262,642,Mitrovicë,Tatimi në pronë,1034452.0,925867.0,1016041.0,1089704.0,1100601.0,"Tatimi në pronë 1,034,452 925,867 1,016,041 1,089,704 1,100,601"
4.3,660,275,642,Mitrovicë,Taksat Komunale,1617105.0,2134743.0,1966894.0,2050489.0,1950490.0,"Taksat Komunale 1,617,105 2,134,743 1,966,894 2,050,489 1,950,490"
4.3,660,289,642,Mitrovicë,Licencat dhe lejet,40000.0,40000.0,30000.0,10000.0,10000.0,"Licencat dhe lejet 40,000 40,000 30,000 10,000 10,000"
4.3,660,302,642,Mitrovicë,Certifikatat dhe dokumentet zyrtare,92000.0,85000.0,85000.0,85000.0,85000.0,"Certifikatat dhe dokumentet zyrtare 92,000 85,000 85,000 85,000 85,000"
4.3,660,316,642,Mitrovicë,Taksat e pajisjeve motorike,20000.0,160000.0,170000.0,153978.0,220000.0,"Taksat e pajisjeve motorike 20,000 160,000 170,000 153,978 220,000"
4.3,660,329,642,Mitrovicë,Lejet per ndertesa,993105.0,1396743.0,1362069.0,1343145.0,1185490.0,"Lejet per ndertesa 993,105 1,396,743 1,362,069 1,343,145 1,185,490"
4.3,660,343,642,Mitrovicë,Taksat tjera komunale,442000.0,416000.0,309825.0,448366.0,440000.0,"Taksat tjera komunale 442,000 416,000 309,825 448,366 440,000"
4.3,660,356,642,Mitrovicë,Taksat për Mbeturinat,30000.0,37000.0,10000.0,10000.0,10000.0,"Taksat për Mbeturinat 30,000 37,000 10,000 10,000 10,000"
4.3,660,370,642,Mitrovicë,Ngarkesat Komunale,417050.0,246070.0,434175.0,408000.0,408000.0,"Ngarkesat Komunale 417,050 246,070 434,175 408,000 408,000"
4.3,660,383,642,Mitrovicë,Ngarkesat rregullatore,4000.0,1000.0,1000.0,1000.0,1000.0,"Ngarkesat rregullatore 4,000 1,000 1,000 1,000 1,000"
4.3,660,397,642,Mitrovicë,Te hyrat nga qiraja,22050.0,23070.0,25000.0,25000.0,25000.0,"Te hyrat nga qiraja 22,050 23,070 25,000 25,000 25,000"
4.3,660,410,642,Mitrovicë,Bashke-pagesat per arsim,155000.0,163000.0,213000.0,163000.0,163000.0,"Bashke-pagesat per arsim 155,000 163,000 213,000 163,000 163,000"
4.3,660,424,642,Mitrovicë,Bashke-pagesat per shendetesi,30000.0,40000.0,40000.0,50000.0,50000.0,"Bashke-pagesat per shendetesi 30,000 40,000 40,000 50,000 50,000"
4.3,660,437,642,Mitrovicë,Ngarkesat tjera komunale,206000.0,19000.0,155175.0,169000.0,169000.0,"Ngarkesat tjera komunale 206,000 19,000 155,175 169,000 169,000"
4.3,660,451,642,Mitrovicë,Te hyrat tjera,32000.0,121800.0,64159.0,130000.0,230000.0,"Te hyrat tjera 32,000 121,800 64,159 130,000 230,000"
4.3,660,464,642,Mitrovicë,Transferet Qeveritare,25120336.0,26625017.0,28718756.0,30216653.0,31817674.0,"Transferet Qeveritare 25,120,336 26,625,017 28,718,756 30,216,653 31,817,674"
4.3,660,478,642,Mitrovicë,Granti i Përgjithshëm,10856773.0,11732363.0,12898307.0,13893573.0,15009975.0,"Granti i Përgjithshëm 10,856,773 11,732,363 12,898,307 13,893,573 15,009,975"
4.3,660,491,642,Mitrovicë,Granti për Arsim,10423447.0,10864385.0,11506885.0,11852092.0,12207654.0,"Granti për Arsim 10,423,447 10,864,385 11,506,885 11,852,092 12,207,654"
4.3,660,505,642,Mitrovicë,Granti për Shëndetësi,3615481.0,3640154.0,3651356.0,3760896.0,3873723.0,"Granti për Shëndetësi 3,615,481 3,640,154 3,651,356 3,760,896 3,873,723"
4.3,660,518,642,Mitrovicë,Financimi për Shërbime Rezidenciale,,152500.0,382500.0,415000.0,415000.0,"Financimi për Shërbime Rezidenciale 152,500 382,500 415,000 415,000"
4.3,660,532,642,Mitrovicë,Financimi për Teatrot,224635.0,235615.0,279708.0,295092.0,311322.0,"Financimi për Teatrot 224,635 235,615 279,708 295,092 311,322"
4.3,660,609,643,Skenderaj,Të Hyrat Komunale Totale,18582309.0,19881471.0,20245395.0,21210659.0,22239122.0,"Të Hyrat Komunale Totale 18,582,309 19,881,471 20,245,395 21,210,659 22,239,122"
4.3,660,622,643,Skenderaj,Të Hyrat Vetanake,1299271.0,1709466.0,1740912.0,1847197.0,1850947.0,"Të Hyrat Vetanake 1,299,271 1,709,466 1,740,912 1,847,197 1,850,947"
4.3,660,635,643,Skenderaj,Tatimi në tokë,66198.0,66004.0,77197.0,93409.0,93876.0,"Tatimi në tokë 66,198 66,004 77,197 93,409 93,876"
4.3,660,649,643,Skenderaj,Tatimi në pronë,311672.0,278956.0,306125.0,328319.0,331602.0,"Tatimi në pronë 311,672 278,956 306,125 328,319 331,602"
4.3,660,662,643,Skenderaj,Taksat Komunale,824130.0,748500.0,605500.0,595550.0,725000.0,"Taksat Komunale 824,130 748,500 605,500 595,550 725,000"
4.3,660,676,643,Skenderaj,Licencat dhe lejet,,40000.0,42000.0,55550.0,35000.0,"Licencat dhe lejet 40,000 42,000 55,550 35,000"
4.3,660,689,643,Skenderaj,Certifikatat dhe dokumentet zyrtare,59480.0,48000.0,50000.0,57080.0,46000.0,"Certifikatat dhe dokumentet zyrtare 59,480 48,000 50,000 57,080 46,000"
4.3,660,703,643,Skenderaj,Taksat e pajisjeve motorike,50000.0,,0.0,0.0,0.0,"Taksat e pajisjeve motorike 50,000 0 0 0"
4.3,660,767,643,Skenderaj,19 February 2026,,,,,24.0,19 February 2026 Sistemi i Zhvillimit dhe Menaxhimit te Buxhetit (BDMS) Page 14 of 24
4.3,661,24,643,Skenderaj,Buxheti i,,2028.0,,,,Buxheti i Komunave për vitin 2026 - 2028
4.3,661,131,643,Skenderaj,Lejet per ndertesa,508598.0,465500.0,420000.0,472470.0,430000.0,"Lejet per ndertesa 508,598 465,500 420,000 472,470 430,000"
4.3,661,145,643,Skenderaj,Taksat tjera komunale,206052.0,195000.0,93500.0,10450.0,214000.0,"Taksat tjera komunale 206,052 195,000 93,500 10,450 214,000"
4.3,661,158,643,Skenderaj,Taksat për Mbeturinat,,,0.0,0.0,0.0,Taksat për Mbeturinat 0 0 0
4.3,661,172,643,Skenderaj,Ngarkesat Komunale,97271.0,252456.0,430500.0,458194.0,272170.0,"Ngarkesat Komunale 97,271 252,456 430,500 458,194 272,170"
4.3,661,185,643,Skenderaj,Te hyrat nga qiraja,2120.0,45500.0,17500.0,13879.0,3120.0,"Te hyrat nga qiraja 2,120 45,500 17,500 13,879 3,120"
4.3,661,199,643,Skenderaj,Bashke-pagesat per arsim,60151.0,47500.0,52250.0,60040.0,95000.0,"Bashke-pagesat per arsim 60,151 47,500 52,250 60,040 95,000"
4.3,661,212,643,Skenderaj,Bashke-pagesat per shendetesi,35000.0,27500.0,30250.0,33275.0,18050.0,"Bashke-pagesat per shendetesi 35,000 27,500 30,250 33,275 18,050"
4.3,661,226,643,Skenderaj,Ngarkesat tjera komunale,,,330500.0,351000.0,156000.0,"Ngarkesat tjera komunale 330,500 351,000 156,000"
4.3,661,239,643,Skenderaj,Te hyrat tjera,,363550.0,321590.0,371725.0,428299.0,"Te hyrat tjera 363,550 321,590 371,725 428,299"
4.3,661,253,643,Skenderaj,Transferet Qeveritare,17283038.0,18172005.0,18504483.0,19363462.0,20388175.0,"Transferet Qeveritare 17,283,038 18,172,005 18,504,483 19,363,462 20,388,175"
4.3,661,266,643,Skenderaj,Granti i Përgjithshëm,7822982.0,8450648.0,8450648.0,9014011.0,9734241.0,"Granti i Përgjithshëm 7,822,982 8,450,648 8,450,648 9,014,011 9,734,241"
4.3,661,280,643,Skenderaj,Granti për Arsim,7008587.0,7286969.0,7670086.0,7900189.0,8137194.0,"Granti për Arsim 7,008,587 7,286,969 7,670,086 7,900,189 8,137,194"
4.3,661,293,643,Skenderaj,Granti për Shëndetësi,2255488.0,2234388.0,2183749.0,2249262.0,2316740.0,"Granti për Shëndetësi 2,255,488 2,234,388 2,183,749 2,249,262 2,316,740"
4.3,661,307,643,Skenderaj,Financimi për Shërbime Rezidenciale,195981.0,200000.0,200000.0,200000.0,200000.0,"Financimi për Shërbime Rezidenciale 195,981 200,000 200,000 200,000 200,000"
4.3,661,320,643,Skenderaj,Financimi nga Huamarrja,,,0.0,0.0,0.0,Financimi nga Huamarrja 0 0 0
4.3,661,334,643,Skenderaj,Financimi nga Huamarrja,,,0.0,0.0,0.0,Financimi nga Huamarrja 0 0 0
4.3,661,411,644,Vushtrri,Të Hyrat Komunale Totale,26770039.0,27662762.0,30291935.0,31879246.0,33375848.0,"Të Hyrat Komunale Totale 26,770,039 27,662,762 30,291,935 31,879,246 33,375,848"
4.3,661,424,644,Vushtrri,Të Hyrat Vetanake,3418154.0,3525467.0,3827647.0,4088607.0,4101806.0,"Të Hyrat Vetanake 3,418,154 3,525,467 3,827,647 4,088,607 4,101,806"
4.3,661,437,644,Vushtrri,Tatimi në tokë,243837.0,243120.0,284351.0,344065.0,345785.0,"Tatimi në tokë 243,837 243,120 284,351 344,065 345,785"
4.3,661,451,644,Vushtrri,Tatimi në pronë,1089690.0,975307.0,1070296.0,1147892.0,1159371.0,"Tatimi në pronë 1,089,690 975,307 1,070,296 1,147,892 1,159,371"
4.3,661,464,644,Vushtrri,Taksat Komunale,1699147.0,1839540.0,1991500.0,2058650.0,2051150.0,"Taksat Komunale 1,699,147 1,839,540 1,991,500 2,058,650 2,051,150"
4.3,661,478,644,Vushtrri,Licencat dhe lejet,,,101491.0,100000.0,100000.0,"Licencat dhe lejet 101,491 100,000 100,000"
4.3,661,491,644,Vushtrri,Certifikatat dhe dokumentet zyrtare,120000.0,120000.0,40000.0,40000.0,40000.0,"Certifikatat dhe dokumentet zyrtare 120,000 120,000 40,000 40,000 40,000"
4.3,661,505,644,Vushtrri,Taksat e pajisjeve motorike,,1000.0,182000.0,202459.0,202459.0,"Taksat e pajisjeve motorike 1,000 182,000 202,459 202,459"
4.3,661,518,644,Vushtrri,Lejet per ndertesa,575147.0,707540.0,758509.0,825649.0,874522.0,"Lejet per ndertesa 575,147 707,540 758,509 825,649 874,522"
4.3,661,532,644,Vushtrri,Taksat tjera komunale,158000.0,165000.0,23500.0,23600.0,23600.0,"Taksat tjera komunale 158,000 165,000 23,500 23,600 23,600"
4.3,661,545,644,Vushtrri,Taksat për Mbeturinat,846000.0,846000.0,886000.0,866942.0,810569.0,"Taksat për Mbeturinat 846,000 846,000 886,000 866,942 810,569"
4.3,661,559,644,Vushtrri,Ngarkesat Komunale,217000.0,298491.0,380000.0,386500.0,394000.0,"Ngarkesat Komunale 217,000 298,491 380,000 386,500 394,000"
4.3,661,572,644,Vushtrri,Te hyrat nga qiraja,58000.0,120491.0,53000.0,53000.0,53000.0,"Te hyrat nga qiraja 58,000 120,491 53,000 53,000 53,000"
4.3,661,586,644,Vushtrri,Bashke-pagesat per arsim,99000.0,110000.0,169000.0,175500.0,182000.0,"Bashke-pagesat per arsim 99,000 110,000 169,000 175,500 182,000"
4.3,661,599,644,Vushtrri,Bashke-pagesat per shendetesi,60000.0,62000.0,65000.0,65000.0,66000.0,"Bashke-pagesat per shendetesi 60,000 62,000 65,000 65,000 66,000"
4.3,661,613,644,Vushtrri,Ngarkesat tjera komunale,,6000.0,93000.0,93000.0,93000.0,"Ngarkesat tjera komunale 6,000 93,000 93,000 93,000"
4.3,661,626,644,Vushtrri,Te hyrat tjera,168480.0,169009.0,101500.0,151500.0,151500.0,"Te hyrat tjera 168,480 169,009 101,500 151,500 151,500"
4.3,661,640,644,Vushtrri,Transferet Qeveritare,23351885.0,24137295.0,26464288.0,27790639.0,29274042.0,"Transferet Qeveritare 23,351,885 24,137,295 26,464,288 27,790,639 29,274,042"
4.3,661,653,644,Vushtrri,Granti i Përgjithshëm,10497157.0,11343396.0,12210626.0,13152267.0,14208519.0,"Granti i Përgjithshëm 10,497,157 11,343,396 12,210,626 13,152,267 14,208,519"
4.3,661,667,644,Vushtrri,Granti për Arsim,9409041.0,9861291.0,10761610.0,11084458.0,11416992.0,"Granti për Arsim 9,409,041 9,861,291 10,761,610 11,084,458 11,416,992"
4.3,661,680,644,Vushtrri,Granti për Shëndetësi,3259253.0,2732608.0,3062052.0,3153914.0,3248531.0,"Granti për Shëndetësi 3,259,253 2,732,608 3,062,052 3,153,914 3,248,531"
4.3,661,694,644,Vushtrri,Financimi për Shërbime Rezidenciale,186434.0,200000.0,430000.0,400000.0,400000.0,"Financimi për Shërbime Rezidenciale 186,434 200,000 430,000 400,000 400,000"
4.3,661,707,644,Vushtrri,Financimi nga Huamarrja,,,0.0,0.0,0.0,Financimi nga Huamarrja 0 0 0
4.3,661,767,644,Vushtrri,19 February 2026,,,,,24.0,19 February 2026 Sistemi i Zhvillimit dhe Menaxhimit te Buxhetit (BDMS) Page 15 of 24
4.3,662,24,644,Vushtrri,Buxheti i,,2028.0,,,,Buxheti i Komunave për vitin 2026 - 2028
4.3,662,131,644,Vushtrri,Financimi nga Huamarrja,,,0.0,0.0,0.0,Financimi nga Huamarrja 0 0 0
4.3,662,209,645,Zubin Potok,Të Hyrat Komunale Totale,3428092.0,3377704.0,3377704.0,3547973.0,3722111.0,"Të Hyrat Komunale Totale 3,428,092 3,377,704 3,377,704 3,547,973 3,722,111"
4.3,662,221,645,Zubin Potok,Të Hyrat Vetanake,68072.0,73373.0,68072.0,77042.0,80894.0,"Të Hyrat Vetanake 68,072 73,373 68,072 77,042 80,894"
4.3,662,262,645,Zubin Potok,Taksat Komunale,,,0.0,0.0,0.0,Taksat Komunale 0 0 0
4.3,662,275,645,Zubin Potok,Certifikatat dhe dokumentet zyrtare,,,0.0,0.0,0.0,Certifikatat dhe dokumentet zyrtare 0 0 0
4.3,662,289,645,Zubin Potok,Lejet per ndertesa,,,0.0,0.0,0.0,Lejet per ndertesa 0 0 0
4.3,662,302,645,Zubin Potok,Taksat tjera komunale,,,0.0,0.0,0.0,Taksat tjera komunale 0 0 0
4.3,662,316,645,Zubin Potok,Ngarkesat Komunale,68072.0,73373.0,68072.0,77042.0,80894.0,"Ngarkesat Komunale 68,072 73,373 68,072 77,042 80,894"
4.3,662,329,645,Zubin Potok,Ngarkesat rregullatore,,8000.0,699.0,7042.0,5894.0,"Ngarkesat rregullatore 8,000 699 7,042 5,894"
4.3,662,343,645,Zubin Potok,Te hyrat nga qiraja,,,0.0,0.0,0.0,Te hyrat nga qiraja 0 0 0
4.3,662,356,645,Zubin Potok,Ngarkesat tjera komunale,68072.0,65373.0,67373.0,70000.0,75000.0,"Ngarkesat tjera komunale 68,072 65,373 67,373 70,000 75,000"
4.3,662,370,645,Zubin Potok,Te hyrat tjera,,,0.0,0.0,0.0,Te hyrat tjera 0 0 0
4.3,662,383,645,Zubin Potok,Transferet Qeveritare,3360020.0,3304331.0,3309632.0,3470931.0,3641217.0,"Transferet Qeveritare 3,360,020 3,304,331 3,309,632 3,470,931 3,641,217"
4.3,662,397,645,Zubin Potok,Granti i Përgjithshëm,2255629.0,2427867.0,2205241.0,2562447.0,2699480.0,"Granti i Përgjithshëm 2,255,629 2,427,867 2,205,241 2,562,447 2,699,480"
4.3,662,410,645,Zubin Potok,Granti për Arsim,466762.0,551095.0,466762.0,567627.0,584656.0,"Granti për Arsim 466,762 551,095 466,762 567,627 584,656"
4.3,662,424,645,Zubin Potok,Granti për Shëndetësi,637629.0,325369.0,637629.0,340857.0,357081.0,"Granti për Shëndetësi 637,629 325,369 637,629 340,857 357,081"
4.3,662,501,646,Zveçan,Të Hyrat Komunale Totale,3278670.0,3102269.0,3328726.0,2564844.0,2701996.0,"Të Hyrat Komunale Totale 3,278,670 3,102,269 3,328,726 2,564,844 2,701,996"
4.3,662,514,646,Zveçan,Të Hyrat Vetanake,62021.0,66702.0,76600.0,81225.0,81725.0,"Të Hyrat Vetanake 62,021 66,702 76,600 81,225 81,725"
4.3,662,527,646,Zveçan,Tatimi në tokë,,,600.0,1000.0,1200.0,"Tatimi në tokë 600 1,000 1,200"
4.3,662,541,646,Zveçan,Tatimi në pronë,,,1500.0,2000.0,2300.0,"Tatimi në pronë 1,500 2,000 2,300"
4.3,662,554,646,Zveçan,Taksat Komunale,32021.0,21000.0,26000.0,29225.0,27500.0,"Taksat Komunale 32,021 21,000 26,000 29,225 27,500"
4.3,662,568,646,Zveçan,Licencat dhe lejet,8000.0,8000.0,10000.0,10000.0,10000.0,"Licencat dhe lejet 8,000 8,000 10,000 10,000 10,000"
4.3,662,581,646,Zveçan,Certifikatat dhe dokumentet zyrtare,6000.0,7000.0,8000.0,8000.0,8000.0,"Certifikatat dhe dokumentet zyrtare 6,000 7,000 8,000 8,000 8,000"
4.3,662,595,646,Zveçan,Taksat e pajisjeve motorike,13021.0,,0.0,0.0,0.0,"Taksat e pajisjeve motorike 13,021 0 0 0"
4.3,662,608,646,Zveçan,Lejet per ndertesa,,3500.0,4000.0,7000.0,5000.0,"Lejet per ndertesa 3,500 4,000 7,000 5,000"
4.3,662,622,646,Zveçan,Taksat tjera komunale,5000.0,2500.0,4000.0,4225.0,4500.0,"Taksat tjera komunale 5,000 2,500 4,000 4,225 4,500"
4.3,662,635,646,Zveçan,Ngarkesat Komunale,,6000.0,6000.0,6000.0,7725.0,"Ngarkesat Komunale 6,000 6,000 6,000 7,725"
4.3,662,649,646,Zveçan,Ngarkesat tjera komunale,,6000.0,6000.0,6000.0,7725.0,"Ngarkesat tjera komunale 6,000 6,000 6,000 7,725"
4.3,662,662,646,Zveçan,Te hyrat tjera,30000.0,39702.0,42500.0,43000.0,43000.0,"Te hyrat tjera 30,000 39,702 42,500 43,000 43,000"
4.3,662,676,646,Zveçan,Transferet Qeveritare,3216649.0,3035567.0,3252126.0,2483619.0,2620271.0,"Transferet Qeveritare 3,216,649 3,035,567 3,252,126 2,483,619 2,620,271"
4.3,662,689,646,Zveçan,Granti i Përgjithshëm,2082261.0,2240499.0,2240499.0,1441643.0,1547036.0,"Granti i Përgjithshëm 2,082,261 2,240,499 2,240,499 1,441,643 1,547,036"
4.3,662,703,646,Zveçan,Granti për Arsim,433737.0,451589.0,629783.0,648676.0,668136.0,"Granti për Arsim 433,737 451,589 629,783 648,676 668,136"
4.3,662,767,646,Zveçan,19 February 2026,,,,,24.0,19 February 2026 Sistemi i Zhvillimit dhe Menaxhimit te Buxhetit (BDMS) Page 16 of 24
4.3,663,24,646,Zveçan,Buxheti i,,2028.0,,,,Buxheti i Komunave për vitin 2026 - 2028
4.3,663,131,646,Zveçan,Granti për Shëndetësi,700651.0,343479.0,381844.0,393300.0,405099.0,"Granti për Shëndetësi 700,651 343,479 381,844 393,300 405,099"
4.3,663,209,647,Mitrovica Veriore,Të Hyrat Komunale Totale,6367531.0,6512368.0,6715284.0,6698629.0,7267817.0,"Të Hyrat Komunale Totale 6,367,531 6,512,368 6,715,284 6,698,629 7,267,817"
4.3,663,221,647,Mitrovica Veriore,Të Hyrat Vetanake,90000.0,106157.0,135700.0,142700.0,143200.0,"Të Hyrat Vetanake 90,000 106,157 135,700 142,700 143,200"
4.3,663,235,647,Mitrovica Veriore,Tatimi në tokë,,,1200.0,1400.0,1700.0,"Tatimi në tokë 1,200 1,400 1,700"
4.3,663,248,647,Mitrovica Veriore,Tatimi në pronë,,,4500.0,4800.0,5000.0,"Tatimi në pronë 4,500 4,800 5,000"
4.3,663,262,647,Mitrovica Veriore,Taksat Komunale,74000.0,66000.0,63500.0,67000.0,66500.0,"Taksat Komunale 74,000 66,000 63,500 67,000 66,500"
4.3,663,275,647,Mitrovica Veriore,Licencat dhe lejet,10000.0,,0.0,0.0,0.0,"Licencat dhe lejet 10,000 0 0 0"
4.3,663,289,647,Mitrovica Veriore,Certifikatat dhe dokumentet zyrtare,20000.0,39000.0,29500.0,30500.0,29500.0,"Certifikatat dhe dokumentet zyrtare 20,000 39,000 29,500 30,500 29,500"
4.3,663,302,647,Mitrovica Veriore,Taksat e pajisjeve motorike,4000.0,22000.0,22000.0,22500.0,22000.0,"Taksat e pajisjeve motorike 4,000 22,000 22,000 22,500 22,000"
4.3,663,316,647,Mitrovica Veriore,Lejet per ndertesa,20000.0,5000.0,12000.0,14000.0,15000.0,"Lejet per ndertesa 20,000 5,000 12,000 14,000 15,000"
4.3,663,329,647,Mitrovica Veriore,Taksat tjera komunale,20000.0,,0.0,0.0,0.0,"Taksat tjera komunale 20,000 0 0 0"
4.3,663,343,647,Mitrovica Veriore,Taksat për Mbeturinat,,,0.0,0.0,0.0,Taksat për Mbeturinat 0 0 0
4.3,663,356,647,Mitrovica Veriore,Ngarkesat Komunale,10000.0,24500.0,30000.0,33000.0,33000.0,"Ngarkesat Komunale 10,000 24,500 30,000 33,000 33,000"
4.3,663,370,647,Mitrovica Veriore,Ngarkesat rregullatore,,,0.0,0.0,0.0,Ngarkesat rregullatore 0 0 0
4.3,663,383,647,Mitrovica Veriore,Te hyrat nga qiraja,10000.0,24500.0,30000.0,33000.0,33000.0,"Te hyrat nga qiraja 10,000 24,500 30,000 33,000 33,000"
4.3,663,397,647,Mitrovica Veriore,Bashke-pagesat per arsim,,,0.0,0.0,0.0,Bashke-pagesat per arsim 0 0 0
4.3,663,410,647,Mitrovica Veriore,Bashke-pagesat per shendetesi,,,0.0,0.0,0.0,Bashke-pagesat per shendetesi 0 0 0
4.3,663,424,647,Mitrovica Veriore,Ngarkesat tjera komunale,,,0.0,0.0,0.0,Ngarkesat tjera komunale 0 0 0
4.3,663,437,647,Mitrovica Veriore,Te hyrat tjera,6000.0,15657.0,36500.0,36500.0,37000.0,"Te hyrat tjera 6,000 15,657 36,500 36,500 37,000"
4.3,663,451,647,Mitrovica Veriore,Shitja e aseteve,,,0.0,0.0,0.0,Shitja e aseteve 0 0 0
4.3,663,464,647,Mitrovica Veriore,Transferet Qeveritare,6277531.0,6406211.0,6579584.0,6555929.0,7124617.0,"Transferet Qeveritare 6,277,531 6,406,211 6,579,584 6,555,929 7,124,617"
4.3,663,478,647,Mitrovica Veriore,Granti i Përgjithshëm,3052297.0,3289655.0,3289654.0,3196999.0,3444618.0,"Granti i Përgjithshëm 3,052,297 3,289,655 3,289,654 3,196,999 3,444,618"
4.3,663,491,647,Mitrovica Veriore,Granti për Arsim,1348072.0,1651532.0,1819401.0,1873983.0,1930202.0,"Granti për Arsim 1,348,072 1,651,532 1,819,401 1,873,983 1,930,202"
4.3,663,505,647,Mitrovica Veriore,Granti për Shëndetësi,887227.0,475089.0,480594.0,495012.0,509862.0,"Granti për Shëndetësi 887,227 475,089 480,594 495,012 509,862"
4.3,663,518,647,Mitrovica Veriore,Financimi për Shërbime Rezidenciale,,,0.0,0.0,250000.0,"Financimi për Shërbime Rezidenciale 0 0 250,000"
4.3,663,532,647,Mitrovica Veriore,Financimi për Shëndetesi Sekondare,989935.0,989935.0,989935.0,989935.0,989935.0,"Financimi për Shëndetesi Sekondare 989,935 989,935 989,935 989,935 989,935"
4.3,663,545,647,Mitrovica Veriore,Financimi nga Huamarrja,,,0.0,0.0,0.0,Financimi nga Huamarrja 0 0 0
4.3,663,559,647,Mitrovica Veriore,Financimi nga Huamarrja,,,0.0,0.0,0.0,Financimi nga Huamarrja 0 0 0
4.3,663,636,651,Gjilan,Të Hyrat Komunale Totale,37189019.0,39897580.0,41928924.0,44340056.0,46402501.0,"Të Hyrat Komunale Totale 37,189,019 39,897,580 41,928,924 44,340,056 46,402,501"
4.3,663,649,651,Gjilan,Të Hyrat Vetanake,5038508.0,6137220.0,5821202.0,6260365.0,6290699.0,"Të Hyrat Vetanake 5,038,508 6,137,220 5,821,202 6,260,365 6,290,699"
4.3,663,662,651,Gjilan,Tatimi në tokë,491698.0,490253.0,573396.0,693809.0,697278.0,"Tatimi në tokë 491,698 490,253 573,396 693,809 697,278"
4.3,663,676,651,Gjilan,Tatimi në pronë,2550267.0,2282571.0,2504879.0,2686482.0,2713347.0,"Tatimi në pronë 2,550,267 2,282,571 2,504,879 2,686,482 2,713,347"
4.3,663,689,651,Gjilan,Taksat Komunale,1511543.0,2615050.0,1973581.0,2070074.0,2014074.0,"Taksat Komunale 1,511,543 2,615,050 1,973,581 2,070,074 2,014,074"
4.3,663,703,651,Gjilan,Licencat dhe lejet,50000.0,70000.0,30000.0,40000.0,50000.0,"Licencat dhe lejet 50,000 70,000 30,000 40,000 50,000"
4.3,663,767,651,Gjilan,19 February 2026,,,,,24.0,19 February 2026 Sistemi i Zhvillimit dhe Menaxhimit te Buxhetit (BDMS) Page 17 of 24
4.3,664,24,651,Gjilan,Buxheti i,,2028.0,,,,Buxheti i Komunave për vitin 2026 - 2028
4.3,664,131,651,Gjilan,Certifikatat dhe dokumentet zyrtare,341543.0,380000.0,330000.0,330000.0,330000.0,"Certifikatat dhe dokumentet zyrtare 341,543 380,000 330,000 330,000 330,000"
4.3,664,145,651,Gjilan,Taksat e pajisjeve motorike,220000.0,280000.0,260000.0,270000.0,270000.0,"Taksat e pajisjeve motorike 220,000 280,000 260,000 270,000 270,000"
4.3,664,158,651,Gjilan,Lejet per ndertesa,860000.0,1650000.0,1123581.0,1200074.0,1133074.0,"Lejet per ndertesa 860,000 1,650,000 1,123,581 1,200,074 1,133,074"
4.3,664,172,651,Gjilan,Taksat tjera komunale,40000.0,235050.0,230000.0,230000.0,231000.0,"Taksat tjera komunale 40,000 235,050 230,000 230,000 231,000"
4.3,664,185,651,Gjilan,Ngarkesat Komunale,485000.0,749346.0,769346.0,810000.0,866000.0,"Ngarkesat Komunale 485,000 749,346 769,346 810,000 866,000"
4.3,664,199,651,Gjilan,Ngarkesat rregullatore,30000.0,79346.0,79346.0,100000.0,106000.0,"Ngarkesat rregullatore 30,000 79,346 79,346 100,000 106,000"
4.3,664,212,651,Gjilan,Te hyrat nga qiraja,105000.0,130000.0,130000.0,130000.0,130000.0,"Te hyrat nga qiraja 105,000 130,000 130,000 130,000 130,000"
4.3,664,226,651,Gjilan,Bashke-pagesat per arsim,230000.0,340000.0,350000.0,360000.0,400000.0,"Bashke-pagesat per arsim 230,000 340,000 350,000 360,000 400,000"
4.3,664,239,651,Gjilan,Bashke-pagesat per shendetesi,120000.0,200000.0,210000.0,220000.0,230000.0,"Bashke-pagesat per shendetesi 120,000 200,000 210,000 220,000 230,000"
4.3,664,253,651,Gjilan,Ngarkesat tjera komunale,,,0.0,0.0,0.0,Ngarkesat tjera komunale 0 0 0
4.3,664,266,651,Gjilan,Te hyrat tjera,,,0.0,0.0,0.0,Te hyrat tjera 0 0 0
4.3,664,280,651,Gjilan,Transferet Qeveritare,32150511.0,33760360.0,36107722.0,38079691.0,40111802.0,"Transferet Qeveritare 32,150,511 33,760,360 36,107,722 38,079,691 40,111,802"
4.3,664,293,651,Gjilan,Granti i Përgjithshëm,13505105.0,14597113.0,16408177.0,17677278.0,19100845.0,"Granti i Përgjithshëm 13,505,105 14,597,113 16,408,177 17,677,278 19,100,845"
4.3,664,307,651,Gjilan,Granti për Arsim,14270527.0,14415178.0,14741775.0,15184028.0,15639549.0,"Granti për Arsim 14,270,527 14,415,178 14,741,775 15,184,028 15,639,549"
4.3,664,320,651,Gjilan,Granti për Shëndetësi,4100244.0,4307553.0,4317011.0,4446521.0,4579917.0,"Granti për Shëndetësi 4,100,244 4,307,553 4,317,011 4,446,521 4,579,917"
4.3,664,334,651,Gjilan,Financimi për Shërbime Rezidenciale,,152500.0,302500.0,415000.0,415000.0,"Financimi për Shërbime Rezidenciale 152,500 302,500 415,000 415,000"
4.3,664,347,651,Gjilan,Granti specifik për Kulturë,,,0.0,0.0,0.0,Granti specifik për Kulturë 0 0 0
4.3,664,361,651,Gjilan,Financimi për Teatrot,274635.0,288016.0,338259.0,356864.0,376491.0,"Financimi për Teatrot 274,635 288,016 338,259 356,864 376,491"
4.3,664,374,651,Gjilan,Financimi nga Huamarrja,,,0.0,0.0,0.0,Financimi nga Huamarrja 0 0 0
4.3,664,388,651,Gjilan,Financimi nga Huamarrja,,,0.0,0.0,0.0,Financimi nga Huamarrja 0 0 0
4.3,664,465,652,Kaçanik,Të Hyrat Komunale Totale,11958983.0,12592239.0,13399753.0,14070440.0,14757059.0,"Të Hyrat Komunale Totale 11,958,983 12,592,239 13,399,753 14,070,440 14,757,059"
4.3,664,478,652,Kaçanik,Të Hyrat Vetanake,924200.0,950401.0,1065133.0,1142071.0,1146764.0,"Të Hyrat Vetanake 924,200 950,401 1,065,133 1,142,071 1,146,764"
4.3,664,491,652,Kaçanik,Tatimi në tokë,80543.0,80306.0,93925.0,113649.0,114218.0,"Tatimi në tokë 80,543 80,306 93,925 113,649 114,218"
4.3,664,505,652,Kaçanik,Tatimi në pronë,391545.0,350446.0,384577.0,412458.0,416583.0,"Tatimi në pronë 391,545 350,446 384,577 412,458 416,583"
4.3,664,518,652,Kaçanik,Taksat Komunale,341112.0,408649.0,456631.0,482964.0,468963.0,"Taksat Komunale 341,112 408,649 456,631 482,964 468,963"
4.3,664,532,652,Kaçanik,Licencat dhe lejet,16000.0,16000.0,20000.0,20000.0,21000.0,"Licencat dhe lejet 16,000 16,000 20,000 20,000 21,000"
4.3,664,545,652,Kaçanik,Certifikatat dhe dokumentet zyrtare,25000.0,25000.0,24000.0,24000.0,23000.0,"Certifikatat dhe dokumentet zyrtare 25,000 25,000 24,000 24,000 23,000"
4.3,664,559,652,Kaçanik,Taksat e pajisjeve motorike,70000.0,70000.0,71000.0,71000.0,72000.0,"Taksat e pajisjeve motorike 70,000 70,000 71,000 71,000 72,000"
4.3,664,572,652,Kaçanik,Lejet per ndertesa,200000.0,267537.0,309631.0,332964.0,317963.0,"Lejet per ndertesa 200,000 267,537 309,631 332,964 317,963"
4.3,664,586,652,Kaçanik,Taksat tjera komunale,30112.0,30112.0,32000.0,35000.0,35000.0,"Taksat tjera komunale 30,112 30,112 32,000 35,000 35,000"
4.3,664,599,652,Kaçanik,Ngarkesat Komunale,101000.0,101000.0,120000.0,123000.0,127000.0,"Ngarkesat Komunale 101,000 101,000 120,000 123,000 127,000"
4.3,664,613,652,Kaçanik,Ngarkesat rregullatore,10000.0,10000.0,10000.0,10000.0,10000.0,"Ngarkesat rregullatore 10,000 10,000 10,000 10,000 10,000"
4.3,664,626,652,Kaçanik,Te hyrat nga qiraja,10000.0,10000.0,15000.0,17000.0,17000.0,"Te hyrat nga qiraja 10,000 10,000 15,000 17,000 17,000"
4.3,664,640,652,Kaçanik,Bashke-pagesat per arsim,36000.0,36000.0,40000.0,40000.0,43000.0,"Bashke-pagesat per arsim 36,000 36,000 40,000 40,000 43,000"
4.3,664,653,652,Kaçanik,Bashke-pagesat per shendetesi,5000.0,5000.0,5000.0,6000.0,7000.0,"Bashke-pagesat per shendetesi 5,000 5,000 5,000 6,000 7,000"
4.3,664,667,652,Kaçanik,Ngarkesat tjera komunale,40000.0,40000.0,50000.0,50000.0,50000.0,"Ngarkesat tjera komunale 40,000 40,000 50,000 50,000 50,000"
4.3,664,680,652,Kaçanik,Te hyrat tjera,10000.0,10000.0,10000.0,10000.0,20000.0,"Te hyrat tjera 10,000 10,000 10,000 10,000 20,000"
4.3,664,694,652,Kaçanik,Transferet Qeveritare,11034783.0,11641838.0,12334620.0,12928369.0,13610295.0,"Transferet Qeveritare 11,034,783 11,641,838 12,334,620 12,928,369 13,610,295"
4.3,664,707,652,Kaçanik,Granti i Përgjithshëm,5130643.0,5538386.0,5656269.0,6086568.0,6569239.0,"Granti i Përgjithshëm 5,130,643 5,538,386 5,656,269 6,086,568 6,569,239"
4.3,664,767,652,Kaçanik,19 February 2026,,,,,24.0,19 February 2026 Sistemi i Zhvillimit dhe Menaxhimit te Buxhetit (BDMS) Page 18 of 24
4.3,665,24,652,Kaçanik,Buxheti i,,2028.0,,,,Buxheti i Komunave për vitin 2026 - 2028
4.3,665,131,652,Kaçanik,Granti për Arsim,4395331.0,4626225.0,4761842.0,4904697.0,5051838.0,"Granti për Arsim 4,395,331 4,626,225 4,761,842 4,904,697 5,051,838"
4.3,665,145,652,Kaçanik,Granti për Shëndetësi,1508809.0,1477227.0,1686509.0,1737104.0,1789218.0,"Granti për Shëndetësi 1,508,809 1,477,227 1,686,509 1,737,104 1,789,218"
4.3,665,158,652,Kaçanik,Financimi për Shërbime Rezidenciale,,,230000.0,200000.0,200000.0,"Financimi për Shërbime Rezidenciale 230,000 200,000 200,000"
4.3,665,172,652,Kaçanik,Financimi nga Huamarrja,,,0.0,0.0,0.0,Financimi nga Huamarrja 0 0 0
4.3,665,185,652,Kaçanik,Financimi nga Huamarrja,,,0.0,0.0,0.0,Financimi nga Huamarrja 0 0 0
4.3,665,263,653,Kamenicë,Të Hyrat Komunale Totale,14523817.0,15282624.0,15605104.0,15197009.0,15895551.0,"Të Hyrat Komunale Totale 14,523,817 15,282,624 15,605,104 15,197,009 15,895,551"
4.3,665,275,653,Kamenicë,Të Hyrat Vetanake,1016621.0,1134072.0,1223917.0,1315257.0,1321154.0,"Të Hyrat Vetanake 1,016,621 1,134,072 1,223,917 1,315,257 1,321,154"
4.3,665,289,653,Kamenicë,Tatimi në tokë,103474.0,438943.0,120667.0,146007.0,146737.0,"Tatimi në tokë 103,474 438,943 120,667 146,007 146,737"
4.3,665,302,653,Kamenicë,Tatimi në pronë,490421.0,103170.0,481693.0,516615.0,521782.0,"Tatimi në pronë 490,421 103,170 481,693 516,615 521,782"
4.3,665,316,653,Kamenicë,Taksat Komunale,234576.0,259030.0,399513.0,348456.0,297500.0,"Taksat Komunale 234,576 259,030 399,513 348,456 297,500"
4.3,665,329,653,Kamenicë,Licencat dhe lejet,,1500.0,0.0,16000.0,16000.0,"Licencat dhe lejet 1,500 0 16,000 16,000"
4.3,665,343,653,Kamenicë,Certifikatat dhe dokumentet zyrtare,51800.0,54930.0,86421.0,75000.0,75000.0,"Certifikatat dhe dokumentet zyrtare 51,800 54,930 86,421 75,000 75,000"
4.3,665,356,653,Kamenicë,Taksat e pajisjeve motorike,66595.0,67000.0,67500.0,67500.0,67500.0,"Taksat e pajisjeve motorike 66,595 67,000 67,500 67,500 67,500"
4.3,665,370,653,Kamenicë,Lejet per ndertesa,59200.0,61800.0,76948.0,70000.0,68000.0,"Lejet per ndertesa 59,200 61,800 76,948 70,000 68,000"
4.3,665,383,653,Kamenicë,Taksat tjera komunale,56981.0,73800.0,168645.0,119956.0,71000.0,"Taksat tjera komunale 56,981 73,800 168,645 119,956 71,000"
4.3,665,397,653,Kamenicë,Taksat për Mbeturinat,,,0.0,0.0,0.0,Taksat për Mbeturinat 0 0 0
4.3,665,410,653,Kamenicë,Ngarkesat Komunale,133150.0,236000.0,197044.0,248122.0,152000.0,"Ngarkesat Komunale 133,150 236,000 197,044 248,122 152,000"
4.3,665,424,653,Kamenicë,Te hyrat nga qiraja,40000.0,40000.0,96044.0,58000.0,51000.0,"Te hyrat nga qiraja 40,000 40,000 96,044 58,000 51,000"
4.3,665,437,653,Kamenicë,Bashke-pagesat per arsim,29000.0,45000.0,30000.0,32000.0,30000.0,"Bashke-pagesat per arsim 29,000 45,000 30,000 32,000 30,000"
4.3,665,451,653,Kamenicë,Bashke-pagesat per shendetesi,55000.0,56000.0,56000.0,50000.0,57000.0,"Bashke-pagesat per shendetesi 55,000 56,000 56,000 50,000 57,000"
4.3,665,464,653,Kamenicë,Ngarkesat tjera komunale,9150.0,95000.0,15000.0,108122.0,14000.0,"Ngarkesat tjera komunale 9,150 95,000 15,000 108,122 14,000"
4.3,665,478,653,Kamenicë,Te hyrat tjera,50000.0,91929.0,20000.0,46057.0,198135.0,"Te hyrat tjera 50,000 91,929 20,000 46,057 198,135"
4.3,665,491,653,Kamenicë,Shitja e aseteve,5000.0,5000.0,5000.0,10000.0,5000.0,"Shitja e aseteve 5,000 5,000 5,000 10,000 5,000"
4.3,665,505,653,Kamenicë,Transferet Qeveritare,13507196.0,14148552.0,14381187.0,13881752.0,14574397.0,"Transferet Qeveritare 13,507,196 14,148,552 14,381,187 13,881,752 14,574,397"
4.3,665,518,653,Kamenicë,Granti i Përgjithshëm,5976303.0,6452896.0,6452896.0,5742213.0,6196672.0,"Granti i Përgjithshëm 5,976,303 6,452,896 6,452,896 5,742,213 6,196,672"
4.3,665,532,653,Kamenicë,Granti për Arsim,5440648.0,5433969.0,5688769.0,5859432.0,6035215.0,"Granti për Arsim 5,440,648 5,433,969 5,688,769 5,859,432 6,035,215"
4.3,665,545,653,Kamenicë,Granti për Shëndetësi,1892973.0,2041687.0,2019522.0,2080107.0,2142510.0,"Granti për Shëndetësi 1,892,973 2,041,687 2,019,522 2,080,107 2,142,510"
4.3,665,559,653,Kamenicë,Financimi për Shërbime Rezidenciale,197272.0,220000.0,220000.0,200000.0,200000.0,"Financimi për Shërbime Rezidenciale 197,272 220,000 220,000 200,000 200,000"
4.3,665,572,653,Kamenicë,Financimi nga Huamarrja,,,0.0,0.0,0.0,Financimi nga Huamarrja 0 0 0
4.3,665,586,653,Kamenicë,Financimi nga Huamarrja,,,0.0,0.0,0.0,Financimi nga Huamarrja 0 0 0
4.3,665,663,654,Novobërdë,Të Hyrat Komunale Totale,3925195.0,4284877.0,4641339.0,4474931.0,4654999.0,"Të Hyrat Komunale Totale 3,925,195 4,284,877 4,641,339 4,474,931 4,654,999"
4.3,665,676,654,Novobërdë,Të Hyrat Vetanake,313845.0,432758.0,465957.0,495264.0,496424.0,"Të Hyrat Vetanake 313,845 432,758 465,957 495,264 496,424"
4.3,665,689,654,Novobërdë,Tatimi në tokë,20810.0,20749.0,24268.0,29364.0,29511.0,"Tatimi në tokë 20,810 20,749 24,268 29,364 29,511"
4.3,665,703,654,Novobërdë,Tatimi në pronë,96209.0,86110.0,94497.0,101348.0,102361.0,"Tatimi në pronë 96,209 86,110 94,497 101,348 102,361"
4.3,665,767,654,Novobërdë,19 February 2026,,,,,24.0,19 February 2026 Sistemi i Zhvillimit dhe Menaxhimit te Buxhetit (BDMS) Page 19 of 24
4.3,666,24,654,Novobërdë,Buxheti i,,2028.0,,,,Buxheti i Komunave për vitin 2026 - 2028
4.3,666,131,654,Novobërdë,Taksat Komunale,94377.0,188899.0,148780.0,152780.0,158780.0,"Taksat Komunale 94,377 188,899 148,780 152,780 158,780"
4.3,666,145,654,Novobërdë,Licencat dhe lejet,,3500.0,31000.0,33000.0,38000.0,"Licencat dhe lejet 3,500 31,000 33,000 38,000"
4.3,666,158,654,Novobërdë,Certifikatat dhe dokumentet zyrtare,19730.0,18690.0,7590.0,7590.0,7590.0,"Certifikatat dhe dokumentet zyrtare 19,730 18,690 7,590 7,590 7,590"
4.3,666,172,654,Novobërdë,Taksat e pajisjeve motorike,23125.0,21500.0,21500.0,21500.0,21500.0,"Taksat e pajisjeve motorike 23,125 21,500 21,500 21,500 21,500"
4.3,666,185,654,Novobërdë,Lejet per ndertesa,28000.0,69800.0,18690.0,18690.0,18690.0,"Lejet per ndertesa 28,000 69,800 18,690 18,690 18,690"
4.3,666,199,654,Novobërdë,Taksat tjera komunale,23522.0,75409.0,70000.0,72000.0,73000.0,"Taksat tjera komunale 23,522 75,409 70,000 72,000 73,000"
4.3,666,212,654,Novobërdë,Ngarkesat Komunale,66500.0,67000.0,72000.0,73000.0,74000.0,"Ngarkesat Komunale 66,500 67,000 72,000 73,000 74,000"
4.3,666,226,654,Novobërdë,Te hyrat nga qiraja,13000.0,5000.0,5000.0,5000.0,5000.0,"Te hyrat nga qiraja 13,000 5,000 5,000 5,000 5,000"
4.3,666,239,654,Novobërdë,Bashke-pagesat per shendetesi,3500.0,2000.0,2000.0,2000.0,2000.0,"Bashke-pagesat per shendetesi 3,500 2,000 2,000 2,000 2,000"
4.3,666,253,654,Novobërdë,Ngarkesat tjera komunale,50000.0,60000.0,65000.0,66000.0,67000.0,"Ngarkesat tjera komunale 50,000 60,000 65,000 66,000 67,000"
4.3,666,266,654,Novobërdë,Te hyrat tjera,30949.0,70000.0,126412.0,138772.0,131772.0,"Te hyrat tjera 30,949 70,000 126,412 138,772 131,772"
4.3,666,280,654,Novobërdë,Shitja e aseteve,5000.0,,0.0,0.0,0.0,"Shitja e aseteve 5,000 0 0 0"
4.3,666,293,654,Novobërdë,Transferet Qeveritare,3611350.0,3852119.0,4175382.0,3979667.0,4158575.0,"Transferet Qeveritare 3,611,350 3,852,119 4,175,382 3,979,667 4,158,575"
4.3,666,307,654,Novobërdë,Granti i Përgjithshëm,1644753.0,1767421.0,1767421.0,1505468.0,1616150.0,"Granti i Përgjithshëm 1,644,753 1,767,421 1,767,421 1,505,468 1,616,150"
4.3,666,320,654,Novobërdë,Granti për Arsim,1396654.0,1460598.0,1623645.0,1672354.0,1722525.0,"Granti për Arsim 1,396,654 1,460,598 1,623,645 1,672,354 1,722,525"
4.3,666,334,654,Novobërdë,Granti për Shëndetësi,396646.0,424100.0,584316.0,601845.0,619900.0,"Granti për Shëndetësi 396,646 424,100 584,316 601,845 619,900"
4.3,666,347,654,Novobërdë,Financimi për Shërbime Rezidenciale,173297.0,200000.0,200000.0,200000.0,200000.0,"Financimi për Shërbime Rezidenciale 173,297 200,000 200,000 200,000 200,000"
4.3,666,425,655,Shtërpcë,Të Hyrat Komunale Totale,4622800.0,4777735.0,7671260.0,8108488.0,8555434.0,"Të Hyrat Komunale Totale 4,622,800 4,777,735 7,671,260 8,108,488 8,555,434"
4.3,666,437,655,Shtërpcë,Të Hyrat Vetanake,391317.0,403713.0,410525.0,446198.0,449152.0,"Të Hyrat Vetanake 391,317 403,713 410,525 446,198 449,152"
4.3,666,451,655,Shtërpcë,Tatimi në tokë,52095.0,51942.0,60751.0,73509.0,73876.0,"Tatimi në tokë 52,095 51,942 60,751 73,509 73,876"
4.3,666,464,655,Shtërpcë,Tatimi në pronë,245533.0,219760.0,241163.0,258648.0,261234.0,"Tatimi në pronë 245,533 219,760 241,163 258,648 261,234"
4.3,666,478,655,Shtërpcë,Taksat Komunale,92689.0,131011.0,107611.0,113041.0,113042.0,"Taksat Komunale 92,689 131,011 107,611 113,041 113,042"
4.3,666,491,655,Shtërpcë,Licencat dhe lejet,10000.0,10000.0,10000.0,15000.0,20000.0,"Licencat dhe lejet 10,000 10,000 10,000 15,000 20,000"
4.3,666,505,655,Shtërpcë,Certifikatat dhe dokumentet zyrtare,4000.0,4000.0,4000.0,4374.0,4292.0,"Certifikatat dhe dokumentet zyrtare 4,000 4,000 4,000 4,374 4,292"
4.3,666,518,655,Shtërpcë,Taksat e pajisjeve motorike,23689.0,23689.0,23611.0,23000.0,23000.0,"Taksat e pajisjeve motorike 23,689 23,689 23,611 23,000 23,000"
4.3,666,532,655,Shtërpcë,Lejet per ndertesa,40000.0,68322.0,50000.0,50667.0,45750.0,"Lejet per ndertesa 40,000 68,322 50,000 50,667 45,750"
4.3,666,545,655,Shtërpcë,Taksat tjera komunale,15000.0,25000.0,20000.0,20000.0,20000.0,"Taksat tjera komunale 15,000 25,000 20,000 20,000 20,000"
4.3,666,559,655,Shtërpcë,Ngarkesat Komunale,1000.0,1000.0,1000.0,1000.0,1000.0,"Ngarkesat Komunale 1,000 1,000 1,000 1,000 1,000"
4.3,666,572,655,Shtërpcë,Bashke-pagesat per shendetesi,1000.0,1000.0,1000.0,1000.0,1000.0,"Bashke-pagesat per shendetesi 1,000 1,000 1,000 1,000 1,000"
4.3,666,586,655,Shtërpcë,Te hyrat tjera,,,0.0,0.0,0.0,Te hyrat tjera 0 0 0
4.3,666,599,655,Shtërpcë,Transferet Qeveritare,4231483.0,4374022.0,7260735.0,7662290.0,8106282.0,"Transferet Qeveritare 4,231,483 4,374,022 7,260,735 7,662,290 8,106,282"
4.3,666,613,655,Shtërpcë,Granti i Përgjithshëm,1741949.0,1872524.0,4398469.0,4729826.0,5101516.0,"Granti i Përgjithshëm 1,741,949 1,872,524 4,398,469 4,729,826 5,101,516"
4.3,666,626,655,Shtërpcë,Granti për Arsim,1671258.0,1704759.0,1790929.0,1844658.0,1899997.0,"Granti për Arsim 1,671,258 1,704,759 1,790,929 1,844,658 1,899,997"
4.3,666,640,655,Shtërpcë,Granti për Shëndetësi,295905.0,274368.0,548966.0,565435.0,582398.0,"Granti për Shëndetësi 295,905 274,368 548,966 565,435 582,398"
4.3,666,653,655,Shtërpcë,Financimi për Shëndetesi Sekondare,522371.0,522371.0,522371.0,522371.0,522371.0,"Financimi për Shëndetesi Sekondare 522,371 522,371 522,371 522,371 522,371"
4.3,666,767,656,Ferizaj,19 February 2026,,,,,24.0,19 February 2026 Sistemi i Zhvillimit dhe Menaxhimit te Buxhetit (BDMS) Page 20 of 24
4.3,667,24,656,Ferizaj,Buxheti i,,2028.0,,,,Buxheti i Komunave për vitin 2026 - 2028
4.3,667,132,656,Ferizaj,Të Hyrat Komunale Totale,41184014.0,46013006.0,53068494.0,56017145.0,58658970.0,"Të Hyrat Komunale Totale 41,184,014 46,013,006 53,068,494 56,017,145 58,658,970"
4.3,667,145,656,Ferizaj,Të Hyrat Vetanake,5409728.0,7974306.0,7660269.0,8207292.0,8239340.0,"Të Hyrat Vetanake 5,409,728 7,974,306 7,660,269 8,207,292 8,239,340"
4.3,667,158,656,Ferizaj,Tatimi në tokë,563359.0,561703.0,656963.0,794925.0,798900.0,"Tatimi në tokë 563,359 561,703 656,963 794,925 798,900"
4.3,667,172,656,Ferizaj,Tatimi në pronë,2665008.0,2385267.0,2617577.0,2807351.0,2835425.0,"Tatimi në pronë 2,665,008 2,385,267 2,617,577 2,807,351 2,835,425"
4.3,667,185,656,Ferizaj,Taksat Komunale,1481361.0,3573460.0,2710000.0,2812847.0,2812847.0,"Taksat Komunale 1,481,361 3,573,460 2,710,000 2,812,847 2,812,847"
4.3,667,199,656,Ferizaj,Licencat dhe lejet,,,0.0,0.0,0.0,Licencat dhe lejet 0 0 0
4.3,667,212,656,Ferizaj,Certifikatat dhe dokumentet zyrtare,70000.0,150180.0,100000.0,107847.0,107847.0,"Certifikatat dhe dokumentet zyrtare 70,000 150,180 100,000 107,847 107,847"
4.3,667,226,656,Ferizaj,Taksat e pajisjeve motorike,255000.0,475870.0,380000.0,410000.0,410000.0,"Taksat e pajisjeve motorike 255,000 475,870 380,000 410,000 410,000"
4.3,667,239,656,Ferizaj,Lejet per ndertesa,691361.0,2000000.0,2100000.0,2150000.0,2150000.0,"Lejet per ndertesa 691,361 2,000,000 2,100,000 2,150,000 2,150,000"
4.3,667,253,656,Ferizaj,Taksat tjera komunale,465000.0,947410.0,130000.0,145000.0,145000.0,"Taksat tjera komunale 465,000 947,410 130,000 145,000 145,000"
4.3,667,266,656,Ferizaj,Taksat për Mbeturinat,,,0.0,0.0,0.0,Taksat për Mbeturinat 0 0 0
4.3,667,280,656,Ferizaj,Ngarkesat Komunale,610000.0,1321216.0,995729.0,1055000.0,1055000.0,"Ngarkesat Komunale 610,000 1,321,216 995,729 1,055,000 1,055,000"
4.3,667,293,656,Ferizaj,Te hyrat nga qiraja,100000.0,247400.0,130000.0,135000.0,135000.0,"Te hyrat nga qiraja 100,000 247,400 130,000 135,000 135,000"
4.3,667,307,656,Ferizaj,Bashke-pagesat per arsim,80000.0,150920.0,100000.0,110000.0,110000.0,"Bashke-pagesat per arsim 80,000 150,920 100,000 110,000 110,000"
4.3,667,320,656,Ferizaj,Bashke-pagesat per shendetesi,110000.0,202140.0,165729.0,180000.0,180000.0,"Bashke-pagesat per shendetesi 110,000 202,140 165,729 180,000 180,000"
4.3,667,334,656,Ferizaj,Ngarkesat tjera komunale,320000.0,720756.0,600000.0,630000.0,630000.0,"Ngarkesat tjera komunale 320,000 720,756 600,000 630,000 630,000"
4.3,667,347,656,Ferizaj,Te hyrat tjera,90000.0,132660.0,680000.0,737169.0,737168.0,"Te hyrat tjera 90,000 132,660 680,000 737,169 737,168"
4.3,667,361,656,Ferizaj,Transferet Qeveritare,35774286.0,38038700.0,45408225.0,47809853.0,50419630.0,"Transferet Qeveritare 35,774,286 38,038,700 45,408,225 47,809,853 50,419,630"
4.3,667,374,656,Ferizaj,Granti i Përgjithshëm,16154546.0,17463074.0,21344474.0,22998747.0,24854366.0,"Granti i Përgjithshëm 16,154,546 17,463,074 21,344,474 22,998,747 24,854,366"
4.3,667,388,656,Ferizaj,Granti për Arsim,14823735.0,15604654.0,18177776.0,18723109.0,19284803.0,"Granti për Arsim 14,823,735 15,604,654 18,177,776 18,723,109 19,284,803"
4.3,667,401,656,Ferizaj,Granti për Shëndetësi,4372663.0,4515368.0,4992290.0,5142059.0,5296321.0,"Granti për Shëndetësi 4,372,663 4,515,368 4,992,290 5,142,059 5,296,321"
4.3,667,415,656,Ferizaj,Financimi për Shërbime Rezidenciale,179096.0,200000.0,580000.0,615000.0,635000.0,"Financimi për Shërbime Rezidenciale 179,096 200,000 580,000 615,000 635,000"
4.3,667,428,656,Ferizaj,Financimi për Teatrot,244246.0,255604.0,313685.0,330938.0,349140.0,"Financimi për Teatrot 244,246 255,604 313,685 330,938 349,140"
4.3,667,442,656,Ferizaj,Financimi nga Huamarrja,,,0.0,0.0,0.0,Financimi nga Huamarrja 0 0 0
4.3,667,455,656,Ferizaj,Financimi nga Huamarrja,,,0.0,0.0,0.0,Financimi nga Huamarrja 0 0 0
4.3,667,533,657,Viti,Të Hyrat Komunale Totale,16653192.0,17945622.0,18324215.0,18822498.0,19732692.0,"Të Hyrat Komunale Totale 16,653,192 17,945,622 18,324,215 18,822,498 19,732,692"
4.3,667,545,657,Viti,Të Hyrat Vetanake,1029502.0,1270127.0,1294660.0,1390801.0,1396962.0,"Të Hyrat Vetanake 1,029,502 1,270,127 1,294,660 1,390,801 1,396,962"
4.3,667,559,657,Viti,Tatimi në tokë,107588.0,107272.0,125464.0,151812.0,152571.0,"Tatimi në tokë 107,588 107,272 125,464 151,812 152,571"
4.3,667,572,657,Viti,Tatimi në pronë,512823.0,458993.0,503696.0,540214.0,545616.0,"Tatimi në pronë 512,823 458,993 503,696 540,214 545,616"
4.3,667,586,657,Viti,Taksat Komunale,253000.0,394271.0,388000.0,404200.0,414200.0,"Taksat Komunale 253,000 394,271 388,000 404,200 414,200"
4.3,667,599,657,Viti,Licencat dhe lejet,4000.0,4000.0,4000.0,4000.0,4000.0,"Licencat dhe lejet 4,000 4,000 4,000 4,000 4,000"
4.3,667,613,657,Viti,Certifikatat dhe dokumentet zyrtare,49000.0,78000.0,78000.0,78000.0,78000.0,"Certifikatat dhe dokumentet zyrtare 49,000 78,000 78,000 78,000 78,000"
4.3,667,626,657,Viti,Taksat e pajisjeve motorike,90000.0,117271.0,118000.0,120000.0,120000.0,"Taksat e pajisjeve motorike 90,000 117,271 118,000 120,000 120,000"
4.3,667,640,657,Viti,Lejet per ndertesa,60000.0,90000.0,100000.0,100000.0,100000.0,"Lejet per ndertesa 60,000 90,000 100,000 100,000 100,000"
4.3,667,653,657,Viti,Taksat tjera komunale,50000.0,105000.0,88000.0,102200.0,112200.0,"Taksat tjera komunale 50,000 105,000 88,000 102,200 112,200"
4.3,667,667,657,Viti,Ngarkesat Komunale,100091.0,158091.0,168500.0,172891.0,162891.0,"Ngarkesat Komunale 100,091 158,091 168,500 172,891 162,891"
4.3,667,680,657,Viti,Te hyrat nga qiraja,10091.0,15000.0,25000.0,25000.0,15000.0,"Te hyrat nga qiraja 10,091 15,000 25,000 25,000 15,000"
4.3,667,694,657,Viti,Bashke-pagesat per arsim,30000.0,40000.0,47000.0,47000.0,47000.0,"Bashke-pagesat per arsim 30,000 40,000 47,000 47,000 47,000"
4.3,667,707,657,Viti,Bashke-pagesat per shendetesi,60000.0,85000.0,82800.0,82800.0,82800.0,"Bashke-pagesat per shendetesi 60,000 85,000 82,800 82,800 82,800"
4.3,667,767,657,Viti,19 February 2026,,,,,24.0,19 February 2026 Sistemi i Zhvillimit dhe Menaxhimit te Buxhetit (BDMS) Page 21 of 24
4.3,668,24,657,Viti,Buxheti i,,2028.0,,,,Buxheti i Komunave për vitin 2026 - 2028
4.3,668,131,657,Viti,Ngarkesat tjera komunale,,,13700.0,18091.0,18091.0,"Ngarkesat tjera komunale 13,700 18,091 18,091"
4.3,668,145,657,Viti,Te hyrat tjera,56000.0,151500.0,109000.0,121684.0,121684.0,"Te hyrat tjera 56,000 151,500 109,000 121,684 121,684"
4.3,668,158,657,Viti,Transferet Qeveritare,15623690.0,16675495.0,17029555.0,17431697.0,18335730.0,"Transferet Qeveritare 15,623,690 16,675,495 17,029,555 17,431,697 18,335,730"
4.3,668,172,657,Viti,Granti i Përgjithshëm,7133659.0,7705065.0,7705065.0,7787122.0,8407818.0,"Granti i Përgjithshëm 7,133,659 7,705,065 7,705,065 7,787,122 8,407,818"
4.3,668,185,657,Viti,Granti për Arsim,6601224.0,6887645.0,7199958.0,7415957.0,7638436.0,"Granti për Arsim 6,601,224 6,887,645 7,199,958 7,415,957 7,638,436"
4.3,668,199,657,Viti,Granti për Shëndetësi,1888807.0,1927785.0,1969532.0,2028618.0,2089476.0,"Granti për Shëndetësi 1,888,807 1,927,785 1,969,532 2,028,618 2,089,476"
4.3,668,212,657,Viti,Financimi për Shërbime Rezidenciale,,155000.0,155000.0,200000.0,200000.0,"Financimi për Shërbime Rezidenciale 155,000 155,000 200,000 200,000"
4.3,668,226,657,Viti,Financimi nga Huamarrja,,,0.0,0.0,0.0,Financimi nga Huamarrja 0 0 0
4.3,668,239,657,Viti,Financimi nga Huamarrja,,,0.0,0.0,0.0,Financimi nga Huamarrja 0 0 0
4.3,668,317,658,Partesh,Të Hyrat Komunale Totale,1549954.0,1750440.0,2766660.0,2906825.0,3044250.0,"Të Hyrat Komunale Totale 1,549,954 1,750,440 2,766,660 2,906,825 3,044,250"
4.3,668,329,658,Partesh,Të Hyrat Vetanake,171594.0,244251.0,251737.0,266715.0,267148.0,"Të Hyrat Vetanake 171,594 244,251 251,737 266,715 267,148"
4.3,668,343,658,Partesh,Tatimi në tokë,8627.0,85000.0,90000.0,95000.0,96000.0,"Tatimi në tokë 8,627 85,000 90,000 95,000 96,000"
4.3,668,356,658,Partesh,Tatimi në pronë,35360.0,65000.0,85000.0,86000.0,86000.0,"Tatimi në pronë 35,360 65,000 85,000 86,000 86,000"
4.3,668,370,658,Partesh,Taksat Komunale,127607.0,94251.0,76737.0,85715.0,85148.0,"Taksat Komunale 127,607 94,251 76,737 85,715 85,148"
4.3,668,383,658,Partesh,Certifikatat dhe dokumentet zyrtare,17000.0,20000.0,25000.0,30000.0,30000.0,"Certifikatat dhe dokumentet zyrtare 17,000 20,000 25,000 30,000 30,000"
4.3,668,397,658,Partesh,Taksat tjera komunale,110607.0,74251.0,51737.0,55715.0,55148.0,"Taksat tjera komunale 110,607 74,251 51,737 55,715 55,148"
4.3,668,410,658,Partesh,Transferet Qeveritare,1378360.0,1506189.0,2514923.0,2640110.0,2777102.0,"Transferet Qeveritare 1,378,360 1,506,189 2,514,923 2,640,110 2,777,102"
4.3,668,424,658,Partesh,Granti i Përgjithshëm,596468.0,633659.0,1267536.0,1355301.0,1453749.0,"Granti i Përgjithshëm 596,468 633,659 1,267,536 1,355,301 1,453,749"
4.3,668,437,658,Partesh,Granti për Arsim,679798.0,744436.0,931970.0,959929.0,988727.0,"Granti për Arsim 679,798 744,436 931,970 959,929 988,727"
4.3,668,451,658,Partesh,Granti për Shëndetësi,102094.0,128094.0,315417.0,324880.0,334626.0,"Granti për Shëndetësi 102,094 128,094 315,417 324,880 334,626"
4.3,668,528,659,Han i Elezit,Të Hyrat Komunale Totale,3349278.0,3615457.0,4234682.0,4457136.0,4672491.0,"Të Hyrat Komunale Totale 3,349,278 3,615,457 4,234,682 4,457,136 4,672,491"
4.3,668,541,659,Han i Elezit,Të Hyrat Vetanake,274376.0,339719.0,356720.0,383895.0,385721.0,"Të Hyrat Vetanake 274,376 339,719 356,720 383,895 385,721"
4.3,668,554,659,Han i Elezit,Tatimi në tokë,32065.0,31970.0,37392.0,45245.0,45471.0,"Tatimi në tokë 32,065 31,970 37,392 45,245 45,471"
4.3,668,568,659,Han i Elezit,Tatimi në pronë,151848.0,135908.0,149145.0,159958.0,161558.0,"Tatimi në pronë 151,848 135,908 149,145 159,958 161,558"
4.3,668,581,659,Han i Elezit,Taksat Komunale,75000.0,144841.0,143183.0,147360.0,146039.0,"Taksat Komunale 75,000 144,841 143,183 147,360 146,039"
4.3,668,595,659,Han i Elezit,Licencat dhe lejet,5000.0,5841.0,5800.0,5600.0,5039.0,"Licencat dhe lejet 5,000 5,841 5,800 5,600 5,039"
4.3,668,608,659,Han i Elezit,Certifikatat dhe dokumentet zyrtare,8000.0,8000.0,8000.0,8000.0,8000.0,"Certifikatat dhe dokumentet zyrtare 8,000 8,000 8,000 8,000 8,000"
4.3,668,622,659,Han i Elezit,Taksat e pajisjeve motorike,9000.0,21000.0,20000.0,21560.0,21000.0,"Taksat e pajisjeve motorike 9,000 21,000 20,000 21,560 21,000"
4.3,668,635,659,Han i Elezit,Lejet per ndertesa,2000.0,25000.0,24383.0,25200.0,25000.0,"Lejet per ndertesa 2,000 25,000 24,383 25,200 25,000"
4.3,668,649,659,Han i Elezit,Taksat tjera komunale,51000.0,85000.0,85000.0,87000.0,87000.0,"Taksat tjera komunale 51,000 85,000 85,000 87,000 87,000"
4.3,668,662,659,Han i Elezit,Ngarkesat Komunale,15463.0,27000.0,27000.0,31332.0,32653.0,"Ngarkesat Komunale 15,463 27,000 27,000 31,332 32,653"
4.3,668,676,659,Han i Elezit,Ngarkesat rregullatore,,,0.0,0.0,0.0,Ngarkesat rregullatore 0 0 0
4.3,668,689,659,Han i Elezit,Te hyrat nga qiraja,663.0,3000.0,3000.0,4000.0,4500.0,"Te hyrat nga qiraja 663 3,000 3,000 4,000 4,500"
4.3,668,703,659,Han i Elezit,Bashke-pagesat per arsim,9000.0,15000.0,15000.0,16000.0,16500.0,"Bashke-pagesat per arsim 9,000 15,000 15,000 16,000 16,500"
4.3,668,767,659,Han i Elezit,19 February 2026,,,,,24.0,19 February 2026 Sistemi i Zhvillimit dhe Menaxhimit te Buxhetit (BDMS) Page 22 of 24
4.3,669,24,659,Han i Elezit,Buxheti i,,2028.0,,,,Buxheti i Komunave për vitin 2026 - 2028
4.3,669,131,659,Han i Elezit,Bashke-pagesat per shendetesi,5800.0,9000.0,9000.0,11332.0,11653.0,"Bashke-pagesat per shendetesi 5,800 9,000 9,000 11,332 11,653"
4.3,669,145,659,Han i Elezit,Ngarkesat tjera komunale,,,0.0,0.0,0.0,Ngarkesat tjera komunale 0 0 0
4.3,669,158,659,Han i Elezit,Te hyrat tjera,,,0.0,0.0,0.0,Te hyrat tjera 0 0 0
4.3,669,172,659,Han i Elezit,Shitja e aseteve,,,0.0,0.0,0.0,Shitja e aseteve 0 0 0
4.3,669,185,659,Han i Elezit,Transferet Qeveritare,3074902.0,3275738.0,3877962.0,4073241.0,4286770.0,"Transferet Qeveritare 3,074,902 3,275,738 3,877,962 4,073,241 4,286,770"
4.3,669,199,659,Han i Elezit,Granti i Përgjithshëm,1583941.0,1701892.0,1872179.0,2007285.0,2158835.0,"Granti i Përgjithshëm 1,583,941 1,701,892 1,872,179 2,007,285 2,158,835"
4.3,669,212,659,Han i Elezit,Granti për Arsim,1089623.0,1167634.0,1429646.0,1472535.0,1516712.0,"Granti për Arsim 1,089,623 1,167,634 1,429,646 1,472,535 1,516,712"
4.3,669,226,659,Han i Elezit,Granti për Shëndetësi,401338.0,406212.0,576137.0,593421.0,611223.0,"Granti për Shëndetësi 401,338 406,212 576,137 593,421 611,223"
4.3,669,303,660,Kllokot,Të Hyrat Komunale Totale,1397829.0,1429787.0,1949643.0,2047970.0,2139366.0,"Të Hyrat Komunale Totale 1,397,829 1,429,787 1,949,643 2,047,970 2,139,366"
4.3,669,316,660,Kllokot,Të Hyrat Vetanake,194046.0,198114.0,208107.0,223761.0,224841.0,"Të Hyrat Vetanake 194,046 198,114 208,107 223,761 224,841"
4.3,669,329,660,Kllokot,Tatimi në tokë,17364.0,17313.0,20249.0,24502.0,24624.0,"Tatimi në tokë 17,364 17,313 20,249 24,502 24,624"
4.3,669,343,660,Kllokot,Tatimi në pronë,90893.0,81352.0,89275.0,95748.0,96705.0,"Tatimi në pronë 90,893 81,352 89,275 95,748 96,705"
4.3,669,356,660,Kllokot,Taksat Komunale,48129.0,50789.0,49923.0,54851.0,54852.0,"Taksat Komunale 48,129 50,789 49,923 54,851 54,852"
4.3,669,370,660,Kllokot,Licencat dhe lejet,7000.0,7000.0,7000.0,7000.0,7152.0,"Licencat dhe lejet 7,000 7,000 7,000 7,000 7,152"
4.3,669,383,660,Kllokot,Certifikatat dhe dokumentet zyrtare,8000.0,8000.0,8000.0,8000.0,8000.0,"Certifikatat dhe dokumentet zyrtare 8,000 8,000 8,000 8,000 8,000"
4.3,669,397,660,Kllokot,Taksat e pajisjeve motorike,5000.0,5000.0,5000.0,5000.0,5000.0,"Taksat e pajisjeve motorike 5,000 5,000 5,000 5,000 5,000"
4.3,669,410,660,Kllokot,Lejet per ndertesa,4400.0,7060.0,7000.0,7000.0,700.0,"Lejet per ndertesa 4,400 7,060 7,000 7,000 700"
4.3,669,424,660,Kllokot,Taksat tjera komunale,8729.0,8729.0,9000.0,9000.0,9000.0,"Taksat tjera komunale 8,729 8,729 9,000 9,000 9,000"
4.3,669,437,660,Kllokot,Taksat për Mbeturinat,15000.0,15000.0,13923.0,18851.0,25000.0,"Taksat për Mbeturinat 15,000 15,000 13,923 18,851 25,000"
4.3,669,451,660,Kllokot,Ngarkesat Komunale,37660.0,48660.0,48660.0,48660.0,48660.0,"Ngarkesat Komunale 37,660 48,660 48,660 48,660 48,660"
4.3,669,464,660,Kllokot,Te hyrat nga qiraja,27660.0,27660.0,27660.0,27660.0,27660.0,"Te hyrat nga qiraja 27,660 27,660 27,660 27,660 27,660"
4.3,669,478,660,Kllokot,Ngarkesat tjera komunale,10000.0,21000.0,21000.0,21000.0,21000.0,"Ngarkesat tjera komunale 10,000 21,000 21,000 21,000 21,000"
4.3,669,491,660,Kllokot,Te hyrat tjera,,,0.0,0.0,0.0,Te hyrat tjera 0 0 0
4.3,669,505,660,Kllokot,Transferet Qeveritare,1203783.0,1231673.0,1741536.0,1824209.0,1914525.0,"Transferet Qeveritare 1,203,783 1,231,673 1,741,536 1,824,209 1,914,525"
4.3,669,518,660,Kllokot,Granti i Përgjithshëm,625592.0,665210.0,862258.0,918553.0,981699.0,"Granti i Përgjithshëm 625,592 665,210 862,258 918,553 981,699"
4.3,669,532,660,Kllokot,Granti për Arsim,447519.0,438954.0,586863.0,604469.0,622603.0,"Granti për Arsim 447,519 438,954 586,863 604,469 622,603"
4.3,669,545,660,Kllokot,Granti për Shëndetësi,130672.0,127509.0,292415.0,301187.0,310223.0,"Granti për Shëndetësi 130,672 127,509 292,415 301,187 310,223"
4.3,669,623,661,Ranillugë,Të Hyrat Komunale Totale,2235238.0,2399549.0,2708166.0,2716931.0,2844692.0,"Të Hyrat Komunale Totale 2,235,238 2,399,549 2,708,166 2,716,931 2,844,692"
4.3,669,635,661,Ranillugë,Të Hyrat Vetanake,107898.0,106698.0,112349.0,120098.0,120515.0,"Të Hyrat Vetanake 107,898 106,698 112,349 120,098 120,515"
4.3,669,649,661,Ranillugë,Tatimi në tokë,7325.0,7303.0,8542.0,10336.0,10387.0,"Tatimi në tokë 7,325 7,303 8,542 10,336 10,387"
4.3,669,662,661,Ranillugë,Tatimi në pronë,34631.0,30996.0,34015.0,36481.0,36845.0,"Tatimi në pronë 34,631 30,996 34,015 36,481 36,845"
4.3,669,676,661,Ranillugë,Taksat Komunale,53787.0,63399.0,64592.0,68081.0,68083.0,"Taksat Komunale 53,787 63,399 64,592 68,081 68,083"
4.3,669,689,661,Ranillugë,Licencat dhe lejet,10000.0,10000.0,10000.0,10000.0,10000.0,"Licencat dhe lejet 10,000 10,000 10,000 10,000 10,000"
4.3,669,703,661,Ranillugë,Certifikatat dhe dokumentet zyrtare,5750.0,5750.0,5750.0,5750.0,5750.0,"Certifikatat dhe dokumentet zyrtare 5,750 5,750 5,750 5,750 5,750"
4.3,669,767,661,Ranillugë,19 February 2026,,,,,24.0,19 February 2026 Sistemi i Zhvillimit dhe Menaxhimit te Buxhetit (BDMS) Page 23 of 24
4.3,670,24,661,Ranillugë,Buxheti i,,2028.0,,,,Buxheti i Komunave për vitin 2026 - 2028
4.3,670,131,661,Ranillugë,Taksat e pajisjeve motorike,11000.0,15000.0,15000.0,15000.0,15000.0,"Taksat e pajisjeve motorike 11,000 15,000 15,000 15,000 15,000"
4.3,670,145,661,Ranillugë,Lejet per ndertesa,4500.0,6500.0,6500.0,6500.0,6500.0,"Lejet per ndertesa 4,500 6,500 6,500 6,500 6,500"
4.3,670,158,661,Ranillugë,Taksat tjera komunale,6794.0,10406.0,10406.0,10406.0,10406.0,"Taksat tjera komunale 6,794 10,406 10,406 10,406 10,406"
4.3,670,172,661,Ranillugë,Taksat për Mbeturinat,15743.0,15743.0,16936.0,20425.0,20427.0,"Taksat për Mbeturinat 15,743 15,743 16,936 20,425 20,427"
4.3,670,185,661,Ranillugë,Ngarkesat Komunale,,,0.0,0.0,0.0,Ngarkesat Komunale 0 0 0
4.3,670,199,661,Ranillugë,Ngarkesat tjera komunale,,,0.0,0.0,0.0,Ngarkesat tjera komunale 0 0 0
4.3,670,212,661,Ranillugë,Te hyrat tjera,,,0.0,0.0,0.0,Te hyrat tjera 0 0 0
4.3,670,226,661,Ranillugë,Shitja e aseteve,12155.0,5000.0,5200.0,5200.0,5200.0,"Shitja e aseteve 12,155 5,000 5,200 5,200 5,200"
4.3,670,239,661,Ranillugë,Transferet Qeveritare,2127340.0,2292851.0,2595817.0,2596833.0,2724177.0,"Transferet Qeveritare 2,127,340 2,292,851 2,595,817 2,596,833 2,724,177"
4.3,670,253,661,Ranillugë,Granti i Përgjithshëm,1149762.0,1232025.0,1232027.0,1192129.0,1277331.0,"Granti i Përgjithshëm 1,149,762 1,232,025 1,232,027 1,192,129 1,277,331"
4.3,670,266,661,Ranillugë,Granti për Arsim,716638.0,728337.0,876900.0,903207.0,930304.0,"Granti për Arsim 716,638 728,337 876,900 903,207 930,304"
4.3,670,280,661,Ranillugë,Granti për Shëndetësi,260940.0,332489.0,486890.0,501497.0,516542.0,"Granti për Shëndetësi 260,940 332,489 486,890 501,497 516,542"
4.3,670,767,661,Ranillugë,19 February 2026,,,,,24.0,19 February 2026 Sistemi i Zhvillimit dhe Menaxhimit te Buxhetit (BDMS) Page 24 of 24
4.3,671,30,661,Ranillugë,Buxheti i,,,2028.0,,,Buxheti i Komunave për vitin 2026 - 2028
4.3,671,155,TOTAL,Përmbledhje,Të Hyrat Komunale Totale,742915122.0,788294720.0,867467119.0,907628134.0,950923397.0,"Të Hyrat Komunale Totale 742,915,122 788,294,720 867,467,119 907,628,134 950,923,397"
4.3,671,168,TOTAL,Përmbledhje,Të Hyrat Vetanake,105523577.0,114999999.0,123503455.0,132186306.0,132681954.0,"Të Hyrat Vetanake 105,523,577 114,999,999 123,503,455 132,186,306 132,681,954"
4.3,671,181,TOTAL,Përmbledhje,Tatimi në tokë,8575196.0,8962168.0,10082141.0,12185928.0,12248166.0,"Tatimi në tokë 8,575,196 8,962,168 10,082,141 12,185,928 12,248,166"
4.3,671,195,TOTAL,Përmbledhje,Tatimi në pronë,40724849.0,36147578.0,40057870.0,42958414.0,43388176.0,"Tatimi në pronë 40,724,849 36,147,578 40,057,870 42,958,414 43,388,176"
4.3,671,208,TOTAL,Përmbledhje,Taksat Komunale,45240926.0,51704633.0,54110365.0,54768735.0,54460265.0,"Taksat Komunale 45,240,926 51,704,633 54,110,365 54,768,735 54,460,265"
4.3,671,222,TOTAL,Përmbledhje,Licencat dhe lejet,3266907.0,4703013.0,4539591.0,5056905.0,5285178.0,"Licencat dhe lejet 3,266,907 4,703,013 4,539,591 5,056,905 5,285,178"
4.3,671,235,TOTAL,Përmbledhje,Certifikatat dhe dokumentet zyrtare,3012268.0,3358663.0,3300655.0,3513081.0,3463307.0,"Certifikatat dhe dokumentet zyrtare 3,012,268 3,358,663 3,300,655 3,513,081 3,463,307"
4.3,671,249,TOTAL,Përmbledhje,Taksat e pajisjeve motorike,3647643.0,4921115.0,4701696.0,4908575.0,4952264.0,"Taksat e pajisjeve motorike 3,647,643 4,921,115 4,701,696 4,908,575 4,952,264"
4.3,671,262,TOTAL,Përmbledhje,Lejet per ndertesa,22957920.0,24467233.0,27174227.0,27191205.0,28048677.0,"Lejet per ndertesa 22,957,920 24,467,233 27,174,227 27,191,205 28,048,677"
4.3,671,276,TOTAL,Përmbledhje,Taksat tjera komunale,5649635.0,6206486.0,7099482.0,6761639.0,5443732.0,"Taksat tjera komunale 5,649,635 6,206,486 7,099,482 6,761,639 5,443,732"
4.3,671,289,TOTAL,Përmbledhje,Taksat për Mbeturinat,6706553.0,7249192.0,7294715.0,7337330.0,7267107.0,"Taksat për Mbeturinat 6,706,553 7,249,192 7,294,715 7,337,330 7,267,107"
4.3,671,303,TOTAL,Përmbledhje,Ngarkesat Komunale,7935364.0,14045823.0,14511401.0,15588175.0,15831172.0,"Ngarkesat Komunale 7,935,364 14,045,823 14,511,401 15,588,175 15,831,172"
4.3,671,316,TOTAL,Përmbledhje,Ngarkesat rregullatore,313261.0,1313863.0,1362590.0,1702124.0,1639905.0,"Ngarkesat rregullatore 313,261 1,313,863 1,362,590 1,702,124 1,639,905"
4.3,671,330,TOTAL,Përmbledhje,Te hyrat nga qiraja,1713427.0,2162916.0,2226999.0,2420936.0,2436999.0,"Te hyrat nga qiraja 1,713,427 2,162,916 2,226,999 2,420,936 2,436,999"
4.3,671,343,TOTAL,Përmbledhje,Bashke-pagesat per arsim,3040206.0,3674670.0,3949108.0,4022702.0,4203126.0,"Bashke-pagesat per arsim 3,040,206 3,674,670 3,949,108 4,022,702 4,203,126"
4.3,671,357,TOTAL,Përmbledhje,Bashke-pagesat per shendetesi,1903300.0,2164199.0,2174682.0,2246480.0,2226605.0,"Bashke-pagesat per shendetesi 1,903,300 2,164,199 2,174,682 2,246,480 2,226,605"
4.3,671,370,TOTAL,Përmbledhje,Ngarkesat tjera komunale,965170.0,4530128.0,4798022.0,5195933.0,5324538.0,"Ngarkesat tjera komunale 965,170 4,530,128 4,798,022 5,195,933 5,324,538"
4.3,671,384,TOTAL,Përmbledhje,Te hyrat tjera,2990802.0,4075295.0,4709978.0,6609855.0,6676975.0,"Te hyrat tjera 2,990,802 4,075,295 4,709,978 6,609,855 6,676,975"
4.3,671,397,TOTAL,Përmbledhje,Shitja e aseteve,56440.0,40000.0,31700.0,75200.0,77200.0,"Shitja e aseteve 56,440 40,000 31,700 75,200 77,200"
4.3,671,411,TOTAL,Përmbledhje,Transferet Qeveritare,634727601.0,670794721.0,740563663.0,774141828.0,817191443.0,"Transferet Qeveritare 634,727,601 670,794,721 740,563,663 774,141,828 817,191,443"
4.3,671,424,TOTAL,Përmbledhje,Granti i Përgjithshëm,284679999.0,307489002.0,344796092.0,364992212.0,394113542.0,"Granti i Përgjithshëm 284,679,999 307,489,002 344,796,092 364,992,212 394,113,542"
4.3,671,438,TOTAL,Përmbledhje,Granti për Arsim,238510583.0,249131750.0,270265402.0,278460229.0,286814038.0,"Granti për Arsim 238,510,583 249,131,750 270,265,402 278,460,229 286,814,038"
4.3,671,451,TOTAL,Përmbledhje,Granti për Shëndetësi,81965833.0,82973736.0,87771425.0,90088666.0,92797325.0,"Granti për Shëndetësi 81,965,833 82,973,736 87,771,425 90,088,666 92,797,325"
4.3,671,465,TOTAL,Përmbledhje,Financimi për Shërbime Rezidenciale,3186615.0,3567500.0,7800000.0,9000000.0,10000000.0,"Financimi për Shërbime Rezidenciale 3,186,615 3,567,500 7,800,000 9,000,000 10,000,000"
4.3,671,492,TOTAL,Përmbledhje,Financimi për Obiliqin,5000000.0,4800000.0,4600000.0,4600000.0,4600000.0,"Financimi për Obiliqin 5,000,000 4,800,000 4,600,000 4,600,000 4,600,000"
4.3,671,505,TOTAL,Përmbledhje,Financimi për Shëndetesi Sekondare,2603077.0,2603077.0,2903077.0,2903077.0,2903077.0,"Financimi për Shëndetesi Sekondare 2,603,077 2,603,077 2,903,077 2,903,077 2,903,077"
4.3,671,519,TOTAL,Përmbledhje,Financimi për Teatrot,1620091.0,1695280.0,2022508.0,2133746.0,2251101.0,"Financimi për Teatrot 1,620,091 1,695,280 2,022,508 2,133,746 2,251,101"
4.3,671,532,TOTAL,Përmbledhje,"Financimi për QHP, QKHFZ dhe KHM",80603.0,85036.0,93539.0,93539.0,93539.0,"Financimi për QHP, QKHFZ dhe KHM 80,603 85,036 93,539 93,539 93,539"
4.3,671,546,TOTAL,Përmbledhje,Granti shtesë për Kryeqytetin-Prishtinën,17080800.0,18449340.0,20311620.0,21870360.0,23618820.0,"Granti shtesë për Kryeqytetin-Prishtinën 17,080,800 18,449,340 20,311,620 21,870,360 23,618,820"
4.3,671,560,TOTAL,Përmbledhje,Financimi nga Huamarrja,2663945.0,2500000.0,3400000.0,1300000.0,1050000.0,"Financimi nga Huamarrja 2,663,945 2,500,000 3,400,000 1,300,000 1,050,000"
4.3,671,573,TOTAL,Përmbledhje,Financimi nga Huamarrja,2663945.0,2500000.0,3400000.0,1300000.0,1050000.0,"Financimi nga Huamarrja 2,663,945 2,500,000 3,400,000 1,300,000 1,050,000"
4.3,671,753,TOTAL,Përmbledhje,,,,,,2026.0,BDMS 19 February 2026
